Project Code,Project Name,Report_Month,predicted_probability,prediction_label
108841,"Amended BharatNet Program - KTK, GOA, PY",2026-06,0.19848174419320674,0
222253,Amended BharatNet Program - UP (East),2026-06,0.19134420031790658,0
400006,Jharsuguda-Barpali-Sardega Ph II Works- Rail Connectivity for Coal Loading Bulb at Barpali.,2026-04,0.3689230494129566,0
400006,Jharsuguda-Barpali-Sardega Ph II Works- Rail Connectivity for Coal Loading Bulb at Barpali.,2026-05,0.26382383810623994,0
400006,Jharsuguda-Barpali-Sardega Ph II Works- Rail Connectivity for Coal Loading Bulb at Barpali.,2026-06,0.2655101106661444,0
400010,"Construction of Terminal Building & Associated works at Leh Airport, Ladakh",2026-04,0.3162962418665518,0
400010,"Construction of Terminal Building & Associated works at Leh Airport, Ladakh",2026-05,0.2929737289601105,0
400010,"Construction of Terminal Building & Associated works at Leh Airport, Ladakh",2026-06,0.27734942987178973,0
400012,Kandla Gorakhpur LPG Pipeline,2026-04,0.3089684751671756,0
400012,Kandla Gorakhpur LPG Pipeline,2026-05,0.35473540312731144,0
400012,Kandla Gorakhpur LPG Pipeline,2026-06,0.36171355265663857,0
400013,Saturation 4G mobile coverage of Uncovered Villages through USOF,2026-04,0.32619384414391805,0
400013,Saturation 4G mobile coverage of Uncovered Villages through USOF,2026-05,0.19291647629520844,0
400013,Saturation 4G mobile coverage of Uncovered Villages through USOF,2026-06,0.24183345962110592,0
400018,HURA C OCP,2026-04,0.43603134460631526,0
400018,HURA C OCP,2026-05,0.18724632301178615,0
400018,HURA C OCP,2026-06,0.2857954982343753,0
400019,DHULE [BORVIHIR] - NARDANA NEW LINE [50.60 KMS],2026-04,0.42299050390576926,0
400019,DHULE [BORVIHIR] - NARDANA NEW LINE [50.60 KMS],2026-05,0.24142992184160264,0
400022,Taranga Hill-Abu Road via Ambaji,2026-04,0.40301999219879725,0
400022,Taranga Hill-Abu Road via Ambaji,2026-05,0.2909873729227834,0
400022,Taranga Hill-Abu Road via Ambaji,2026-06,0.34555222208539343,0
400023,Construction of New BG line between Hassan to Belur [27 Km],2026-04,0.47095652783182,0
400023,Construction of New BG line between Hassan to Belur [27 Km],2026-05,0.2258235008765409,0
400023,Construction of New BG line between Hassan to Belur [27 Km],2026-06,0.22448860513679558,0
400033,BHATADI EXPANSION OC,2026-04,0.5029024120416209,1
400033,BHATADI EXPANSION OC,2026-05,0.19387054015680696,0
400033,BHATADI EXPANSION OC,2026-06,0.2791653472745465,0
400035,"Grass Root Rail-fed Depot at Sekerkote, Agartala as resitement of existing Dharmanagar Depot",2026-04,0.20297143239815363,0
400043,Laying of POL Pipelines in Common Corridor for proposed grass root terminal at Vallur [Chennai],2026-04,0.32434944548061967,0
400043,Laying of POL Pipelines in Common Corridor for proposed grass root terminal at Vallur [Chennai],2026-05,0.20951750363112567,0
400043,Laying of POL Pipelines in Common Corridor for proposed grass root terminal at Vallur [Chennai],2026-06,0.2184658951927968,0
400045,Proposed 6 nos Road Over Bridge [ROB] at different locations under MCL Talcher Under Deposit Scheme.,2026-04,0.2571717671517084,0
400045,Proposed 6 nos Road Over Bridge [ROB] at different locations under MCL Talcher Under Deposit Scheme.,2026-05,0.20557822715440194,0
400045,Proposed 6 nos Road Over Bridge [ROB] at different locations under MCL Talcher Under Deposit Scheme.,2026-06,0.21195823114959178,0
400047,Doubling of Lingaraj SILO connectivity of NTPC line and augmentation of NTPC exchange yard and NTPC Block Cabin.,2026-04,0.2666404300965323,0
400047,Doubling of Lingaraj SILO connectivity of NTPC line and augmentation of NTPC exchange yard and NTPC Block Cabin.,2026-05,0.23146098463076806,0
400047,Doubling of Lingaraj SILO connectivity of NTPC line and augmentation of NTPC exchange yard and NTPC Block Cabin.,2026-06,0.231158453013409,0
400048,Doubling of lines connecting the loading spurs in Talcher Yard.,2026-04,0.202350795327228,0
400048,Doubling of lines connecting the loading spurs in Talcher Yard.,2026-05,0.19308197716149333,0
400048,Doubling of lines connecting the loading spurs in Talcher Yard.,2026-06,0.19191229022742373,0
400062,"Raghunathpur Thermal Power Station Phase II [2X660 MW] at Raghunathpur, Purulia, West Bengal",2026-04,0.18917330575436536,0
400062,"Raghunathpur Thermal Power Station Phase II [2X660 MW] at Raghunathpur, Purulia, West Bengal",2026-05,0.10846401554048453,0
400062,"Raghunathpur Thermal Power Station Phase II [2X660 MW] at Raghunathpur, Purulia, West Bengal",2026-06,0.12828687582551548,0
400073,KONAR EXPANSION OCP,2026-04,0.8129047552661994,1
400073,KONAR EXPANSION OCP,2026-05,0.38478015382150466,0
400073,KONAR EXPANSION OCP,2026-06,0.31744812370797154,0
400074,KARO EXPANSION OCP,2026-04,0.8617101953394145,1
400074,KARO EXPANSION OCP,2026-05,0.3679676157212424,0
400074,KARO EXPANSION OCP,2026-06,0.32567336696894056,0
400078,New Mundra Panipat Crude Oil Pipeline,2026-04,0.26470130845232315,0
400078,New Mundra Panipat Crude Oil Pipeline,2026-05,0.25695764462247317,0
400081,"National Sports University [NSU], Imphal [Manipur]",2026-04,0.23734642418007468,0
400081,"National Sports University [NSU], Imphal [Manipur]",2026-05,0.1877948426117503,0
400081,"National Sports University [NSU], Imphal [Manipur]",2026-06,0.19524681356429063,0
400087,Redevelopment of Sobhasan Complex,2026-04,0.39733612389748757,0
400087,Redevelopment of Sobhasan Complex,2026-05,0.36883153803127605,0
400087,Redevelopment of Sobhasan Complex,2026-06,0.4003455099396007,0
400100,Sardar Gouthu Latchanna Thotapalli Barrage Project,2026-04,0.33825858363311206,0
400100,Sardar Gouthu Latchanna Thotapalli Barrage Project,2026-05,0.2572357190383327,0
400100,Sardar Gouthu Latchanna Thotapalli Barrage Project,2026-06,0.30193782588879836,0
400101,Gundlakamma project,2026-04,0.3302653298298776,0
400101,Gundlakamma project,2026-05,0.2571169558194815,0
400101,Gundlakamma project,2026-06,0.25834908639041965,0
400102,Sri Ram Sagar Project Stage - II,2026-04,0.4397732027399833,0
400102,Sri Ram Sagar Project Stage - II,2026-05,0.34521695076625303,0
400102,Sri Ram Sagar Project Stage - II,2026-06,0.36979139861288307,0
400103,Indiramma Flood Flow Canal Project,2026-04,0.4636175613224824,0
400103,Indiramma Flood Flow Canal Project,2026-05,0.4064711156208526,0
400103,Indiramma Flood Flow Canal Project,2026-06,0.4227347188971887,0
400111,Kelo Irrigation Project,2026-04,0.42152849610557597,0
400111,Kelo Irrigation Project,2026-05,0.3044323289933729,0
400111,Kelo Irrigation Project,2026-06,0.3496834788793116,0
400115,Bargi Diversion Project Phase - IV [km. 154 to km 197],2026-04,0.45815559890723817,0
400115,Bargi Diversion Project Phase - IV [km. 154 to km 197],2026-05,0.31827947759743874,0
400115,Bargi Diversion Project Phase - IV [km. 154 to km 197],2026-06,0.36306886341375716,0
400116,Bargi Diversion Project Phase - III [km. 104 to km 154],2026-04,0.4796630306458711,0
400116,Bargi Diversion Project Phase - III [km. 104 to km 154],2026-05,0.411962321037005,0
400116,Bargi Diversion Project Phase - III [km. 104 to km 154],2026-06,0.44040025090715007,0
400119,Life Extension of 48 well platforms of Mumbai High & Heera Fields,2026-04,0.3947318062190412,0
400119,Life Extension of 48 well platforms of Mumbai High & Heera Fields,2026-05,0.4120389644086747,0
400119,Life Extension of 48 well platforms of Mumbai High & Heera Fields,2026-06,0.4206300167886524,0
400120,KG-DWN-98/2 Cluster - II Development Project - NELP Block,2026-04,0.3495030610942761,0
400120,KG-DWN-98/2 Cluster - II Development Project - NELP Block,2026-05,0.3701995997775132,0
400120,KG-DWN-98/2 Cluster - II Development Project - NELP Block,2026-06,0.42309581895840526,0
400121,"Construction of Screening Plant-II for Donimalai and Kumaraswamy Iron Ore Mining Complex of NMDC Limited at Ballari Dt, Karnataka.",2026-04,0.3339964587564285,0
400121,"Construction of Screening Plant-II for Donimalai and Kumaraswamy Iron Ore Mining Complex of NMDC Limited at Ballari Dt, Karnataka.",2026-05,0.19031955671731005,0
400121,"Construction of Screening Plant-II for Donimalai and Kumaraswamy Iron Ore Mining Complex of NMDC Limited at Ballari Dt, Karnataka.",2026-06,0.2187656656911129,0
400136,SANGHMITRA OC,2026-04,0.4462785135462112,0
400136,SANGHMITRA OC,2026-05,0.1750102258094503,0
400136,SANGHMITRA OC,2026-06,0.1404870207981249,0
400138,CHANDRAGUPT OCP,2026-04,0.8538167374604242,1
400138,CHANDRAGUPT OCP,2026-05,0.4076175696037932,0
400138,CHANDRAGUPT OCP,2026-06,0.4196986080321522,0
400139,KOTRE BASANTPUR PACHMO OCP,2026-04,0.852064967938901,1
400139,KOTRE BASANTPUR PACHMO OCP,2026-05,0.4803509013572335,0
400139,KOTRE BASANTPUR PACHMO OCP,2026-06,0.5342438152939007,1
400141,Expansion of Alumina Refinery Plant with addition of 5th Stream having capacity enhancement of 1.0 Million Tonee Per Annum,2026-04,0.427692577518354,0
400141,Expansion of Alumina Refinery Plant with addition of 5th Stream having capacity enhancement of 1.0 Million Tonee Per Annum,2026-05,0.42907020563763626,0
400141,Expansion of Alumina Refinery Plant with addition of 5th Stream having capacity enhancement of 1.0 Million Tonee Per Annum,2026-06,0.42803038460080434,0
400142,Pachwara South Coal Block,2026-04,0.6019063617644658,1
400142,Pachwara South Coal Block,2026-05,0.4279302747753487,0
400142,Pachwara South Coal Block,2026-06,0.4468002801675384,0
400144,PORDA CHIMTAPANI OCP [10 MTY],2026-04,0.5011756111766166,1
400144,PORDA CHIMTAPANI OCP [10 MTY],2026-05,0.21700753723568578,0
400144,PORDA CHIMTAPANI OCP [10 MTY],2026-06,0.2810517565272262,0
400148,AMADAND OCP[4.0MTY],2026-04,0.569770639263501,1
400148,AMADAND OCP[4.0MTY],2026-05,0.3432152390974676,0
400148,AMADAND OCP[4.0MTY],2026-06,0.302788347935163,0
400149,BAROUD OC EXPANSION [3.0-10.0M,2026-04,0.5664146599889445,1
400149,BAROUD OC EXPANSION [3.0-10.0M,2026-05,0.32185115119018437,0
400149,BAROUD OC EXPANSION [3.0-10.0M,2026-06,0.3780115540432376,0
400150,RPR MAGADH EXP OCP,2026-04,0.8887338344652729,1
400150,RPR MAGADH EXP OCP,2026-05,0.46836519823873746,0
400150,RPR MAGADH EXP OCP,2026-06,0.5635166423307033,1
400151,NORTH URIMARI EXPANSION OCP,2026-04,0.8506164835418846,1
400151,NORTH URIMARI EXPANSION OCP,2026-05,0.5138760569478014,1
400151,NORTH URIMARI EXPANSION OCP,2026-06,0.5820021711819737,1
400153,EPR ROHINI - KARKETTA OCP,2026-04,0.8375089539127807,1
400153,EPR ROHINI - KARKETTA OCP,2026-05,0.3352654232019647,0
400153,EPR ROHINI - KARKETTA OCP,2026-06,0.40685663585486137,0
400154,EPR PUNDI OCP,2026-04,0.6807257910611348,1
400154,EPR PUNDI OCP,2026-05,0.3275734084185732,0
400154,EPR PUNDI OCP,2026-06,0.4049245096001876,0
400155,EPR ASHOK OC,2026-04,0.8660228443619258,1
400155,EPR ASHOK OC,2026-05,0.40584915708631214,0
400155,EPR ASHOK OC,2026-06,0.4683073640594705,0
400156,EPR AMRAPALI OCP,2026-04,0.8858083286717895,1
400156,EPR AMRAPALI OCP,2026-05,0.43513473199315883,0
400156,EPR AMRAPALI OCP,2026-06,0.43950537367765025,0
400160,RAJRAPPA RCE OCP,2026-04,0.7903048067550354,1
400160,RAJRAPPA RCE OCP,2026-05,0.6686055503429679,1
400160,RAJRAPPA RCE OCP,2026-06,0.5531512700031543,1
400162,BLOCK B EXPANSION [3.5 TO 8.0,2026-04,0.3560588182622898,0
400162,BLOCK B EXPANSION [3.5 TO 8.0,2026-05,0.2092236799986632,0
400162,BLOCK B EXPANSION [3.5 TO 8.0,2026-06,0.25760463584789134,0
400165,SUBHADRA OCP,2026-04,0.5378764044348702,1
400165,SUBHADRA OCP,2026-05,0.3349193473600958,0
400165,SUBHADRA OCP,2026-06,0.3832647217931403,0
400166,SIARMAL OCP,2026-04,0.5659363926674592,1
400166,SIARMAL OCP,2026-05,0.35547336875327173,0
400166,SIARMAL OCP,2026-06,0.3956542704923013,0
400167,Redevelopment of Santhal Field [Onshore-Mehsana Asset],2026-04,0.45425353873568536,0
400167,Redevelopment of Santhal Field [Onshore-Mehsana Asset],2026-05,0.36257012898439017,0
400167,Redevelopment of Santhal Field [Onshore-Mehsana Asset],2026-06,0.40825233009092265,0
400168,"500 KTA PDHPP Project, Usar",2026-04,0.322047408043597,0
400168,"500 KTA PDHPP Project, Usar",2026-05,0.34734307502297423,0
400168,"500 KTA PDHPP Project, Usar",2026-06,0.3573544398067336,0
400169,Redevelopment of Linch Field,2026-04,0.24626924324334748,0
400169,Redevelopment of Linch Field,2026-05,0.25656443041184285,0
400169,Redevelopment of Linch Field,2026-06,0.2445560080344343,0
400171,2G Ethanol Biorefinery at Bathinda,2026-04,0.38799323763843324,0
400171,2G Ethanol Biorefinery at Bathinda,2026-05,0.5419714167291969,1
400171,2G Ethanol Biorefinery at Bathinda,2026-06,0.47937013415448415,0
400172,CHITRA EAST OC,2026-04,0.5577123491249161,1
400172,CHITRA EAST OC,2026-05,0.23532770408379838,0
400172,CHITRA EAST OC,2026-06,0.3293844476160648,0
400173,MOHANPUR EXPANSION OC -PHASE I,2026-04,0.32246932035599757,0
400173,MOHANPUR EXPANSION OC -PHASE I,2026-05,0.19851504841227136,0
400173,MOHANPUR EXPANSION OC -PHASE I,2026-06,0.22248070490787034,0
400174,"New Sinter Plant at BSL, SAIL",2026-04,0.5359907029126642,1
400174,"New Sinter Plant at BSL, SAIL",2026-05,0.6633836180835472,1
400174,"New Sinter Plant at BSL, SAIL",2026-06,0.5994499687600283,1
400177,AMALGAMATED YEKONA I & YEKONA,2026-04,0.4194311352583929,0
400177,AMALGAMATED YEKONA I & YEKONA,2026-05,0.22841936772472418,0
400177,AMALGAMATED YEKONA I & YEKONA,2026-06,0.3096144922792107,0
400178,DINESH[MAKARDHOKRA-III] OC,2026-04,0.5279530092385749,1
400178,DINESH[MAKARDHOKRA-III] OC,2026-05,0.27567910739611956,0
400178,DINESH[MAKARDHOKRA-III] OC,2026-06,0.3820575686055493,0
400180,BONJEMEHARI EXPANSION OCP,2026-04,0.23695162805860878,0
400180,BONJEMEHARI EXPANSION OCP,2026-05,0.1847403956129305,0
400180,BONJEMEHARI EXPANSION OCP,2026-06,0.19179873121277657,0
400181,NAKRAKONDA KUMARDIH- B OCP,2026-04,0.507552102580671,1
400181,NAKRAKONDA KUMARDIH- B OCP,2026-05,0.21504888781782583,0
400181,NAKRAKONDA KUMARDIH- B OCP,2026-06,0.29787699156055236,0
400183,BALARAM EXPANSION OCP,2026-04,0.5622065296218387,1
400183,BALARAM EXPANSION OCP,2026-05,0.26857795301112075,0
400183,BALARAM EXPANSION OCP,2026-06,0.3628125917861213,0
400185,GOPALJI KANIHA OCP [10 TO 30 M,2026-04,0.4582861035193617,0
400185,GOPALJI KANIHA OCP [10 TO 30 M,2026-05,0.2457618604804736,0
400185,GOPALJI KANIHA OCP [10 TO 30 M,2026-06,0.29594842662724674,0
400186,TILABONI UG,2026-04,0.25573490220888523,0
400186,TILABONI UG,2026-05,0.10742876042730337,0
400186,TILABONI UG,2026-06,0.16647040961746096,0
400187,INTEGRATED LAKHANPUR-BELPAHAR-,2026-04,0.5920658193771586,1
400187,INTEGRATED LAKHANPUR-BELPAHAR-,2026-05,0.47752430974383275,0
400187,INTEGRATED LAKHANPUR-BELPAHAR-,2026-06,0.5376127369334657,1
400188,Redevelopment of Seven General Pool Residential Accommodation [GPRA] Colonies in Delhi,2026-04,0.6303832945138558,1
400188,Redevelopment of Seven General Pool Residential Accommodation [GPRA] Colonies in Delhi,2026-05,0.3421373403643579,0
400188,Redevelopment of Seven General Pool Residential Accommodation [GPRA] Colonies in Delhi,2026-06,0.35434497170308876,0
400192,Tubed Coal Mine,2026-04,0.6029247531433858,1
400192,Tubed Coal Mine,2026-05,0.2916666122466613,0
400192,Tubed Coal Mine,2026-06,0.3601888488311856,0
400203,Dharamjaigarh-Korba,2026-04,0.5513048984634988,1
400203,Dharamjaigarh-Korba,2026-05,0.24368301676432377,0
400203,Dharamjaigarh-Korba,2026-06,0.32351336604577297,0
400204,Bahraich-Shravasti-Balrampur-Siddharthnagar -Santkabir nagar,2026-04,0.4584448962330432,0
400204,Bahraich-Shravasti-Balrampur-Siddharthnagar -Santkabir nagar,2026-05,0.23189839607651233,0
400204,Bahraich-Shravasti-Balrampur-Siddharthnagar -Santkabir nagar,2026-06,0.2781858344375312,0
400205,Sahjanwa-Dohrighat,2026-04,0.4335070983837352,0
400205,Sahjanwa-Dohrighat,2026-05,0.21855374292410626,0
400205,Sahjanwa-Dohrighat,2026-06,0.2531502279415238,0
400220,Kharsia-Dharamjaygarh with Spur line [East Corridor-Phase 1],2026-04,0.43149556021997065,0
400220,Kharsia-Dharamjaygarh with Spur line [East Corridor-Phase 1],2026-05,0.48965208673608873,0
400220,Kharsia-Dharamjaygarh with Spur line [East Corridor-Phase 1],2026-06,0.4969533811626342,0
400223,Nagapattinam-Tiruturaipundi and Karaikal-Peralam New Line,2026-04,0.5330129711319417,1
400223,Nagapattinam-Tiruturaipundi and Karaikal-Peralam New Line,2026-05,0.4338902487290673,0
400223,Nagapattinam-Tiruturaipundi and Karaikal-Peralam New Line,2026-06,0.42927759759504547,0
400231,NLC Talabira Thermal Power Project,2026-04,0.3772568792197838,0
400231,NLC Talabira Thermal Power Project,2026-05,0.16467715509530065,0
400231,NLC Talabira Thermal Power Project,2026-06,0.2006040586213259,0
400232,Brundamal-Jharsuguda- flyover connection for joining downline,2026-04,0.6403132730319447,1
400232,Brundamal-Jharsuguda- flyover connection for joining downline,2026-05,0.4083061068700398,0
400232,Brundamal-Jharsuguda- flyover connection for joining downline,2026-06,0.47577480278500267,0
400247,Kalinarayanpur-Krishnanagar Doubling Alongwith Krishnanagar - Chapra New Line And Naihati-Ranaghat 3rd Line.,2026-04,0.4854841946924096,0
400247,Kalinarayanpur-Krishnanagar Doubling Alongwith Krishnanagar - Chapra New Line And Naihati-Ranaghat 3rd Line.,2026-05,0.3872413466141273,0
400247,Kalinarayanpur-Krishnanagar Doubling Alongwith Krishnanagar - Chapra New Line And Naihati-Ranaghat 3rd Line.,2026-06,0.4166265697170118,0
400253,Vizianagaram - Titlagarh 3rd line [272 Km including By - pass line of 7.68 KM],2026-04,0.5560256601974003,1
400253,Vizianagaram - Titlagarh 3rd line [272 Km including By - pass line of 7.68 KM],2026-05,0.44474053825119675,0
400254,Sakri -Hasanpur [via Harnagar - Kusheshwar Asthan] New Railway line,2026-04,0.2995729278970293,0
400254,Sakri -Hasanpur [via Harnagar - Kusheshwar Asthan] New Railway line,2026-05,0.19432041063066555,0
400254,Sakri -Hasanpur [via Harnagar - Kusheshwar Asthan] New Railway line,2026-06,0.22281984813460448,0
400261,Patratu Thermal Power Station Expansion Project Phase-I [3x800 MW],2026-04,0.4832360550477496,0
400261,Patratu Thermal Power Station Expansion Project Phase-I [3x800 MW],2026-05,0.4408833993612454,0
400261,Patratu Thermal Power Station Expansion Project Phase-I [3x800 MW],2026-06,0.4865255211301769,0
400271,Wardha-Nanded Via Yavatmal New BG Line,2026-04,0.528674640983627,1
400271,Wardha-Nanded Via Yavatmal New BG Line,2026-05,0.3583907518274428,0
400273,Tarakeshwar-Bishnupur New Line [82.47 km],2026-04,0.44478421295055426,0
400273,Tarakeshwar-Bishnupur New Line [82.47 km],2026-05,0.40419186078850716,0
400273,Tarakeshwar-Bishnupur New Line [82.47 km],2026-06,0.4177440437137203,0
400275,Tindivanam-Nagari New Line Project [184.5 km],2026-04,0.46996994053508095,0
400275,Tindivanam-Nagari New Line Project [184.5 km],2026-05,0.30600750069651944,0
400275,Tindivanam-Nagari New Line Project [184.5 km],2026-06,0.3315555870821536,0
400277,Dum Dum Airport-New Garia via Rajarhat-Construction of Metro Railway,2026-04,0.48493604131187795,0
400277,Dum Dum Airport-New Garia via Rajarhat-Construction of Metro Railway,2026-05,0.5140637012793848,1
400280,Phase II extension of MRTS from Velachery to St Thomas Mount,2026-04,0.35413680702889666,0
400280,Phase II extension of MRTS from Velachery to St Thomas Mount,2026-05,0.21273885086060304,0
400280,Phase II extension of MRTS from Velachery to St Thomas Mount,2026-06,0.2468820300190049,0
400291,Doubling of Kirandul-Jagdalpur Line [150 km],2026-04,0.6218308343799442,1
400291,Doubling of Kirandul-Jagdalpur Line [150 km],2026-05,0.6366044425340722,1
400291,Doubling of Kirandul-Jagdalpur Line [150 km],2026-06,0.6276208397292958,1
400298,Nadikudi - Srikalahasti New Line,2026-04,0.5835821021443531,1
400298,Nadikudi - Srikalahasti New Line,2026-05,0.4407061900326203,0
400298,Nadikudi - Srikalahasti New Line,2026-06,0.4517551818142405,0
400299,Pottangi Bauxite Mines Project,2026-04,0.47305946582073033,0
400299,Pottangi Bauxite Mines Project,2026-05,0.23093734133765173,0
400299,Pottangi Bauxite Mines Project,2026-06,0.2560548569596464,0
400301,Multi Product Pipeline from Irugur to Devangonthi,2026-04,0.4506405580065808,0
400301,Multi Product Pipeline from Irugur to Devangonthi,2026-05,0.47173632014721,0
400301,Multi Product Pipeline from Irugur to Devangonthi,2026-06,0.4576240970879823,0
400312,JHANJRA EXPANSION UG,2026-04,0.5489028627937901,1
400312,JHANJRA EXPANSION UG,2026-05,0.3057592762457028,0
400312,JHANJRA EXPANSION UG,2026-06,0.3466480336210091,0
400315,SONEPUR BAZARI EXPANSION OCP [,2026-04,0.49807167380967066,0
400315,SONEPUR BAZARI EXPANSION OCP [,2026-05,0.21438320368204652,0
400315,SONEPUR BAZARI EXPANSION OCP [,2026-06,0.27801214467492286,0
400321,NIGAHI EXPANSION [15 TO 25 MTP,2026-04,0.39687132697430477,0
400321,NIGAHI EXPANSION [15 TO 25 MTP,2026-05,0.24627013193042843,0
400321,NIGAHI EXPANSION [15 TO 25 MTP,2026-06,0.28308053036134695,0
400352,JHARKHAND-LAIYO OCP,2026-04,0.8861707768640709,1
400352,JHARKHAND-LAIYO OCP,2026-05,0.3969525280932098,0
400352,JHARKHAND-LAIYO OCP,2026-06,0.43392895753944816,0
400353,DHUPTALA OC [SASTI UG TO OC ],2026-04,0.4775635592952495,0
400353,DHUPTALA OC [SASTI UG TO OC ],2026-05,0.19085418143104146,0
400353,DHUPTALA OC [SASTI UG TO OC ],2026-06,0.2612505121047457,0
400354,DIPKA EXPANSION OCP [40 MTY],2026-04,0.5652627902142487,1
400354,DIPKA EXPANSION OCP [40 MTY],2026-05,0.3349443646613652,0
400354,DIPKA EXPANSION OCP [40 MTY],2026-06,0.38773847187907584,0
400369,BINA KAKRI AMALGAMATION EXPANS,2026-04,0.3010790695742434,0
400369,BINA KAKRI AMALGAMATION EXPANS,2026-05,0.26617232330558566,0
400369,BINA KAKRI AMALGAMATION EXPANS,2026-06,0.3042847457293179,0
400382,Rewas Port Project,2026-04,0.34141371753526845,0
400382,Rewas Port Project,2026-05,0.31544708350325956,0
400392,BHARATPUR RE-ORGANIZATION OCP,2026-04,0.6073302540612445,1
400392,BHARATPUR RE-ORGANIZATION OCP,2026-05,0.4105035413191499,0
400392,BHARATPUR RE-ORGANIZATION OCP,2026-06,0.4307131611169338,0
400416,Shivpur-Kathautia New Rail [BG] Line [49 km] [Package II of Tori-Shivpur-Kathautia line],2026-04,0.5913555176583943,1
400416,Shivpur-Kathautia New Rail [BG] Line [49 km] [Package II of Tori-Shivpur-Kathautia line],2026-05,0.4478327476098325,0
400416,Shivpur-Kathautia New Rail [BG] Line [49 km] [Package II of Tori-Shivpur-Kathautia line],2026-06,0.47673090928358763,0
400424,GEVRA OC [70 MTY],2026-04,0.4944792535571142,0
400424,GEVRA OC [70 MTY],2026-05,0.38536146954475964,0
400424,GEVRA OC [70 MTY],2026-06,0.40651866097872197,0
400425,MOONIDIH XV SEAM UG,2026-04,0.6064139396150211,1
400425,MOONIDIH XV SEAM UG,2026-05,0.3844421118555082,0
400425,MOONIDIH XV SEAM UG,2026-06,0.44008432288730137,0
400426,Expansion of Malanjkhand Copper Project,2026-04,0.530361172326305,1
400426,Expansion of Malanjkhand Copper Project,2026-05,0.34468247252059925,0
400426,Expansion of Malanjkhand Copper Project,2026-06,0.34265986034326645,0
601812,Development of Zaheerabad Node under Hyderabad Nagpur Industrial Corridor,2026-04,0.20551261024864234,0
601812,Development of Zaheerabad Node under Hyderabad Nagpur Industrial Corridor,2026-05,0.060941609748482325,0
601812,Development of Zaheerabad Node under Hyderabad Nagpur Industrial Corridor,2026-06,0.0976336106820248,0
602096,Subansiri Lower HE Project [2000 MW],2026-04,0.47929711248774043,0
602096,Subansiri Lower HE Project [2000 MW],2026-05,0.5351933883962953,1
602096,Subansiri Lower HE Project [2000 MW],2026-06,0.5232146819090578,1
602098,"Construction of Permanent Campus for IIM Jammu Phase-1 at Jagti, Nagrota, Jammu, J&K",2026-04,0.2700067710378484,0
602098,"Construction of Permanent Campus for IIM Jammu Phase-1 at Jagti, Nagrota, Jammu, J&K",2026-05,0.2432737885133988,0
602098,"Construction of Permanent Campus for IIM Jammu Phase-1 at Jagti, Nagrota, Jammu, J&K",2026-06,0.2338565489422978,0
602099,Establishment of Permanent campus Phase 1 of IIM Sirmaur,2026-04,0.28578847012655584,0
602099,Establishment of Permanent campus Phase 1 of IIM Sirmaur,2026-05,0.3100840057274676,0
602099,Establishment of Permanent campus Phase 1 of IIM Sirmaur,2026-06,0.2895456155821566,0
602181,"TEESTA-VI HE PROJECT, SIKKIM [500 MW], executed by LANCO TEESTA HYDRO POWER LIMITED [A wholly owned Subsidiary of NHPC LTD. acquired through NCLT]",2026-04,0.3691423715938431,0
602181,"TEESTA-VI HE PROJECT, SIKKIM [500 MW], executed by LANCO TEESTA HYDRO POWER LIMITED [A wholly owned Subsidiary of NHPC LTD. acquired through NCLT]",2026-05,0.31478406750752774,0
602181,"TEESTA-VI HE PROJECT, SIKKIM [500 MW], executed by LANCO TEESTA HYDRO POWER LIMITED [A wholly owned Subsidiary of NHPC LTD. acquired through NCLT]",2026-06,0.3437432155397306,0
602182,Dibang Multipurpose Project,2026-04,0.28700605514393945,0
602182,Dibang Multipurpose Project,2026-05,0.13475185567693634,0
602182,Dibang Multipurpose Project,2026-06,0.1564632077718045,0
602184,Rammam-III HEPP [3x40 MW],2026-04,0.542510626934308,1
602184,Rammam-III HEPP [3x40 MW],2026-05,0.47630423759763335,0
602184,Rammam-III HEPP [3x40 MW],2026-06,0.48346896041348997,0
602185,Tapovan-Vishnugad HEP [4x130 MW],2026-04,0.5856955890645309,1
602185,Tapovan-Vishnugad HEP [4x130 MW],2026-05,0.6524156191293352,1
602185,Tapovan-Vishnugad HEP [4x130 MW],2026-06,0.5957136372076988,1
602195,Vishnugad Pipalkoti Hydro Electric Project [444 MW],2026-04,0.5415380980921667,1
602195,Vishnugad Pipalkoti Hydro Electric Project [444 MW],2026-05,0.5168137215084422,1
602195,Vishnugad Pipalkoti Hydro Electric Project [444 MW],2026-06,0.5223166246587495,1
602223,Comprehensive Scheme for Strengthening of Transmission and Distribution [T&D] Systems [CSST&DS] in Arunachal Pradesh and Sikkim,2026-04,0.4427600174239557,0
602223,Comprehensive Scheme for Strengthening of Transmission and Distribution [T&D] Systems [CSST&DS] in Arunachal Pradesh and Sikkim,2026-05,0.5003185034955471,1
602223,Comprehensive Scheme for Strengthening of Transmission and Distribution [T&D] Systems [CSST&DS] in Arunachal Pradesh and Sikkim,2026-06,0.4885927552220963,0
602525,"Pakal Dul [Drangdhuran] Hydroelectric Project, 1000 MW",2026-04,0.3734290378726453,0
602525,"Pakal Dul [Drangdhuran] Hydroelectric Project, 1000 MW",2026-05,0.40234879953189934,0
602525,"Pakal Dul [Drangdhuran] Hydroelectric Project, 1000 MW",2026-06,0.39352676285287413,0
602532,Kiru HE Project,2026-04,0.3835718161664637,0
602532,Kiru HE Project,2026-05,0.37686616025406183,0
602532,Kiru HE Project,2026-06,0.36902682642754314,0
602535,"Ratle HE Project - 850 MW, Ratle Hydroelectric Power Corporation Limited.",2026-04,0.3708890304840898,0
602535,"Ratle HE Project - 850 MW, Ratle Hydroelectric Power Corporation Limited.",2026-05,0.2669587905749817,0
602535,"Ratle HE Project - 850 MW, Ratle Hydroelectric Power Corporation Limited.",2026-06,0.27231225093678385,0
602538,Installation of FGD for 4x210 & 2x250 MW MTPS U 1-6,2026-04,0.3116996455769081,0
602538,Installation of FGD for 4x210 & 2x250 MW MTPS U 1-6,2026-05,0.34465322171050194,0
602538,Installation of FGD for 4x210 & 2x250 MW MTPS U 1-6,2026-06,0.4006245145929512,0
602579,Buxar Thermal Power Project [1320 MW],2026-04,0.3194188309420255,0
602579,Buxar Thermal Power Project [1320 MW],2026-05,0.3919886978071792,0
602579,Buxar Thermal Power Project [1320 MW],2026-06,0.3914026537667857,0
602582,Dhaulasidh Hydro Electric Project [66 MW],2026-04,0.37718912522455894,0
602582,Dhaulasidh Hydro Electric Project [66 MW],2026-05,0.38406761389867694,0
602582,Dhaulasidh Hydro Electric Project [66 MW],2026-06,0.38692655306430396,0
602593,Luhri Stage-I Hydro Electric Project [210 MW],2026-04,0.4866417376882765,0
602593,Luhri Stage-I Hydro Electric Project [210 MW],2026-05,0.37056142566746225,0
602593,Luhri Stage-I Hydro Electric Project [210 MW],2026-06,0.3951474255192372,0
602792,Gauge Conversion of Kendri-Dhamtari including Abhanpur - Rajim Branch line 67.20 Kms - 2nd Material Modification to Raipur Titlagarh doubling.,2026-04,0.22294134998619655,0
602792,Gauge Conversion of Kendri-Dhamtari including Abhanpur - Rajim Branch line 67.20 Kms - 2nd Material Modification to Raipur Titlagarh doubling.,2026-05,0.1876445134606864,0
602792,Gauge Conversion of Kendri-Dhamtari including Abhanpur - Rajim Branch line 67.20 Kms - 2nd Material Modification to Raipur Titlagarh doubling.,2026-06,0.19104501322671985,0
602797,"Sainthia, Sitarampur, Mughalsarai, Allahabad & Etawah - Bypass Line Project",2026-04,0.4961609176286898,0
602797,"Sainthia, Sitarampur, Mughalsarai, Allahabad & Etawah - Bypass Line Project",2026-05,0.24281396261406357,0
602797,"Sainthia, Sitarampur, Mughalsarai, Allahabad & Etawah - Bypass Line Project",2026-06,0.28066060581445323,0
602961,Talcher Thermal Power Station Stage III [2 x 660 MW] Expansion,2026-04,0.3142250083536277,0
602961,Talcher Thermal Power Station Stage III [2 x 660 MW] Expansion,2026-05,0.19913082369169013,0
602961,Talcher Thermal Power Station Stage III [2 x 660 MW] Expansion,2026-06,0.2387868172491372,0
603210,Development of Jodhpur Pali Marwar Industrial Area JPMIA in Rajasthan,2026-05,0.1608109263817926,0
603210,Development of Jodhpur Pali Marwar Industrial Area JPMIA in Rajasthan,2026-06,0.07499513652024689,0
603293,Badam Coal Mining project of NTPC,2026-04,0.5863695070975846,1
603293,Badam Coal Mining project of NTPC,2026-05,0.343964743128095,0
603293,Badam Coal Mining project of NTPC,2026-06,0.43024623482682034,0
603945,Integrated Anandpur Barrage Project,2026-04,0.4424630797479883,0
603945,Integrated Anandpur Barrage Project,2026-05,0.3092074484899214,0
603945,Integrated Anandpur Barrage Project,2026-06,0.3329628931301512,0
604791,Numaligarh Refinery Expansion Project,2026-04,0.3029356994515335,0
604791,Numaligarh Refinery Expansion Project,2026-05,0.3275075887218343,0
604791,Numaligarh Refinery Expansion Project,2026-06,0.3139960542989377,0
604795,CBR 9 MMTPA Project,2026-04,0.32155706010521623,0
604795,CBR 9 MMTPA Project,2026-05,0.20150336729049526,0
604795,CBR 9 MMTPA Project,2026-06,0.2369980651281323,0
604833,"Andheri Residential Towers, Mumbai",2026-04,0.4323188534340902,0
604833,"Andheri Residential Towers, Mumbai",2026-05,0.2735062193931076,0
604833,"Andheri Residential Towers, Mumbai",2026-06,0.28655664744271464,0
604852,"Grass-root Terminal at Mirzapur, Uttar Pradesh",2026-04,0.19941530387325143,0
604852,"Grass-root Terminal at Mirzapur, Uttar Pradesh",2026-05,0.09999012819733895,0
604852,"Grass-root Terminal at Mirzapur, Uttar Pradesh",2026-06,0.15467849594100422,0
604853,"Indian Oil Technology Development and Deployment Centre at R&D Campus-II, Faridabad",2026-04,0.3641789364350191,0
604853,"Indian Oil Technology Development and Deployment Centre at R&D Campus-II, Faridabad",2026-05,0.37827621762678715,0
604853,"Indian Oil Technology Development and Deployment Centre at R&D Campus-II, Faridabad",2026-06,0.3533220841838563,0
604859,Integrated Para Xylene [PX] and Purified Terephthalic Acid [PTA] Project at Paradip Refinery,2026-04,0.2525473569039884,0
604859,Integrated Para Xylene [PX] and Purified Terephthalic Acid [PTA] Project at Paradip Refinery,2026-05,0.3894233085371566,0
604859,Integrated Para Xylene [PX] and Purified Terephthalic Acid [PTA] Project at Paradip Refinery,2026-06,0.37053878296553977,0
604863,Development of Surface Facilities for production and evacuation of Crude Oil and Natural Gas from Nadua and East Khagorija,2026-04,0.25057629225809785,0
604863,Development of Surface Facilities for production and evacuation of Crude Oil and Natural Gas from Nadua and East Khagorija,2026-05,0.2660335420085537,0
604863,Development of Surface Facilities for production and evacuation of Crude Oil and Natural Gas from Nadua and East Khagorija,2026-06,0.24138741815410195,0
605155,Kwar HE Project,2026-04,0.3092322301409276,0
605155,Kwar HE Project,2026-05,0.20232966831871038,0
605155,Kwar HE Project,2026-06,0.23828092630192502,0
605156,Rangit-IV HE Project [120 MW] executed by Jal Power Corporation Ltd. [JPCL] - A wholly owned subsidiary of NHPC Ltd. acquired through NCLT,2026-04,0.3495919079770725,0
605156,Rangit-IV HE Project [120 MW] executed by Jal Power Corporation Ltd. [JPCL] - A wholly owned subsidiary of NHPC Ltd. acquired through NCLT,2026-05,0.41309881363752776,0
605156,Rangit-IV HE Project [120 MW] executed by Jal Power Corporation Ltd. [JPCL] - A wholly owned subsidiary of NHPC Ltd. acquired through NCLT,2026-06,0.40289459182660636,0
605292,"Construction of Permanent Campus of Indian Institute of Management [IIM] Amritsar, Punjab, Phase-I",2026-04,0.2478220559677685,0
605292,"Construction of Permanent Campus of Indian Institute of Management [IIM] Amritsar, Punjab, Phase-I",2026-05,0.21082223669814718,0
605292,"Construction of Permanent Campus of Indian Institute of Management [IIM] Amritsar, Punjab, Phase-I",2026-06,0.2175392982095769,0
606013,Additional Campus of NITPatna,2026-04,0.18643263852177652,0
606013,Additional Campus of NITPatna,2026-05,0.15517317180516121,0
606013,Additional Campus of NITPatna,2026-06,0.15451190666600503,0
606112,Tezpur University Projects,2026-04,0.22891281911018127,0
606112,Tezpur University Projects,2026-05,0.2289866266639595,0
606112,Tezpur University Projects,2026-06,0.22278130296641527,0
606431,CONSTRUCTION OF PERMANENT CAMPUS FOR IIT PALAKKAD UNDER PHASE 1A,2026-04,0.2609415943891086,0
606431,CONSTRUCTION OF PERMANENT CAMPUS FOR IIT PALAKKAD UNDER PHASE 1A,2026-05,0.19755853467991946,0
606431,CONSTRUCTION OF PERMANENT CAMPUS FOR IIT PALAKKAD UNDER PHASE 1A,2026-06,0.18963565876849284,0
606479,Banaras Hindu University [ Kayakalp of Institute of Medical Sciences],2026-04,0.21682767956769197,0
606479,Banaras Hindu University [ Kayakalp of Institute of Medical Sciences],2026-05,0.3109662623974936,0
606479,Banaras Hindu University [ Kayakalp of Institute of Medical Sciences],2026-06,0.2626857346804054,0
607653,Ludhiana Mullanpur 21Km Doubling Railway project,2026-04,0.22973937598490432,0
607653,Ludhiana Mullanpur 21Km Doubling Railway project,2026-05,0.23848550883765668,0
607653,Ludhiana Mullanpur 21Km Doubling Railway project,2026-06,0.16794575136287057,0
607709,NORTH EASTERN REGION POWER SYSTEM IMPROVEMENT PROJECT [NERPSIP],2026-04,0.34256340845290495,0
607709,NORTH EASTERN REGION POWER SYSTEM IMPROVEMENT PROJECT [NERPSIP],2026-05,0.3448878260291988,0
607709,NORTH EASTERN REGION POWER SYSTEM IMPROVEMENT PROJECT [NERPSIP],2026-06,0.35635386423939847,0
609019,"HEFA projects on development of student hostels, playgrounds, departmental buildings, class room complex and other campus facilities in IIT Kharagpur",2026-04,0.2252857559810832,0
609019,"HEFA projects on development of student hostels, playgrounds, departmental buildings, class room complex and other campus facilities in IIT Kharagpur",2026-05,0.19907012771305974,0
609019,"HEFA projects on development of student hostels, playgrounds, departmental buildings, class room complex and other campus facilities in IIT Kharagpur",2026-06,0.24060794102881095,0
609424,"Development of Container Terminal at Tuna-Tekra, Deendayal Port on BOT Basis Under PPP Mode",2026-04,0.2711123699527014,0
609424,"Development of Container Terminal at Tuna-Tekra, Deendayal Port on BOT Basis Under PPP Mode",2026-05,0.2117256565059298,0
609424,"Development of Container Terminal at Tuna-Tekra, Deendayal Port on BOT Basis Under PPP Mode",2026-06,0.21773024276216935,0
609736,"Construction of Sikkim University Campus Phase-I Package-II at Yangang, South Sikkim",2026-04,0.2955523148837474,0
609736,"Construction of Sikkim University Campus Phase-I Package-II at Yangang, South Sikkim",2026-05,0.25470427819084224,0
609736,"Construction of Sikkim University Campus Phase-I Package-II at Yangang, South Sikkim",2026-06,0.2577058583955145,0
609996,Construction of Precast housing and hostels at IIT Hyderabad,2026-04,0.18114118292664527,0
609996,Construction of Precast housing and hostels at IIT Hyderabad,2026-05,0.14293248304020703,0
609996,Construction of Precast housing and hostels at IIT Hyderabad,2026-06,0.12803880195007597,0
610315,IISER BERHAMPUR,2026-04,0.23856988963220285,0
610315,IISER BERHAMPUR,2026-05,0.1805932231280459,0
610315,IISER BERHAMPUR,2026-06,0.18570387784435782,0
610984,Development of Jharia CBM Block [Phase-1],2026-04,0.4340780787927998,0
610984,Development of Jharia CBM Block [Phase-1],2026-05,0.2821109380520311,0
610984,Development of Jharia CBM Block [Phase-1],2026-06,0.3515237912432165,0
611047,"Construction of NTB complex including apron, taxi track and other associated civil works and electrical & mechanical installations towards Tawi River side at CA Jammu.",2026-04,0.23743176358046525,0
611047,"Construction of NTB complex including apron, taxi track and other associated civil works and electrical & mechanical installations towards Tawi River side at CA Jammu.",2026-05,0.1299836892069153,0
611047,"Construction of NTB complex including apron, taxi track and other associated civil works and electrical & mechanical installations towards Tawi River side at CA Jammu.",2026-06,0.16159836186208115,0
611452,MUMBAI CENTRAL VIRAR VADODARA AHMEDABAAD TRAIN PROTECTION SYSTEM 500 RKM,2026-04,0.23488192304932157,0
611452,MUMBAI CENTRAL VIRAR VADODARA AHMEDABAAD TRAIN PROTECTION SYSTEM 500 RKM,2026-05,0.20257799548305205,0
611495,Development of New Civil Enclave at Bagdogra Airport,2026-04,0.2506681691537474,0
611495,Development of New Civil Enclave at Bagdogra Airport,2026-05,0.1896522189210376,0
611495,Development of New Civil Enclave at Bagdogra Airport,2026-06,0.19209750367248352,0
611509,"Koderma Thermal Power Station Phase II [2X800 MW] At Koderma, Jharkhand",2026-04,0.24630880766954102,0
611509,"Koderma Thermal Power Station Phase II [2X800 MW] At Koderma, Jharkhand",2026-05,0.10495005580135858,0
611509,"Koderma Thermal Power Station Phase II [2X800 MW] At Koderma, Jharkhand",2026-06,0.12754256376570902,0
611570,"SITC of ATM Automation System and ASMGCS [Including SMR & MLAT] for Mumbai, Navi Mumbai, Jewar [earlier MOPA, without ASMGCS], HIAL & BIAL",2026-04,0.2608851243760208,0
611570,"SITC of ATM Automation System and ASMGCS [Including SMR & MLAT] for Mumbai, Navi Mumbai, Jewar [earlier MOPA, without ASMGCS], HIAL & BIAL",2026-05,0.16626581948570363,0
611570,"SITC of ATM Automation System and ASMGCS [Including SMR & MLAT] for Mumbai, Navi Mumbai, Jewar [earlier MOPA, without ASMGCS], HIAL & BIAL",2026-06,0.19364820685494416,0
611586,Sunni Dam Hydro Electric Project [382 MW],2026-04,0.35030960290541513,0
611586,Sunni Dam Hydro Electric Project [382 MW],2026-05,0.15272593852272368,0
611586,Sunni Dam Hydro Electric Project [382 MW],2026-06,0.20915225220052605,0
611602,"Modernization of Chennai Airport, Phase II, Part 2",2026-04,0.2976372963820182,0
611602,"Modernization of Chennai Airport, Phase II, Part 2",2026-05,0.17519144306551634,0
611602,"Modernization of Chennai Airport, Phase II, Part 2",2026-06,0.20627436495735638,0
611669,NER Provision of Automatic Block Signalling on Gorakhpur Cantt[Excl] Chhapra Gramin & Burhwal Jn [Excl] Sitapur Jn section of high density routes,2026-04,0.29520893637707296,0
611669,NER Provision of Automatic Block Signalling on Gorakhpur Cantt[Excl] Chhapra Gramin & Burhwal Jn [Excl] Sitapur Jn section of high density routes,2026-05,0.1467379556300585,0
611669,NER Provision of Automatic Block Signalling on Gorakhpur Cantt[Excl] Chhapra Gramin & Burhwal Jn [Excl] Sitapur Jn section of high density routes,2026-06,0.2163352776016102,0
611698,240MW Heo HE Project,2026-04,0.17005493872933294,0
611698,240MW Heo HE Project,2026-05,0.06050639031586334,0
611698,240MW Heo HE Project,2026-06,0.09034874491173653,0
611699,186 MW Tato-I H E Project,2026-04,0.17284485924314527,0
611699,186 MW Tato-I H E Project,2026-05,0.059665712310123534,0
611699,186 MW Tato-I H E Project,2026-06,0.09622456865318199,0
611716,700 MW Tato-II HE Project,2026-04,0.19995039488320165,0
611716,700 MW Tato-II HE Project,2026-05,0.06813430227545227,0
611716,700 MW Tato-II HE Project,2026-06,0.10258265371298338,0
611735,Transmission system for evacuation of power from REZ in Rajasthan 20GW under Phase-III Part J,2026-04,0.203367460319939,0
611735,Transmission system for evacuation of power from REZ in Rajasthan 20GW under Phase-III Part J,2026-05,0.11895449269951619,0
611735,Transmission system for evacuation of power from REZ in Rajasthan 20GW under Phase-III Part J,2026-06,0.21124091177033769,0
611751,AURANGABAD-ANKAI - DOUBLING PROJECT 98.25 Km,2026-04,0.3740170441615264,0
611751,AURANGABAD-ANKAI - DOUBLING PROJECT 98.25 Km,2026-05,0.24276028808145986,0
611751,AURANGABAD-ANKAI - DOUBLING PROJECT 98.25 Km,2026-06,0.2682551557049653,0
611752,GOOTY-PENDEKALLU DOUBLING 29.225 Km,2026-04,0.26191099947201724,0
611754,GUNTAKAL WEST-MALLAPPA GATE RAIL OVER RAIL - ROR TRACK,2026-04,0.20554806230408645,0
611754,GUNTAKAL WEST-MALLAPPA GATE RAIL OVER RAIL - ROR TRACK,2026-05,0.1469220951013386,0
611754,GUNTAKAL WEST-MALLAPPA GATE RAIL OVER RAIL - ROR TRACK,2026-06,0.14160682092557825,0
611855,Devgarh Madariya - Nathdwara Gauge Conversion [82.54 Km] part of Marwar - Mavli Gauge Conversion [152 Km],2026-04,0.2607764718786015,0
611855,Devgarh Madariya - Nathdwara Gauge Conversion [82.54 Km] part of Marwar - Mavli Gauge Conversion [152 Km],2026-05,0.14079518518344544,0
611855,Devgarh Madariya - Nathdwara Gauge Conversion [82.54 Km] part of Marwar - Mavli Gauge Conversion [152 Km],2026-06,0.16879072134874684,0
611861,Rewari - Kathuwas Doubling Project [27.72 Km],2026-04,0.25351272871762853,0
611861,Rewari - Kathuwas Doubling Project [27.72 Km],2026-05,0.17293180504996092,0
611864,AMALAGAMATED NTST KUJAMA OCP 8.5MTY,2026-04,0.3895453649315312,0
611864,AMALAGAMATED NTST KUJAMA OCP 8.5MTY,2026-05,0.11173343207415186,0
611864,AMALAGAMATED NTST KUJAMA OCP 8.5MTY,2026-06,0.17857026080587,0
611884,Bhiwani - Dobh Bahali Doubling Project [42.30 Km],2026-04,0.293783891525795,0
611884,Bhiwani - Dobh Bahali Doubling Project [42.30 Km],2026-05,0.14035998963255297,0
611884,Bhiwani - Dobh Bahali Doubling Project [42.30 Km],2026-06,0.17018145255144898,0
611917,Poly Butadiene Rubber plant at Panipat,2026-04,0.2842016608023953,0
611917,Poly Butadiene Rubber plant at Panipat,2026-05,0.2916848907031793,0
611917,Poly Butadiene Rubber plant at Panipat,2026-06,0.30802205887069645,0
611918,Kosamba Umarpada 70 Km,2026-04,0.2306243444838745,0
611918,Kosamba Umarpada 70 Km,2026-05,0.16695568594492266,0
611918,Kosamba Umarpada 70 Km,2026-06,0.19528928721828376,0
611927,Kurnool - Setting up facilities for coach midlife rehabilitation workshop,2026-04,0.41918004679788384,0
611927,Kurnool - Setting up facilities for coach midlife rehabilitation workshop,2026-05,0.23186903013853916,0
611927,Kurnool - Setting up facilities for coach midlife rehabilitation workshop,2026-06,0.27636863564352976,0
611929,Maintenance cum workshop depot for Vande Bharat Sleeper Trains as per conditions under WTA 527,2026-04,0.17549290466953388,0
611929,Maintenance cum workshop depot for Vande Bharat Sleeper Trains as per conditions under WTA 527,2026-05,0.14051279111668202,0
611929,Maintenance cum workshop depot for Vande Bharat Sleeper Trains as per conditions under WTA 527,2026-06,0.14943155922635196,0
611930,Lara Super Thermal Power Project Stage-II [2 x 800 MW],2026-04,0.2605985674201816,0
611930,Lara Super Thermal Power Project Stage-II [2 x 800 MW],2026-05,0.1428896618836904,0
611930,Lara Super Thermal Power Project Stage-II [2 x 800 MW],2026-06,0.16830201939788278,0
611943,New Broad Gauge line between Naliya to Jakhau Port,2026-04,0.21551956183040616,0
611943,New Broad Gauge line between Naliya to Jakhau Port,2026-05,0.1120303031128307,0
611943,New Broad Gauge line between Naliya to Jakhau Port,2026-06,0.1411634763609449,0
611945,Petlad Bhadran 23 Kms,2026-04,0.3088359866843972,0
611945,Petlad Bhadran 23 Kms,2026-05,0.1312389937140385,0
611945,Petlad Bhadran 23 Kms,2026-06,0.18920100090830297,0
611948,Transmission system for evacuation of power from REZ in Rajasthan 20 GW under Phase-III part H,2026-04,0.19787486198215207,0
611949,Transmission system for evacuation of power from REZ in Rajasthan 20 GW under Phase-III part C1,2026-04,0.19014896660274958,0
611949,Transmission system for evacuation of power from REZ in Rajasthan 20 GW under Phase-III part C1,2026-05,0.19438463487293534,0
611949,Transmission system for evacuation of power from REZ in Rajasthan 20 GW under Phase-III part C1,2026-06,0.21252540914737886,0
611957,"Phase III A works at IIT Indore [03 Hostels, 01 Studio Apartment, 01 Housing, Heavy & Sophisticated lab complex, Academic POD and Infrastructure for center of excellence]",2026-04,0.45105497908077097,0
611957,"Phase III A works at IIT Indore [03 Hostels, 01 Studio Apartment, 01 Housing, Heavy & Sophisticated lab complex, Academic POD and Infrastructure for center of excellence]",2026-05,0.1417016780387903,0
611957,"Phase III A works at IIT Indore [03 Hostels, 01 Studio Apartment, 01 Housing, Heavy & Sophisticated lab complex, Academic POD and Infrastructure for center of excellence]",2026-06,0.22465292924591207,0
611961,Construction of IIT Bhubaneswar -Phase III,2026-04,0.2414112691561205,0
611961,Construction of IIT Bhubaneswar -Phase III,2026-05,0.14620777565794482,0
611961,Construction of IIT Bhubaneswar -Phase III,2026-06,0.15515831034162567,0
611963,"Construction & Development of Infrastructural Facilities in the main campus of NIT Uttarakhand at Sumari, Pauri Garhwal",2026-04,0.35214269748762317,0
611963,"Construction & Development of Infrastructural Facilities in the main campus of NIT Uttarakhand at Sumari, Pauri Garhwal",2026-05,0.17811315139782868,0
611963,"Construction & Development of Infrastructural Facilities in the main campus of NIT Uttarakhand at Sumari, Pauri Garhwal",2026-06,0.2348933130663751,0
611966,Transmission System for Evacuation of power from Potential RE Zone in Khavda Area of Gujarat under phase IV 7GW-Part E4,2026-04,0.18147694505465617,0
611966,Transmission System for Evacuation of power from Potential RE Zone in Khavda Area of Gujarat under phase IV 7GW-Part E4,2026-05,0.18296416501110757,0
611967,Transmission Scheme for Solar Energy Zone in Ananthpuram 2500MW and Kurnool 1000MW,2026-04,0.15335872390583652,0
611970,Samlaya Timba Road 54 km,2026-04,0.21527568803199504,0
611970,Samlaya Timba Road 54 km,2026-05,0.07947167372038745,0
611970,Samlaya Timba Road 54 km,2026-06,0.12198992697781239,0
611971,Samni Jambusar 24 km,2026-04,0.34628269886418345,0
611971,Samni Jambusar 24 km,2026-05,0.1446788501188127,0
611971,Samni Jambusar 24 km,2026-06,0.20160922091403335,0
611974,Western Railway Samakhiali Gandhidham Quadrupiling 53 Kms,2026-04,0.2137597676585411,0
611974,Western Railway Samakhiali Gandhidham Quadrupiling 53 Kms,2026-05,0.20888995269835328,0
611974,Western Railway Samakhiali Gandhidham Quadrupiling 53 Kms,2026-06,0.14232082073575938,0
611977,Dahod Creation of Infrastructure facilities for 9000 HP Electric locomotives Manufacturing at,2026-04,0.23591450078611947,0
611977,Dahod Creation of Infrastructure facilities for 9000 HP Electric locomotives Manufacturing at,2026-05,0.13258506722500735,0
611978,Dahod Rolling Stock Workshop Provision of Infrastructure for CBS at,2026-04,0.16419605365164122,0
611978,Dahod Rolling Stock Workshop Provision of Infrastructure for CBS at,2026-05,0.13380030134419352,0
611979,Sabarmati Setting up of Maintenance Facilities for Train Sets Phase ii,2026-04,0.12758129070500518,0
611979,Sabarmati Setting up of Maintenance Facilities for Train Sets Phase ii,2026-05,0.1242105539842552,0
612066,Jaipur Metro Phase 1C from Badi Chaupar to Transport Nagar via Ramganj,2026-05,0.2680180157256001,0
612066,Jaipur Metro Phase 1C from Badi Chaupar to Transport Nagar via Ramganj,2026-06,0.17023682074816474,0
612068,Jaipur Metro Phase 1D Project from Mansarovar to Ajmer Road Chauraha,2026-05,0.18409996362222852,0
612068,Jaipur Metro Phase 1D Project from Mansarovar to Ajmer Road Chauraha,2026-06,0.12362417544290638,0
612072,4th LINE BETWEEN BAREJADI NANDEJ-SANAND-AHMEDABAD BYPASS,2026-04,0.22906441118609722,0
612072,4th LINE BETWEEN BAREJADI NANDEJ-SANAND-AHMEDABAD BYPASS,2026-05,0.12217337421023457,0
612072,4th LINE BETWEEN BAREJADI NANDEJ-SANAND-AHMEDABAD BYPASS,2026-06,0.1661137828041995,0
612096,Construction of Balurghat-Hilli new BG Line,2026-04,0.42385967497424853,0
612096,Construction of Balurghat-Hilli new BG Line,2026-05,0.27411701379252806,0
612096,Construction of Balurghat-Hilli new BG Line,2026-06,0.2843412840925508,0
612128,Hostel blocks & dining hall block,2026-04,0.19841035777643498,0
612128,Hostel blocks & dining hall block,2026-05,0.10350042768050116,0
612128,Hostel blocks & dining hall block,2026-06,0.10664335313420206,0
612132,Transmission Scheme for Evacuation of power from REZ in Rajasthan [20 GW] under Phase-III Part D Phase I [Sikar Khetri Transmission Ltd],2026-04,0.21791560534358217,0
612132,Transmission Scheme for Evacuation of power from REZ in Rajasthan [20 GW] under Phase-III Part D Phase I [Sikar Khetri Transmission Ltd],2026-05,0.21456114148952413,0
612132,Transmission Scheme for Evacuation of power from REZ in Rajasthan [20 GW] under Phase-III Part D Phase I [Sikar Khetri Transmission Ltd],2026-06,0.24725771985223535,0
612133,Transmission System for Evacuation of power from Rajasthan REZ Ph-IV [Part-1] [Bikaner Complex] Part D [Neemrana Bareilly Transmission Ltd],2026-04,0.22964430544694048,0
612133,Transmission System for Evacuation of power from Rajasthan REZ Ph-IV [Part-1] [Bikaner Complex] Part D [Neemrana Bareilly Transmission Ltd],2026-05,0.1434528325245224,0
612133,Transmission System for Evacuation of power from Rajasthan REZ Ph-IV [Part-1] [Bikaner Complex] Part D [Neemrana Bareilly Transmission Ltd],2026-06,0.16192859981790106,0
612134,Transmission System for Evacuation of power from Rajasthan REZ Ph-IV [Part-1] [Bikaner Complex] Part A [Bikaner Neemrana Transmission Ltd],2026-04,0.22211306596985006,0
612134,Transmission System for Evacuation of power from Rajasthan REZ Ph-IV [Part-1] [Bikaner Complex] Part A [Bikaner Neemrana Transmission Ltd],2026-05,0.1435559192870756,0
612134,Transmission System for Evacuation of power from Rajasthan REZ Ph-IV [Part-1] [Bikaner Complex] Part A [Bikaner Neemrana Transmission Ltd],2026-06,0.19356283849524988,0
612138,"Transmission Scheme for Solar Energy Zone in Bidar [2500 MW], Karnataka [Bidar Transmission Ltd]",2026-04,0.20763012900434916,0
612138,"Transmission Scheme for Solar Energy Zone in Bidar [2500 MW], Karnataka [Bidar Transmission Ltd]",2026-05,0.21946696666243837,0
612138,"Transmission Scheme for Solar Energy Zone in Bidar [2500 MW], Karnataka [Bidar Transmission Ltd]",2026-06,0.2267178058349669,0
612139,Transmission system for Evacuation of Additional 7 GW RE power from Khavda RE park under Phase-III Part B [Vataman Transmission Limited],2026-04,0.23123143947983318,0
612139,Transmission system for Evacuation of Additional 7 GW RE power from Khavda RE park under Phase-III Part B [Vataman Transmission Limited],2026-05,0.14560440870975302,0
612139,Transmission system for Evacuation of Additional 7 GW RE power from Khavda RE park under Phase-III Part B [Vataman Transmission Limited],2026-06,0.19200439418731366,0
612140,Transmission Scheme for Integration of Renewable Energy Zone [Phase II] in Koppal II [Phase A&B] and gadag II[Phase A] in Karnataka [POWERGRID KOPPAL GADAG TRANSMISSION LIMITED],2026-04,0.20896249387763152,0
612140,Transmission Scheme for Integration of Renewable Energy Zone [Phase II] in Koppal II [Phase A&B] and gadag II[Phase A] in Karnataka [POWERGRID KOPPAL GADAG TRANSMISSION LIMITED],2026-05,0.15097135263304928,0
612140,Transmission Scheme for Integration of Renewable Energy Zone [Phase II] in Koppal II [Phase A&B] and gadag II[Phase A] in Karnataka [POWERGRID KOPPAL GADAG TRANSMISSION LIMITED],2026-06,0.2386627869290398,0
612142,"Singrauli Super Thermal Power Project, Stage-III [2x800 MW]",2026-04,0.2347474906863925,0
612142,"Singrauli Super Thermal Power Project, Stage-III [2x800 MW]",2026-05,0.11765564383627973,0
612142,"Singrauli Super Thermal Power Project, Stage-III [2x800 MW]",2026-06,0.15607797670624404,0
612167,"Construction of 350 beds + 50 Super Specialty beds ESIC Hospital Sheelanagar, Visakhapatnam, Andhra Pradesh",2026-04,0.14183545571543404,0
612167,"Construction of 350 beds + 50 Super Specialty beds ESIC Hospital Sheelanagar, Visakhapatnam, Andhra Pradesh",2026-05,0.08473042009867128,0
612167,"Construction of 350 beds + 50 Super Specialty beds ESIC Hospital Sheelanagar, Visakhapatnam, Andhra Pradesh",2026-06,0.12419980628054512,0
612183,Development of New Civil Enclave at Bihta,2026-04,0.23207464733268243,0
612183,Development of New Civil Enclave at Bihta,2026-05,0.08436153766320788,0
612183,Development of New Civil Enclave at Bihta,2026-06,0.12910295481289832,0
612186,350 Bedded [Upgradable to 500 beds] ESI Hospital at Sanand,2026-04,0.173144597117061,0
612186,350 Bedded [Upgradable to 500 beds] ESI Hospital at Sanand,2026-05,0.09465356958451908,0
612186,350 Bedded [Upgradable to 500 beds] ESI Hospital at Sanand,2026-06,0.1250431691308519,0
612194,Development of New Civil Enclave and associated works at Darbhanga Airport,2026-04,0.2626357093128218,0
612194,Development of New Civil Enclave and associated works at Darbhanga Airport,2026-05,0.1352058433791021,0
612194,Development of New Civil Enclave and associated works at Darbhanga Airport,2026-06,0.15374335372444475,0
612211,"Demolition, Construction and upgradation of ESI Hospital, Kalol, Gujarat from 50 beds to 150 beds.",2026-04,0.1797587887737288,0
612211,"Demolition, Construction and upgradation of ESI Hospital, Kalol, Gujarat from 50 beds to 150 beds.",2026-05,0.1191911504231759,0
612211,"Demolition, Construction and upgradation of ESI Hospital, Kalol, Gujarat from 50 beds to 150 beds.",2026-06,0.13767564721080006,0
612213,"Construction of 200 Bedded ESIC Hospital at Butibori, Nagpur, Maharashtra.",2026-04,0.29132606772325986,0
612213,"Construction of 200 Bedded ESIC Hospital at Butibori, Nagpur, Maharashtra.",2026-05,0.20435464796920266,0
612213,"Construction of 200 Bedded ESIC Hospital at Butibori, Nagpur, Maharashtra.",2026-06,0.2349056293498866,0
612259,CONSTRUCTION OF 300 BEDDED HOSPITAL AT HARIDWAR,2026-04,0.2782547499097867,0
612259,CONSTRUCTION OF 300 BEDDED HOSPITAL AT HARIDWAR,2026-05,0.2489458015310347,0
612259,CONSTRUCTION OF 300 BEDDED HOSPITAL AT HARIDWAR,2026-06,0.20722443455622921,0
612513,"Construction of 100 Bedded ESI Hospital at Duburi, Odisha.",2026-04,0.2746954012859408,0
612513,"Construction of 100 Bedded ESI Hospital at Duburi, Odisha.",2026-05,0.13833382272943162,0
612513,"Construction of 100 Bedded ESI Hospital at Duburi, Odisha.",2026-06,0.17053168923501158,0
612745,"Construction of 200 bed ESI Hospital at Bommasandra, Karnataka",2026-04,0.35981108606637807,0
612745,"Construction of 200 bed ESI Hospital at Bommasandra, Karnataka",2026-05,0.16875771698396624,0
612745,"Construction of 200 bed ESI Hospital at Bommasandra, Karnataka",2026-06,0.25414704544001493,0
612748,"Construction of 100 bed ESI Hospital and Staff Quarters [32 Nos.] at Harohalli, Karnataka",2026-04,0.2801844917863232,0
612748,"Construction of 100 bed ESI Hospital and Staff Quarters [32 Nos.] at Harohalli, Karnataka",2026-05,0.1916569408956002,0
612748,"Construction of 100 bed ESI Hospital and Staff Quarters [32 Nos.] at Harohalli, Karnataka",2026-06,0.1694490566030427,0
612781,Rebuilding of COB 4 at Durgapur Steel Plant,2026-04,0.2637393195429013,0
612781,Rebuilding of COB 4 at Durgapur Steel Plant,2026-05,0.2182709849582908,0
612781,Rebuilding of COB 4 at Durgapur Steel Plant,2026-06,0.22985325630410836,0
612786,"Construction of New Domestic Terminal Building Building and miscellaneous works including maintenance, operations and AICMC at Kadapa Airport",2026-04,0.1897378509324164,0
612786,"Construction of New Domestic Terminal Building Building and miscellaneous works including maintenance, operations and AICMC at Kadapa Airport",2026-05,0.13945039032215892,0
612786,"Construction of New Domestic Terminal Building Building and miscellaneous works including maintenance, operations and AICMC at Kadapa Airport",2026-06,0.14107051845524454,0
612787,Construction of New Domestic Terminal Building and Miscellaneous works at Hubli Airport,2026-04,0.21099825762463,0
612787,Construction of New Domestic Terminal Building and Miscellaneous works at Hubli Airport,2026-05,0.15223207778289957,0
612787,Construction of New Domestic Terminal Building and Miscellaneous works at Hubli Airport,2026-06,0.1335420829952449,0
612788,Construction of New Domestic Terminal Building and Miscellaneous Works at Belagavi Airport.,2026-04,0.16427755845950634,0
612788,Construction of New Domestic Terminal Building and Miscellaneous Works at Belagavi Airport.,2026-05,0.11312342516613294,0
612788,Construction of New Domestic Terminal Building and Miscellaneous Works at Belagavi Airport.,2026-06,0.11932280672997067,0
612789,"Development of additional RESA on either end on Runway 10-28 at Calicut Airport. Construction of embankment with slope protection, drainage system and associated works for additional RESA on either end on Runway 10-28",2026-04,0.24869035430280817,0
612789,"Development of additional RESA on either end on Runway 10-28 at Calicut Airport. Construction of embankment with slope protection, drainage system and associated works for additional RESA on either end on Runway 10-28",2026-05,0.16617181408685924,0
612789,"Development of additional RESA on either end on Runway 10-28 at Calicut Airport. Construction of embankment with slope protection, drainage system and associated works for additional RESA on either end on Runway 10-28",2026-06,0.1640954121375225,0
612790,Power System Upgradation Project,2026-04,0.2300972023180425,0
612790,Power System Upgradation Project,2026-05,0.08652582017683252,0
612790,Power System Upgradation Project,2026-06,0.10532179749121627,0
612791,"Re-Construction of Rigid portions of Secondary Runway, K and A Taxiway and Strengthening of C Taxiway at NSCBI Airport Kolkata.",2026-04,0.23101468283942916,0
612791,"Re-Construction of Rigid portions of Secondary Runway, K and A Taxiway and Strengthening of C Taxiway at NSCBI Airport Kolkata.",2026-05,0.21510815053778615,0
612791,"Re-Construction of Rigid portions of Secondary Runway, K and A Taxiway and Strengthening of C Taxiway at NSCBI Airport Kolkata.",2026-06,0.1760823425229243,0
612793,"Widening of basic strip at Western Side of Runway Chainage 80m to 920m i/c slope stabilization Measures [Balance work] of uphill and Improvement of Storm Water Drainage System at Pakyong Airport, Sikkim on design & build basis [EPC] with integrated 10 years maintenance.",2026-04,0.23777517425910835,0
612793,"Widening of basic strip at Western Side of Runway Chainage 80m to 920m i/c slope stabilization Measures [Balance work] of uphill and Improvement of Storm Water Drainage System at Pakyong Airport, Sikkim on design & build basis [EPC] with integrated 10 years maintenance.",2026-05,0.13134893545162574,0
612793,"Widening of basic strip at Western Side of Runway Chainage 80m to 920m i/c slope stabilization Measures [Balance work] of uphill and Improvement of Storm Water Drainage System at Pakyong Airport, Sikkim on design & build basis [EPC] with integrated 10 years maintenance.",2026-06,0.16898460490218106,0
612815,4th line between Nipania Bhatapara 14.4 Km,2026-04,0.22380014916375776,0
612815,4th line between Nipania Bhatapara 14.4 Km,2026-05,0.11068750332355712,0
612815,4th line between Nipania Bhatapara 14.4 Km,2026-06,0.1397141713461591,0
612816,ITAPARA OCP,2026-04,0.21510781776653654,0
612816,ITAPARA OCP,2026-05,0.08606376686874458,0
612816,ITAPARA OCP,2026-06,0.1433285991103738,0
612827,Flyover between Pendurthi and Simhachalam North to avoid surface crossing at Simhachalam 7.135 km PB 73 of 2023 24 NR,2026-04,0.24007554774152146,0
612827,Flyover between Pendurthi and Simhachalam North to avoid surface crossing at Simhachalam 7.135 km PB 73 of 2023 24 NR,2026-05,0.14468476019299803,0
612827,Flyover between Pendurthi and Simhachalam North to avoid surface crossing at Simhachalam 7.135 km PB 73 of 2023 24 NR,2026-06,0.16415119781052678,0
612834,3rd & 4th line between Sarla - Sason [8 km] [PB 73/2023-24/NR],2026-04,0.2182840843224427,0
612834,3rd & 4th line between Sarla - Sason [8 km] [PB 73/2023-24/NR],2026-05,0.17371837005954757,0
612834,3rd & 4th line between Sarla - Sason [8 km] [PB 73/2023-24/NR],2026-06,0.18645325234931776,0
612845,Gauge Conversion of Pachora-Jamner with Extension upto Malkapur [Bodwad] [84.34 Kms],2026-04,0.2392495945401353,0
612845,Gauge Conversion of Pachora-Jamner with Extension upto Malkapur [Bodwad] [84.34 Kms],2026-05,0.07387960539560544,0
612845,Gauge Conversion of Pachora-Jamner with Extension upto Malkapur [Bodwad] [84.34 Kms],2026-06,0.11655404621940832,0
612851,"Phase 1B - Construction of Academic Block, Hostel, Residential Tower, Directors Residence and External Development works at National Institute of Technology, Delhi Campus on Engineering, Procurement and Construction basis",2026-04,0.248890853308838,0
612851,"Phase 1B - Construction of Academic Block, Hostel, Residential Tower, Directors Residence and External Development works at National Institute of Technology, Delhi Campus on Engineering, Procurement and Construction basis",2026-05,0.231211567296223,0
612851,"Phase 1B - Construction of Academic Block, Hostel, Residential Tower, Directors Residence and External Development works at National Institute of Technology, Delhi Campus on Engineering, Procurement and Construction basis",2026-06,0.20892918138983105,0
612853,Gurdaspur Jammu Pipeline,2026-04,0.2576346320242052,0
612853,Gurdaspur Jammu Pipeline,2026-05,0.1572867682777878,0
612853,Gurdaspur Jammu Pipeline,2026-06,0.12086838893227667,0
612855,Transmission System for Evacuation of Power from Potential Energy Renewable Zone in Khavda Area of Gujarat under Ph-IV [7GW] Part E2,2026-04,0.195275991085127,0
612855,Transmission System for Evacuation of Power from Potential Energy Renewable Zone in Khavda Area of Gujarat under Ph-IV [7GW] Part E2,2026-05,0.2141288272819737,0
612855,Transmission System for Evacuation of Power from Potential Energy Renewable Zone in Khavda Area of Gujarat under Ph-IV [7GW] Part E2,2026-06,0.2556044605649439,0
612876,"Construction of Permanent Campus for NIT Mizoram at Lengpui, Aizawl",2026-04,0.41574603286371553,0
612876,"Construction of Permanent Campus for NIT Mizoram at Lengpui, Aizawl",2026-05,0.21121353533364376,0
612876,"Construction of Permanent Campus for NIT Mizoram at Lengpui, Aizawl",2026-06,0.25256858577764446,0
612877,Establishment of NIT Puducherry Permanent Campus [Phase-I and Phase-II],2026-04,0.3906430803460443,0
612877,Establishment of NIT Puducherry Permanent Campus [Phase-I and Phase-II],2026-05,0.3042833372246977,0
612877,Establishment of NIT Puducherry Permanent Campus [Phase-I and Phase-II],2026-06,0.31439494115695965,0
612878,Bangalore Metro Rail Project - PHASE-3,2026-04,0.2663629539419179,0
612878,Bangalore Metro Rail Project - PHASE-3,2026-05,0.17514075377046093,0
612878,Bangalore Metro Rail Project - PHASE-3,2026-06,0.17700110728293522,0
612883,Establishment of Permanent Campus of NIT SIkkim at Khamdong-Gangtok District,2026-04,0.26256918048522027,0
612883,Establishment of Permanent Campus of NIT SIkkim at Khamdong-Gangtok District,2026-05,0.10081523551335085,0
612883,Establishment of Permanent Campus of NIT SIkkim at Khamdong-Gangtok District,2026-06,0.1355884301035439,0
612885,Construction and Developement of National Institute of Technology Meghalaya Permanent Campus at Sohra,2026-04,0.3795996447906938,0
612885,Construction and Developement of National Institute of Technology Meghalaya Permanent Campus at Sohra,2026-05,0.24785315338851835,0
612885,Construction and Developement of National Institute of Technology Meghalaya Permanent Campus at Sohra,2026-06,0.2621487329639747,0
612894,"Construction of Permanent Campus of Central University of Himachal Pradesh at Dehra, District - Kangra, [H.P.] on Engineering. Procurement and Construction [EPC Mode 1] Basis.",2026-04,0.24731393764169118,0
612894,"Construction of Permanent Campus of Central University of Himachal Pradesh at Dehra, District - Kangra, [H.P.] on Engineering. Procurement and Construction [EPC Mode 1] Basis.",2026-05,0.2146091312558138,0
612894,"Construction of Permanent Campus of Central University of Himachal Pradesh at Dehra, District - Kangra, [H.P.] on Engineering. Procurement and Construction [EPC Mode 1] Basis.",2026-06,0.23654391162277136,0
612898,Construction of Permanent Campus of National Institute of Technology Arunachal Pradesh,2026-04,0.46689809711126345,0
612898,Construction of Permanent Campus of National Institute of Technology Arunachal Pradesh,2026-05,0.3311799109941353,0
612898,Construction of Permanent Campus of National Institute of Technology Arunachal Pradesh,2026-06,0.3662263934578523,0
612916,"Construction of permanent campus of Central University of Gujarat at Village kundhela, Dist. Vadodara, Gujarat.",2026-04,0.22944055022203472,0
612916,"Construction of permanent campus of Central University of Gujarat at Village kundhela, Dist. Vadodara, Gujarat.",2026-05,0.18173999495295082,0
612916,"Construction of permanent campus of Central University of Gujarat at Village kundhela, Dist. Vadodara, Gujarat.",2026-06,0.18409987927775381,0
613002,Redevelopment of Chennai Egmore Station,2026-04,0.2241380365979908,0
613002,Redevelopment of Chennai Egmore Station,2026-05,0.1330219928991773,0
613002,Redevelopment of Chennai Egmore Station,2026-06,0.17705438416774152,0
613008,Construction of Permanent Campus of Central Tribal University of Andhra Pradesh Phase-1,2026-04,0.3301853492405994,0
613008,Construction of Permanent Campus of Central Tribal University of Andhra Pradesh Phase-1,2026-05,0.13316916272944587,0
613008,Construction of Permanent Campus of Central Tribal University of Andhra Pradesh Phase-1,2026-06,0.17327107659239763,0
613013,Establishment of NIT Nagaland,2026-04,0.4187073517475048,0
613013,Establishment of NIT Nagaland,2026-05,0.31001318576420234,0
613013,Establishment of NIT Nagaland,2026-06,0.320810938627736,0
613015,Redevelopment of Chhatrapati Shivaji Maharaj Terminus [CSMT] and construction of associated infrastructure,2026-04,0.2948012714051336,0
613015,Redevelopment of Chhatrapati Shivaji Maharaj Terminus [CSMT] and construction of associated infrastructure,2026-05,0.13007573144708617,0
613015,Redevelopment of Chhatrapati Shivaji Maharaj Terminus [CSMT] and construction of associated infrastructure,2026-06,0.15687659844951207,0
613785,Redevelopment of New Delhi Railway Station and construction of associated infrastructure,2026-04,0.22316342090373212,0
613785,Redevelopment of New Delhi Railway Station and construction of associated infrastructure,2026-05,0.07928325247326967,0
613786,"Redevelopment of Ahmedabad railway station and associated infrastructure on engineering, procurement and construction mode",2026-04,0.23860937653699263,0
613786,"Redevelopment of Ahmedabad railway station and associated infrastructure on engineering, procurement and construction mode",2026-05,0.11398552390105349,0
613787,Jamrani Dam Multipurpose Project,2026-04,0.30522523822433933,0
613787,Jamrani Dam Multipurpose Project,2026-05,0.15029135336814448,0
613787,Jamrani Dam Multipurpose Project,2026-06,0.1870511567667887,0
613793,SHYAMSUNDARPUR UG INCLUDING SA,2026-04,0.288314350798254,0
613793,SHYAMSUNDARPUR UG INCLUDING SA,2026-05,0.17891120594893656,0
613793,SHYAMSUNDARPUR UG INCLUDING SA,2026-06,0.21249573592139323,0
613794,PARASEA-BELBAID UG PROJECT,2026-04,0.26723872257031467,0
613794,PARASEA-BELBAID UG PROJECT,2026-05,0.12173842938930408,0
613794,PARASEA-BELBAID UG PROJECT,2026-06,0.16931285900360402,0
613798,AMERA OC RCE [1.0 MTY],2026-04,0.39364706068315936,0
613798,AMERA OC RCE [1.0 MTY],2026-05,0.2182022672362138,0
613798,AMERA OC RCE [1.0 MTY],2026-06,0.23804219899892776,0
613799,AMGAON OC RCE [1.0 MTY],2026-04,0.3896682590743745,0
613799,AMGAON OC RCE [1.0 MTY],2026-05,0.22872970541266038,0
613799,AMGAON OC RCE [1.0 MTY],2026-06,0.2807971694709909,0
613800,JAGANNATHPUR OC RCE PROJECT,2026-04,0.34455405518731097,0
613800,JAGANNATHPUR OC RCE PROJECT,2026-05,0.21929401435969298,0
613800,JAGANNATHPUR OC RCE PROJECT,2026-06,0.25506396354491406,0
613801,MAHAMAYA OCP [1.50 MTY],2026-04,0.4267625392929678,0
613801,MAHAMAYA OCP [1.50 MTY],2026-05,0.2144273461783475,0
613801,MAHAMAYA OCP [1.50 MTY],2026-06,0.24750834240190575,0
613802,KANCHAN OC EXP,2026-04,0.41131677474089406,0
613802,KANCHAN OC EXP,2026-05,0.20988375639868898,0
613802,KANCHAN OC EXP,2026-06,0.24790851647046613,0
613803,JHIRIA WEST OCP [1.5 MTY],2026-04,0.2703064195374754,0
613803,JHIRIA WEST OCP [1.5 MTY],2026-05,0.08735266217414424,0
613803,JHIRIA WEST OCP [1.5 MTY],2026-06,0.1493079581734511,0
613804,RPR TAWA-III UG 0.84 MTY,2026-04,0.3519379617264396,0
613804,RPR TAWA-III UG 0.84 MTY,2026-05,0.22382380887941608,0
613804,RPR TAWA-III UG 0.84 MTY,2026-06,0.24754273105322583,0
613808,MURAIDIH UG PROJECT,2026-04,0.42480738589394873,0
613808,MURAIDIH UG PROJECT,2026-05,0.2907892117932702,0
613808,MURAIDIH UG PROJECT,2026-06,0.3175347146456972,0
615183,KHADIA EXPANSION [10 TO 16 MTP,2026-04,0.34243742695126855,0
615183,KHADIA EXPANSION [10 TO 16 MTP,2026-05,0.1926871902132729,0
615183,KHADIA EXPANSION [10 TO 16 MTP,2026-06,0.25469656493292137,0
615184,SAONER UG MINE -1 EXPANSION 1.,2026-04,0.4465903511226671,0
615184,SAONER UG MINE -1 EXPANSION 1.,2026-05,0.21841077332575629,0
615184,SAONER UG MINE -1 EXPANSION 1.,2026-06,0.3004855041008375,0
615185,AMALGAMATED DHANKASA & JAMUNIA,2026-04,0.24884809965828766,0
615185,AMALGAMATED DHANKASA & JAMUNIA,2026-05,0.153522785611472,0
615185,AMALGAMATED DHANKASA & JAMUNIA,2026-06,0.19869699174798244,0
615186,SASTI EXPANSION OPENCAST,2026-04,0.36505219381955345,0
615186,SASTI EXPANSION OPENCAST,2026-05,0.19592037490905037,0
615186,SASTI EXPANSION OPENCAST,2026-06,0.2323588682578,0
615187,RPR OF VISHNUPURI UG TO OC,2026-04,0.2428264268248934,0
615187,RPR OF VISHNUPURI UG TO OC,2026-05,0.11914632354261995,0
615187,RPR OF VISHNUPURI UG TO OC,2026-06,0.150815828908685,0
615188,NEW MAJRI UG TO OC 3 MTY COST,2026-04,0.34635154559968534,0
615188,NEW MAJRI UG TO OC 3 MTY COST,2026-05,0.197374937157469,0
615188,NEW MAJRI UG TO OC 3 MTY COST,2026-06,0.2447458103616737,0
615189,MAKARDHOKRA EXPN OC 4.9 MTY,2026-04,0.2420934779901226,0
615189,MAKARDHOKRA EXPN OC 4.9 MTY,2026-05,0.16622258196056433,0
615189,MAKARDHOKRA EXPN OC 4.9 MTY,2026-06,0.19243601018480097,0
615190,SINGHORI DEEP OC MIN 2.0 MTY,2026-04,0.3216281321005956,0
615190,SINGHORI DEEP OC MIN 2.0 MTY,2026-05,0.13198690706543711,0
615190,SINGHORI DEEP OC MIN 2.0 MTY,2026-06,0.21803240169875746,0
615191,KATKONA RO UG MINE,2026-04,0.24039768927084884,0
615191,KATKONA RO UG MINE,2026-05,0.11075791313890605,0
615191,KATKONA RO UG MINE,2026-06,0.1426466942256796,0
615192,GOKUL EXTENSION OC MINE,2026-04,0.2628402950971377,0
615192,GOKUL EXTENSION OC MINE,2026-05,0.1841673791852848,0
615192,GOKUL EXTENSION OC MINE,2026-06,0.22126441632878283,0
615194,URDHAN EXPANSION OC COST PLUS,2026-04,0.22862440459564395,0
615194,URDHAN EXPANSION OC COST PLUS,2026-05,0.08757157095406642,0
615194,URDHAN EXPANSION OC COST PLUS,2026-06,0.1630499416199005,0
615195,SHARDA UG MINE,2026-04,0.20601351320104205,0
615195,SHARDA UG MINE,2026-05,0.08582810499884305,0
615195,SHARDA UG MINE,2026-06,0.11527503066217779,0
615199,KOLGAON EXPANSION DEEP OC MINE,2026-04,0.2465190675567039,0
615199,KOLGAON EXPANSION DEEP OC MINE,2026-05,0.12521591384341443,0
615199,KOLGAON EXPANSION DEEP OC MINE,2026-06,0.15388461095744366,0
615202,Capacity expansion of Deposit-14 and 14 NMZ at Kirandul,2026-04,0.595826875506521,1
615202,Capacity expansion of Deposit-14 and 14 NMZ at Kirandul,2026-05,0.2189207453983844,0
615202,Capacity expansion of Deposit-14 and 14 NMZ at Kirandul,2026-06,0.2929374911703641,0
615206,GANDHIGRAM UG MINE,2026-04,0.3330654377138625,0
615206,GANDHIGRAM UG MINE,2026-05,0.16255210884495708,0
615206,GANDHIGRAM UG MINE,2026-06,0.1997098274686467,0
615330,BALLARPUR NORTH WEST OC MINE,2026-04,0.2505284367488209,0
615330,BALLARPUR NORTH WEST OC MINE,2026-05,0.10763051974945555,0
615330,BALLARPUR NORTH WEST OC MINE,2026-06,0.1599205434491293,0
615331,GADEGAON OC 3 MTY,2026-04,0.2203939143917676,0
615331,GADEGAON OC 3 MTY,2026-05,0.07702531238802197,0
615331,GADEGAON OC 3 MTY,2026-06,0.14153001584072,0
615332,Transmission System for Evacuation of Power from Rajasthan REZ Ph-IV [Part-2 5.5 GW][Jaisalmer/Barmer Complex] Part B [SPV Name POWERGRID Sirohi Transmission Limited],2026-04,0.25934417394093634,0
615332,Transmission System for Evacuation of Power from Rajasthan REZ Ph-IV [Part-2 5.5 GW][Jaisalmer/Barmer Complex] Part B [SPV Name POWERGRID Sirohi Transmission Limited],2026-05,0.15098604355706727,0
615332,Transmission System for Evacuation of Power from Rajasthan REZ Ph-IV [Part-2 5.5 GW][Jaisalmer/Barmer Complex] Part B [SPV Name POWERGRID Sirohi Transmission Limited],2026-06,0.18655455251902298,0
615333,Transmission System for Evacuation of Power from Rajasthan REZ Ph-IV [Part-2 5.5 GW] [Jaisalmer/Barmer Complex] Part D [SPV Name POWERGRID Beawar Mandsaur Transmission Limited],2026-04,0.2686380953355362,0
615333,Transmission System for Evacuation of Power from Rajasthan REZ Ph-IV [Part-2 5.5 GW] [Jaisalmer/Barmer Complex] Part D [SPV Name POWERGRID Beawar Mandsaur Transmission Limited],2026-05,0.16581434038699022,0
615333,Transmission System for Evacuation of Power from Rajasthan REZ Ph-IV [Part-2 5.5 GW] [Jaisalmer/Barmer Complex] Part D [SPV Name POWERGRID Beawar Mandsaur Transmission Limited],2026-06,0.197401889350713,0
615334,Transmission System for Evacuation of Power from Rajasthan REZ Ph-IV [Part-2 5.5 GW] [Jaisalmer/Barmer Complex] Part E [SPV Name POWERGRID Mewar Transmission Limited],2026-04,0.2688117946159379,0
615334,Transmission System for Evacuation of Power from Rajasthan REZ Ph-IV [Part-2 5.5 GW] [Jaisalmer/Barmer Complex] Part E [SPV Name POWERGRID Mewar Transmission Limited],2026-05,0.1277838023705645,0
615334,Transmission System for Evacuation of Power from Rajasthan REZ Ph-IV [Part-2 5.5 GW] [Jaisalmer/Barmer Complex] Part E [SPV Name POWERGRID Mewar Transmission Limited],2026-06,0.18832626089332968,0
615335,Transmission System Strengthening for Interconnections of Bhadla-III & Bikaner III Complex [SPV Name POWERGRID BHADLA BIKANER TRANSMISSION LIMITED],2026-04,0.26196049292311213,0
615335,Transmission System Strengthening for Interconnections of Bhadla-III & Bikaner III Complex [SPV Name POWERGRID BHADLA BIKANER TRANSMISSION LIMITED],2026-05,0.14138843055128725,0
615335,Transmission System Strengthening for Interconnections of Bhadla-III & Bikaner III Complex [SPV Name POWERGRID BHADLA BIKANER TRANSMISSION LIMITED],2026-06,0.17407483420378544,0
615336,Transmission system for evacuation of Power from REZ in Rajasthan [20 GW] under phase-III Part-D Phase-II,2026-04,0.19303721246988595,0
615336,Transmission system for evacuation of Power from REZ in Rajasthan [20 GW] under phase-III Part-D Phase-II,2026-05,0.29453969451003276,0
615336,Transmission system for evacuation of Power from REZ in Rajasthan [20 GW] under phase-III Part-D Phase-II,2026-06,0.29334278829812865,0
615337,Additional Transmission System for evacuation of Power from Bhadla-III PS as part of Rajasthan REZ Phase III Scheme [20 GW] [SPV Name POWERGRID Bhadla-III Power Transmission Limited],2026-04,0.21415401550631466,0
615337,Additional Transmission System for evacuation of Power from Bhadla-III PS as part of Rajasthan REZ Phase III Scheme [20 GW] [SPV Name POWERGRID Bhadla-III Power Transmission Limited],2026-05,0.20671333762691405,0
615337,Additional Transmission System for evacuation of Power from Bhadla-III PS as part of Rajasthan REZ Phase III Scheme [20 GW] [SPV Name POWERGRID Bhadla-III Power Transmission Limited],2026-06,0.2089474834072102,0
615338,TRANSMISSION SYSTEM FOR EVACUATION OF POWER FROM RAJASTHAN REZ PH -IV [PART-2 5.5 GW] [JAISALMER/BARMER COMPLEX] PART F [SPV Name POWERGRID BARMER I TRANSMISSION LIMITED],2026-04,0.21611674463082262,0
615338,TRANSMISSION SYSTEM FOR EVACUATION OF POWER FROM RAJASTHAN REZ PH -IV [PART-2 5.5 GW] [JAISALMER/BARMER COMPLEX] PART F [SPV Name POWERGRID BARMER I TRANSMISSION LIMITED],2026-05,0.15692607747163917,0
615338,TRANSMISSION SYSTEM FOR EVACUATION OF POWER FROM RAJASTHAN REZ PH -IV [PART-2 5.5 GW] [JAISALMER/BARMER COMPLEX] PART F [SPV Name POWERGRID BARMER I TRANSMISSION LIMITED],2026-06,0.21036910044706325,0
615339,Transmission system for evacuation of power from Rajasthan REZ Ph-IV [Part- 3/6GW] [Bikaner complex] Part A [SPV Name POWERGRID Bikaner IV Transmission Limited],2026-04,0.2549406181728339,0
615339,Transmission system for evacuation of power from Rajasthan REZ Ph-IV [Part- 3/6GW] [Bikaner complex] Part A [SPV Name POWERGRID Bikaner IV Transmission Limited],2026-05,0.10739960136507545,0
615339,Transmission system for evacuation of power from Rajasthan REZ Ph-IV [Part- 3/6GW] [Bikaner complex] Part A [SPV Name POWERGRID Bikaner IV Transmission Limited],2026-06,0.14977904963539207,0
615340,TRANSMISSION SYSTEM FOR EVACUATION OF POWER FROM RAJASTHAN REZ PH-IV [PART-3/ 6 GW] [BIKANER COMPLEX] PART B [SPV Name POWERGRID Siwani Transmission Limited],2026-04,0.2363995938603567,0
615340,TRANSMISSION SYSTEM FOR EVACUATION OF POWER FROM RAJASTHAN REZ PH-IV [PART-3/ 6 GW] [BIKANER COMPLEX] PART B [SPV Name POWERGRID Siwani Transmission Limited],2026-05,0.0914227336511905,0
615340,TRANSMISSION SYSTEM FOR EVACUATION OF POWER FROM RAJASTHAN REZ PH-IV [PART-3/ 6 GW] [BIKANER COMPLEX] PART B [SPV Name POWERGRID Siwani Transmission Limited],2026-06,0.15143547980573252,0
615342,Augmentation of Transformation Capacity at jam Khambhaliya PS [GIS] [SPV Name POWERGRID Jam Khambhaliya Transmission Limited],2026-04,0.17679639838525477,0
615342,Augmentation of Transformation Capacity at jam Khambhaliya PS [GIS] [SPV Name POWERGRID Jam Khambhaliya Transmission Limited],2026-05,0.12090822769840538,0
615342,Augmentation of Transformation Capacity at jam Khambhaliya PS [GIS] [SPV Name POWERGRID Jam Khambhaliya Transmission Limited],2026-06,0.14222871791134997,0
615343,Provision of Dynamic Reactive Compensation at Khavda pooling Station 1 [KPS1] and Khavda Pooling station 3 [KPS3],2026-04,0.18840445428356759,0
615343,Provision of Dynamic Reactive Compensation at Khavda pooling Station 1 [KPS1] and Khavda Pooling station 3 [KPS3],2026-05,0.08885733490945112,0
615343,Provision of Dynamic Reactive Compensation at Khavda pooling Station 1 [KPS1] and Khavda Pooling station 3 [KPS3],2026-06,0.10417524375494831,0
615344,Transmission System for Evacuation of Power from Rajasthan REZ Ph-IV [Part-2 5.5GW] [Jaisalmer/Barmer Complex] Part H1 [POWERGRID KURAWAR TRANSMISSION LIMITED],2026-04,0.23674056710735977,0
615344,Transmission System for Evacuation of Power from Rajasthan REZ Ph-IV [Part-2 5.5GW] [Jaisalmer/Barmer Complex] Part H1 [POWERGRID KURAWAR TRANSMISSION LIMITED],2026-05,0.15186890710986417,0
615344,Transmission System for Evacuation of Power from Rajasthan REZ Ph-IV [Part-2 5.5GW] [Jaisalmer/Barmer Complex] Part H1 [POWERGRID KURAWAR TRANSMISSION LIMITED],2026-06,0.18233206754935713,0
615345,Transmission System for Evacuation of Power from Potential Renewable Energy Zone in Khavda area of Gujarat under Phase-IV [7GW] Part B [SPV Name POWERGRID South Olpad Transmission Limited],2026-04,0.2256474275850672,0
615345,Transmission System for Evacuation of Power from Potential Renewable Energy Zone in Khavda area of Gujarat under Phase-IV [7GW] Part B [SPV Name POWERGRID South Olpad Transmission Limited],2026-05,0.11962452465889456,0
615345,Transmission System for Evacuation of Power from Potential Renewable Energy Zone in Khavda area of Gujarat under Phase-IV [7GW] Part B [SPV Name POWERGRID South Olpad Transmission Limited],2026-06,0.1966798553711446,0
615346,Transmission System for Evacuation of Power from Rajasthan REZ Ph-IV [Part-2 5.5 GW] [Jaisalmer/Barmer Complex] Part C [SPV Name POWERGRID Mandsaur Transmission Limited],2026-04,0.2759671476712683,0
615346,Transmission System for Evacuation of Power from Rajasthan REZ Ph-IV [Part-2 5.5 GW] [Jaisalmer/Barmer Complex] Part C [SPV Name POWERGRID Mandsaur Transmission Limited],2026-05,0.2138556285779985,0
615346,Transmission System for Evacuation of Power from Rajasthan REZ Ph-IV [Part-2 5.5 GW] [Jaisalmer/Barmer Complex] Part C [SPV Name POWERGRID Mandsaur Transmission Limited],2026-06,0.18815313205514594,0
615347,TRANSMISSION SYSTEM FOR EVACUATION OF POWER FROM POTENTIAL RENEWABLE ENERGY ZONE IN KHAVDA AREA OF GUJARAT UNDER PHASE-V [8 GW] PART A [SPV Name POWERGRID West Central Transmission Limited],2026-04,0.18197618546447755,0
615347,TRANSMISSION SYSTEM FOR EVACUATION OF POWER FROM POTENTIAL RENEWABLE ENERGY ZONE IN KHAVDA AREA OF GUJARAT UNDER PHASE-V [8 GW] PART A [SPV Name POWERGRID West Central Transmission Limited],2026-05,0.1153522414754565,0
615347,TRANSMISSION SYSTEM FOR EVACUATION OF POWER FROM POTENTIAL RENEWABLE ENERGY ZONE IN KHAVDA AREA OF GUJARAT UNDER PHASE-V [8 GW] PART A [SPV Name POWERGRID West Central Transmission Limited],2026-06,0.11886298187724191,0
615349,TAPIN SOUTH EXPN,2026-04,0.7262655782139036,1
615349,TAPIN SOUTH EXPN,2026-05,0.32021097039777524,0
615349,TAPIN SOUTH EXPN,2026-06,0.3274589418384546,0
615818,Jawahar Khani Open Cast Mine,2026-04,0.27486489947483456,0
615818,Jawahar Khani Open Cast Mine,2026-05,0.18943526585252882,0
615818,Jawahar Khani Open Cast Mine,2026-06,0.2045554749760537,0
615820,TIKAK EXTENSION OCP,2026-04,0.2782030470256986,0
615820,TIKAK EXTENSION OCP,2026-05,0.16104353226894827,0
615820,TIKAK EXTENSION OCP,2026-06,0.1815946150598476,0
615821,TIRAP OCP,2026-04,0.2411278259157248,0
615821,TIRAP OCP,2026-05,0.08979691309329227,0
615821,TIRAP OCP,2026-06,0.13431166091936952,0
615822,SIRKA OC,2026-04,0.8243656682003216,1
615822,SIRKA OC,2026-05,0.42842435604338164,0
615822,SIRKA OC,2026-06,0.40003864153457397,0
615843,TETARIAKHAR OC,2026-04,0.6947833228665223,1
615843,TETARIAKHAR OC,2026-05,0.36723652681980956,0
615843,TETARIAKHAR OC,2026-06,0.3229483842003044,0
615857,Naini Coal Mine,2026-04,0.38880314572605545,0
615857,Naini Coal Mine,2026-05,0.29409009998160757,0
615857,Naini Coal Mine,2026-06,0.30764448534600647,0
615858,Kalyanikhani Opencast Project,2026-04,0.41649250893702394,0
615858,Kalyanikhani Opencast Project,2026-05,0.24480379130792485,0
615858,Kalyanikhani Opencast Project,2026-06,0.3192146518400926,0
615860,Godavarikhani Coal Mine - 5,2026-04,0.3885304125220381,0
615860,Godavarikhani Coal Mine - 5,2026-05,0.2584496169423849,0
615860,Godavarikhani Coal Mine - 5,2026-06,0.3087300071449262,0
615861,Indaram Opencast Project,2026-04,0.27460439960689065,0
615861,Indaram Opencast Project,2026-05,0.1976955941656331,0
615861,Indaram Opencast Project,2026-06,0.22695543484356567,0
615862,Goleti Opencast Mine,2026-04,0.2946099828202666,0
615862,Goleti Opencast Mine,2026-05,0.18154378696311407,0
615862,Goleti Opencast Mine,2026-06,0.211191195200582,0
615863,Venkatesh Khani Coal Mine,2026-04,0.34520585165426965,0
615863,Venkatesh Khani Coal Mine,2026-05,0.285450224208986,0
615863,Venkatesh Khani Coal Mine,2026-06,0.30208533182338615,0
615865,Kakatiyakhani OC - 2 Project,2026-04,0.4495412289612569,0
615865,Kakatiyakhani OC - 2 Project,2026-05,0.24086752963970634,0
615865,Kakatiyakhani OC - 2 Project,2026-06,0.27237713110898193,0
615914,GHONSA EXPANSION DEEP OC MINE,2026-04,0.3780962463901533,0
615914,GHONSA EXPANSION DEEP OC MINE,2026-05,0.167301501880079,0
615914,GHONSA EXPANSION DEEP OC MINE,2026-06,0.22591567858739536,0
615915,Rourkela-Bondamunda A-Cabin 5th line [9.6 km],2026-04,0.22442946968299238,0
615915,Rourkela-Bondamunda A-Cabin 5th line [9.6 km],2026-05,0.27948752322283194,0
615915,Rourkela-Bondamunda A-Cabin 5th line [9.6 km],2026-06,0.1445270566046226,0
615916,AMLG GAURI PAUNI EXPANSION OC,2026-04,0.21746870907675786,0
615916,AMLG GAURI PAUNI EXPANSION OC,2026-05,0.07727450086727053,0
615916,AMLG GAURI PAUNI EXPANSION OC,2026-06,0.12090019910434861,0
615917,GAURIDEEP/GAURI CENTRAL OCP 7.,2026-04,0.20704809137948024,0
615917,GAURIDEEP/GAURI CENTRAL OCP 7.,2026-05,0.08169048359248615,0
615917,GAURIDEEP/GAURI CENTRAL OCP 7.,2026-06,0.11661948930549845,0
615918,RPR OF BHANEGAON OC,2026-04,0.40912429059170613,0
615918,RPR OF BHANEGAON OC,2026-05,0.18421370107902474,0
615918,RPR OF BHANEGAON OC,2026-06,0.24669764284885493,0
615919,N. EXTN. MUNGOLI NIRGUDA D OCP,2026-04,0.21659314203652358,0
615919,N. EXTN. MUNGOLI NIRGUDA D OCP,2026-05,0.09201402190011682,0
615919,N. EXTN. MUNGOLI NIRGUDA D OCP,2026-06,0.14038414876193003,0
615982,NILJAI EXPANSION DEEP OCP,2026-04,0.3755459076470824,0
615982,NILJAI EXPANSION DEEP OCP,2026-05,0.20422955206400648,0
615982,NILJAI EXPANSION DEEP OCP,2026-06,0.25665241613165146,0
616044,UKNI DEEP OC MINE -COST PLUS,2026-04,0.23148633513083558,0
616044,UKNI DEEP OC MINE -COST PLUS,2026-05,0.19728862303051697,0
616044,UKNI DEEP OC MINE -COST PLUS,2026-06,0.17450573395476293,0
616050,AMALGAMATED INDER-KAMPTEE DEEP,2026-04,0.31840712264768634,0
616050,AMALGAMATED INDER-KAMPTEE DEEP,2026-05,0.18165944069778356,0
616050,AMALGAMATED INDER-KAMPTEE DEEP,2026-06,0.2228551086973004,0
616221,"Extension of Aqua Line Metro Corridor from Noida Sector-142 station to Botanical Garden, Noida of Noida Metro Rail Corporation",2026-05,0.12849456445208368,0
616221,"Extension of Aqua Line Metro Corridor from Noida Sector-142 station to Botanical Garden, Noida of Noida Metro Rail Corporation",2026-06,0.0779493666659639,0
616223,ADASA UG TO OC MINE,2026-04,0.31821753794676466,0
616223,ADASA UG TO OC MINE,2026-05,0.19371594042831752,0
616223,ADASA UG TO OC MINE,2026-06,0.23386765519887684,0
616225,CHUPERBHITA SIMLONG OCP MDO 6,2026-04,0.27387075098714225,0
616225,CHUPERBHITA SIMLONG OCP MDO 6,2026-05,0.10142249335492409,0
616225,CHUPERBHITA SIMLONG OCP MDO 6,2026-06,0.15265495729904552,0
616226,INTEGRATED KULDA GARJANBAHAL O,2026-04,0.3158064100112699,0
616226,INTEGRATED KULDA GARJANBAHAL O,2026-05,0.13373853338152422,0
616226,INTEGRATED KULDA GARJANBAHAL O,2026-06,0.16586327692671926,0
616227,Chandil - Anara - Damodar - 3rd line [121.26 km],2026-04,0.1691248013169231,0
616227,Chandil - Anara - Damodar - 3rd line [121.26 km],2026-05,0.06611875271926872,0
616227,Chandil - Anara - Damodar - 3rd line [121.26 km],2026-06,0.09710680467553585,0
616229,AMAL GONDEGAON GHATROHANA EXPN,2026-04,0.1855300121349841,0
616229,AMAL GONDEGAON GHATROHANA EXPN,2026-05,0.07373582076506095,0
616229,AMAL GONDEGAON GHATROHANA EXPN,2026-06,0.10245538951841508,0
616230,PARASCOLE JAMBAD OCP,2026-04,0.19870800914465947,0
616230,PARASCOLE JAMBAD OCP,2026-05,0.09749987128483932,0
616230,PARASCOLE JAMBAD OCP,2026-06,0.1512644754210721,0
616231,BHUBANESWARI EXPN OCP 50 MTY,2026-04,0.3314461650959588,0
616231,BHUBANESWARI EXPN OCP 50 MTY,2026-05,0.11391484892473085,0
616231,BHUBANESWARI EXPN OCP 50 MTY,2026-06,0.1460452528701492,0
616232,HINGULA II OC EXPN PH III 15 M,2026-04,0.35406523875668905,0
616232,HINGULA II OC EXPN PH III 15 M,2026-05,0.11985853147720457,0
616232,HINGULA II OC EXPN PH III 15 M,2026-06,0.19098250831006053,0
616233,BALABHADRA OCP,2026-04,0.29533175580264354,0
616233,BALABHADRA OCP,2026-05,0.08657708963396518,0
616233,BALABHADRA OCP,2026-06,0.13260026996168944,0
616234,PELMA OC MDO,2026-04,0.29293189530832353,0
616234,PELMA OC MDO,2026-05,0.09579245597502109,0
616234,PELMA OC MDO,2026-06,0.1701788215957301,0
616236,JARANGDIH EXPN. OCP 1.5 MTY,2026-04,0.762666020322977,1
616236,JARANGDIH EXPN. OCP 1.5 MTY,2026-05,0.2811071000469824,0
616236,JARANGDIH EXPN. OCP 1.5 MTY,2026-06,0.37111113102572035,0
616253,BLOCK E OCP,2026-04,0.3998495319030367,0
616253,BLOCK E OCP,2026-05,0.08567465914147668,0
616253,BLOCK E OCP,2026-06,0.13475986909000734,0
616254,Visakh Raipur Pipeline Project,2026-04,0.24728612816631737,0
616254,Visakh Raipur Pipeline Project,2026-05,0.1151227550610312,0
616254,Visakh Raipur Pipeline Project,2026-06,0.13571849211681028,0
616586,Bangriposi-Gorumahisani new line [ 85.60 km ],2026-04,0.18838917447174114,0
616586,Bangriposi-Gorumahisani new line [ 85.60 km ],2026-05,0.06523700793250205,0
616586,Bangriposi-Gorumahisani new line [ 85.60 km ],2026-06,0.0900023455923432,0
616587,Badampahar-Kendujhargarh new line [82.06 km],2026-04,0.18616980762547447,0
616587,Badampahar-Kendujhargarh new line [82.06 km],2026-05,0.06619705977481587,0
616588,Buramara-Chakulia new line [59.96 km],2026-04,0.21421090745951843,0
616588,Buramara-Chakulia new line [59.96 km],2026-05,0.08589363589533633,0
616588,Buramara-Chakulia new line [59.96 km],2026-06,0.12162215681347592,0
616594,Interception & Diversion with Rehabilitation of sewerage scheme at Agra under Hybrid annuity based PPP model-Namami Gange Programme,2026-04,0.2467750817969188,0
616594,Interception & Diversion with Rehabilitation of sewerage scheme at Agra under Hybrid annuity based PPP model-Namami Gange Programme,2026-05,0.13627422543962783,0
616594,Interception & Diversion with Rehabilitation of sewerage scheme at Agra under Hybrid annuity based PPP model-Namami Gange Programme,2026-06,0.14848747464273115,0
616600,Interception and Diversion and STP works in Bhagalpur under Hybrid annuity based PPP mode-Namami Gange Programme,2026-04,0.2042813557482425,0
616600,Interception and Diversion and STP works in Bhagalpur under Hybrid annuity based PPP mode-Namami Gange Programme,2026-05,0.13746114868588014,0
616600,Interception and Diversion and STP works in Bhagalpur under Hybrid annuity based PPP mode-Namami Gange Programme,2026-06,0.1532330916393123,0
616604,Pollution Abatement works for River Ganga at Hooghly Chinsurah- Municipal Town Interception & Diversion with STP,2026-04,0.1655973058677447,0
616604,Pollution Abatement works for River Ganga at Hooghly Chinsurah- Municipal Town Interception & Diversion with STP,2026-05,0.14810627280226263,0
616604,Pollution Abatement works for River Ganga at Hooghly Chinsurah- Municipal Town Interception & Diversion with STP,2026-06,0.15540606408905344,0
616605,Pollution Abatement Works for River Kali Meerut under Meerut Municipality Interception & Diversion with STP,2026-04,0.2523288133855311,0
616605,Pollution Abatement Works for River Kali Meerut under Meerut Municipality Interception & Diversion with STP,2026-05,0.18143890419880157,0
616605,Pollution Abatement Works for River Kali Meerut under Meerut Municipality Interception & Diversion with STP,2026-06,0.18133215107290113,0
616611,Sewage Treatment Plant 100MLD and Sewerage Network 288 km in Digha-Patna under Hybrid annuity based PPP mode-Namami Gange Programme,2026-04,0.42912425772217405,0
616611,Sewage Treatment Plant 100MLD and Sewerage Network 288 km in Digha-Patna under Hybrid annuity based PPP mode-Namami Gange Programme,2026-05,0.20994517879085997,0
616611,Sewage Treatment Plant 100MLD and Sewerage Network 288 km in Digha-Patna under Hybrid annuity based PPP mode-Namami Gange Programme,2026-06,0.2649572669733039,0
616612,Sewage Treatment Plant 50MLD and Sewerage Network 150 km in Kankarbagh- Patna under Hybrid annuity based PPP mode-Namami Gange Programme,2026-04,0.40902516688123963,0
616612,Sewage Treatment Plant 50MLD and Sewerage Network 150 km in Kankarbagh- Patna under Hybrid annuity based PPP mode-Namami Gange Programme,2026-05,0.22948825023837832,0
616612,Sewage Treatment Plant 50MLD and Sewerage Network 150 km in Kankarbagh- Patna under Hybrid annuity based PPP mode-Namami Gange Programme,2026-06,0.2562863083682357,0
616615,"Sewer Network, SPS and STP at Begusarai",2026-04,0.35858103407674763,0
616615,"Sewer Network, SPS and STP at Begusarai",2026-05,0.28574788071872687,0
616615,"Sewer Network, SPS and STP at Begusarai",2026-06,0.2861417231548983,0
616616,"Sewer Networks, SPS and STP at Hajipur",2026-04,0.36806963129528836,0
616616,"Sewer Networks, SPS and STP at Hajipur",2026-05,0.2834509109558065,0
616616,"Sewer Networks, SPS and STP at Hajipur",2026-06,0.2876279899496694,0
616670,Transmission System for evacuation of Power from Rajasthan REZ Ph-IV [Part-4 3.5 GW] Part A [SPV name POWERGRID Ghiror Transmission Limited],2026-04,0.22855055672143118,0
616670,Transmission System for evacuation of Power from Rajasthan REZ Ph-IV [Part-4 3.5 GW] Part A [SPV name POWERGRID Ghiror Transmission Limited],2026-05,0.12148905279498257,0
616670,Transmission System for evacuation of Power from Rajasthan REZ Ph-IV [Part-4 3.5 GW] Part A [SPV name POWERGRID Ghiror Transmission Limited],2026-06,0.13406694275672407,0
616671,Transmission System under ISTS for evacuation of Power from Kudankulam Unit-3&4 [2x1000 MW] [SPV Name POWERGRID Kudankulam Tarnsmission Limited],2026-04,0.21224315669708746,0
616671,Transmission System under ISTS for evacuation of Power from Kudankulam Unit-3&4 [2x1000 MW] [SPV Name POWERGRID Kudankulam Tarnsmission Limited],2026-05,0.08295934077181463,0
616671,Transmission System under ISTS for evacuation of Power from Kudankulam Unit-3&4 [2x1000 MW] [SPV Name POWERGRID Kudankulam Tarnsmission Limited],2026-06,0.1442310165831505,0
616672,System Strengthening at Koppal-II and GadagII for integration of RE generation projects [SPV Name POWERGRID Koppal Gadag Augmentation Transmission Limited],2026-04,0.20920003842564347,0
616672,System Strengthening at Koppal-II and GadagII for integration of RE generation projects [SPV Name POWERGRID Koppal Gadag Augmentation Transmission Limited],2026-05,0.10680780770975157,0
616672,System Strengthening at Koppal-II and GadagII for integration of RE generation projects [SPV Name POWERGRID Koppal Gadag Augmentation Transmission Limited],2026-06,0.15750714351813713,0
616691,"Upgradation & Extension of ESIC Hospital and Construction of PG Hostel / Staff Housing for ESIC Hospital at Andheri, Mumbai",2026-04,0.37130585894647233,0
616691,"Upgradation & Extension of ESIC Hospital and Construction of PG Hostel / Staff Housing for ESIC Hospital at Andheri, Mumbai",2026-05,0.2560298696358242,0
616691,"Upgradation & Extension of ESIC Hospital and Construction of PG Hostel / Staff Housing for ESIC Hospital at Andheri, Mumbai",2026-06,0.28417061623758677,0
616694,Flyover between Siju and Paradeep coaching Yard to avoid Surface crossing of trains,2026-04,0.22929755877032576,0
616694,Flyover between Siju and Paradeep coaching Yard to avoid Surface crossing of trains,2026-05,0.1394722339904712,0
616694,Flyover between Siju and Paradeep coaching Yard to avoid Surface crossing of trains,2026-06,0.14350523014205982,0
616695,Paradeep - Badabandha 3rd & 4th Line / 18.51kms,2026-04,0.21651072997577459,0
616695,Paradeep - Badabandha 3rd & 4th Line / 18.51kms,2026-05,0.11291570473640272,0
616695,Paradeep - Badabandha 3rd & 4th Line / 18.51kms,2026-06,0.1296398183951199,0
616697,3rd & 4th line between Vadlapudi -Gate Jn. cabin and Tie line between Gate Junction to Gangavaram port,2026-04,0.21095598447250175,0
616697,3rd & 4th line between Vadlapudi -Gate Jn. cabin and Tie line between Gate Junction to Gangavaram port,2026-05,0.1761768501317359,0
616697,3rd & 4th line between Vadlapudi -Gate Jn. cabin and Tie line between Gate Junction to Gangavaram port,2026-06,0.15171898275954251,0
616699,Multi tracking of Son Nagar-Andal 374.53 rkm & 814.38 tkm,2026-04,0.2534913154300616,0
616699,Multi tracking of Son Nagar-Andal 374.53 rkm & 814.38 tkm,2026-05,0.1091526667947043,0
616699,Multi tracking of Son Nagar-Andal 374.53 rkm & 814.38 tkm,2026-06,0.13834512325151307,0
616701,Lumding Furkating Doubling Project 140 km,2026-04,0.18507412793055272,0
616701,Lumding Furkating Doubling Project 140 km,2026-05,0.06236844561000826,0
616701,Lumding Furkating Doubling Project 140 km,2026-06,0.10562881950672852,0
616839,Naupada-Gunupur - New line upto Theruvali [73.62 km],2026-04,0.19751752549272641,0
616839,Naupada-Gunupur - New line upto Theruvali [73.62 km],2026-05,0.06362149027598679,0
616839,Naupada-Gunupur - New line upto Theruvali [73.62 km],2026-06,0.09178912911954737,0
616841,PUSHKAR- MERTA CITY NEW LINE,2026-04,0.22148222759445346,0
616841,PUSHKAR- MERTA CITY NEW LINE,2026-05,0.12659416939879156,0
616841,PUSHKAR- MERTA CITY NEW LINE,2026-06,0.14649769863505577,0
616842,LUNI- SAMDARI- BHILDI DOUBLING,2026-04,0.255181950930749,0
616842,LUNI- SAMDARI- BHILDI DOUBLING,2026-05,0.154640274372026,0
616842,LUNI- SAMDARI- BHILDI DOUBLING,2026-06,0.16968298765247108,0
616843,AJMER- CHANDERIYA DOUBLING,2026-04,0.2279457941689628,0
616843,AJMER- CHANDERIYA DOUBLING,2026-05,0.15891264461424434,0
616843,AJMER- CHANDERIYA DOUBLING,2026-06,0.14493860127048486,0
616856,Doubling between Bhadrachalam Road and Dornakal,2026-04,0.2073201899393239,0
616856,Doubling between Bhadrachalam Road and Dornakal,2026-05,0.08382793399894138,0
616857,Doubling between Motumari Vishnupuram - 88.81 Km and Rail over Rail - RoR at Motumari - 10.877 Km,2026-04,0.21254470207194778,0
616857,Doubling between Motumari Vishnupuram - 88.81 Km and Rail over Rail - RoR at Motumari - 10.877 Km,2026-05,0.1070446646781241,0
616857,Doubling between Motumari Vishnupuram - 88.81 Km and Rail over Rail - RoR at Motumari - 10.877 Km,2026-06,0.12089156159925053,0
616858,"Construction of Field Gas Gathering Station at Baghjan area for collection, processing & transportation of natural Gas to be produced from Baghjan Field",2026-04,0.18795513569491562,0
616858,"Construction of Field Gas Gathering Station at Baghjan area for collection, processing & transportation of natural Gas to be produced from Baghjan Field",2026-05,0.14179297563340165,0
616858,"Construction of Field Gas Gathering Station at Baghjan area for collection, processing & transportation of natural Gas to be produced from Baghjan Field",2026-06,0.17394704669512118,0
616879,Demo Bio-ATF Project,2026-04,0.29479627827746174,0
616879,Demo Bio-ATF Project,2026-05,0.143934080500593,0
616879,Demo Bio-ATF Project,2026-06,0.16360933915728038,0
616886,Delhi University Eastern Campus at Surajmal Vihar,2026-04,0.28645035641832883,0
616886,Delhi University Eastern Campus at Surajmal Vihar,2026-05,0.13732828741442935,0
616886,Delhi University Eastern Campus at Surajmal Vihar,2026-06,0.15693695214119116,0
616933,Lube Modernization & Bottom Upgradation Project at Mumbai Refinery,2026-04,0.20639455409429372,0
616933,Lube Modernization & Bottom Upgradation Project at Mumbai Refinery,2026-05,0.0635655749325532,0
616933,Lube Modernization & Bottom Upgradation Project at Mumbai Refinery,2026-06,0.12096178307351292,0
616950,PRP-VIII [Group-A],2026-04,0.2540497768982156,0
616950,PRP-VIII [Group-A],2026-05,0.24231458037246237,0
616950,PRP-VIII [Group-A],2026-06,0.2132446422835856,0
616983,Kosamba Umarpada GC PROJECT,2026-04,0.23738792113698484,0
616983,Kosamba Umarpada GC PROJECT,2026-05,0.09383258706757934,0
616983,Kosamba Umarpada GC PROJECT,2026-06,0.1249935500496407,0
617068,"Augmentation of Transformation Capacity by 3x500 MVA, 400/220 KV ICTS [6th-8th] and 1x1500 MVA, 765/400 KV ICT [4th] at Bidar PS [SPV Name- POWERGRID Bidar Augmentation Transmission Limited]",2026-04,0.19387351171457806,0
617068,"Augmentation of Transformation Capacity by 3x500 MVA, 400/220 KV ICTS [6th-8th] and 1x1500 MVA, 765/400 KV ICT [4th] at Bidar PS [SPV Name- POWERGRID Bidar Augmentation Transmission Limited]",2026-05,0.08297685582393792,0
617068,"Augmentation of Transformation Capacity by 3x500 MVA, 400/220 KV ICTS [6th-8th] and 1x1500 MVA, 765/400 KV ICT [4th] at Bidar PS [SPV Name- POWERGRID Bidar Augmentation Transmission Limited]",2026-06,0.13686927549758904,0
617069,Augmentation of Transformation Capacity at KPS1 [GIS] and KPS2 [GIS] [Phase-V Part B1 and Part B2 Scheme] [SPV Name- POWERGRID KPS1 and 2 Augmentation Transmission Limited],2026-04,0.21013093631694602,0
617069,Augmentation of Transformation Capacity at KPS1 [GIS] and KPS2 [GIS] [Phase-V Part B1 and Part B2 Scheme] [SPV Name- POWERGRID KPS1 and 2 Augmentation Transmission Limited],2026-05,0.13131299900023408,0
617069,Augmentation of Transformation Capacity at KPS1 [GIS] and KPS2 [GIS] [Phase-V Part B1 and Part B2 Scheme] [SPV Name- POWERGRID KPS1 and 2 Augmentation Transmission Limited],2026-06,0.18305909055620048,0
617179,Transmission Scheme for evacuation of Power from Ratle HEP [850 MW] & kiru [624 MW] Part B,2026-04,0.15912363905968127,0
617179,Transmission Scheme for evacuation of Power from Ratle HEP [850 MW] & kiru [624 MW] Part B,2026-05,0.11093693386809783,0
617179,Transmission Scheme for evacuation of Power from Ratle HEP [850 MW] & kiru [624 MW] Part B,2026-06,0.10896513188533272,0
617181,"Augmentation at Fatehgarh-II PS, Fatehgarh-IV PS [Section-II] and Barmer-I PS [POWERGRID Fatehgarh Barmer Augmentation Transmission Limited]",2026-04,0.21303779108775905,0
617181,"Augmentation at Fatehgarh-II PS, Fatehgarh-IV PS [Section-II] and Barmer-I PS [POWERGRID Fatehgarh Barmer Augmentation Transmission Limited]",2026-05,0.09304236579916303,0
617181,"Augmentation at Fatehgarh-II PS, Fatehgarh-IV PS [Section-II] and Barmer-I PS [POWERGRID Fatehgarh Barmer Augmentation Transmission Limited]",2026-06,0.180514378746444,0
617182,Augmentation of Banaskantha [Raghanesda] PS [GIS] [POWERGRID Banaskantha Transco Limited],2026-04,0.15858722864963123,0
617182,Augmentation of Banaskantha [Raghanesda] PS [GIS] [POWERGRID Banaskantha Transco Limited],2026-05,0.09599909231007961,0
617182,Augmentation of Banaskantha [Raghanesda] PS [GIS] [POWERGRID Banaskantha Transco Limited],2026-06,0.11254808405627015,0
617183,Transmission system strengthening at Kurnool- III PS for integration of additional RE generation projects [POWERGRID Kurnool III PS RE Transmission Limited],2026-04,0.19369110454164007,0
617183,Transmission system strengthening at Kurnool- III PS for integration of additional RE generation projects [POWERGRID Kurnool III PS RE Transmission Limited],2026-05,0.07099485639151024,0
617183,Transmission system strengthening at Kurnool- III PS for integration of additional RE generation projects [POWERGRID Kurnool III PS RE Transmission Limited],2026-06,0.1378349930355528,0
617184,Transmission Scheme for integration of Davanagere/ Chitradurga and Bellary REZ in Karnataka [POWERGRID Chitradurga Bellary REZ Transmission Limited],2026-04,0.18174708891190272,0
617184,Transmission Scheme for integration of Davanagere/ Chitradurga and Bellary REZ in Karnataka [POWERGRID Chitradurga Bellary REZ Transmission Limited],2026-05,0.09126866312869954,0
617184,Transmission Scheme for integration of Davanagere/ Chitradurga and Bellary REZ in Karnataka [POWERGRID Chitradurga Bellary REZ Transmission Limited],2026-06,0.10317204662215416,0
617185,Transmission System for Integration of Kurnool-IV REZ Phase-I [for 4.5 GW] [POWERGRID Kurnool-IV Transmission Limited],2026-04,0.21172910259466823,0
617185,Transmission System for Integration of Kurnool-IV REZ Phase-I [for 4.5 GW] [POWERGRID Kurnool-IV Transmission Limited],2026-05,0.07388933403872038,0
617185,Transmission System for Integration of Kurnool-IV REZ Phase-I [for 4.5 GW] [POWERGRID Kurnool-IV Transmission Limited],2026-06,0.1561081150898735,0
617186,Rajasthan REZ Ph-V [Part-1- 4 GW] [Sirohi/Nagaur] Complex [Rajasthan V Power Transmission Limited],2026-04,0.2343123275170298,0
617186,Rajasthan REZ Ph-V [Part-1- 4 GW] [Sirohi/Nagaur] Complex [Rajasthan V Power Transmission Limited],2026-05,0.10699702931815644,0
617186,Rajasthan REZ Ph-V [Part-1- 4 GW] [Sirohi/Nagaur] Complex [Rajasthan V Power Transmission Limited],2026-06,0.15082144927583813,0
617188,"Sipat Super Thermal Power Project, Stage-III [1x800 MW]",2026-04,0.24259922444559165,0
617188,"Sipat Super Thermal Power Project, Stage-III [1x800 MW]",2026-05,0.11203956549146725,0
617188,"Sipat Super Thermal Power Project, Stage-III [1x800 MW]",2026-06,0.1530950333532091,0
617200,KHARSIA- NAYA RAIPUR-PARMALKASA 5th and 6th Line [278KM],2026-04,0.21693663482398334,0
617200,KHARSIA- NAYA RAIPUR-PARMALKASA 5th and 6th Line [278KM],2026-05,0.0800223350973306,0
617201,Gondia-Balharshah [Chanda Fort] Doubling [240 Km],2026-04,0.22459579867251753,0
617201,Gondia-Balharshah [Chanda Fort] Doubling [240 Km],2026-05,0.06924462912895285,0
617206,Delhi Metro Rail Phase-IV [Rithala - Kundli Corridor],2026-04,0.17488699624362136,0
617206,Delhi Metro Rail Phase-IV [Rithala - Kundli Corridor],2026-05,0.09435971816954025,0
617206,Delhi Metro Rail Phase-IV [Rithala - Kundli Corridor],2026-06,0.11821956017922056,0
617207,Delhi Metro Rail Phase-IV [2 Corridors],2026-04,0.2685973136744227,0
617207,Delhi Metro Rail Phase-IV [2 Corridors],2026-05,0.08699569346251755,0
617207,Delhi Metro Rail Phase-IV [2 Corridors],2026-06,0.1474084723308211,0
617210,Tiupati Katpadi 104.39 kms,2026-04,0.16032454793491183,0
617210,Tiupati Katpadi 104.39 kms,2026-05,0.08770903971282423,0
617210,Tiupati Katpadi 104.39 kms,2026-06,0.10473572011706778,0
617211,Doubling of Guntur Bibinagar 239 Km,2026-04,0.2675335217381262,0
617211,Doubling of Guntur Bibinagar 239 Km,2026-05,0.09239388330391925,0
617212,Doubling between Mudkhed Medchal & Mahbubnagar Dhone section 417.88 Km,2026-04,0.2821546512687426,0
617212,Doubling between Mudkhed Medchal & Mahbubnagar Dhone section 417.88 Km,2026-05,0.12282552827829503,0
617213,Varanasi-Pt. Deen Dayal Upadhyaya multitracking 15km including construction of new Rail-cum-Road Bridge across Ganga River.,2026-04,0.14807585545392385,0
617213,Varanasi-Pt. Deen Dayal Upadhyaya multitracking 15km including construction of new Rail-cum-Road Bridge across Ganga River.,2026-05,0.050244132869677244,0
617213,Varanasi-Pt. Deen Dayal Upadhyaya multitracking 15km including construction of new Rail-cum-Road Bridge across Ganga River.,2026-06,0.08181137262823557,0
617214,Rail Connectivity to Errupalem Amravati Namburu 57 Km,2026-04,0.24774754678151098,0
617214,Rail Connectivity to Errupalem Amravati Namburu 57 Km,2026-05,0.12482812001026104,0
617214,Rail Connectivity to Errupalem Amravati Namburu 57 Km,2026-06,0.17032047687581553,0
617215,Doubling between Parbhani Parli Vaijanath stations 64.71 Km,2026-04,0.2373703115276104,0
617215,Doubling between Parbhani Parli Vaijanath stations 64.71 Km,2026-05,0.10649783738499902,0
617215,Doubling between Parbhani Parli Vaijanath stations 64.71 Km,2026-06,0.1453259023389506,0
617216,3rd Line between Gudur Renigunta 83.17 Km,2026-04,0.19509609320933688,0
617216,3rd Line between Gudur Renigunta 83.17 Km,2026-05,0.12386153142361862,0
617216,3rd Line between Gudur Renigunta 83.17 Km,2026-06,0.15492053151433935,0
617221,"Construction of Girls Hostel 400 seater, Boys Hostel 600 seater, Academic Block, International Hostel 100 seater, VC Residence and Purchase of Equipment",2026-04,0.20695594434401915,0
617221,"Construction of Girls Hostel 400 seater, Boys Hostel 600 seater, Academic Block, International Hostel 100 seater, VC Residence and Purchase of Equipment",2026-05,0.10581644739363291,0
617221,"Construction of Girls Hostel 400 seater, Boys Hostel 600 seater, Academic Block, International Hostel 100 seater, VC Residence and Purchase of Equipment",2026-06,0.11462881261893218,0
617224,Gorakhpur-Valmikinagar Doubling project,2026-04,0.2695036536769417,0
617224,Gorakhpur-Valmikinagar Doubling project,2026-05,0.10557833187398982,0
617224,Gorakhpur-Valmikinagar Doubling project,2026-06,0.1864693121927307,0
617225,PCMC To Nigdi- Extension Of North South Corridor Of Phase-1,2026-04,0.31121701648187805,0
617225,PCMC To Nigdi- Extension Of North South Corridor Of Phase-1,2026-05,0.11499968246896218,0
617225,PCMC To Nigdi- Extension Of North South Corridor Of Phase-1,2026-06,0.15790025326479443,0
617226,Pune Metro Phase-1 Extension line towards south from Swargate to Katraj,2026-04,0.1945574319307947,0
617226,Pune Metro Phase-1 Extension line towards south from Swargate to Katraj,2026-05,0.06542049465973303,0
617226,Pune Metro Phase-1 Extension line towards south from Swargate to Katraj,2026-06,0.12387002786079951,0
617231,Construction of Bulb line at Nabinagar Ankorah of East Central Railway,2026-04,0.22211963734729281,0
617231,Construction of Bulb line at Nabinagar Ankorah of East Central Railway,2026-05,0.08392612742417864,0
617231,Construction of Bulb line at Nabinagar Ankorah of East Central Railway,2026-06,0.11482392811815369,0
617233,WAGHODA UG MINE [1.02 MTY],2026-04,0.2123375356560346,0
617233,WAGHODA UG MINE [1.02 MTY],2026-05,0.09903286874212207,0
617233,WAGHODA UG MINE [1.02 MTY],2026-06,0.1255915706346559,0
617239,Doubling of Narkatiaganj Raxaul Sitamarhi Darbhanga & Sitamarhi Muzaffarpur 256 KM,2026-04,0.161877122139454,0
617239,Doubling of Narkatiaganj Raxaul Sitamarhi Darbhanga & Sitamarhi Muzaffarpur 256 KM,2026-05,0.055217009289858204,0
617239,Doubling of Narkatiaganj Raxaul Sitamarhi Darbhanga & Sitamarhi Muzaffarpur 256 KM,2026-06,0.0969466447538484,0
617242,Installation of New Bar Mill at Durgapur Steel Plant,2026-04,0.2845976610607704,0
617242,Installation of New Bar Mill at Durgapur Steel Plant,2026-05,0.2419589933767534,0
617242,Installation of New Bar Mill at Durgapur Steel Plant,2026-06,0.2832537787288294,0
617243,Replacement of Hot Leveller No.1 of Plate Mill at Bhilai Steel Plant,2026-04,0.24810727101164437,0
617243,Replacement of Hot Leveller No.1 of Plate Mill at Bhilai Steel Plant,2026-05,0.21845218331983224,0
617243,Replacement of Hot Leveller No.1 of Plate Mill at Bhilai Steel Plant,2026-06,0.2025774362659295,0
617245,Katihar Kumedpur & Katihar Mukuria BG Doubling Project,2026-04,0.27407137326978886,0
617245,Katihar Kumedpur & Katihar Mukuria BG Doubling Project,2026-05,0.18425668291940497,0
617245,Katihar Kumedpur & Katihar Mukuria BG Doubling Project,2026-06,0.20684288075054588,0
617246,Up-gradation of Blast Furnace No. 3 at Durgapur Steel Plant,2026-04,0.3055980691872863,0
617246,Up-gradation of Blast Furnace No. 3 at Durgapur Steel Plant,2026-05,0.5546896180479056,1
617246,Up-gradation of Blast Furnace No. 3 at Durgapur Steel Plant,2026-06,0.33580249391641087,0
617248,Third Ladle Furnace in Secondary Refinery Unit at IISCO Steel Plant,2026-04,0.2904195635306901,0
617248,Third Ladle Furnace in Secondary Refinery Unit at IISCO Steel Plant,2026-05,0.26691202590014496,0
617248,Third Ladle Furnace in Secondary Refinery Unit at IISCO Steel Plant,2026-06,0.2701037996587578,0
617249,Replacement of existing Grinders in CRM-I & II at Bokaro Steel Plant,2026-04,0.3268070346034666,0
617249,Replacement of existing Grinders in CRM-I & II at Bokaro Steel Plant,2026-05,0.182455661844366,0
617249,Replacement of existing Grinders in CRM-I & II at Bokaro Steel Plant,2026-06,0.20822944448193517,0
617250,Secondary Emission Control in Converters of SMS-II at Bokaro Steel Plant,2026-04,0.31770889359156246,0
617250,Secondary Emission Control in Converters of SMS-II at Bokaro Steel Plant,2026-05,0.21561196829164933,0
617250,Secondary Emission Control in Converters of SMS-II at Bokaro Steel Plant,2026-06,0.26911586620711186,0
617251,Revamping of Air Pollution Control Systems of SP-1 at Durgapur Steel Plant,2026-04,0.2796441956902177,0
617251,Revamping of Air Pollution Control Systems of SP-1 at Durgapur Steel Plant,2026-05,0.6069436453538585,1
617251,Revamping of Air Pollution Control Systems of SP-1 at Durgapur Steel Plant,2026-06,0.35289865897590605,0
617252,Anandnagar - Ghugli via Maharajganj New line 52.7 km,2026-04,0.23928369097079988,0
617252,Anandnagar - Ghugli via Maharajganj New line 52.7 km,2026-05,0.08455023218407078,0
617252,Anandnagar - Ghugli via Maharajganj New line 52.7 km,2026-06,0.12320585747711758,0
617253,Revamping of old sub-systems of Blast Furnace 3 at Bokaro Steel Plant,2026-04,0.25701228709286567,0
617254,Replacement of remaining 04 sets of Battery Cyclones with 04 Nos. of ESPs in Sinter Plant-1 at Bokaro Steel Plant,2026-04,0.3126131604857756,0
617254,Replacement of remaining 04 sets of Battery Cyclones with 04 Nos. of ESPs in Sinter Plant-1 at Bokaro Steel Plant,2026-05,0.2398533987985671,0
617254,Replacement of remaining 04 sets of Battery Cyclones with 04 Nos. of ESPs in Sinter Plant-1 at Bokaro Steel Plant,2026-06,0.24037207183197,0
617255,"Replacement of Converter Vessels, Trunnion Rings, Support System & Installation of Secondary Emission at Bhilai Steel Plant",2026-04,0.28044362165375325,0
617255,"Replacement of Converter Vessels, Trunnion Rings, Support System & Installation of Secondary Emission at Bhilai Steel Plant",2026-05,0.21512283711285518,0
617255,"Replacement of Converter Vessels, Trunnion Rings, Support System & Installation of Secondary Emission at Bhilai Steel Plant",2026-06,0.19561093124630888,0
617256,Rebuilding of Coke Oven Battery No.7 & 8 at Bhilai Steel Plant,2026-04,0.200660105324603,0
617256,Rebuilding of Coke Oven Battery No.7 & 8 at Bhilai Steel Plant,2026-05,0.18730411240060538,0
617256,Rebuilding of Coke Oven Battery No.7 & 8 at Bhilai Steel Plant,2026-06,0.1793103060927465,0
617257,Rebuilding of Coke Oven Battery No.6 at Bokaro Steel Plant,2026-04,0.32459705534853955,0
617257,Rebuilding of Coke Oven Battery No.6 at Bokaro Steel Plant,2026-05,0.21134049135956087,0
617257,Rebuilding of Coke Oven Battery No.6 at Bokaro Steel Plant,2026-06,0.22021514887510454,0
617269,Transmission System for Strengthening to facilitate evacuation of power from Bhadla/Bikaner Complex,2026-04,0.1452855585526091,0
617269,Transmission System for Strengthening to facilitate evacuation of power from Bhadla/Bikaner Complex,2026-05,0.11152345636412972,0
617269,Transmission System for Strengthening to facilitate evacuation of power from Bhadla/Bikaner Complex,2026-06,0.2293256071354731,0
617270,Eastern Region Expansion Scheme-44 [ERES-44],2026-04,0.16623036285921167,0
617270,Eastern Region Expansion Scheme-44 [ERES-44],2026-05,0.1338173939569173,0
617270,Eastern Region Expansion Scheme-44 [ERES-44],2026-06,0.14450279104107047,0
617271,Eastern Region Expansion Scheme-43 [ERES-43],2026-04,0.19731759537219862,0
617271,Eastern Region Expansion Scheme-43 [ERES-43],2026-05,0.1883158817128998,0
617271,Eastern Region Expansion Scheme-43 [ERES-43],2026-06,0.177574794421608,0
617272,Implementation of LILO of both circuits of 400KV vindhyachal PS-Sasan D/C Line at Hindalco Switchyard,2026-04,0.22455504061075313,0
617272,Implementation of LILO of both circuits of 400KV vindhyachal PS-Sasan D/C Line at Hindalco Switchyard,2026-05,0.14731473145349017,0
617272,Implementation of LILO of both circuits of 400KV vindhyachal PS-Sasan D/C Line at Hindalco Switchyard,2026-06,0.18533980125269095,0
617278,KOLARPIMPRI EXPANSION OC [2.5,2026-04,0.20947299633315944,0
617278,KOLARPIMPRI EXPANSION OC [2.5,2026-05,0.08369399625325244,0
617278,KOLARPIMPRI EXPANSION OC [2.5,2026-06,0.11889955607848876,0
617279,Transmission System for evacuation of power from Mahan Energen Limited Generating Station in Madhya Pradesh [SPV Name - POWERGRID MEL Power Transmission Limited],2026-04,0.18119284185170195,0
617279,Transmission System for evacuation of power from Mahan Energen Limited Generating Station in Madhya Pradesh [SPV Name - POWERGRID MEL Power Transmission Limited],2026-05,0.06271853211463435,0
617279,Transmission System for evacuation of power from Mahan Energen Limited Generating Station in Madhya Pradesh [SPV Name - POWERGRID MEL Power Transmission Limited],2026-06,0.13839018803881778,0
617280,"Construction of Basement + Ground Floor+ 10 Storeyed building for State of the Art Director General, GSI Building at plot No.GN-40, Sector-V, Salt Lake, Kolkata",2026-04,0.4327364209481344,0
617280,"Construction of Basement + Ground Floor+ 10 Storeyed building for State of the Art Director General, GSI Building at plot No.GN-40, Sector-V, Salt Lake, Kolkata",2026-05,0.22503266014550155,0
617280,"Construction of Basement + Ground Floor+ 10 Storeyed building for State of the Art Director General, GSI Building at plot No.GN-40, Sector-V, Salt Lake, Kolkata",2026-06,0.26315018409168073,0
617284,Chunar-Chopan doubling project,2026-04,0.18401751354536006,0
617284,Chunar-Chopan doubling project,2026-05,0.0622060443396319,0
617287,KUSMUNDA OC EXPANSION PROJECT,2026-04,0.2568903880040447,0
617287,KUSMUNDA OC EXPANSION PROJECT,2026-05,0.07494985286593481,0
617287,KUSMUNDA OC EXPANSION PROJECT,2026-06,0.12443815609899661,0
617288,MANIKPUR OC EXPANSION PROJECT,2026-04,0.22297531972576554,0
617288,MANIKPUR OC EXPANSION PROJECT,2026-05,0.09367903851450726,0
617288,MANIKPUR OC EXPANSION PROJECT,2026-06,0.12460740721957961,0
617299,50 MW Wind Power Project,2026-04,0.22698159739057402,0
617299,50 MW Wind Power Project,2026-05,0.172827391011783,0
617299,50 MW Wind Power Project,2026-06,0.15345831107045432,0
617302,Durgapur - Haldia Pipeline [Section-3B of JHBDPL Project],2026-04,0.32173226134117866,0
617302,Durgapur - Haldia Pipeline [Section-3B of JHBDPL Project],2026-05,0.36759916910687146,0
617302,Durgapur - Haldia Pipeline [Section-3B of JHBDPL Project],2026-06,0.3719280809192045,0
617304,"Setting up of LPG Plant with Rail Unloading Facility at Hathua, Dist. Gopalganj, Bihar",2026-04,0.2439363289269922,0
617304,"Setting up of LPG Plant with Rail Unloading Facility at Hathua, Dist. Gopalganj, Bihar",2026-05,0.10857584764156934,0
617304,"Setting up of LPG Plant with Rail Unloading Facility at Hathua, Dist. Gopalganj, Bihar",2026-06,0.14077498349929635,0
617326,Implementation of Transmission Systems in the State of Jharkhand consisting of 400/220/132/33 kV transmission lines and substations under Jharkhand Consultancy Project,2026-04,0.5966976579436909,1
617326,Implementation of Transmission Systems in the State of Jharkhand consisting of 400/220/132/33 kV transmission lines and substations under Jharkhand Consultancy Project,2026-05,0.5345307111753872,1
617326,Implementation of Transmission Systems in the State of Jharkhand consisting of 400/220/132/33 kV transmission lines and substations under Jharkhand Consultancy Project,2026-06,0.5507800807251746,1
617327,Thane Integral Ring Metro Rail Project,2026-04,0.20925007005441504,0
617327,Thane Integral Ring Metro Rail Project,2026-05,0.07192046288755614,0
617327,Thane Integral Ring Metro Rail Project,2026-06,0.1146376676970833,0
617333,Surface triangle line bet. Bhadura stn and new crossing stn Karma,2026-04,0.23933610522782114,0
617333,Surface triangle line bet. Bhadura stn and new crossing stn Karma,2026-05,0.1255232520935449,0
617333,Surface triangle line bet. Bhadura stn and new crossing stn Karma,2026-06,0.1365817634925411,0
617338,Stamp Charge Battery No.12 Battery Proper at IISCO Steel Plant,2026-04,0.23129615946615445,0
617338,Stamp Charge Battery No.12 Battery Proper at IISCO Steel Plant,2026-05,0.15310090111394886,0
617338,Stamp Charge Battery No.12 Battery Proper at IISCO Steel Plant,2026-06,0.18243803113073342,0
617345,SER Upgradation of maintenance infrastructure at Shalimar into Vande Bharat Chair Car maintenance cum workshop depot.,2026-04,0.24637927335512552,0
617345,SER Upgradation of maintenance infrastructure at Shalimar into Vande Bharat Chair Car maintenance cum workshop depot.,2026-05,0.1432322830404206,0
617361,Babupeth - Sasti New Rail Line [13.114 KMs],2026-04,0.23056193120931595,0
617361,Babupeth - Sasti New Rail Line [13.114 KMs],2026-05,0.09575564649710558,0
617364,Double Chord line Between Nilaje-Kopar,2026-04,0.2395736989827772,0
617364,Double Chord line Between Nilaje-Kopar,2026-05,0.07171012573395238,0
617364,Double Chord line Between Nilaje-Kopar,2026-06,0.1597054174412008,0
617370,Doubling between Jaunpur Jn - Zaffarabad 6.28 km,2026-04,0.24815143648557955,0
617370,Doubling between Jaunpur Jn - Zaffarabad 6.28 km,2026-05,0.1720234218822595,0
617370,Doubling between Jaunpur Jn - Zaffarabad 6.28 km,2026-06,0.12820950311032658,0
617372,Doubling between Pradhankunta-Patherih-Bhojudih of East Central Railway,2026-04,0.2863698120408737,0
617374,"Dallirajhara - Rowghat New Rail Line Project, Phase-I",2026-04,0.4517698646504398,0
617374,"Dallirajhara - Rowghat New Rail Line Project, Phase-I",2026-05,0.40020627403529896,0
617375,North Eastern Region Expansion Scheme-XXIII [NERES-XXIII],2026-04,0.15578500874138504,0
617375,North Eastern Region Expansion Scheme-XXIII [NERES-XXIII],2026-05,0.055311552982552886,0
617375,North Eastern Region Expansion Scheme-XXIII [NERES-XXIII],2026-06,0.06882548438391177,0
617379,Development of New Bijwasan Railway Terminal,2026-04,0.48110932258724604,0
617379,Development of New Bijwasan Railway Terminal,2026-05,0.34476673480568865,0
617390,Sardega -Bhalumuda New Double line [37.24 Km],2026-04,0.18186866025273782,0
617390,Sardega -Bhalumuda New Double line [37.24 Km],2026-05,0.07159702924325619,0
617391,Augmentation of Transformation Capacity at Bhuj-II PS [GIS],2026-04,0.19432418794474843,0
617391,Augmentation of Transformation Capacity at Bhuj-II PS [GIS],2026-05,0.0904907235945482,0
617391,Augmentation of Transformation Capacity at Bhuj-II PS [GIS],2026-06,0.10616489609063845,0
617403,SADULPUR - CHURU DOUBLING PROJECT,2026-04,0.1872208667117478,0
617403,SADULPUR - CHURU DOUBLING PROJECT,2026-05,0.13466614821045672,0
617403,SADULPUR - CHURU DOUBLING PROJECT,2026-06,0.13966578335623386,0
617404,POKHRAN - RAMDEVRA New Line,2026-04,0.16850117038275625,0
617404,POKHRAN - RAMDEVRA New Line,2026-05,0.11238903966926529,0
617404,POKHRAN - RAMDEVRA New Line,2026-06,0.10086405224644591,0
617405,Jamnagar Transmission Limited,2026-04,0.29444550723787144,0
617405,Jamnagar Transmission Limited,2026-05,0.13129528045435332,0
617405,Jamnagar Transmission Limited,2026-06,0.20014829523269453,0
617406,RATLAM- DUNGARPUR VIA BANSWARA NEW LINE PROJECT,2026-04,0.3625793831329038,0
617406,RATLAM- DUNGARPUR VIA BANSWARA NEW LINE PROJECT,2026-05,0.18908240238348495,0
617408,NATHDWARA- NATHDWARA TOWN NL,2026-04,0.3208498533239861,0
617408,NATHDWARA- NATHDWARA TOWN NL,2026-05,0.18768283539270697,0
617409,Railway Manufacturing Unit,2026-04,0.31252612614861847,0
617409,Railway Manufacturing Unit,2026-05,0.2286556718042831,0
617409,Railway Manufacturing Unit,2026-06,0.22007356801767414,0
617412,"Construction of One Tower of Office Complex and another Tower of Residential quarters consisting of 10Nos. Type-V, 10Nos. Type-VI & 1No.Type-VII Quarters i/c internal water supply, sanitary installation and all development and bulk services, Horticulture works on EPC Mode-I basis i/c comprehensive operation and maintenance of Civil, E&M services for 7 years after completion of original construction work for Ranga Reddy, Secunderabad, Medchal, AuditI, Audit-II Commissionerates of Central Tax at Khajaguda, Serilingampally, Hyderabad.",2026-04,0.25778114032495786,0
617412,"Construction of One Tower of Office Complex and another Tower of Residential quarters consisting of 10Nos. Type-V, 10Nos. Type-VI & 1No.Type-VII Quarters i/c internal water supply, sanitary installation and all development and bulk services, Horticulture works on EPC Mode-I basis i/c comprehensive operation and maintenance of Civil, E&M services for 7 years after completion of original construction work for Ranga Reddy, Secunderabad, Medchal, AuditI, Audit-II Commissionerates of Central Tax at Khajaguda, Serilingampally, Hyderabad.",2026-05,0.08836230235476537,0
617412,"Construction of One Tower of Office Complex and another Tower of Residential quarters consisting of 10Nos. Type-V, 10Nos. Type-VI & 1No.Type-VII Quarters i/c internal water supply, sanitary installation and all development and bulk services, Horticulture works on EPC Mode-I basis i/c comprehensive operation and maintenance of Civil, E&M services for 7 years after completion of original construction work for Ranga Reddy, Secunderabad, Medchal, AuditI, Audit-II Commissionerates of Central Tax at Khajaguda, Serilingampally, Hyderabad.",2026-06,0.12810364398515975,0
617413,Mobile connectivity in Left Wing Extremism [LWE] affected areas-Phase 1 Upgradation,2026-04,0.19305986565805122,0
617413,Mobile connectivity in Left Wing Extremism [LWE] affected areas-Phase 1 Upgradation,2026-05,0.12838543315936193,0
617413,Mobile connectivity in Left Wing Extremism [LWE] affected areas-Phase 1 Upgradation,2026-06,0.14135066752059,0
617416,"Revised Jharia Master Plan for Dealing with Fire, Subsidence & Rehabilitation of affected families in Jharia Coalfield- Reg.",2026-04,0.24598672776109723,0
617416,"Revised Jharia Master Plan for Dealing with Fire, Subsidence & Rehabilitation of affected families in Jharia Coalfield- Reg.",2026-05,0.08385466257626896,0
617416,"Revised Jharia Master Plan for Dealing with Fire, Subsidence & Rehabilitation of affected families in Jharia Coalfield- Reg.",2026-06,0.13891645891658796,0
617422,Bodwad Parisar Sinchan Yojna,2026-04,0.5908293590548721,1
617422,Bodwad Parisar Sinchan Yojna,2026-05,0.3794714681753336,0
617422,Bodwad Parisar Sinchan Yojna,2026-06,0.40731861575079925,0
617727,Orvakal Industrial Area,2026-04,0.14513438306387655,0
617727,Orvakal Industrial Area,2026-05,0.07248662775032819,0
617727,Orvakal Industrial Area,2026-06,0.07997881582280844,0
617729,Kopparthy Industrial Area,2026-04,0.164570466234791,0
617729,Kopparthy Industrial Area,2026-05,0.037820372483777426,0
617729,Kopparthy Industrial Area,2026-06,0.06788842066289247,0
617730,600 MW Khavda Solar Power Project,2026-04,0.23240073165967293,0
617730,600 MW Khavda Solar Power Project,2026-05,0.25038517845926234,0
617730,600 MW Khavda Solar Power Project,2026-06,0.16255786179590898,0
617764,North Dhadu Western Part OCP,2026-04,0.3370598311022869,0
617764,North Dhadu Western Part OCP,2026-05,0.15692568919448027,0
617764,North Dhadu Western Part OCP,2026-06,0.18829571308992918,0
617801,Provision of ICT Augmentation & Bus Reactor at Bhuj-II PS,2026-04,0.17703976842625002,0
617801,Provision of ICT Augmentation & Bus Reactor at Bhuj-II PS,2026-05,0.09319843610689137,0
617801,Provision of ICT Augmentation & Bus Reactor at Bhuj-II PS,2026-06,0.11570608368662266,0
617802,Augmentation of Transformation Capacity and Implementation of Line Bays at Mandsaur S/S for RE Interconnection [SPV Name- POWERGRID Mandsaur I RE Transmission Limited],2026-04,0.17170878238168422,0
617802,Augmentation of Transformation Capacity and Implementation of Line Bays at Mandsaur S/S for RE Interconnection [SPV Name- POWERGRID Mandsaur I RE Transmission Limited],2026-05,0.04820958917035417,0
617802,Augmentation of Transformation Capacity and Implementation of Line Bays at Mandsaur S/S for RE Interconnection [SPV Name- POWERGRID Mandsaur I RE Transmission Limited],2026-06,0.0816053750426664,0
617803,Transmission System Strengthening at Davanagere for Integration of RE Generation [SPV Name - POWERGRID Davanagere Power Transmission Limited],2026-04,0.1791920963250449,0
617803,Transmission System Strengthening at Davanagere for Integration of RE Generation [SPV Name - POWERGRID Davanagere Power Transmission Limited],2026-05,0.0690732436195385,0
617803,Transmission System Strengthening at Davanagere for Integration of RE Generation [SPV Name - POWERGRID Davanagere Power Transmission Limited],2026-06,0.08759828488096126,0
617804,Mechanization of Berth No.14 for handling Containers and other cargo on DBFOT basis - Phase II,2026-04,0.23692356210851978,0
617804,Mechanization of Berth No.14 for handling Containers and other cargo on DBFOT basis - Phase II,2026-05,0.13106010124330744,0
617804,Mechanization of Berth No.14 for handling Containers and other cargo on DBFOT basis - Phase II,2026-06,0.20902259108703142,0
617806,Transmission System for Integration of Ananthapur 2 REZ Phase 1 for 4.5 GW. SPV Name Anantapuram 2 REZ Transmission Ltd,2026-04,0.2695476963436115,0
617806,Transmission System for Integration of Ananthapur 2 REZ Phase 1 for 4.5 GW. SPV Name Anantapuram 2 REZ Transmission Ltd,2026-05,0.19292039545632078,0
617806,Transmission System for Integration of Ananthapur 2 REZ Phase 1 for 4.5 GW. SPV Name Anantapuram 2 REZ Transmission Ltd,2026-06,0.15428934679829204,0
617807,Inter-regional [NR-WR] Transmission System strengthening to relieve the loading of 765 kV Vindhyachal-Varanasi D/c line,2026-04,0.17187532607335862,0
617807,Inter-regional [NR-WR] Transmission System strengthening to relieve the loading of 765 kV Vindhyachal-Varanasi D/c line,2026-05,0.0501396885177123,0
617807,Inter-regional [NR-WR] Transmission System strengthening to relieve the loading of 765 kV Vindhyachal-Varanasi D/c line,2026-06,0.10606289952717357,0
617808,Inter-Regional Strengthening between SR Grid and WR Grid,2026-04,0.16342837847460215,0
617808,Inter-Regional Strengthening between SR Grid and WR Grid,2026-05,0.050386723176756125,0
617808,Inter-Regional Strengthening between SR Grid and WR Grid,2026-06,0.08393638225033068,0
617818,"City Gas Distribution [CGD] Project in Gajapati, Kandhamal, Boudh, & Sonepur GA",2026-04,0.3473317233460298,0
617818,"City Gas Distribution [CGD] Project in Gajapati, Kandhamal, Boudh, & Sonepur GA",2026-05,0.16678009071818453,0
617818,"City Gas Distribution [CGD] Project in Gajapati, Kandhamal, Boudh, & Sonepur GA",2026-06,0.2257583801805122,0
617819,"City Gas Distribution [CGD] Project in Kondagaon, Bastar, Sukma, Narayanpur, Bijapur & Dantewada GA",2026-04,0.3243023052512934,0
617819,"City Gas Distribution [CGD] Project in Kondagaon, Bastar, Sukma, Narayanpur, Bijapur & Dantewada GA",2026-05,0.11227759455903533,0
617819,"City Gas Distribution [CGD] Project in Kondagaon, Bastar, Sukma, Narayanpur, Bijapur & Dantewada GA",2026-06,0.18536300721115137,0
617822,ATF Pipeline from BPCLs Malkapur POL Installation to Hyderabad International airport,2026-04,0.21835322054263828,0
617822,ATF Pipeline from BPCLs Malkapur POL Installation to Hyderabad International airport,2026-05,0.08551503468587204,0
617822,ATF Pipeline from BPCLs Malkapur POL Installation to Hyderabad International airport,2026-06,0.12180448832803224,0
617827,"Pipeline Rehabilitation Project, Phase-II",2026-04,0.21801737919322836,0
617827,"Pipeline Rehabilitation Project, Phase-II",2026-05,0.0722024021545179,0
617827,"Pipeline Rehabilitation Project, Phase-II",2026-06,0.11128519892780148,0
617828,Siliguri-Jhapa Pipeline Project,2026-04,0.20834831095895576,0
617828,Siliguri-Jhapa Pipeline Project,2026-05,0.08672902771078257,0
617828,Siliguri-Jhapa Pipeline Project,2026-06,0.10700384991290202,0
617829,LPG Bottling Plant at Mualkhang,2026-04,0.19584684578918798,0
617829,LPG Bottling Plant at Mualkhang,2026-05,0.0750368494297549,0
617829,LPG Bottling Plant at Mualkhang,2026-06,0.10988055239641045,0
617830,C2/C3 Vijaipur Pata Pipeline,2026-04,0.28160536163473826,0
617830,C2/C3 Vijaipur Pata Pipeline,2026-05,0.10062132075135576,0
617830,C2/C3 Vijaipur Pata Pipeline,2026-06,0.15700796085222837,0
617832,Koderma-Arigada Doubling 133.38 Km of East Central Railway,2026-04,0.2031155819209379,0
617832,Koderma-Arigada Doubling 133.38 Km of East Central Railway,2026-05,0.0658743219220787,0
617832,Koderma-Arigada Doubling 133.38 Km of East Central Railway,2026-06,0.10152504567834236,0
617836,Coke Drum Structure Package,2026-04,0.21932987897325523,0
617836,Coke Drum Structure Package,2026-05,0.23272001797268616,0
617836,Coke Drum Structure Package,2026-06,0.1709884915728093,0
617837,Siliguri Marketing Terminal [SMT] Capacity Augmentation Project,2026-04,0.19784020471189806,0
617837,Siliguri Marketing Terminal [SMT] Capacity Augmentation Project,2026-05,0.16976682652571148,0
617837,Siliguri Marketing Terminal [SMT] Capacity Augmentation Project,2026-06,0.1794665183031284,0
617838,Augmentation of CCKPL and IDPL Pipelines capacity along with setting up of Palakkad TOP,2026-04,0.19712841939085832,0
617838,Augmentation of CCKPL and IDPL Pipelines capacity along with setting up of Palakkad TOP,2026-05,0.08557821780155334,0
617838,Augmentation of CCKPL and IDPL Pipelines capacity along with setting up of Palakkad TOP,2026-06,0.1041733032495231,0
617839,Capacity Augmentation of Kandla LPG Import Terminal [KLIT] from 0.6 MMTPA to 2.5 MMTPA,2026-04,0.20407852160809978,0
617839,Capacity Augmentation of Kandla LPG Import Terminal [KLIT] from 0.6 MMTPA to 2.5 MMTPA,2026-05,0.1416069089309819,0
617839,Capacity Augmentation of Kandla LPG Import Terminal [KLIT] from 0.6 MMTPA to 2.5 MMTPA,2026-06,0.13233297129860827,0
617877,Phase B Construction of Permanent Campus of IIT Bhilai,2026-04,0.1835943038049015,0
617877,Phase B Construction of Permanent Campus of IIT Bhilai,2026-05,0.05587260345509713,0
617877,Phase B Construction of Permanent Campus of IIT Bhilai,2026-06,0.08387115020014002,0
617878,Phase B of Construction of Permanent Campus of IIT Palakkad,2026-04,0.1860280023115203,0
617878,Phase B of Construction of Permanent Campus of IIT Palakkad,2026-05,0.056372073166377476,0
617878,Phase B of Construction of Permanent Campus of IIT Palakkad,2026-06,0.09368101581160077,0
617880,Desalpar-Hajipir-Luna and Vayor-Lakhpat New Line,2026-04,0.1578801698348559,0
617880,Desalpar-Hajipir-Luna and Vayor-Lakhpat New Line,2026-05,0.06636854868601572,0
617882,"Setting up IT Infrastructure including Network Security and Hosting at AIIMS, New Delhi",2026-04,0.2663225451680688,0
617882,"Setting up IT Infrastructure including Network Security and Hosting at AIIMS, New Delhi",2026-05,0.20578781717544553,0
617882,"Setting up IT Infrastructure including Network Security and Hosting at AIIMS, New Delhi",2026-06,0.23029710945330034,0
617883,"Redevelopment of Residential colonies at Ayur Vigyan Nagar and West Ansari Nagar campuses of AIIMS, New Delhi",2026-04,0.5659313174821357,1
617883,"Redevelopment of Residential colonies at Ayur Vigyan Nagar and West Ansari Nagar campuses of AIIMS, New Delhi",2026-05,0.28039842296825107,0
617883,"Redevelopment of Residential colonies at Ayur Vigyan Nagar and West Ansari Nagar campuses of AIIMS, New Delhi",2026-06,0.3413057469762783,0
617885,Rehabilitation and Up-gradation of Nongstoin Wahkaji section of Project Road Km 0000 to Km 43060 to Intermediate Lane with earthern shoulder under SARDP-NE Phase-A in the State of Meghalaya on EPC mode. Job No- SARDP-NE ong-Don- Maw/MG/2020-21/294,2026-04,0.2116810652072293,0
617885,Rehabilitation and Up-gradation of Nongstoin Wahkaji section of Project Road Km 0000 to Km 43060 to Intermediate Lane with earthern shoulder under SARDP-NE Phase-A in the State of Meghalaya on EPC mode. Job No- SARDP-NE ong-Don- Maw/MG/2020-21/294,2026-05,0.15129708760870977,0
617885,Rehabilitation and Up-gradation of Nongstoin Wahkaji section of Project Road Km 0000 to Km 43060 to Intermediate Lane with earthern shoulder under SARDP-NE Phase-A in the State of Meghalaya on EPC mode. Job No- SARDP-NE ong-Don- Maw/MG/2020-21/294,2026-06,0.1837806135232651,0
617886,Widening of existing Single lane / Intermediate lane road to 2 lane from Km 101 to Km 125 of NH 61,2026-04,0.2833746985310682,0
617886,Widening of existing Single lane / Intermediate lane road to 2 lane from Km 101 to Km 125 of NH 61,2026-05,0.18816413487673778,0
617886,Widening of existing Single lane / Intermediate lane road to 2 lane from Km 101 to Km 125 of NH 61,2026-06,0.21786710690956787,0
617887,Beawer Gomti 4LPS from km 58.245 to km 108.600 Pkg-I,2026-04,0.22492109694947904,0
617887,Beawer Gomti 4LPS from km 58.245 to km 108.600 Pkg-I,2026-05,0.13644743840487236,0
617888,Landslide treatment work on NH 58 from Kodiyala Km. 266.130 to Devprayag Km. 296.925 10 location under EPC mode in the State of Uttarakhand on EPC Mode,2026-04,0.16865773508811524,0
617888,Landslide treatment work on NH 58 from Kodiyala Km. 266.130 to Devprayag Km. 296.925 10 location under EPC mode in the State of Uttarakhand on EPC Mode,2026-05,0.10089394143098775,0
617888,Landslide treatment work on NH 58 from Kodiyala Km. 266.130 to Devprayag Km. 296.925 10 location under EPC mode in the State of Uttarakhand on EPC Mode,2026-06,0.10100269487943093,0
617889,Treatment of landslide zone from location no. 01 to 28 km 62.860 to 152.750 on NH- 12509 in the State of Uttarakhand under EPC mode in NHO Annual Plan 2022-23,2026-04,0.16520953419483395,0
617889,Treatment of landslide zone from location no. 01 to 28 km 62.860 to 152.750 on NH- 12509 in the State of Uttarakhand under EPC mode in NHO Annual Plan 2022-23,2026-05,0.0983716399839598,0
617889,Treatment of landslide zone from location no. 01 to 28 km 62.860 to 152.750 on NH- 12509 in the State of Uttarakhand under EPC mode in NHO Annual Plan 2022-23,2026-06,0.10752558069253058,0
617890,Construction of Champawat Bypass with two lane with paved shoulder configuration starting from existing chainage 121.700 to existing chainage 129.450 Design Length 9.847 of NH-125 in District-Champawat in the state of Uttrakhand on EPC mode.,2026-04,0.19631364384982203,0
617890,Construction of Champawat Bypass with two lane with paved shoulder configuration starting from existing chainage 121.700 to existing chainage 129.450 Design Length 9.847 of NH-125 in District-Champawat in the state of Uttrakhand on EPC mode.,2026-05,0.05794076456269792,0
617890,Construction of Champawat Bypass with two lane with paved shoulder configuration starting from existing chainage 121.700 to existing chainage 129.450 Design Length 9.847 of NH-125 in District-Champawat in the state of Uttrakhand on EPC mode.,2026-06,0.08472493931212177,0
617891,"Construction of Two lane with Paved Shoulder for Fatehpur Bypass Design Km 0.000 to Km 7.400 , Mandawa Bypass Design Km 20.925 to Km 27.300 & Jhunjhunu Bypass Design Km 41.625 to Km 54.689 of NH-11 on EPC Mode in the state of Rajasthan .",2026-04,0.16462536924901394,0
617892,Construction of 2-lane road of Potin to Pangin section of NH-13 from Km 163.59 to Km 206.66 Package-5 on EPC Mode in the State of Arunachal Pradesh under Arunachal Pradesh Package of Roads and Highways of SARDP-NE [Job No SARDP-NE/P- P/Pkg-A/NH-13/Ar.Pr./PWD/2018-19/116],2026-04,0.2386017266648142,0
617892,Construction of 2-lane road of Potin to Pangin section of NH-13 from Km 163.59 to Km 206.66 Package-5 on EPC Mode in the State of Arunachal Pradesh under Arunachal Pradesh Package of Roads and Highways of SARDP-NE [Job No SARDP-NE/P- P/Pkg-A/NH-13/Ar.Pr./PWD/2018-19/116],2026-05,0.16676790330900193,0
617892,Construction of 2-lane road of Potin to Pangin section of NH-13 from Km 163.59 to Km 206.66 Package-5 on EPC Mode in the State of Arunachal Pradesh under Arunachal Pradesh Package of Roads and Highways of SARDP-NE [Job No SARDP-NE/P- P/Pkg-A/NH-13/Ar.Pr./PWD/2018-19/116],2026-06,0.21890660464950926,0
617893,Construction of additional major Bridge with 4- lane configuration of length 1.48 km on NH-60 NH-14 over River Kangshabati from Km. 117.770 to Km 119.250 and additional major Bridge with 4- lane configuration of length 0.900 km on NH-60 NH- 14 over River Shilabati from Km. 173.220 to Km 174.120 in the district of Paschim Medinipur of West Bengal under Annual Plan for FY 2023-24 on EPC mode. Job No 014-W8-2023-24/527 .,2026-04,0.2033871445517075,0
617893,Construction of additional major Bridge with 4- lane configuration of length 1.48 km on NH-60 NH-14 over River Kangshabati from Km. 117.770 to Km 119.250 and additional major Bridge with 4- lane configuration of length 0.900 km on NH-60 NH- 14 over River Shilabati from Km. 173.220 to Km 174.120 in the district of Paschim Medinipur of West Bengal under Annual Plan for FY 2023-24 on EPC mode. Job No 014-W8-2023-24/527 .,2026-05,0.08444025716914438,0
617893,Construction of additional major Bridge with 4- lane configuration of length 1.48 km on NH-60 NH-14 over River Kangshabati from Km. 117.770 to Km 119.250 and additional major Bridge with 4- lane configuration of length 0.900 km on NH-60 NH- 14 over River Shilabati from Km. 173.220 to Km 174.120 in the district of Paschim Medinipur of West Bengal under Annual Plan for FY 2023-24 on EPC mode. Job No 014-W8-2023-24/527 .,2026-06,0.10566069004258595,0
617894,"Construction or 4 lane Raniganj Bypass of length 5.261 km on NH-60 new NH-14 from km 273.00 of NH to km 478.18 of NH-2 New NH 16 in paschim Bardhaman, West Bengal in EPC Mode- reg. Job No. 014-WB-2022-23/514",2026-04,0.22277610370372997,0
617894,"Construction or 4 lane Raniganj Bypass of length 5.261 km on NH-60 new NH-14 from km 273.00 of NH to km 478.18 of NH-2 New NH 16 in paschim Bardhaman, West Bengal in EPC Mode- reg. Job No. 014-WB-2022-23/514",2026-05,0.16294441267551252,0
617894,"Construction or 4 lane Raniganj Bypass of length 5.261 km on NH-60 new NH-14 from km 273.00 of NH to km 478.18 of NH-2 New NH 16 in paschim Bardhaman, West Bengal in EPC Mode- reg. Job No. 014-WB-2022-23/514",2026-06,0.16694071720068732,0
617895,Construction of Mangaldoi Bypass NH-15 starting at Ch 26400 and terminating at Ch 41505 under Rangia NH Division L 15.105 Km in the State of Assam. Job No. 15/AS/2021-22/234,2026-04,0.2320230131858907,0
617895,Construction of Mangaldoi Bypass NH-15 starting at Ch 26400 and terminating at Ch 41505 under Rangia NH Division L 15.105 Km in the State of Assam. Job No. 15/AS/2021-22/234,2026-05,0.1562959161754826,0
617895,Construction of Mangaldoi Bypass NH-15 starting at Ch 26400 and terminating at Ch 41505 under Rangia NH Division L 15.105 Km in the State of Assam. Job No. 15/AS/2021-22/234,2026-06,0.18594136987551052,0
617896,"Construction of 4 lane Gauripur Bypass Starting bfrom Km 852.56 of NH- 31Dumardoha Pt-II and Terminating at Km 862.17 Baladmara via. Khudimari Pt.- II, Fulkumari, Charaldanga, Sajuakuti,Geramari Pt.-III and finally meeting at km 862.17 of NH-17New/ NH-31Old in the State of Assam under EPC Mode Job no. 31/AS/ 2023- 24/265",2026-04,0.24846066728040042,0
617896,"Construction of 4 lane Gauripur Bypass Starting bfrom Km 852.56 of NH- 31Dumardoha Pt-II and Terminating at Km 862.17 Baladmara via. Khudimari Pt.- II, Fulkumari, Charaldanga, Sajuakuti,Geramari Pt.-III and finally meeting at km 862.17 of NH-17New/ NH-31Old in the State of Assam under EPC Mode Job no. 31/AS/ 2023- 24/265",2026-05,0.10935459023681993,0
617896,"Construction of 4 lane Gauripur Bypass Starting bfrom Km 852.56 of NH- 31Dumardoha Pt-II and Terminating at Km 862.17 Baladmara via. Khudimari Pt.- II, Fulkumari, Charaldanga, Sajuakuti,Geramari Pt.-III and finally meeting at km 862.17 of NH-17New/ NH-31Old in the State of Assam under EPC Mode Job no. 31/AS/ 2023- 24/265",2026-06,0.12218536361332996,0
617897,Construction of proposed 4Lane Revelgunj bypass NH-19 in the State of Bihar on EPC mode connecting NH 19 to 85 origin,2026-04,0.19632599808106477,0
617897,Construction of proposed 4Lane Revelgunj bypass NH-19 in the State of Bihar on EPC mode connecting NH 19 to 85 origin,2026-05,0.12971150813915508,0
617897,Construction of proposed 4Lane Revelgunj bypass NH-19 in the State of Bihar on EPC mode connecting NH 19 to 85 origin,2026-06,0.15557684687118298,0
617898,New construction of Major Bridge with Approaches from Km 0.000 to 1.200 Madhopur -Badabanta section of NH-20 under NHO in Annual Plan 2022-23 in the State of Odisha,2026-04,0.18305806274635975,0
617898,New construction of Major Bridge with Approaches from Km 0.000 to 1.200 Madhopur -Badabanta section of NH-20 under NHO in Annual Plan 2022-23 in the State of Odisha,2026-05,0.09876961092897064,0
617898,New construction of Major Bridge with Approaches from Km 0.000 to 1.200 Madhopur -Badabanta section of NH-20 under NHO in Annual Plan 2022-23 in the State of Odisha,2026-06,0.12724801952525075,0
617899,Widening and Strengthening to 4LPS/2LPS from km 0.000 to 35.800 Kuakhia - Mangalpur section of NH 20 in the state of Odisha on Annual Plan 2021-22,2026-04,0.2479937361417369,0
617899,Widening and Strengthening to 4LPS/2LPS from km 0.000 to 35.800 Kuakhia - Mangalpur section of NH 20 in the state of Odisha on Annual Plan 2021-22,2026-05,0.15232419929423982,0
617899,Widening and Strengthening to 4LPS/2LPS from km 0.000 to 35.800 Kuakhia - Mangalpur section of NH 20 in the state of Odisha on Annual Plan 2021-22,2026-06,0.19235799016839097,0
617900,Upgradation to Two Lane Paved Shoulder in km 33/0 to 126/520 of NH-23 Old NH- 11B Kothun-Lalsot-Karoli-Dholpur road in the state of Rajasthan under EPC mode Length-93.52 Km.,2026-04,0.1798004697949544,0
617901,Widening of Pachpadra-Bagundi Section to 4 Lane from Km 73/60 to 95/70 of NH-25 on EPC mode in the state of Rajasthan.,2026-04,0.16930659570840595,0
617901,Widening of Pachpadra-Bagundi Section to 4 Lane from Km 73/60 to 95/70 of NH-25 on EPC mode in the state of Rajasthan.,2026-05,0.14427434072936043,0
617901,Widening of Pachpadra-Bagundi Section to 4 Lane from Km 73/60 to 95/70 of NH-25 on EPC mode in the state of Rajasthan.,2026-06,0.16967641781085438,0
617902,construction or By-pass road on NH-26 for Nabrangpur Town,2026-04,0.2340407479795005,0
617902,construction or By-pass road on NH-26 for Nabrangpur Town,2026-05,0.17564891837327876,0
617902,construction or By-pass road on NH-26 for Nabrangpur Town,2026-06,0.15484926905250354,0
617904,Construction of Bypass road to Balangir town from km 72/400 Desing km 0/0 to km 79/800 Design km 11/670 of NH-26 in the State of Odisha.,2026-04,0.21735267261394095,0
617904,Construction of Bypass road to Balangir town from km 72/400 Desing km 0/0 to km 79/800 Design km 11/670 of NH-26 in the State of Odisha.,2026-05,0.1802785647990913,0
617904,Construction of Bypass road to Balangir town from km 72/400 Desing km 0/0 to km 79/800 Design km 11/670 of NH-26 in the State of Odisha.,2026-06,0.195496715494147,0
617905,Construction of 4 lane ROB with approaches in lieu of LC No. RV-172 at km 176.00 of NH-201 present NH-26 at Kesinga including land acquisition in the state of Odisha on EPC mode under Annual Plan 2021-22,2026-04,0.2611259561624117,0
617905,Construction of 4 lane ROB with approaches in lieu of LC No. RV-172 at km 176.00 of NH-201 present NH-26 at Kesinga including land acquisition in the state of Odisha on EPC mode under Annual Plan 2021-22,2026-05,0.200752636426688,0
617905,Construction of 4 lane ROB with approaches in lieu of LC No. RV-172 at km 176.00 of NH-201 present NH-26 at Kesinga including land acquisition in the state of Odisha on EPC mode under Annual Plan 2021-22,2026-06,0.21326460832190453,0
617906,Up-gradation of Dhoraji-Jamkandorna-Kalavad Section of NH-927D from Design Chainage km 0/00 to km 58/115 to Two lane with PS configuration in the State of Gujarat on EPC,2026-04,0.3517481306546837,0
617906,Up-gradation of Dhoraji-Jamkandorna-Kalavad Section of NH-927D from Design Chainage km 0/00 to km 58/115 to Two lane with PS configuration in the State of Gujarat on EPC,2026-05,0.14531287991038494,0
617906,Up-gradation of Dhoraji-Jamkandorna-Kalavad Section of NH-927D from Design Chainage km 0/00 to km 58/115 to Two lane with PS configuration in the State of Gujarat on EPC,2026-06,0.17250337135031713,0
617907,Rehabilitation and Up-gradation from Km 170700 Bhadrachalam to Km 234567 Konta on NH-30 to Two lane with Paved Shoulder in the State of Andra Pradesh on EPC mode.,2026-04,0.16472282964368734,0
617908,Bemetara Bypass NH 30,2026-04,0.2396804927782142,0
617908,Bemetara Bypass NH 30,2026-05,0.10235400670155274,0
617908,Bemetara Bypass NH 30,2026-06,0.13364395129079976,0
617909,Construction of Rewa Bypass to 4-lane with paved shoulder along with service road from Ratahara Chowk to Chorhata Chowk Road section of NH-30 from km 00.000 to 19.200 in the State of Madhya Pradesh on Hybrid Annuity Mode HAM.,2026-04,0.312154411957421,0
617909,Construction of Rewa Bypass to 4-lane with paved shoulder along with service road from Ratahara Chowk to Chorhata Chowk Road section of NH-30 from km 00.000 to 19.200 in the State of Madhya Pradesh on Hybrid Annuity Mode HAM.,2026-05,0.11628093135778445,0
617909,Construction of Rewa Bypass to 4-lane with paved shoulder along with service road from Ratahara Chowk to Chorhata Chowk Road section of NH-30 from km 00.000 to 19.200 in the State of Madhya Pradesh on Hybrid Annuity Mode HAM.,2026-06,0.14992945534677052,0
617911,Rehabilitation and upgradation Umaria to Shahdol section of NH-78 from Existing Km. 68/4 to Km. 142/2 to 2LPS including construction of Birshinghpur and Shahdol Bypass on EPC mode under NHDP-IVA,2026-04,0.23679074823402976,0
617911,Rehabilitation and upgradation Umaria to Shahdol section of NH-78 from Existing Km. 68/4 to Km. 142/2 to 2LPS including construction of Birshinghpur and Shahdol Bypass on EPC mode under NHDP-IVA,2026-05,0.14184588148112268,0
617911,Rehabilitation and upgradation Umaria to Shahdol section of NH-78 from Existing Km. 68/4 to Km. 142/2 to 2LPS including construction of Birshinghpur and Shahdol Bypass on EPC mode under NHDP-IVA,2026-06,0.15745151149569742,0
617912,Construction of 6 lane flyover from Khapari ROB to Mihan Interchange design chainage km 8760 to 11450 L- 2.69 km and upgradation of existing 4L PS road to 6LPS with service road by flexible pavement design chainage km 11450 to 14500 L- 3.05 [total project length 5.74 km] in section of Nagpur - Hyderabad NH-44 Old NH-7 in Nagpur district in the state of Maharashtra on HAM mode.,2026-04,0.223101527681737,0
617912,Construction of 6 lane flyover from Khapari ROB to Mihan Interchange design chainage km 8760 to 11450 L- 2.69 km and upgradation of existing 4L PS road to 6LPS with service road by flexible pavement design chainage km 11450 to 14500 L- 3.05 [total project length 5.74 km] in section of Nagpur - Hyderabad NH-44 Old NH-7 in Nagpur district in the state of Maharashtra on HAM mode.,2026-05,0.07207837512187606,0
617912,Construction of 6 lane flyover from Khapari ROB to Mihan Interchange design chainage km 8760 to 11450 L- 2.69 km and upgradation of existing 4L PS road to 6LPS with service road by flexible pavement design chainage km 11450 to 14500 L- 3.05 [total project length 5.74 km] in section of Nagpur - Hyderabad NH-44 Old NH-7 in Nagpur district in the state of Maharashtra on HAM mode.,2026-06,0.10459278263815246,0
617913,6-laning of km 9.900 to km 19/948 Aramgarh to Shamshabad Section of Hyderabad- Bangalore section of NH-44 Under NHO EPC basis in the state of Telangana,2026-04,0.25376079240953087,0
617913,6-laning of km 9.900 to km 19/948 Aramgarh to Shamshabad Section of Hyderabad- Bangalore section of NH-44 Under NHO EPC basis in the state of Telangana,2026-05,0.23650981629954804,0
617913,6-laning of km 9.900 to km 19/948 Aramgarh to Shamshabad Section of Hyderabad- Bangalore section of NH-44 Under NHO EPC basis in the state of Telangana,2026-06,0.23614619827212252,0
617914,Upgradation and reconstruction of Shahpura-Dindori Section of NH 45 from Km 103.700 Design to Km 164.580 Design including 3 bypasses Total length 60.88km to Two lane with paved shoulder configuration along with One time improvement in 03 nos of bypassed built-up areas in a total length of 12.341 km in the State of Madhya Pradesh on EPC mode,2026-04,0.22640189439779826,0
617914,Upgradation and reconstruction of Shahpura-Dindori Section of NH 45 from Km 103.700 Design to Km 164.580 Design including 3 bypasses Total length 60.88km to Two lane with paved shoulder configuration along with One time improvement in 03 nos of bypassed built-up areas in a total length of 12.341 km in the State of Madhya Pradesh on EPC mode,2026-05,0.21652120683741624,0
617914,Upgradation and reconstruction of Shahpura-Dindori Section of NH 45 from Km 103.700 Design to Km 164.580 Design including 3 bypasses Total length 60.88km to Two lane with paved shoulder configuration along with One time improvement in 03 nos of bypassed built-up areas in a total length of 12.341 km in the State of Madhya Pradesh on EPC mode,2026-06,0.24675302611899194,0
617915,Upgradation of Dindori-Sagartola-kabichabutra MP-CG border section of NH -45 from km 000Design to km 77.00 Design to Two lane with paved shoulder configration along with one time improvement in 04 nos. of bypaased built-up areas in a total length of 9.1 km in the state of Madhya Pradesh on EPC mode.,2026-04,0.20889904320033562,0
617915,Upgradation of Dindori-Sagartola-kabichabutra MP-CG border section of NH -45 from km 000Design to km 77.00 Design to Two lane with paved shoulder configration along with one time improvement in 04 nos. of bypaased built-up areas in a total length of 9.1 km in the state of Madhya Pradesh on EPC mode.,2026-05,0.12578782860990664,0
617916,Work of 6 laning/Construction of elevated corridor from km 0/0 to 10/170 Narol Junction to Sarkhej junction including 4 lane Shastri Bridge on Sabarmati river on NH 47 in the State of Gujarat on HAM mode,2026-04,0.19340224137111203,0
617916,Work of 6 laning/Construction of elevated corridor from km 0/0 to 10/170 Narol Junction to Sarkhej junction including 4 lane Shastri Bridge on Sabarmati river on NH 47 in the State of Gujarat on HAM mode,2026-05,0.05518421939811966,0
617916,Work of 6 laning/Construction of elevated corridor from km 0/0 to 10/170 Narol Junction to Sarkhej junction including 4 lane Shastri Bridge on Sabarmati river on NH 47 in the State of Gujarat on HAM mode,2026-06,0.08296603915763688,0
617917,"Construction of 4 Lane Flyover at Nagpur RTO Chowk To Nagpur University Campus from Ch 2/250 to 5/100 and 4 lane flyover at wadi/midc junction from km 8/360 to km, 10/300 on NH 53 in state of Maharashtra.",2026-04,0.2696067242878036,0
617919,Construction of 4 Nos Grade separtor between km. 281.000 to km. 307.600 km. 286.400 kumhari km. 299.000 Transport Nagar km. 302.000 Power House km. 304.000 Chandra Moura Chowk to km. 305.000 supeia of NH-53 old NH-06 Raipur - Durg 4 Lane on EPC mode in the state of chhattisgarh job NO. NH-53old NH-06 CG- 2017-18-56,2026-04,0.23173192444753704,0
617919,Construction of 4 Nos Grade separtor between km. 281.000 to km. 307.600 km. 286.400 kumhari km. 299.000 Transport Nagar km. 302.000 Power House km. 304.000 Chandra Moura Chowk to km. 305.000 supeia of NH-53 old NH-06 Raipur - Durg 4 Lane on EPC mode in the state of chhattisgarh job NO. NH-53old NH-06 CG- 2017-18-56,2026-05,0.1448024549611187,0
617919,Construction of 4 Nos Grade separtor between km. 281.000 to km. 307.600 km. 286.400 kumhari km. 299.000 Transport Nagar km. 302.000 Power House km. 304.000 Chandra Moura Chowk to km. 305.000 supeia of NH-53 old NH-06 Raipur - Durg 4 Lane on EPC mode in the state of chhattisgarh job NO. NH-53old NH-06 CG- 2017-18-56,2026-06,0.150799162717745,0
617920,Widening and Strengthening to 2LPS including LA from km 318.970 to 353.450 Balikuda-Mulkani Section of NH-55 under NHO in Annual Plan 2022-23 in the State of Odisha. Job No. NH-55-OD-2022-23-656,2026-04,0.29131201831918546,0
617920,Widening and Strengthening to 2LPS including LA from km 318.970 to 353.450 Balikuda-Mulkani Section of NH-55 under NHO in Annual Plan 2022-23 in the State of Odisha. Job No. NH-55-OD-2022-23-656,2026-05,0.12163540029015664,0
617920,Widening and Strengthening to 2LPS including LA from km 318.970 to 353.450 Balikuda-Mulkani Section of NH-55 under NHO in Annual Plan 2022-23 in the State of Odisha. Job No. NH-55-OD-2022-23-656,2026-06,0.16949055994867848,0
617921,Widening and strengthening to 2LPS including LA of Kandarpur-Balikuda from km 277/500 to 318/970 of NH-55 in the State of Odisha under Annual Plan 2021-22.,2026-04,0.23510289260841663,0
617921,Widening and strengthening to 2LPS including LA of Kandarpur-Balikuda from km 277/500 to 318/970 of NH-55 in the State of Odisha under Annual Plan 2021-22.,2026-05,0.17154822078106924,0
617921,Widening and strengthening to 2LPS including LA of Kandarpur-Balikuda from km 277/500 to 318/970 of NH-55 in the State of Odisha under Annual Plan 2021-22.,2026-06,0.21399071353582816,0
617922,Construction of Jharsuguda Bypass including Land acqusition on NH-49 from km 258.636 to km 283.300 design chainage 258.636 to km 289.876 under NHO in Annual Plan 2022-23 for the state of Odisha Job No.NH-49-OD-2022-23-655,2026-04,0.30611659265775837,0
617922,Construction of Jharsuguda Bypass including Land acqusition on NH-49 from km 258.636 to km 283.300 design chainage 258.636 to km 289.876 under NHO in Annual Plan 2022-23 for the state of Odisha Job No.NH-49-OD-2022-23-655,2026-05,0.1205826232237052,0
617922,Construction of Jharsuguda Bypass including Land acqusition on NH-49 from km 258.636 to km 283.300 design chainage 258.636 to km 289.876 under NHO in Annual Plan 2022-23 for the state of Odisha Job No.NH-49-OD-2022-23-655,2026-06,0.18575260422049125,0
617923,Construction of Daspalla Bypass from km 195.250 To 200.635 of NH-57 including land acquisition in the state of Odisha on EPC mode under Annual Plan 2022-23.,2026-04,0.2071039756705495,0
617923,Construction of Daspalla Bypass from km 195.250 To 200.635 of NH-57 including land acquisition in the state of Odisha on EPC mode under Annual Plan 2022-23.,2026-05,0.1281548022576645,0
617923,Construction of Daspalla Bypass from km 195.250 To 200.635 of NH-57 including land acquisition in the state of Odisha on EPC mode under Annual Plan 2022-23.,2026-06,0.16396911823479512,0
617924,Construction of bypass to Nayagarh town from km 235.469 to 252.482 of NH-57 including land acquisition in the state of Odisha.,2026-04,0.1891089538925024,0
617925,Construction of Bypass to Khordha town from Km 294/000 to 300/300 on NH-57 including LA in the State of Odisha on EPC mode.,2026-04,0.2001663967488746,0
617925,Construction of Bypass to Khordha town from Km 294/000 to 300/300 on NH-57 including LA in the State of Odisha on EPC mode.,2026-05,0.16513975038888873,0
617925,Construction of Bypass to Khordha town from Km 294/000 to 300/300 on NH-57 including LA in the State of Odisha on EPC mode.,2026-06,0.20535140736155583,0
617926,Construction of new 4 lane major bridge with approaches on Sabarmati River near Dharoi at Km. 82/00 to 86/00 Design length 3.300 km on NH-58 in the State of Gujarat on Hybrid Annuity Mode HAM,2026-04,0.21833194176914272,0
617926,Construction of new 4 lane major bridge with approaches on Sabarmati River near Dharoi at Km. 82/00 to 86/00 Design length 3.300 km on NH-58 in the State of Gujarat on Hybrid Annuity Mode HAM,2026-05,0.06281948313501307,0
617926,Construction of new 4 lane major bridge with approaches on Sabarmati River near Dharoi at Km. 82/00 to 86/00 Design length 3.300 km on NH-58 in the State of Gujarat on Hybrid Annuity Mode HAM,2026-06,0.11185034202078206,0
617927,Widening to 2LPS between Km 0/0 to 56/0 Khokhara Gujarat Border Vijayanagar Antrasuba Mathasur road of NH 58 in the State of Gujarat,2026-04,0.19333440669492438,0
617927,Widening to 2LPS between Km 0/0 to 56/0 Khokhara Gujarat Border Vijayanagar Antrasuba Mathasur road of NH 58 in the State of Gujarat,2026-05,0.05490587992898843,0
617927,Widening to 2LPS between Km 0/0 to 56/0 Khokhara Gujarat Border Vijayanagar Antrasuba Mathasur road of NH 58 in the State of Gujarat,2026-06,0.10703920728529447,0
617928,"Widening 2 lane to 4-lane from KM 92/320 to Km 115/320 Vav Chokdi-Satlasana to to Vrundavan Chokdi, Kheralu on NH-58 in the State of Gujarat.",2026-04,0.14678216017374685,0
617928,"Widening 2 lane to 4-lane from KM 92/320 to Km 115/320 Vav Chokdi-Satlasana to to Vrundavan Chokdi, Kheralu on NH-58 in the State of Gujarat.",2026-05,0.09881986837084138,0
617928,"Widening 2 lane to 4-lane from KM 92/320 to Km 115/320 Vav Chokdi-Satlasana to to Vrundavan Chokdi, Kheralu on NH-58 in the State of Gujarat.",2026-06,0.10808961566670694,0
617929,Construction of 2 lane with paved shoulder of Kund Bypass from Design Km 35.130 to Km 47.700 existing Km 33.130 to Km 41.260 of NH-109 in the State of Uttarakhand,2026-04,0.32015249948383795,0
617929,Construction of 2 lane with paved shoulder of Kund Bypass from Design Km 35.130 to Km 47.700 existing Km 33.130 to Km 41.260 of NH-109 in the State of Uttarakhand,2026-05,0.2531924309514279,0
617929,Construction of 2 lane with paved shoulder of Kund Bypass from Design Km 35.130 to Km 47.700 existing Km 33.130 to Km 41.260 of NH-109 in the State of Uttarakhand,2026-06,0.2871601588312798,0
617930,Construction of Bypass on NH-59 from Km 336/350 to 349/910 13.56 km near Berhampur town including 4-lane RoB in the state of Odisha.,2026-04,0.3349419446956075,0
617930,Construction of Bypass on NH-59 from Km 336/350 to 349/910 13.56 km near Berhampur town including 4-lane RoB in the state of Odisha.,2026-05,0.46800834168433086,0
617930,Construction of Bypass on NH-59 from Km 336/350 to 349/910 13.56 km near Berhampur town including 4-lane RoB in the state of Odisha.,2026-06,0.3995940281773334,0
617931,Construction of ROB and its approaches in lieu of LC No. 10/B/T at Km 307.050 of NH-60.,2026-04,0.24308333070859628,0
617931,Construction of ROB and its approaches in lieu of LC No. 10/B/T at Km 307.050 of NH-60.,2026-05,0.19494200166292627,0
617931,Construction of ROB and its approaches in lieu of LC No. 10/B/T at Km 307.050 of NH-60.,2026-06,0.2083744760952267,0
617932,Construction of New Four Lane Bypass to Parbhani City Parwa to Asola Km 463/265 to Km 481/180 Design Ch. 19220 to Ch. 34434 Length-15.214 Km section of NH-61 on EPC mode in the State of Maharashtra.,2026-04,0.2623192060765382,0
617932,Construction of New Four Lane Bypass to Parbhani City Parwa to Asola Km 463/265 to Km 481/180 Design Ch. 19220 to Ch. 34434 Length-15.214 Km section of NH-61 on EPC mode in the State of Maharashtra.,2026-05,0.15761977079742823,0
617932,Construction of New Four Lane Bypass to Parbhani City Parwa to Asola Km 463/265 to Km 481/180 Design Ch. 19220 to Ch. 34434 Length-15.214 Km section of NH-61 on EPC mode in the State of Maharashtra.,2026-06,0.20039606812779068,0
617933,Up-gradation to four lane/ Two lane with paved shoulders configuration of Kalyan - Murbad - Malshej Ghat - Nirmal Road NH- 61 km 15/200 to Km 38/00 and from Km. 58/00 to Km 84/00 Design length 48.58 km of NH-61 on EPC Mode in Thane District in the state of Maharashtra,2026-04,0.256173601797566,0
617934,Nasratpur to Barasgaon section of NH-61 2L / 4L PS from Km.514/00 to 558/200,2026-04,0.27785524792870464,0
617934,Nasratpur to Barasgaon section of NH-61 2L / 4L PS from Km.514/00 to 558/200,2026-05,0.15478975650155932,0
617934,Nasratpur to Barasgaon section of NH-61 2L / 4L PS from Km.514/00 to 558/200,2026-06,0.1721167243932615,0
617935,"Construction of Elevated corridor from Km. 135.650 to 136.300 on 63, from Km. 249 to Km. 250.050 on old NH-4 and from Km. 192.910 to Km. 193.350 on NH-218 from decongestion of traffic in Ranichennamma circle in Hubli city in the state of Karnataka on EPC basis",2026-04,0.3279813509181762,0
617935,"Construction of Elevated corridor from Km. 135.650 to 136.300 on 63, from Km. 249 to Km. 250.050 on old NH-4 and from Km. 192.910 to Km. 193.350 on NH-218 from decongestion of traffic in Ranichennamma circle in Hubli city in the state of Karnataka on EPC basis",2026-05,0.26986483014304613,0
617935,"Construction of Elevated corridor from Km. 135.650 to 136.300 on 63, from Km. 249 to Km. 250.050 on old NH-4 and from Km. 192.910 to Km. 193.350 on NH-218 from decongestion of traffic in Ranichennamma circle in Hubli city in the state of Karnataka on EPC basis",2026-06,0.29306182200473124,0
617936,Widening to two/four lane with paved shoulder from Km.180.600 to Km.223.000 of NH-63 on Nizamabad-Jagadalpur road on EPC mode under NHO in the state of Telangana.,2026-04,0.25423518360659875,0
617936,Widening to two/four lane with paved shoulder from Km.180.600 to Km.223.000 of NH-63 on Nizamabad-Jagadalpur road on EPC mode under NHO in the state of Telangana.,2026-05,0.14092547105637324,0
617936,Widening to two/four lane with paved shoulder from Km.180.600 to Km.223.000 of NH-63 on Nizamabad-Jagadalpur road on EPC mode under NHO in the state of Telangana.,2026-06,0.14919075753309338,0
617937,Udgir Raavi Degloor Aadampur phata to Sagroli fata,2026-04,0.2269309333400927,0
617937,Udgir Raavi Degloor Aadampur phata to Sagroli fata,2026-05,0.0813937486372334,0
617937,Udgir Raavi Degloor Aadampur phata to Sagroli fata,2026-06,0.1348306514036155,0
617938,Rehabilitation And Upgradation to four lane with paved shoulder configuration from km 24350 to km 61875 Jawale - Borgaon Kale of NH-63 in the State of Maharashtra on EPC mode under Annual Plan 2024-25 Total length - 37.525 Km.,2026-04,0.19767645296614159,0
617938,Rehabilitation And Upgradation to four lane with paved shoulder configuration from km 24350 to km 61875 Jawale - Borgaon Kale of NH-63 in the State of Maharashtra on EPC mode under Annual Plan 2024-25 Total length - 37.525 Km.,2026-05,0.09211196972121914,0
617938,Rehabilitation And Upgradation to four lane with paved shoulder configuration from km 24350 to km 61875 Jawale - Borgaon Kale of NH-63 in the State of Maharashtra on EPC mode under Annual Plan 2024-25 Total length - 37.525 Km.,2026-06,0.19189399673451668,0
617939,6-Laning of Pune-Hyderabad Section of NH-65 from Km 493/0 to Km 524/0 from Sangareddy X Roads to Madinaguda in the State of Telangana,2026-04,0.22425902967452363,0
617939,6-Laning of Pune-Hyderabad Section of NH-65 from Km 493/0 to Km 524/0 from Sangareddy X Roads to Madinaguda in the State of Telangana,2026-05,0.12475726884807867,0
617939,6-Laning of Pune-Hyderabad Section of NH-65 from Km 493/0 to Km 524/0 from Sangareddy X Roads to Madinaguda in the State of Telangana,2026-06,0.19626222014303882,0
617940,"Rehabilitation and Upgradation of LB-Nagar to Malkapur section to 6-Lane main carriageway with service roads, drains cum footpath, including VUPs and widening of Minor bridge & road safety provisions from Km. 15/00 to Km 40/00 of NH-65 Old NH-9 under NH O for the year 2020-21 in the state of Telangana on EPC Mode.",2026-04,0.28778629902607294,0
617940,"Rehabilitation and Upgradation of LB-Nagar to Malkapur section to 6-Lane main carriageway with service roads, drains cum footpath, including VUPs and widening of Minor bridge & road safety provisions from Km. 15/00 to Km 40/00 of NH-65 Old NH-9 under NH O for the year 2020-21 in the state of Telangana on EPC Mode.",2026-05,0.17108611245900704,0
617940,"Rehabilitation and Upgradation of LB-Nagar to Malkapur section to 6-Lane main carriageway with service roads, drains cum footpath, including VUPs and widening of Minor bridge & road safety provisions from Km. 15/00 to Km 40/00 of NH-65 Old NH-9 under NH O for the year 2020-21 in the state of Telangana on EPC Mode.",2026-06,0.2051215631868495,0
617941,4-Laning from End of Zuari approaches to Start of Margao Bypass section of NH-66 from Km 536.800 to Km 543.450,2026-04,0.2091353115762088,0
617941,4-Laning from End of Zuari approaches to Start of Margao Bypass section of NH-66 from Km 536.800 to Km 543.450,2026-05,0.06607922893226449,0
617941,4-Laning from End of Zuari approaches to Start of Margao Bypass section of NH-66 from Km 536.800 to Km 543.450,2026-06,0.09287239486957369,0
617942,Construction of Six lane Elevated Corridor from Km. 508.000 to Km. 513.150 including approaches on NH-66,2026-04,0.21110022034606135,0
617942,Construction of Six lane Elevated Corridor from Km. 508.000 to Km. 513.150 including approaches on NH-66,2026-05,0.16420381446112756,0
617942,Construction of Six lane Elevated Corridor from Km. 508.000 to Km. 513.150 including approaches on NH-66,2026-06,0.12629599094628957,0
617943,4-laning of Navelim to Cuncolim Section of NH-66 from Km 554.245 to Km 561.480 on HAM Mode,2026-05,0.1612655608459216,0
617943,4-laning of Navelim to Cuncolim Section of NH-66 from Km 554.245 to Km 561.480 on HAM Mode,2026-06,0.09940768022265235,0
617944,Kashedi ghat tunnel NH-66 [Bhogaon Khurd - Kashedi section] 4 lanes under NHDP on EPC mode,2026-04,0.25488388002764034,0
617945,Balance work of NH-66 from design Km 84/00 to Km 87/100 Indapur Bypass and Km 91/600 to Km 99/100 Mangaon Bypass to four lane with paved shoulder in State of Maharashtra under NHO on EPC Mode.,2026-04,0.2689590242651798,0
617945,Balance work of NH-66 from design Km 84/00 to Km 87/100 Indapur Bypass and Km 91/600 to Km 99/100 Mangaon Bypass to four lane with paved shoulder in State of Maharashtra under NHO on EPC Mode.,2026-05,0.15827295527422858,0
617945,Balance work of NH-66 from design Km 84/00 to Km 87/100 Indapur Bypass and Km 91/600 to Km 99/100 Mangaon Bypass to four lane with paved shoulder in State of Maharashtra under NHO on EPC Mode.,2026-06,0.20399953993363729,0
617946,Kashedi to Parshuram Ghat section of NH-66 from Km 161/600 - Km 205/400 - 4L PS,2026-04,0.28603797216280413,0
617946,Kashedi to Parshuram Ghat section of NH-66 from Km 161/600 - Km 205/400 - 4L PS,2026-05,0.14109892165394217,0
617946,Kashedi to Parshuram Ghat section of NH-66 from Km 161/600 - Km 205/400 - 4L PS,2026-06,0.16647802527451916,0
617947,Arawali Kante section of NH-17New NH-66 4L PS from Km.241/300 to 281/300,2026-04,0.3108050984150337,0
617947,Arawali Kante section of NH-17New NH-66 4L PS from Km.241/300 to 281/300,2026-05,0.15308091808299187,0
617947,Arawali Kante section of NH-17New NH-66 4L PS from Km.241/300 to 281/300,2026-06,0.1828066804119934,0
617948,Kante - Wakad section of NH-66 4L PS from Km.281/300 to 332/200,2026-04,0.27377169854600725,0
617948,Kante - Wakad section of NH-66 4L PS from Km.281/300 to 332/200,2026-05,0.14395066412327065,0
617948,Kante - Wakad section of NH-66 4L PS from Km.281/300 to 332/200,2026-06,0.21100429018982483,0
617949,Tadipatri Bypass Km 0000 to Km 6285 of 4-Lane on NH-67 in Anantapuramu district of AP state under NHO on EPC Mode under Annual Plan 2022-23,2026-04,0.1269661381394678,0
617949,Tadipatri Bypass Km 0000 to Km 6285 of 4-Lane on NH-67 in Anantapuramu district of AP state under NHO on EPC Mode under Annual Plan 2022-23,2026-05,0.09994819637777945,0
617950,Construction of Srinivasapura Bypass from existing Km 453.890 Design Ch. 0000 to existing Km 461.450 Design Ch 10080 on NH-69 in the State of Karnataka Under NH O in EPC mode under Annual Plan 2022-23 NH-69-KNT-2022-23-966 dated 22.11.2022,2026-04,0.2675292648762335,0
617950,Construction of Srinivasapura Bypass from existing Km 453.890 Design Ch. 0000 to existing Km 461.450 Design Ch 10080 on NH-69 in the State of Karnataka Under NH O in EPC mode under Annual Plan 2022-23 NH-69-KNT-2022-23-966 dated 22.11.2022,2026-05,0.16281582378709644,0
617950,Construction of Srinivasapura Bypass from existing Km 453.890 Design Ch. 0000 to existing Km 461.450 Design Ch 10080 on NH-69 in the State of Karnataka Under NH O in EPC mode under Annual Plan 2022-23 NH-69-KNT-2022-23-966 dated 22.11.2022,2026-06,0.22137499269949312,0
617951,Construction of Chintamani Bypass from Design Ch.0000 Existing Ch.428880 to Design Ch.15400 Existing Ch.444010 on NH-69 in the State of Karnataka in EPC Mode under NHO Annual Plan 2022-23. NH-69-KNT-2022-23-989 dated 24.03.2023,2026-04,0.20307550698859256,0
617951,Construction of Chintamani Bypass from Design Ch.0000 Existing Ch.428880 to Design Ch.15400 Existing Ch.444010 on NH-69 in the State of Karnataka in EPC Mode under NHO Annual Plan 2022-23. NH-69-KNT-2022-23-989 dated 24.03.2023,2026-05,0.10915439483904595,0
617951,Construction of Chintamani Bypass from Design Ch.0000 Existing Ch.428880 to Design Ch.15400 Existing Ch.444010 on NH-69 in the State of Karnataka in EPC Mode under NHO Annual Plan 2022-23. NH-69-KNT-2022-23-989 dated 24.03.2023,2026-06,0.1460821648477969,0
617954,Balance work of Rehabilitation and upgrading to 2lane/2lane with paved shoulder configuration and strengthening from from Km 343.80 to 400.33 of Gowribidanur-Chik Ballapur section in the state of Karnataka Under Annual Plan 2021-22 under EPC Mode.-952,2026-04,0.16450805707596913,0
617955,Widening to two lane with paved Shoulders from Km 40.00 to Km 75.00 Existing chainages of Mangalore - Tumkur section of NH-73 in the State of Karnataka on EPC Mode under Annual Plan 2021-22 Job No NH-73-KNT-2021-22-945,2026-04,0.2316512328393461,0
617955,Widening to two lane with paved Shoulders from Km 40.00 to Km 75.00 Existing chainages of Mangalore - Tumkur section of NH-73 in the State of Karnataka on EPC Mode under Annual Plan 2021-22 Job No NH-73-KNT-2021-22-945,2026-05,0.12364105058189888,0
617955,Widening to two lane with paved Shoulders from Km 40.00 to Km 75.00 Existing chainages of Mangalore - Tumkur section of NH-73 in the State of Karnataka on EPC Mode under Annual Plan 2021-22 Job No NH-73-KNT-2021-22-945,2026-06,0.14317509071478463,0
617957,Construction of Jasra Bypass with four lane paved shoulder configurationfrom Km 379.670 on NH-76New NH-35 to Km 18.00 on NH-27New NH-30 on EPC in the State of Uttar Pradesh.,2026-04,0.17621693046034148,0
617958,Widening & Strenthening from km132.895 to km 190.15 NH-80,2026-04,0.1966774532152462,0
617958,Widening & Strenthening from km132.895 to km 190.15 NH-80,2026-05,0.13556385900828016,0
617958,Widening & Strenthening from km132.895 to km 190.15 NH-80,2026-06,0.1639805939890257,0
617959,Rehabilitation & Widening work for 2 Lane with Paved Shoulder of Existing NH-80 from km 70.15 to Km 121.025 of Munger-Suttanganj -BhagatpurMirzachowki section on EPC Mode in the State of Bihar.,2026-04,0.20361014945016212,0
617960,Construction of new road at the missing link portion of NH-81 along approved alignment between Harishchandrapur and Eastern approach of Kalindri Bridge from Km 46.550 to Km 59.697 in the district of Malda. Job No-081-WB-2015-16/400,2026-04,0.2453879622435182,0
617960,Construction of new road at the missing link portion of NH-81 along approved alignment between Harishchandrapur and Eastern approach of Kalindri Bridge from Km 46.550 to Km 59.697 in the district of Malda. Job No-081-WB-2015-16/400,2026-05,0.22537784810455586,0
617960,Construction of new road at the missing link portion of NH-81 along approved alignment between Harishchandrapur and Eastern approach of Kalindri Bridge from Km 46.550 to Km 59.697 in the district of Malda. Job No-081-WB-2015-16/400,2026-06,0.2505771018818798,0
617961,Gaya-Hisua-Rajgir-Nalanda-Biharsharif section km0.00 to 92.935 NH-82,2026-04,0.2159909648572789,0
617961,Gaya-Hisua-Rajgir-Nalanda-Biharsharif section km0.00 to 92.935 NH-82,2026-05,0.13792732639859523,0
617961,Gaya-Hisua-Rajgir-Nalanda-Biharsharif section km0.00 to 92.935 NH-82,2026-06,0.15268993874092468,0
617962,"Construction of Bypass to Madurai Achambathu Viratipathu in between km 6/850 10/382 of NH 49 Extn New NH 85 including Land Acquisition on Engineering, Procurement & Construction EPC basis Contract under NH O Annual Plan 2021-22 in the state of Tamil Nadu job No.NH-49 Extn New NH 85 - TN-2021-22-997",2026-04,0.20102656713020745,0
617962,"Construction of Bypass to Madurai Achambathu Viratipathu in between km 6/850 10/382 of NH 49 Extn New NH 85 including Land Acquisition on Engineering, Procurement & Construction EPC basis Contract under NH O Annual Plan 2021-22 in the state of Tamil Nadu job No.NH-49 Extn New NH 85 - TN-2021-22-997",2026-05,0.117305041821802,0
617962,"Construction of Bypass to Madurai Achambathu Viratipathu in between km 6/850 10/382 of NH 49 Extn New NH 85 including Land Acquisition on Engineering, Procurement & Construction EPC basis Contract under NH O Annual Plan 2021-22 in the state of Tamil Nadu job No.NH-49 Extn New NH 85 - TN-2021-22-997",2026-06,0.1511594257768845,0
617963,Rehabilitation and upgradation to four lane road from km 70.500 to km 78.600 of NH- 92 under EPC mode in the State of Uttar Pradesh,2026-04,0.4565864851246694,0
617963,Rehabilitation and upgradation to four lane road from km 70.500 to km 78.600 of NH- 92 under EPC mode in the State of Uttar Pradesh,2026-05,0.16661117901381825,0
617963,Rehabilitation and upgradation to four lane road from km 70.500 to km 78.600 of NH- 92 under EPC mode in the State of Uttar Pradesh,2026-06,0.2168681605841629,0
617964,"Widening to Four Lane rigid pavement configuration from Km 90.00 to Km 100.800 on NH-96 Km 42.0 to Km 53.300 as per new NH-330,design length of 11.300 km under EPC mode in the state of Uttar Pradesh.",2026-04,0.25340611594034973,0
617964,"Widening to Four Lane rigid pavement configuration from Km 90.00 to Km 100.800 on NH-96 Km 42.0 to Km 53.300 as per new NH-330,design length of 11.300 km under EPC mode in the state of Uttar Pradesh.",2026-05,0.12320976861103039,0
617964,"Widening to Four Lane rigid pavement configuration from Km 90.00 to Km 100.800 on NH-96 Km 42.0 to Km 53.300 as per new NH-330,design length of 11.300 km under EPC mode in the state of Uttar Pradesh.",2026-06,0.16548434290202066,0
617965,Kopargaon to Savali Vihir section,2026-04,0.221423542622122,0
617965,Kopargaon to Savali Vihir section,2026-05,0.12409265663326595,0
617965,Kopargaon to Savali Vihir section,2026-06,0.19470232050046352,0
617966,Rehabilitation and Upgrading to 2 lanes/2-lane with paved shoulders configuration and strengthening of of Birpur and Bihpur Section from km 0.0 to Km 106 of NH 106 under phase I of National Highways Interconnectivity Improvement Projects NHIIP ICB No. NHIIP-BR-106-7 [NHIIP-BR-106-7],2026-04,0.18914398789986067,0
617966,Rehabilitation and Upgrading to 2 lanes/2-lane with paved shoulders configuration and strengthening of of Birpur and Bihpur Section from km 0.0 to Km 106 of NH 106 under phase I of National Highways Interconnectivity Improvement Projects NHIIP ICB No. NHIIP-BR-106-7 [NHIIP-BR-106-7],2026-05,0.13293867114837712,0
617966,Rehabilitation and Upgrading to 2 lanes/2-lane with paved shoulders configuration and strengthening of of Birpur and Bihpur Section from km 0.0 to Km 106 of NH 106 under phase I of National Highways Interconnectivity Improvement Projects NHIIP ICB No. NHIIP-BR-106-7 [NHIIP-BR-106-7],2026-06,0.14069446767340946,0
617967,Construction of Rudraprayag tunnel of length 900.30 MTR including approaches and one major bridge on river Alaknanda connecting NH-107/old-109 to NH-07old-58 on EPC mode in the state of Uttarakhand.,2026-04,0.19876823446771497,0
617967,Construction of Rudraprayag tunnel of length 900.30 MTR including approaches and one major bridge on river Alaknanda connecting NH-107/old-109 to NH-07old-58 on EPC mode in the state of Uttarakhand.,2026-05,0.1210293335137649,0
617967,Construction of Rudraprayag tunnel of length 900.30 MTR including approaches and one major bridge on river Alaknanda connecting NH-107/old-109 to NH-07old-58 on EPC mode in the state of Uttarakhand.,2026-06,0.12851444874982693,0
617968,Construction & Widening Including Augustmuni Bypass Ch-16.545 to Ch - 19.890 to 2L/PS from Km 16.545-Km 33.130 & 45.980 -57.975 Augustmuni to Kund & Guptkashi to Sitapur on NH 109 in UK,2026-04,0.260951352054068,0
617968,Construction & Widening Including Augustmuni Bypass Ch-16.545 to Ch - 19.890 to 2L/PS from Km 16.545-Km 33.130 & 45.980 -57.975 Augustmuni to Kund & Guptkashi to Sitapur on NH 109 in UK,2026-05,0.23156291036537244,0
617968,Construction & Widening Including Augustmuni Bypass Ch-16.545 to Ch - 19.890 to 2L/PS from Km 16.545-Km 33.130 & 45.980 -57.975 Augustmuni to Kund & Guptkashi to Sitapur on NH 109 in UK,2026-06,0.15184894291688014,0
617969,Construction of 4 Lane ROB and its approaches at the level crossing LC No 29 B of Km 29 Ekangarsarai at NH 110 New NH 33 & Railway Km 32.63 at Fatwa FUT Islampur IPR section in the state of Bihar on EPC mode.,2026-04,0.20491744441115636,0
617969,Construction of 4 Lane ROB and its approaches at the level crossing LC No 29 B of Km 29 Ekangarsarai at NH 110 New NH 33 & Railway Km 32.63 at Fatwa FUT Islampur IPR section in the state of Bihar on EPC mode.,2026-05,0.11086818690894859,0
617969,Construction of 4 Lane ROB and its approaches at the level crossing LC No 29 B of Km 29 Ekangarsarai at NH 110 New NH 33 & Railway Km 32.63 at Fatwa FUT Islampur IPR section in the state of Bihar on EPC mode.,2026-06,0.11714807144034135,0
617970,Reconstruction of existing 2 L/IL to 2L with paved shoulder from existing km 52.200 to 92.880 of NH-,2026-04,0.20683829989483482,0
617971,Up-gradation to Two/Four lane with paved shoulder Configuration of Kondagaon- Narayanpur from design ch. 0.00 - 48.693 Design Length 47.493 Km. 1.20 Km. retained on NH-130D under EPC mode in the State Chhattisgarh.,2026-04,0.2742519381917256,0
617971,Up-gradation to Two/Four lane with paved shoulder Configuration of Kondagaon- Narayanpur from design ch. 0.00 - 48.693 Design Length 47.493 Km. 1.20 Km. retained on NH-130D under EPC mode in the State Chhattisgarh.,2026-05,0.10785279057327893,0
617971,Up-gradation to Two/Four lane with paved shoulder Configuration of Kondagaon- Narayanpur from design ch. 0.00 - 48.693 Design Length 47.493 Km. 1.20 Km. retained on NH-130D under EPC mode in the State Chhattisgarh.,2026-06,0.14522284691664097,0
617972,Upgradation to Two lane with Paved Shoulder Configuration of Narayanpur Kasturmeta pkg-II from design ch. 48.693 to 70.453 design length21.760 Km. on NH-130D under EPC mode in the state of Chhattisgarh.,2026-04,0.16661308372156403,0
617972,Upgradation to Two lane with Paved Shoulder Configuration of Narayanpur Kasturmeta pkg-II from design ch. 48.693 to 70.453 design length21.760 Km. on NH-130D under EPC mode in the state of Chhattisgarh.,2026-05,0.149165325750109,0
617972,Upgradation to Two lane with Paved Shoulder Configuration of Narayanpur Kasturmeta pkg-II from design ch. 48.693 to 70.453 design length21.760 Km. on NH-130D under EPC mode in the state of Chhattisgarh.,2026-06,0.16019554478518416,0
617973,Strengthening and widening of existing 2 lane road to two lane paved shoulder from km 7.750 to 26.542 & km. 32.093 to 45.786 of NH-130 on EPC mode in the state of chhattisgarh.job No. 130-CG-2017-18-348,2026-04,0.20985896494651507,0
617974,Rehabilitation and upgradation of 2 lane with paved shoulder from existing km. 195.175 to km. 220.000 Design Chainage km71.300 to Km. 95.947 Excluding existing chainage Km 200.300 to Km 202.400 Design chainage Km 76.400 to Km 78.400 on Dharasu to Yamunotri Road of NH- 134 Old NH-94,2026-04,0.20760424091719878,0
617974,Rehabilitation and upgradation of 2 lane with paved shoulder from existing km. 195.175 to km. 220.000 Design Chainage km71.300 to Km. 95.947 Excluding existing chainage Km 200.300 to Km 202.400 Design chainage Km 76.400 to Km 78.400 on Dharasu to Yamunotri Road of NH- 134 Old NH-94,2026-05,0.09375277510728107,0
617974,Rehabilitation and upgradation of 2 lane with paved shoulder from existing km. 195.175 to km. 220.000 Design Chainage km71.300 to Km. 95.947 Excluding existing chainage Km 200.300 to Km 202.400 Design chainage Km 76.400 to Km 78.400 on Dharasu to Yamunotri Road of NH- 134 Old NH-94,2026-06,0.1334335212274441,0
617975,Rehabilitation and upgradation to 2 lane with paved shoulder configuration from km 122.00 Dharasu Bend to km 147.230 Silkyara Bend of NH-94 in the state of Uttarakhand,2026-04,0.23048528999970533,0
617976,Work of development and construction of elevated corridorfrom km 38/660 to km 42/690 Iscon junction to start point of approach of sanand flyover of NH-147 in the sate of Gujarat,2026-04,0.19319944737820235,0
617976,Work of development and construction of elevated corridorfrom km 38/660 to km 42/690 Iscon junction to start point of approach of sanand flyover of NH-147 in the sate of Gujarat,2026-05,0.15446430909502826,0
617976,Work of development and construction of elevated corridorfrom km 38/660 to km 42/690 Iscon junction to start point of approach of sanand flyover of NH-147 in the sate of Gujarat,2026-06,0.11030485763799393,0
617977,Development of Chiloda - Gandhinagar- Sarkhej ofNH-147 Package -II,2026-04,0.22170696874738763,0
617978,"Rehabilitation, upgradation & widening of existing highway to 2L/4LPS Rigid Pavement of NH 160 section- Phaltan to Mhaishal near Karnataka Border including Tasgaon Bypass, from existing chainage Km 301/430 to Km 458/415 in the State of Maharashtra- Package-II & Package III combined- starting from existing chainage Km 341/300 to Km 394/130 and design chainage Km 340/250 at Dahiwadi Village to Km 392/950 ending at Vita Village in the State of Maharashtra on EPC Mode.",2026-04,0.32168469761930596,0
617978,"Rehabilitation, upgradation & widening of existing highway to 2L/4LPS Rigid Pavement of NH 160 section- Phaltan to Mhaishal near Karnataka Border including Tasgaon Bypass, from existing chainage Km 301/430 to Km 458/415 in the State of Maharashtra- Package-II & Package III combined- starting from existing chainage Km 341/300 to Km 394/130 and design chainage Km 340/250 at Dahiwadi Village to Km 392/950 ending at Vita Village in the State of Maharashtra on EPC Mode.",2026-05,0.13833707629761247,0
617978,"Rehabilitation, upgradation & widening of existing highway to 2L/4LPS Rigid Pavement of NH 160 section- Phaltan to Mhaishal near Karnataka Border including Tasgaon Bypass, from existing chainage Km 301/430 to Km 458/415 in the State of Maharashtra- Package-II & Package III combined- starting from existing chainage Km 341/300 to Km 394/130 and design chainage Km 340/250 at Dahiwadi Village to Km 392/950 ending at Vita Village in the State of Maharashtra on EPC Mode.",2026-06,0.1780738913423828,0
617979,"Rehabilitation, upgradation & widening of existing highway to 2L/4LPS Rigid Pavement of NH 160 section- Phaltan to Mhaisal near Karnataka Border including Tasgaon Bypass, from existing chainage Km 301/430 to Km 458/415 in the State of Maharashtra. Package-I starting from existing chainage Km 301/430 at Phaltan Village Junction of Phaltan Baramati Road Design Chainage -301/430km & ending at existing chainage Km 341/300 Dahiwadi Village Bus Stop Design chainage Km 340466km in the S",2026-04,0.4368564849470986,0
617979,"Rehabilitation, upgradation & widening of existing highway to 2L/4LPS Rigid Pavement of NH 160 section- Phaltan to Mhaisal near Karnataka Border including Tasgaon Bypass, from existing chainage Km 301/430 to Km 458/415 in the State of Maharashtra. Package-I starting from existing chainage Km 301/430 at Phaltan Village Junction of Phaltan Baramati Road Design Chainage -301/430km & ending at existing chainage Km 341/300 Dahiwadi Village Bus Stop Design chainage Km 340466km in the S",2026-05,0.12855209576058105,0
617979,"Rehabilitation, upgradation & widening of existing highway to 2L/4LPS Rigid Pavement of NH 160 section- Phaltan to Mhaisal near Karnataka Border including Tasgaon Bypass, from existing chainage Km 301/430 to Km 458/415 in the State of Maharashtra. Package-I starting from existing chainage Km 301/430 at Phaltan Village Junction of Phaltan Baramati Road Design Chainage -301/430km & ending at existing chainage Km 341/300 Dahiwadi Village Bus Stop Design chainage Km 340466km in the S",2026-06,0.19770044223699787,0
617980,Construction of six lane elevated corridor from km 7.950 Uppal to km 14.200 of NH- 163 to De-Congest the urban limits of Hyderabad-Bhoopalapatnam section on EPC mode in the state of Telangana,2026-04,0.30671197989476756,0
617980,Construction of six lane elevated corridor from km 7.950 Uppal to km 14.200 of NH- 163 to De-Congest the urban limits of Hyderabad-Bhoopalapatnam section on EPC mode in the state of Telangana,2026-05,0.18439087031342158,0
617980,Construction of six lane elevated corridor from km 7.950 Uppal to km 14.200 of NH- 163 to De-Congest the urban limits of Hyderabad-Bhoopalapatnam section on EPC mode in the state of Telangana,2026-06,0.22314371270103853,0
617981,Widening to Two with Paved shoulders from Km 59.500 to Km 132.033 of Manneguda- Ravunapally section of NH-163 Erstwhile SH-4 in the State of Telangana on EPC mode under NH O Annual Plan 2016-17,2026-04,0.23621777437953023,0
617982,Widening and strengthening of existing 2-lane to 2- lane with paved shoulders from km 159/0 to 165/4 and 186/0 to 215/0 of NH-163 on EPC mode int the state of Telangana,2026-04,0.27099421949676916,0
617983,Widening & Strengthening of Existing 2LPS to 4 lane PS from Km 150000 to Km 159000 and Km 165400 to Km 186000 of NH-163 old NH-202 under NH O for the year 2020-21 on EPC Mode in the state of Telangana.,2026-04,0.2125137990156358,0
617983,Widening & Strengthening of Existing 2LPS to 4 lane PS from Km 150000 to Km 159000 and Km 165400 to Km 186000 of NH-163 old NH-202 under NH O for the year 2020-21 on EPC Mode in the state of Telangana.,2026-05,0.1257834113378502,0
617983,Widening & Strengthening of Existing 2LPS to 4 lane PS from Km 150000 to Km 159000 and Km 165400 to Km 186000 of NH-163 old NH-202 under NH O for the year 2020-21 on EPC Mode in the state of Telangana.,2026-06,0.15398683329087381,0
617984,"Gudivada Town 2 RoB, and Road improvement NH-165",2026-04,0.1931337924713661,0
617984,"Gudivada Town 2 RoB, and Road improvement NH-165",2026-05,0.1300390709232009,0
617984,"Gudivada Town 2 RoB, and Road improvement NH-165",2026-06,0.14962483983841704,0
617985,Widening to two lane with paved shoulders from Km 0/0 to 64/020 Pamarru to Akiveedu,2026-04,0.28353419640274335,0
617985,Widening to two lane with paved shoulders from Km 0/0 to 64/020 Pamarru to Akiveedu,2026-05,0.187159604678393,0
617985,Widening to two lane with paved shoulders from Km 0/0 to 64/020 Pamarru to Akiveedu,2026-06,0.2088571642886898,0
617986,Kurnool/Kadapa Border-Jammalamadugu section of NH-167K i.e. Design Ch. Km 248010 to km 269900 to 2,2026-04,0.24059741630650203,0
617986,Kurnool/Kadapa Border-Jammalamadugu section of NH-167K i.e. Design Ch. Km 248010 to km 269900 to 2,2026-05,0.13369630138533228,0
617986,Kurnool/Kadapa Border-Jammalamadugu section of NH-167K i.e. Design Ch. Km 248010 to km 269900 to 2,2026-06,0.1142837523326906,0
617987,Nandyala-Kurnool/Kadapa Border section of NH-167K i.e. Km 186/000 to Km 250/000Design Ch.186000 to 248010 to 2LPS,2026-04,0.18891296906064972,0
617987,Nandyala-Kurnool/Kadapa Border section of NH-167K i.e. Km 186/000 to Km 250/000Design Ch.186000 to 248010 to 2LPS,2026-05,0.059726614335276075,0
617987,Nandyala-Kurnool/Kadapa Border section of NH-167K i.e. Km 186/000 to Km 250/000Design Ch.186000 to 248010 to 2LPS,2026-06,0.08022945935515077,0
617988,Sangameswaram - Atmakuru section from Km 96 to Km 124 & Velegodu- Nandyal section including Nandyal Bypass from Km 143/6 to 185/9 NH-167K,2026-04,0.178159219746127,0
617988,Sangameswaram - Atmakuru section from Km 96 to Km 124 & Velegodu- Nandyal section including Nandyal Bypass from Km 143/6 to 185/9 NH-167K,2026-05,0.05290597734918103,0
617988,Sangameswaram - Atmakuru section from Km 96 to Km 124 & Velegodu- Nandyal section including Nandyal Bypass from Km 143/6 to 185/9 NH-167K,2026-06,0.11610975668685901,0
617989,Construction of Major Bridge at Km.180.865 across river Krishna on NH 167 Hagari Jadcherla section,2026-04,0.2811650112244045,0
617989,Construction of Major Bridge at Km.180.865 across river Krishna on NH 167 Hagari Jadcherla section,2026-05,0.2223973677253118,0
617989,Construction of Major Bridge at Km.180.865 across river Krishna on NH 167 Hagari Jadcherla section,2026-06,0.24966154547639238,0
617990,Construction of bypass road to Adoni town connecting NH-167 Hagari - Jadcharla road from km.62/700 to 71/400 in Kurnool District in the State of Andhra Pradesh.,2026-04,0.14272484664855892,0
617991,"Rehabilitation and up-gradation of NH-167 from Km 14/900 to Km70/000 Design Ch. 14/900 to 69/700 Chintakunta to Adoni section to two lane with paved shoulders in the State of Andhra Pradesh under Corridor Approach through Engineering, Procurement",2026-04,0.1927396269333029,0
617991,"Rehabilitation and up-gradation of NH-167 from Km 14/900 to Km70/000 Design Ch. 14/900 to 69/700 Chintakunta to Adoni section to two lane with paved shoulders in the State of Andhra Pradesh under Corridor Approach through Engineering, Procurement",2026-05,0.14843520982862812,0
617991,"Rehabilitation and up-gradation of NH-167 from Km 14/900 to Km70/000 Design Ch. 14/900 to 69/700 Chintakunta to Adoni section to two lane with paved shoulders in the State of Andhra Pradesh under Corridor Approach through Engineering, Procurement",2026-06,0.17431670297683177,0
617992,Rehabilitation & upgradation of NH - 167 from design km 187.723 to 234.434 Miryalaguda to Kodad section to two lane with paved shoulder on EPC mode in the state of Telangana,2026-04,0.21629892772731027,0
617993,Rehabilitation and upgradation of NH-167 from design km 157.707 to 187.723 design length 30.016 km to two lane with paved shoulders of Alinagar-Miryalaguda Sec on EPC mode in the state of Telangana,2026-04,0.25422025102699597,0
617994,Rehabilitation and upgradation of NH-167 from design km 113.900 to 154.479 Mallepally Haliya section to two lane with paved shoulders on EPC mode in the stte of Telangana,2026-04,0.21524935465777303,0
617994,Rehabilitation and upgradation of NH-167 from design km 113.900 to 154.479 Mallepally Haliya section to two lane with paved shoulders on EPC mode in the stte of Telangana,2026-05,0.16099926653656274,0
617994,Rehabilitation and upgradation of NH-167 from design km 113.900 to 154.479 Mallepally Haliya section to two lane with paved shoulders on EPC mode in the stte of Telangana,2026-06,0.19602854198852357,0
617995,Widening to Two Lane with Paved Shoulders from Km 67.000 to Km 114.425 of Kalwakurthy- Mallapally Section of NH 167 Erstwhile section of SH 18 in the State of Telangana on EPC mode under NH O Annual Plan 2016-17,2026-04,0.19895367724552415,0
617995,Widening to Two Lane with Paved Shoulders from Km 67.000 to Km 114.425 of Kalwakurthy- Mallapally Section of NH 167 Erstwhile section of SH 18 in the State of Telangana on EPC mode under NH O Annual Plan 2016-17,2026-05,0.14197414091458438,0
617995,Widening to Two Lane with Paved Shoulders from Km 67.000 to Km 114.425 of Kalwakurthy- Mallapally Section of NH 167 Erstwhile section of SH 18 in the State of Telangana on EPC mode under NH O Annual Plan 2016-17,2026-06,0.14110165816478726,0
617996,Widening to 2/4 Lane with paved shoulders from Km 182.120 to Km 227.600 of NH 167 on Haggari-Jadcherla Road on EPC mode under NHO in the state of Telangana,2026-04,0.21560830950766194,0
617997,Widening of existing 2 lane to 4 lane with paved shoulder from Designed km 25.15 to km 56.70 Except Km 52.70 to 53.50 of NH-169 Nellisara Camp to Thirthahalli of NH- 169 on Shimoga-Mangalore section in the state of Karnataka on EPC mode under Annual plan 2022-23 NH-169-KNT-2022-23-978 dated 08.03.2023,2026-05,0.18077624685923516,0
617997,Widening of existing 2 lane to 4 lane with paved shoulder from Designed km 25.15 to km 56.70 Except Km 52.70 to 53.50 of NH-169 Nellisara Camp to Thirthahalli of NH- 169 on Shimoga-Mangalore section in the state of Karnataka on EPC mode under Annual plan 2022-23 NH-169-KNT-2022-23-978 dated 08.03.2023,2026-06,0.11396733061657445,0
617998,Widening to existing 2 lane with paved Shoulder to 4 Lane with paved shoulder from design Km 153.00 to 168.27 Mala Gate to Karkala of NH -169 on Shimoga - Mangalore section in the state of Karnataka on EPC mode under Annula Plan 2021-22 Job No. NH-169-KNT-2021-22-949,2026-04,0.19565143454159595,0
617998,Widening to existing 2 lane with paved Shoulder to 4 Lane with paved shoulder from design Km 153.00 to 168.27 Mala Gate to Karkala of NH -169 on Shimoga - Mangalore section in the state of Karnataka on EPC mode under Annula Plan 2021-22 Job No. NH-169-KNT-2021-22-949,2026-05,0.2128300764136541,0
617998,Widening to existing 2 lane with paved Shoulder to 4 Lane with paved shoulder from design Km 153.00 to 168.27 Mala Gate to Karkala of NH -169 on Shimoga - Mangalore section in the state of Karnataka on EPC mode under Annula Plan 2021-22 Job No. NH-169-KNT-2021-22-949,2026-06,0.1678331796979849,0
617999,Widening to 2LPS from Km 67 to Km 115 on Kadur-Hosadurga section NH 173 in the state of Karnataka NH-173-KNT-2022-23-980 dated 13.03.2023,2026-04,0.23525566660214361,0
617999,Widening to 2LPS from Km 67 to Km 115 on Kadur-Hosadurga section NH 173 in the state of Karnataka NH-173-KNT-2022-23-980 dated 13.03.2023,2026-05,0.141685696324655,0
617999,Widening to 2LPS from Km 67 to Km 115 on Kadur-Hosadurga section NH 173 in the state of Karnataka NH-173-KNT-2022-23-980 dated 13.03.2023,2026-06,0.23100974121108636,0
618000,Widening to 2-Lane with Paved Shoulders from Km 116.800 to 149.070Design Changes on Hosadurga - Holalkere Section of NH-173 in the State of Karnataka on EPC mode under Annual Plan 2021-22 Job no. NH-173-KNT-2021-22-946,2026-04,0.14923281051031895,0
618000,Widening to 2-Lane with Paved Shoulders from Km 116.800 to 149.070Design Changes on Hosadurga - Holalkere Section of NH-173 in the State of Karnataka on EPC mode under Annual Plan 2021-22 Job no. NH-173-KNT-2021-22-946,2026-05,0.13240868496194558,0
618000,Widening to 2-Lane with Paved Shoulders from Km 116.800 to 149.070Design Changes on Hosadurga - Holalkere Section of NH-173 in the State of Karnataka on EPC mode under Annual Plan 2021-22 Job no. NH-173-KNT-2021-22-946,2026-06,0.17903192537902407,0
618001,"Construction of 4-lane flyover at Amberpet-X road, Hyderabad on NH-202 in the State of Telangana",2026-04,0.19193411201056795,0
618001,"Construction of 4-lane flyover at Amberpet-X road, Hyderabad on NH-202 in the State of Telangana",2026-05,0.19316792608659594,0
618001,"Construction of 4-lane flyover at Amberpet-X road, Hyderabad on NH-202 in the State of Telangana",2026-06,0.19856994472454959,0
618002,Widening of existing single lane to intermediate lane road from Mokokchung to Chare via Dikhu in the state of Nagaland on EPC mode,2026-04,0.22757102941890064,0
618003,Construction of four lane ROB and its approaches in lieu of existing Level Crossing No. RV-71 at km 435 on NH-217 New NH-353 at Khariar including land acquisition under NHO in Annual Plan 2021-22 for the state of Odisha for F.Y. 2021-22 to F.Y 2033-34,2026-04,0.2293501129676127,0
618003,Construction of four lane ROB and its approaches in lieu of existing Level Crossing No. RV-71 at km 435 on NH-217 New NH-353 at Khariar including land acquisition under NHO in Annual Plan 2021-22 for the state of Odisha for F.Y. 2021-22 to F.Y 2033-34,2026-05,0.1843361277939886,0
618003,Construction of four lane ROB and its approaches in lieu of existing Level Crossing No. RV-71 at km 435 on NH-217 New NH-353 at Khariar including land acquisition under NHO in Annual Plan 2021-22 for the state of Odisha for F.Y. 2021-22 to F.Y 2033-34,2026-06,0.21456732113555138,0
618004,Construction of Bhabhua Bypass from Ch. 10800Design Ch. 10800 to Ch. 19860 Design Ch. 18150 and Chand Bypass from Ch. 38060 Design Ch. 36250 to Ch. 40460 Design Ch. 38650 and widening of existing road to 2 - lane with Paved shoulder from Ch. 40460 Design Ch. 38650 to Ch. 46860 Design Ch. 45050 of NH-219 Total length- 16.150 Kmunder EPC mode in the state of Bihar,2026-04,0.19159559921351008,0
618004,Construction of Bhabhua Bypass from Ch. 10800Design Ch. 10800 to Ch. 19860 Design Ch. 18150 and Chand Bypass from Ch. 38060 Design Ch. 36250 to Ch. 40460 Design Ch. 38650 and widening of existing road to 2 - lane with Paved shoulder from Ch. 40460 Design Ch. 38650 to Ch. 46860 Design Ch. 45050 of NH-219 Total length- 16.150 Kmunder EPC mode in the state of Bihar,2026-05,0.1663215317158107,0
618004,Construction of Bhabhua Bypass from Ch. 10800Design Ch. 10800 to Ch. 19860 Design Ch. 18150 and Chand Bypass from Ch. 38060 Design Ch. 36250 to Ch. 40460 Design Ch. 38650 and widening of existing road to 2 - lane with Paved shoulder from Ch. 40460 Design Ch. 38650 to Ch. 46860 Design Ch. 45050 of NH-219 Total length- 16.150 Kmunder EPC mode in the state of Bihar,2026-06,0.15579222624235795,0
618005,Sheohar-Sitamarhi Section km 40.000 to 79.400 km Lot-I,2026-04,0.19684877227972072,0
618005,Sheohar-Sitamarhi Section km 40.000 to 79.400 km Lot-I,2026-05,0.1302886458361701,0
618006,Sitamarhi-Jaynagar Section km 79.400 to km 156.500 Lot-II,2026-04,0.19521842008320342,0
618007,Jaynagar-Narahia Section km 156.500 to km 219.945 Lot-III,2026-04,0.19734759114194236,0
618008,"Construction of four-lane elevated viaduct from km.4634 to km.6345 on NH-24A including Retaining wall, service lane, at grade road and improvement of junctions, on EPC mode",2026-04,0.21454585905119156,0
618009,Balance work of Construction of Ring Road for Raebareli City on eastern side of NH- 24B Phase-1 on EPC mode.,2026-04,0.22124038556388342,0
618009,Balance work of Construction of Ring Road for Raebareli City on eastern side of NH- 24B Phase-1 on EPC mode.,2026-05,0.1354532909004314,0
618009,Balance work of Construction of Ring Road for Raebareli City on eastern side of NH- 24B Phase-1 on EPC mode.,2026-06,0.14902425595785068,0
618010,Development to 4-lane with paved shoulder for the road section Talwandi Sabo- Raman road to refinery Road junction with Bathinda Dabwali Road of NH-254 from existing Km 131.600 to Km 155.650 Design Km 131600 to km 155600 in the State of Punjab. Job No NH-254-PB-2022-23-565,2026-04,0.2714203765746628,0
618010,Development to 4-lane with paved shoulder for the road section Talwandi Sabo- Raman road to refinery Road junction with Bathinda Dabwali Road of NH-254 from existing Km 131.600 to Km 155.650 Design Km 131600 to km 155600 in the State of Punjab. Job No NH-254-PB-2022-23-565,2026-05,0.11302413866226843,0
618010,Development to 4-lane with paved shoulder for the road section Talwandi Sabo- Raman road to refinery Road junction with Bathinda Dabwali Road of NH-254 from existing Km 131.600 to Km 155.650 Design Km 131600 to km 155600 in the State of Punjab. Job No NH-254-PB-2022-23-565,2026-06,0.1388315817320311,0
618011,Construction of 2 lane with paved shoulder for the work of Development of remaining sections of NH-325 Balotra to sanderao via Jalore to 2 lane with paved shoulder configuration by Construction of Byasses for town portions1 Asotra- Brahmdham bypass 2Siwana Bypass 3 Mokalsar Bypass 4 Major realignment at Kathadi 5 Major realignment at Bishangarh 6 Jalore Bypass 7 Ahore Town portion 8 Dujana Bypass in the state of Rajasthan on EPC Mode,2026-04,0.2185602665173623,0
618011,Construction of 2 lane with paved shoulder for the work of Development of remaining sections of NH-325 Balotra to sanderao via Jalore to 2 lane with paved shoulder configuration by Construction of Byasses for town portions1 Asotra- Brahmdham bypass 2Siwana Bypass 3 Mokalsar Bypass 4 Major realignment at Kathadi 5 Major realignment at Bishangarh 6 Jalore Bypass 7 Ahore Town portion 8 Dujana Bypass in the state of Rajasthan on EPC Mode,2026-05,0.1187507553775946,0
618011,Construction of 2 lane with paved shoulder for the work of Development of remaining sections of NH-325 Balotra to sanderao via Jalore to 2 lane with paved shoulder configuration by Construction of Byasses for town portions1 Asotra- Brahmdham bypass 2Siwana Bypass 3 Mokalsar Bypass 4 Major realignment at Kathadi 5 Major realignment at Bishangarh 6 Jalore Bypass 7 Ahore Town portion 8 Dujana Bypass in the state of Rajasthan on EPC Mode,2026-06,0.1578610216864389,0
618012,"Widening & strengthenlng to 2LPS from km 0,000 to 40.000 Dhaugaon- Podamari section of NH 326 in the State of Odisha under Annual Plan 2021.22.",2026-04,0.1996454208612059,0
618012,"Widening & strengthenlng to 2LPS from km 0,000 to 40.000 Dhaugaon- Podamari section of NH 326 in the State of Odisha under Annual Plan 2021.22.",2026-05,0.19066066442288576,0
618012,"Widening & strengthenlng to 2LPS from km 0,000 to 40.000 Dhaugaon- Podamari section of NH 326 in the State of Odisha under Annual Plan 2021.22.",2026-06,0.22275227229228572,0
618013,4-laning of Puttaparthi-Koduru Section of NH-342,2026-04,0.1850650499928276,0
618013,4-laning of Puttaparthi-Koduru Section of NH-342,2026-05,0.09797008378629725,0
618013,4-laning of Puttaparthi-Koduru Section of NH-342,2026-06,0.21260227114231392,0
618014,"Upgradation of Ambikapur-Ramanujganj-Garwa road of NH-343, Package-III, Badki mahri village to Ramanujganj section from existing km 80.600 to km 110.330 Design Ch. 85.370 to Ch. 114.800 of total length 29.430 km to two lane with paved shoulders udner corridor scheme under EPC Mode in the of Chhattisgarh",2026-04,0.2648681873080806,0
618014,"Upgradation of Ambikapur-Ramanujganj-Garwa road of NH-343, Package-III, Badki mahri village to Ramanujganj section from existing km 80.600 to km 110.330 Design Ch. 85.370 to Ch. 114.800 of total length 29.430 km to two lane with paved shoulders udner corridor scheme under EPC Mode in the of Chhattisgarh",2026-05,0.13751573684952142,0
618014,"Upgradation of Ambikapur-Ramanujganj-Garwa road of NH-343, Package-III, Badki mahri village to Ramanujganj section from existing km 80.600 to km 110.330 Design Ch. 85.370 to Ch. 114.800 of total length 29.430 km to two lane with paved shoulders udner corridor scheme under EPC Mode in the of Chhattisgarh",2026-06,0.19793313862267528,0
618015,"Upgradation of Keonchi - Ratanpur Road of NH 45 Package-I, from design chainage km 237.860 to km 273.200 of length 35.340 km to two lane with paved shoulders under Corridor scheme on EPC mode in the state of Chhattisgarh.",2026-04,0.22289063390381364,0
618015,"Upgradation of Keonchi - Ratanpur Road of NH 45 Package-I, from design chainage km 237.860 to km 273.200 of length 35.340 km to two lane with paved shoulders under Corridor scheme on EPC mode in the state of Chhattisgarh.",2026-05,0.18548828800889944,0
618015,"Upgradation of Keonchi - Ratanpur Road of NH 45 Package-I, from design chainage km 237.860 to km 273.200 of length 35.340 km to two lane with paved shoulders under Corridor scheme on EPC mode in the state of Chhattisgarh.",2026-06,0.1984484689878617,0
618016,"Upgradation of Ambikapur Ramanujganj - Garhwa Road NH 343 of Package-I, Rajpuri Khurd Village to Padih Village section from existing km 7.830 to km 57.650 Design Ch. 13.700 to Ch. 62.700 of total length 49.00 km to two lane with paved shoulders under EPC mode in the state of Chhattisgarh",2026-04,0.2599545571472837,0
618016,"Upgradation of Ambikapur Ramanujganj - Garhwa Road NH 343 of Package-I, Rajpuri Khurd Village to Padih Village section from existing km 7.830 to km 57.650 Design Ch. 13.700 to Ch. 62.700 of total length 49.00 km to two lane with paved shoulders under EPC mode in the state of Chhattisgarh",2026-05,0.13560548920236035,0
618016,"Upgradation of Ambikapur Ramanujganj - Garhwa Road NH 343 of Package-I, Rajpuri Khurd Village to Padih Village section from existing km 7.830 to km 57.650 Design Ch. 13.700 to Ch. 62.700 of total length 49.00 km to two lane with paved shoulders under EPC mode in the state of Chhattisgarh",2026-06,0.21576790209812088,0
618017,"Upgradation of Keonchi - Ratanpur Road of NH 45 Package-II, from design chainage km 278.75 to km 321.348 of length 42.598 km to two lane with paved shoulders under Corridor scheme on EPC mode in the state of Chhattisgarh.",2026-04,0.22041108964229536,0
618017,"Upgradation of Keonchi - Ratanpur Road of NH 45 Package-II, from design chainage km 278.75 to km 321.348 of length 42.598 km to two lane with paved shoulders under Corridor scheme on EPC mode in the state of Chhattisgarh.",2026-05,0.19234374652224637,0
618017,"Upgradation of Keonchi - Ratanpur Road of NH 45 Package-II, from design chainage km 278.75 to km 321.348 of length 42.598 km to two lane with paved shoulders under Corridor scheme on EPC mode in the state of Chhattisgarh.",2026-06,0.19669784417326994,0
618018,Upgradation of Bilaspur-Takhatpur-Mungeli-Pandariya-Pondi Road on N.H.-130A Package IIIA Takhatpur By-pass from existing Ch. 26.542 to 32.093 [Design Ch. 18.700 to 25.900] & Mungeli By-pass from existing Ch. 45.786 to 56.275 [Design Ch. 29.600 to 51.600] and Package IIIB Pandariya By-Pass from existing Ch. 82.582 to 87.133 [Design Ch. 77.900 to 81.1000 & Pondi By-pass from existing Ch. 103.166 to 104.756 [Design Ch. 97.000 to 103.395] to two lane with paved shoulder configuration in the,2026-04,0.19441558265942704,0
618018,Upgradation of Bilaspur-Takhatpur-Mungeli-Pandariya-Pondi Road on N.H.-130A Package IIIA Takhatpur By-pass from existing Ch. 26.542 to 32.093 [Design Ch. 18.700 to 25.900] & Mungeli By-pass from existing Ch. 45.786 to 56.275 [Design Ch. 29.600 to 51.600] and Package IIIB Pandariya By-Pass from existing Ch. 82.582 to 87.133 [Design Ch. 77.900 to 81.1000 & Pondi By-pass from existing Ch. 103.166 to 104.756 [Design Ch. 97.000 to 103.395] to two lane with paved shoulder configuration in the,2026-05,0.15551959977893035,0
618018,Upgradation of Bilaspur-Takhatpur-Mungeli-Pandariya-Pondi Road on N.H.-130A Package IIIA Takhatpur By-pass from existing Ch. 26.542 to 32.093 [Design Ch. 18.700 to 25.900] & Mungeli By-pass from existing Ch. 45.786 to 56.275 [Design Ch. 29.600 to 51.600] and Package IIIB Pandariya By-Pass from existing Ch. 82.582 to 87.133 [Design Ch. 77.900 to 81.1000 & Pondi By-pass from existing Ch. 103.166 to 104.756 [Design Ch. 97.000 to 103.395] to two lane with paved shoulder configuration in the,2026-06,0.17811855367177634,0
618019,Upgradation & widening of Jharkheda- Berasia - Dholkhedi from design km 0000 to km 87900 Design length 87.90km of NH-346 including 3 nos. bypasses of 13.10 Km in the State of Madhya Pradesh under EPC mode.,2026-04,0.17744212409139307,0
618019,Upgradation & widening of Jharkheda- Berasia - Dholkhedi from design km 0000 to km 87900 Design length 87.90km of NH-346 including 3 nos. bypasses of 13.10 Km in the State of Madhya Pradesh under EPC mode.,2026-05,0.09943093805112739,0
618019,Upgradation & widening of Jharkheda- Berasia - Dholkhedi from design km 0000 to km 87900 Design length 87.90km of NH-346 including 3 nos. bypasses of 13.10 Km in the State of Madhya Pradesh under EPC mode.,2026-06,0.12007297961222184,0
618020,"Rehabilitation & Upgradation of KurwaiMungaoliChanderi Road section of NH-346, from Design Chainge 0.000 to 81.300 Km Total length 83.1 km to Two lane with paved shoulder configuration along with One time improvement in 07 nos of bypassed built- up areas in a total length of 22.615 km in the state of Madhya Pradesh on EPC mode.",2026-04,0.24594614374067963,0
618020,"Rehabilitation & Upgradation of KurwaiMungaoliChanderi Road section of NH-346, from Design Chainge 0.000 to 81.300 Km Total length 83.1 km to Two lane with paved shoulder configuration along with One time improvement in 07 nos of bypassed built- up areas in a total length of 22.615 km in the state of Madhya Pradesh on EPC mode.",2026-05,0.14471499474450075,0
618020,"Rehabilitation & Upgradation of KurwaiMungaoliChanderi Road section of NH-346, from Design Chainge 0.000 to 81.300 Km Total length 83.1 km to Two lane with paved shoulder configuration along with One time improvement in 07 nos of bypassed built- up areas in a total length of 22.615 km in the state of Madhya Pradesh on EPC mode.",2026-06,0.1708276667424464,0
618021,Up-gradation of Pichhore- Dinara section of NH-346 from Km 292.750 to 334.550 to two lane with paved shoulders in the state of Madhya Pradesh on EPC mode,2026-04,0.2128786812348452,0
618021,Up-gradation of Pichhore- Dinara section of NH-346 from Km 292.750 to 334.550 to two lane with paved shoulders in the state of Madhya Pradesh on EPC mode,2026-05,0.10355874132813767,0
618021,Up-gradation of Pichhore- Dinara section of NH-346 from Km 292.750 to 334.550 to two lane with paved shoulders in the state of Madhya Pradesh on EPC mode,2026-06,0.10346509646713999,0
618022,Upgradation to two lane with paved Shoulder Configuaration from Km. 0/00 to 47/000 of NH 351 Mahuva to Badhada section in the State of Gujarat,2026-04,0.16404395206583913,0
618022,Upgradation to two lane with paved Shoulder Configuaration from Km. 0/00 to 47/000 of NH 351 Mahuva to Badhada section in the State of Gujarat,2026-05,0.13056873548916065,0
618022,Upgradation to two lane with paved Shoulder Configuaration from Km. 0/00 to 47/000 of NH 351 Mahuva to Badhada section in the State of Gujarat,2026-06,0.21928339247563686,0
618023,Work of Widening/upgradation of 2-Lane with paved shoulder of Sri Muktsar Sahib to Malout road from Km 279.400 to Km 307.060 section of NH-354 in the State of Punjab on EPC mode. Job No. NH-354-PB-2021-22-555,2026-04,0.18373069371425893,0
618023,Work of Widening/upgradation of 2-Lane with paved shoulder of Sri Muktsar Sahib to Malout road from Km 279.400 to Km 307.060 section of NH-354 in the State of Punjab on EPC mode. Job No. NH-354-PB-2021-22-555,2026-05,0.11192349688128395,0
618024,Up-gradation to two lane with paved shoulder configuration of NH-354 Section Arifkes- Ferozepur-Muktsar-Malaut from Km 201.500 to Km 212.500 & Km 229.690 to Km 269.960 and strengthening of existing pavement from Km 212.500 to Km 229.690 excluding Km 218.500 to 223.690 of NH-354 on EPC Mode in the State of Punjab. Job No. NH-354-PB-2020-21-532,2026-04,0.24866216223701562,0
618024,Up-gradation to two lane with paved shoulder configuration of NH-354 Section Arifkes- Ferozepur-Muktsar-Malaut from Km 201.500 to Km 212.500 & Km 229.690 to Km 269.960 and strengthening of existing pavement from Km 212.500 to Km 229.690 excluding Km 218.500 to 223.690 of NH-354 on EPC Mode in the State of Punjab. Job No. NH-354-PB-2020-21-532,2026-05,0.1562437354171612,0
618024,Up-gradation to two lane with paved shoulder configuration of NH-354 Section Arifkes- Ferozepur-Muktsar-Malaut from Km 201.500 to Km 212.500 & Km 229.690 to Km 269.960 and strengthening of existing pavement from Km 212.500 to Km 229.690 excluding Km 218.500 to 223.690 of NH-354 on EPC Mode in the State of Punjab. Job No. NH-354-PB-2020-21-532,2026-06,0.16584712029022433,0
618025,Rehabiitation and upgradation from km 121/000 to 154/000 Nakrekal to Mallampally section of NH-365 to 2 lane with paved shoulders in the state of Telangana in the EPC mode,2026-04,0.2222756235910344,0
618025,Rehabiitation and upgradation from km 121/000 to 154/000 Nakrekal to Mallampally section of NH-365 to 2 lane with paved shoulders in the state of Telangana in the EPC mode,2026-05,0.16537284445442668,0
618025,Rehabiitation and upgradation from km 121/000 to 154/000 Nakrekal to Mallampally section of NH-365 to 2 lane with paved shoulders in the state of Telangana in the EPC mode,2026-06,0.1770374264087663,0
618026,Rehabilitation and upgradation to two lane with paved shoulders from Km 0/000 to 72/6 of NH-365 Nakrekal to Tanamcherla section under NHDP IV in the state of Telangana under EPC mode,2026-04,0.2571803614545166,0
618027,Widening to 2LPS from Km 71.00 to 104.00 Existing chainages Sarjapur to Pattadkallu on Bhanapur to Gaddanakeri section NH-367 in the State of Karnataka under NHO on EPC mode under Annual Plan 2022-23 NH-367-KNT-2022-23-972 dated 08.02.2023,2026-04,0.19565355139596097,0
618027,Widening to 2LPS from Km 71.00 to 104.00 Existing chainages Sarjapur to Pattadkallu on Bhanapur to Gaddanakeri section NH-367 in the State of Karnataka under NHO on EPC mode under Annual Plan 2022-23 NH-367-KNT-2022-23-972 dated 08.02.2023,2026-05,0.16015625212346915,0
618027,Widening to 2LPS from Km 71.00 to 104.00 Existing chainages Sarjapur to Pattadkallu on Bhanapur to Gaddanakeri section NH-367 in the State of Karnataka under NHO on EPC mode under Annual Plan 2022-23 NH-367-KNT-2022-23-972 dated 08.02.2023,2026-06,0.10538969287301748,0
618028,"Construction of Bypass at Kuknoor, Yelburga, Gajendragada of Bhanapur Gaddanakeri section of NH-367 in the State of Karnataka under NHO on EPC mode under Annual Plan 2022-23. NH-367-KNT-2022-23-973 dated 08.02.2023",2026-04,0.20141571084856652,0
618028,"Construction of Bypass at Kuknoor, Yelburga, Gajendragada of Bhanapur Gaddanakeri section of NH-367 in the State of Karnataka under NHO on EPC mode under Annual Plan 2022-23. NH-367-KNT-2022-23-973 dated 08.02.2023",2026-05,0.12911902864587033,0
618028,"Construction of Bypass at Kuknoor, Yelburga, Gajendragada of Bhanapur Gaddanakeri section of NH-367 in the State of Karnataka under NHO on EPC mode under Annual Plan 2022-23. NH-367-KNT-2022-23-973 dated 08.02.2023",2026-06,0.1312181598919758,0
618029,Widening to 4 lane from Km. 133.00 to 158.04 design Chainage Km. 130.88 to 155.145 Shirur Cross to Gaddankeri of NH-367 in the State of Karnataka on EPC mode. Job No. NH-367-KNT-2021-22-930,2026-04,0.2753016595743253,0
618029,Widening to 4 lane from Km. 133.00 to 158.04 design Chainage Km. 130.88 to 155.145 Shirur Cross to Gaddankeri of NH-367 in the State of Karnataka on EPC mode. Job No. NH-367-KNT-2021-22-930,2026-05,0.15921903187177877,0
618029,Widening to 4 lane from Km. 133.00 to 158.04 design Chainage Km. 130.88 to 155.145 Shirur Cross to Gaddankeri of NH-367 in the State of Karnataka on EPC mode. Job No. NH-367-KNT-2021-22-930,2026-06,0.18696785176175026,0
618030,Widening to 2 lane with paved shoulder from Km. 103.225 Pattadakal to Km. 133.00 Shirur cross of NH-367 in the state of Karnataka on EPC Mode.Job No. NH-367-KNT- 2021-22-934,2026-04,0.2046869346587678,0
618030,Widening to 2 lane with paved shoulder from Km. 103.225 Pattadakal to Km. 133.00 Shirur cross of NH-367 in the state of Karnataka on EPC Mode.Job No. NH-367-KNT- 2021-22-934,2026-05,0.20553581312481298,0
618031,Balance work of Construction of Two/Four lane with paved shoulder from Km 422.000 to 523.600 Chitradurga to Shivamogga of NH-13 in the state of Kanataka on EPC mode.,2026-04,0.32410355757949805,0
618031,Balance work of Construction of Two/Four lane with paved shoulder from Km 422.000 to 523.600 Chitradurga to Shivamogga of NH-13 in the state of Kanataka on EPC mode.,2026-05,0.22619676253416937,0
618031,Balance work of Construction of Two/Four lane with paved shoulder from Km 422.000 to 523.600 Chitradurga to Shivamogga of NH-13 in the state of Kanataka on EPC mode.,2026-06,0.21896057615604542,0
618033,4-Laning of Itanagar to Bandardewa section of NH-415from km 40430 to km 51735 Package-Bon EPC Mode in the state of Arunachal Pradesh Job NO. 415/Ar. P/2020- 21/031,2026-04,0.35737895541010417,0
618033,4-Laning of Itanagar to Bandardewa section of NH-415from km 40430 to km 51735 Package-Bon EPC Mode in the state of Arunachal Pradesh Job NO. 415/Ar. P/2020- 21/031,2026-05,0.20266221384392075,0
618034,Construction of 2 lane Barpeta Bypass from Km 77900Baradi to Km 86150 Deurikuchi Length8.25Km on NH-427 in the state of Assam under EPC ModeJob No.427/AS/2022-23/245,2026-04,0.21412763955772718,0
618034,Construction of 2 lane Barpeta Bypass from Km 77900Baradi to Km 86150 Deurikuchi Length8.25Km on NH-427 in the state of Assam under EPC ModeJob No.427/AS/2022-23/245,2026-05,0.141605796452428,0
618034,Construction of 2 lane Barpeta Bypass from Km 77900Baradi to Km 86150 Deurikuchi Length8.25Km on NH-427 in the state of Assam under EPC ModeJob No.427/AS/2022-23/245,2026-06,0.146895410781782,0
618035,Rehabilitation & Upgradation of existing intermediate lane to two Lane with paved shoulder from km. 0.600 Gulganj bypass on NH-34 to km. 43.00 Barna River length 42.400 km. on Gulganj-Amanganj-Pawai-Katni NH43 Extn. in the state of Madhya Pradesh on EPCmode.,2026-04,0.2181741586351262,0
618035,Rehabilitation & Upgradation of existing intermediate lane to two Lane with paved shoulder from km. 0.600 Gulganj bypass on NH-34 to km. 43.00 Barna River length 42.400 km. on Gulganj-Amanganj-Pawai-Katni NH43 Extn. in the state of Madhya Pradesh on EPCmode.,2026-05,0.153882567009367,0
618035,Rehabilitation & Upgradation of existing intermediate lane to two Lane with paved shoulder from km. 0.600 Gulganj bypass on NH-34 to km. 43.00 Barna River length 42.400 km. on Gulganj-Amanganj-Pawai-Katni NH43 Extn. in the state of Madhya Pradesh on EPCmode.,2026-06,0.1591558354319689,0
618036,Upgradation and reconstruction of existing intermediate lane to two Lane with paved shoulder configuration from km. 43.00 Barna River to km. 77.00 ken river length 34.00 km. on Gulganj-Amanganj-Pawai-Katni NH43 Extn. along with One time improvement in 01 no. of bypassed built-up area in a total length of 1.585 km in the state of Madhya Pradesh on EPCmode.,2026-04,0.24966247169003908,0
618036,Upgradation and reconstruction of existing intermediate lane to two Lane with paved shoulder configuration from km. 43.00 Barna River to km. 77.00 ken river length 34.00 km. on Gulganj-Amanganj-Pawai-Katni NH43 Extn. along with One time improvement in 01 no. of bypassed built-up area in a total length of 1.585 km in the state of Madhya Pradesh on EPCmode.,2026-05,0.11024015731441146,0
618036,Upgradation and reconstruction of existing intermediate lane to two Lane with paved shoulder configuration from km. 43.00 Barna River to km. 77.00 ken river length 34.00 km. on Gulganj-Amanganj-Pawai-Katni NH43 Extn. along with One time improvement in 01 no. of bypassed built-up area in a total length of 1.585 km in the state of Madhya Pradesh on EPCmode.,2026-06,0.1853343461692623,0
618037,Rehabilitation and Up-gradation of existin of road from 2-lane to 2-lane with paved shoulders from km. 0.00 to km 53.590 total length-53.590 km of Raychoti to Vempalli section of NH-440 in the State of Andhra Pradesh on EPC mode.,2026-04,0.28434429417938806,0
618037,Rehabilitation and Up-gradation of existin of road from 2-lane to 2-lane with paved shoulders from km. 0.00 to km 53.590 total length-53.590 km of Raychoti to Vempalli section of NH-440 in the State of Andhra Pradesh on EPC mode.,2026-05,0.16612520737730732,0
618037,Rehabilitation and Up-gradation of existin of road from 2-lane to 2-lane with paved shoulders from km. 0.00 to km 53.590 total length-53.590 km of Raychoti to Vempalli section of NH-440 in the State of Andhra Pradesh on EPC mode.,2026-06,0.1561439091233313,0
618038,Construction of Shopian Bypass on NH-444 taking off from existing chainage Km 36500 and re-joining at km 47588 of existing Chainage New Design Ch. From km 28000 to km 36925 as 2- lane with paved shoulder in the UT of Jammu & Kashmir on EPC mode.,2026-04,0.20090791695144342,0
618038,Construction of Shopian Bypass on NH-444 taking off from existing chainage Km 36500 and re-joining at km 47588 of existing Chainage New Design Ch. From km 28000 to km 36925 as 2- lane with paved shoulder in the UT of Jammu & Kashmir on EPC mode.,2026-05,0.06583554350321487,0
618038,Construction of Shopian Bypass on NH-444 taking off from existing chainage Km 36500 and re-joining at km 47588 of existing Chainage New Design Ch. From km 28000 to km 36925 as 2- lane with paved shoulder in the UT of Jammu & Kashmir on EPC mode.,2026-06,0.09041306072108908,0
618039,Widening to 2 Lane from Existing Chainage Km 74.700 Km 100.660 Design Chainage Km 53.365 to Km 78.785 on NH- 507 in the State of Uttarakhand.,2026-04,0.24378042286504523,0
618039,Widening to 2 Lane from Existing Chainage Km 74.700 Km 100.660 Design Chainage Km 53.365 to Km 78.785 on NH- 507 in the State of Uttarakhand.,2026-05,0.082670264599926,0
618039,Widening to 2 Lane from Existing Chainage Km 74.700 Km 100.660 Design Chainage Km 53.365 to Km 78.785 on NH- 507 in the State of Uttarakhand.,2026-06,0.10594281658897609,0
618040,Rehabilitation and Upgradation to Two lanes with Paved Shoulders configuration and Strengthening from Km 175.00 to Km 196.00 Gumkhal to Satpuli of NH-119 New NH- 534 in the State of Uttarakhand under NHO Annual Plan 2021-22 under EPC mode,2026-04,0.3820083024575774,0
618040,Rehabilitation and Upgradation to Two lanes with Paved Shoulders configuration and Strengthening from Km 175.00 to Km 196.00 Gumkhal to Satpuli of NH-119 New NH- 534 in the State of Uttarakhand under NHO Annual Plan 2021-22 under EPC mode,2026-05,0.15745959979251195,0
618040,Rehabilitation and Upgradation to Two lanes with Paved Shoulders configuration and Strengthening from Km 175.00 to Km 196.00 Gumkhal to Satpuli of NH-119 New NH- 534 in the State of Uttarakhand under NHO Annual Plan 2021-22 under EPC mode,2026-06,0.21582145756837165,0
618041,Rehabilitation and upgrading to two lanes with paved shoulders and Strengthening of Kotdwar-Pauri-Srinagar road section from Km 232.00 to 274.470 on NH-119 New 534 Paidul to Srinagar in the State of Uttarakhand on EPC Mode under NHO Annual Plan 2021-22.,2026-04,0.2403381423829684,0
618041,Rehabilitation and upgrading to two lanes with paved shoulders and Strengthening of Kotdwar-Pauri-Srinagar road section from Km 232.00 to 274.470 on NH-119 New 534 Paidul to Srinagar in the State of Uttarakhand on EPC Mode under NHO Annual Plan 2021-22.,2026-05,0.10901746772918895,0
618041,Rehabilitation and upgrading to two lanes with paved shoulders and Strengthening of Kotdwar-Pauri-Srinagar road section from Km 232.00 to 274.470 on NH-119 New 534 Paidul to Srinagar in the State of Uttarakhand on EPC Mode under NHO Annual Plan 2021-22.,2026-06,0.14815713921435952,0
618042,"Rehabilitation/ Upgradation of existing Highway to four lane standards in Kurkheda town from km.413257 to km 410775, Two lane in Shankarpur Gurnuli km 42400 to km 43100 section and Reconstruction of Major Bridge at Ch. 448558 Bhuti Nallah and Ch. 411695 Sati River bridge, Minor Bridge at Ch. 411477 and Ch. 405800 Lendhari Bridge of NH 543 Bhamhapuri-wadsa-kurkheda-korchi-Deori-Amgaon road on EPC mode in the State of Maharashtra",2026-04,0.24994924476744554,0
618042,"Rehabilitation/ Upgradation of existing Highway to four lane standards in Kurkheda town from km.413257 to km 410775, Two lane in Shankarpur Gurnuli km 42400 to km 43100 section and Reconstruction of Major Bridge at Ch. 448558 Bhuti Nallah and Ch. 411695 Sati River bridge, Minor Bridge at Ch. 411477 and Ch. 405800 Lendhari Bridge of NH 543 Bhamhapuri-wadsa-kurkheda-korchi-Deori-Amgaon road on EPC mode in the State of Maharashtra",2026-05,0.19724858861584907,0
618042,"Rehabilitation/ Upgradation of existing Highway to four lane standards in Kurkheda town from km.413257 to km 410775, Two lane in Shankarpur Gurnuli km 42400 to km 43100 section and Reconstruction of Major Bridge at Ch. 448558 Bhuti Nallah and Ch. 411695 Sati River bridge, Minor Bridge at Ch. 411477 and Ch. 405800 Lendhari Bridge of NH 543 Bhamhapuri-wadsa-kurkheda-korchi-Deori-Amgaon road on EPC mode in the State of Maharashtra",2026-06,0.2193831015380842,0
618043,Upgradation and reconstruction of Dindori - Mandla Section of NH 543 from Km 77100 Design to Km 170580 Design Total length 93.48km to Two lane with paved shoulder configuration along with One time improvement in 04 nos of bypassed built-up areas in a total length of 7.23 km in the state of Madhya Pradesh on EPC mode,2026-04,0.1862790155382017,0
618043,Upgradation and reconstruction of Dindori - Mandla Section of NH 543 from Km 77100 Design to Km 170580 Design Total length 93.48km to Two lane with paved shoulder configuration along with One time improvement in 04 nos of bypassed built-up areas in a total length of 7.23 km in the state of Madhya Pradesh on EPC mode,2026-05,0.09569767465044947,0
618043,Upgradation and reconstruction of Dindori - Mandla Section of NH 543 from Km 77100 Design to Km 170580 Design Total length 93.48km to Two lane with paved shoulder configuration along with One time improvement in 04 nos of bypassed built-up areas in a total length of 7.23 km in the state of Madhya Pradesh on EPC mode,2026-06,0.10939795575629074,0
618044,Upgradation of Shahdol- Sagartola Section of NH 543 from km 0000 to km 69400 to 2 lane with paved shoulders under Hybrid Annuity Mode HAM in the State of Madhya Pradesh,2026-04,0.20029657355527514,0
618044,Upgradation of Shahdol- Sagartola Section of NH 543 from km 0000 to km 69400 to 2 lane with paved shoulders under Hybrid Annuity Mode HAM in the State of Madhya Pradesh,2026-05,0.06397613332117186,0
618044,Upgradation of Shahdol- Sagartola Section of NH 543 from km 0000 to km 69400 to 2 lane with paved shoulders under Hybrid Annuity Mode HAM in the State of Madhya Pradesh,2026-06,0.0919536657206737,0
618045,"Construction of Mihona bypass, Lahar bypass, Daboh bypass & Bhander Bypass total length 20.60 km to 2-lane with paved shoulder from on Mihona-Bhander-MP/UP border section of NH 552E in the State of Madhya Pradesh on EPC mode",2026-04,0.21814461674121347,0
618046,Rehabilitation & Up-gradation of Sabalkhed to Ashti Section from Km 37900 to Km 55100 & Chinchpur to Jamkhed Section from km 70000 to km 72922 of NH-561 to Two lane with Paved shoulder/ Four lane configuration in the State of Maharashtra on EPC Mode Length20.122km.,2026-04,0.2209625591367736,0
618047,"Widening, Reconstruction & Up-gradation to 2 lane with Paved Shoulder/Four Lane configuration for the work of Ahmednagar to Sabalkhed & Ashti to Chinchpur Section of NH-561 from Design km 2915 to km 37728 & Design km 55100 to km 70000 in the State of Maharashtra on EPC mode. Length 49.713 km",2026-04,0.3874157093456625,0
618047,"Widening, Reconstruction & Up-gradation to 2 lane with Paved Shoulder/Four Lane configuration for the work of Ahmednagar to Sabalkhed & Ashti to Chinchpur Section of NH-561 from Design km 2915 to km 37728 & Design km 55100 to km 70000 in the State of Maharashtra on EPC mode. Length 49.713 km",2026-05,0.176510088558525,0
618047,"Widening, Reconstruction & Up-gradation to 2 lane with Paved Shoulder/Four Lane configuration for the work of Ahmednagar to Sabalkhed & Ashti to Chinchpur Section of NH-561 from Design km 2915 to km 37728 & Design km 55100 to km 70000 in the State of Maharashtra on EPC mode. Length 49.713 km",2026-06,0.1691870521343872,0
618049,Up-gradation to 2/4 lane with paved shoulder configuration of NH-652 from Tuljapur Naldurg-Akkalkot road Chainage from Km. 00.000 to km 30.982 in the State of Maharashtra on EPC mode.,2026-04,0.22862682781780927,0
618049,Up-gradation to 2/4 lane with paved shoulder configuration of NH-652 from Tuljapur Naldurg-Akkalkot road Chainage from Km. 00.000 to km 30.982 in the State of Maharashtra on EPC mode.,2026-05,0.12198627441577017,0
618049,Up-gradation to 2/4 lane with paved shoulder configuration of NH-652 from Tuljapur Naldurg-Akkalkot road Chainage from Km. 00.000 to km 30.982 in the State of Maharashtra on EPC mode.,2026-06,0.13283878180777708,0
618050,Rehabilitation and Upgradation to 2-lane/Intermediate lane configuration of Ashyari- Shri Kyari Section km 50.000 to km 75.000 of NH-707 in the state of Himachal Pradesh under Green National Highways Corridor Project GNHCP with the loan assistance of World Bank on EPC mode.,2026-04,0.24284539654666815,0
618052,Gorantla - Hindupur section from Km 120/300 to 165/000 of NH716G in the State of Andhra Pradesh,2026-04,0.17283780801229284,0
618052,Gorantla - Hindupur section from Km 120/300 to 165/000 of NH716G in the State of Andhra Pradesh,2026-05,0.05837335467084049,0
618052,Gorantla - Hindupur section from Km 120/300 to 165/000 of NH716G in the State of Andhra Pradesh,2026-06,0.09599759363067073,0
618053,Muddanur to B. Kothapalli section of NH-716G from Km. 0/000 to Km. 56/500 56.500 Km in the State of Andhra Pradesh on EPC mode Job no. 741,2026-04,0.18175742214281926,0
618053,Muddanur to B. Kothapalli section of NH-716G from Km. 0/000 to Km. 56/500 56.500 Km in the State of Andhra Pradesh on EPC mode Job no. 741,2026-05,0.06811501594093716,0
618053,Muddanur to B. Kothapalli section of NH-716G from Km. 0/000 to Km. 56/500 56.500 Km in the State of Andhra Pradesh on EPC mode Job no. 741,2026-06,0.08455835087967781,0
618054,Construction of Balrampur bypass with 2L flexible pavement configuration from km.223.000 of NH-330 to km.328.300 of NH-730 under EPC mode,2026-04,0.20186129026252317,0
618054,Construction of Balrampur bypass with 2L flexible pavement configuration from km.223.000 of NH-330 to km.328.300 of NH-730 under EPC mode,2026-05,0.1927154540318348,0
618054,Construction of Balrampur bypass with 2L flexible pavement configuration from km.223.000 of NH-330 to km.328.300 of NH-730 under EPC mode,2026-06,0.1325408288242346,0
618055,Construction of Pratapgarh Bypass Extension connecting NH-31 to NH-330 on EPC mode in the State of Uttar Pradesh.,2026-04,0.1994132936626797,0
618055,Construction of Pratapgarh Bypass Extension connecting NH-31 to NH-330 on EPC mode in the State of Uttar Pradesh.,2026-05,0.13421418527584747,0
618055,Construction of Pratapgarh Bypass Extension connecting NH-31 to NH-330 on EPC mode in the State of Uttar Pradesh.,2026-06,0.13514527109812743,0
618056,Improvement and Up-gradation to two Lane with Paved Shoulder Configuration from existing km. 420.00 Shohrathgarh to km. 454.00 Uska Bazar of NH-730 in the state of Uttar Pradesh EPC basis,2026-04,0.24896634848459678,0
618056,Improvement and Up-gradation to two Lane with Paved Shoulder Configuration from existing km. 420.00 Shohrathgarh to km. 454.00 Uska Bazar of NH-730 in the state of Uttar Pradesh EPC basis,2026-05,0.17540905776464163,0
618056,Improvement and Up-gradation to two Lane with Paved Shoulder Configuration from existing km. 420.00 Shohrathgarh to km. 454.00 Uska Bazar of NH-730 in the state of Uttar Pradesh EPC basis,2026-06,0.1914472040512679,0
618057,Construction of Shohratgarh Bypass on NH-730 under EPC mode in the State of Uttar Pradesh,2026-04,0.19032310436612224,0
618057,Construction of Shohratgarh Bypass on NH-730 under EPC mode in the State of Uttar Pradesh,2026-05,0.10822034793460274,0
618057,Construction of Shohratgarh Bypass on NH-730 under EPC mode in the State of Uttar Pradesh,2026-06,0.1182565994429549,0
618059,Construction of four-lane Concrete Road from Police Headquarter Gondia City to Rawanwadi Village Birsi Airport Junction from design km 0.000 to km 15.781 existing km 39/720 of NH-753 to existing Km 8/400 of NH 543 on sections from Kohmara- Goregaon- Police HeadquarterKaranja - Collector Office Square - Balaghat T Point- Rawanwadi- Rajegaon of NH-753 and NH-543 in Gondia District in the state of Maharashtra. Total Length of the project 15.781 Km.,2026-04,0.26698502464899565,0
618059,Construction of four-lane Concrete Road from Police Headquarter Gondia City to Rawanwadi Village Birsi Airport Junction from design km 0.000 to km 15.781 existing km 39/720 of NH-753 to existing Km 8/400 of NH 543 on sections from Kohmara- Goregaon- Police HeadquarterKaranja - Collector Office Square - Balaghat T Point- Rawanwadi- Rajegaon of NH-753 and NH-543 in Gondia District in the state of Maharashtra. Total Length of the project 15.781 Km.,2026-05,0.19667954098781978,0
618059,Construction of four-lane Concrete Road from Police Headquarter Gondia City to Rawanwadi Village Birsi Airport Junction from design km 0.000 to km 15.781 existing km 39/720 of NH-753 to existing Km 8/400 of NH 543 on sections from Kohmara- Goregaon- Police HeadquarterKaranja - Collector Office Square - Balaghat T Point- Rawanwadi- Rajegaon of NH-753 and NH-543 in Gondia District in the state of Maharashtra. Total Length of the project 15.781 Km.,2026-06,0.20533733176518132,0
618060,Widening and Strengthening of existing paveemnt to two lane with paved shoulders from km 116.00 to km 176.355 of NH-75E in the State of Jharkhand on EPC mode.,2026-04,0.24926837141315616,0
618060,Widening and Strengthening of existing paveemnt to two lane with paved shoulders from km 116.00 to km 176.355 of NH-75E in the State of Jharkhand on EPC mode.,2026-05,0.14483867785599572,0
618060,Widening and Strengthening of existing paveemnt to two lane with paved shoulders from km 116.00 to km 176.355 of NH-75E in the State of Jharkhand on EPC mode.,2026-06,0.17543235856285933,0
618061,"Strengthening, Widening & Up-gradation of newly declared NH-761 from NH- 61Junction-BelheAlkutiDevibhoyareNighojShirur, from Design chainage Km 0.000 to Km 37.970 from Single/Intermediate/2L to 2LPS in the State of Maharashtra on EPC Mode Length 37.970 Km",2026-04,0.31482167405387373,0
618061,"Strengthening, Widening & Up-gradation of newly declared NH-761 from NH- 61Junction-BelheAlkutiDevibhoyareNighojShirur, from Design chainage Km 0.000 to Km 37.970 from Single/Intermediate/2L to 2LPS in the State of Maharashtra on EPC Mode Length 37.970 Km",2026-05,0.13014480470260467,0
618061,"Strengthening, Widening & Up-gradation of newly declared NH-761 from NH- 61Junction-BelheAlkutiDevibhoyareNighojShirur, from Design chainage Km 0.000 to Km 37.970 from Single/Intermediate/2L to 2LPS in the State of Maharashtra on EPC Mode Length 37.970 Km",2026-06,0.18825428976627087,0
618062,Dornala to Kunta Junction from Design Chainage Km 244000 to 267990 section of NH-765 Package-2,2026-04,0.17884749662058086,0
618063,Widening & Strenghteningof section from Bharthana chowk to Kodarkoot km.0.00 to km.40.00 of NH-91-A on EPC mode,2026-04,0.17171331455647032,0
618063,Widening & Strenghteningof section from Bharthana chowk to Kodarkoot km.0.00 to km.40.00 of NH-91-A on EPC mode,2026-05,0.14519783234660477,0
618063,Widening & Strenghteningof section from Bharthana chowk to Kodarkoot km.0.00 to km.40.00 of NH-91-A on EPC mode,2026-06,0.12441085412656773,0
618064,Up-gradation of NH-930 Sherpar to Kohka from Km.67880 to Km.114860 to 2LPS in Chhattisgarh under EPC mode,2026-04,0.1992688300779241,0
618065,"Rehabilitation/Upgradation of existing Highway to 2LPS/4 lane of Dhawali to Rajoli from Design Km.149476 to 163476 existing Km.150000 to 164000, Pandhasala to Mohadongri from design Km.170476 to 181476 existing Km.171000 to 182000, Ambeshivni Fata to Bodli from design Km.183476 to 185476 existing Km.184000 to 186000 and Made Tukum to Gadchiroli from design Km.188476 to 189476 existing Km.188000 to 18900 having length 28 km of NH-930 of Dhawali to Gadchroli road in the",2026-04,0.28342368910076665,0
618065,"Rehabilitation/Upgradation of existing Highway to 2LPS/4 lane of Dhawali to Rajoli from Design Km.149476 to 163476 existing Km.150000 to 164000, Pandhasala to Mohadongri from design Km.170476 to 181476 existing Km.171000 to 182000, Ambeshivni Fata to Bodli from design Km.183476 to 185476 existing Km.184000 to 186000 and Made Tukum to Gadchiroli from design Km.188476 to 189476 existing Km.188000 to 18900 having length 28 km of NH-930 of Dhawali to Gadchroli road in the",2026-05,0.43670095752962285,0
618065,"Rehabilitation/Upgradation of existing Highway to 2LPS/4 lane of Dhawali to Rajoli from Design Km.149476 to 163476 existing Km.150000 to 164000, Pandhasala to Mohadongri from design Km.170476 to 181476 existing Km.171000 to 182000, Ambeshivni Fata to Bodli from design Km.183476 to 185476 existing Km.184000 to 186000 and Made Tukum to Gadchiroli from design Km.188476 to 189476 existing Km.188000 to 18900 having length 28 km of NH-930 of Dhawali to Gadchroli road in the",2026-06,0.29531448626902906,0
618066,Construction of Amethi bypass Part-II at km.30.050 of NH-931 under EPC mode in the state of Uttar Pradesh,2026-04,0.2875657626073682,0
618066,Construction of Amethi bypass Part-II at km.30.050 of NH-931 under EPC mode in the state of Uttar Pradesh,2026-05,0.12133901168307823,0
618066,Construction of Amethi bypass Part-II at km.30.050 of NH-931 under EPC mode in the state of Uttar Pradesh,2026-06,0.15115224217703435,0
618067,"Rehabilitation & Up-gradation from design Km. 0.000 to Km. 69.280 of NH-931 Pratapgarh - Amethi - Gauriganj -Musafirkhana to two lane with paved shoulder on Engineering, Procurement & Construction EpC mode in the State of Uttar Pradesh",2026-04,0.1857207490667896,0
618067,"Rehabilitation & Up-gradation from design Km. 0.000 to Km. 69.280 of NH-931 Pratapgarh - Amethi - Gauriganj -Musafirkhana to two lane with paved shoulder on Engineering, Procurement & Construction EpC mode in the State of Uttar Pradesh",2026-05,0.050271703466929385,0
618067,"Rehabilitation & Up-gradation from design Km. 0.000 to Km. 69.280 of NH-931 Pratapgarh - Amethi - Gauriganj -Musafirkhana to two lane with paved shoulder on Engineering, Procurement & Construction EpC mode in the State of Uttar Pradesh",2026-06,0.0790372052884298,0
618068,"Construction of Kaithi-Padaria Kala bypass, Patna-Tamoli bypass, Jaso bypass and Nagod bypass total length 15.44 Km to 2-lane with paved shoulders flexible pavement on NH-943 in the State of Madhya Pradesh on EPC Mode.",2026-04,0.19169314507660226,0
618068,"Construction of Kaithi-Padaria Kala bypass, Patna-Tamoli bypass, Jaso bypass and Nagod bypass total length 15.44 Km to 2-lane with paved shoulders flexible pavement on NH-943 in the State of Madhya Pradesh on EPC Mode.",2026-05,0.12872171106881983,0
618068,"Construction of Kaithi-Padaria Kala bypass, Patna-Tamoli bypass, Jaso bypass and Nagod bypass total length 15.44 Km to 2-lane with paved shoulders flexible pavement on NH-943 in the State of Madhya Pradesh on EPC Mode.",2026-06,0.1592053149059379,0
618069,Upgradation to Two-lane with paved shoulder of Hanumangarh to Kenchiyan section from Km 0.000existing chainage-Km 23.200 to Km 49.605existing chainage-Km 74.645 of NH-54 in the State of Rajasthan on EPC mode.,2026-04,0.25697774462190137,0
618069,Upgradation to Two-lane with paved shoulder of Hanumangarh to Kenchiyan section from Km 0.000existing chainage-Km 23.200 to Km 49.605existing chainage-Km 74.645 of NH-54 in the State of Rajasthan on EPC mode.,2026-05,0.11754073856112268,0
618069,Upgradation to Two-lane with paved shoulder of Hanumangarh to Kenchiyan section from Km 0.000existing chainage-Km 23.200 to Km 49.605existing chainage-Km 74.645 of NH-54 in the State of Rajasthan on EPC mode.,2026-06,0.17246917033594017,0
618070,Widening to 2 Lanes with paved shoulders from Km.87/000 to 133/720 Nattukal to Thanau Jn. in Palakkad of NH-966 Old NH-213 on EPC mode Basis under NHO Annual Plan 2016-17 in the state of Kerala,2026-04,0.2558009797944041,0
618070,Widening to 2 Lanes with paved shoulders from Km.87/000 to 133/720 Nattukal to Thanau Jn. in Palakkad of NH-966 Old NH-213 on EPC mode Basis under NHO Annual Plan 2016-17 in the state of Kerala,2026-05,0.14214896446422165,0
618070,Widening to 2 Lanes with paved shoulders from Km.87/000 to 133/720 Nattukal to Thanau Jn. in Palakkad of NH-966 Old NH-213 on EPC mode Basis under NHO Annual Plan 2016-17 in the state of Kerala,2026-06,0.15960667260202496,0
618071,Construction of two lane with paved shoulder Gangtok Bypass Road from Ranipool to Burtuk Ch 0.00 Km to 23.316 L23.316 Km in the State of Sikkim,2026-04,0.21933342761682628,0
618071,Construction of two lane with paved shoulder Gangtok Bypass Road from Ranipool to Burtuk Ch 0.00 Km to 23.316 L23.316 Km in the State of Sikkim,2026-05,0.11869899282074634,0
618071,Construction of two lane with paved shoulder Gangtok Bypass Road from Ranipool to Burtuk Ch 0.00 Km to 23.316 L23.316 Km in the State of Sikkim,2026-06,0.13662890910214287,0
618072,Widening to Existing single lane /intermediate lane to 2 lane from Km185.00 to Km 220.00 of NH-61 New NH-02 in the state of Nagaland.,2026-04,0.20658095222404693,0
618072,Widening to Existing single lane /intermediate lane to 2 lane from Km185.00 to Km 220.00 of NH-61 New NH-02 in the state of Nagaland.,2026-05,0.16033599160199644,0
618072,Widening to Existing single lane /intermediate lane to 2 lane from Km185.00 to Km 220.00 of NH-61 New NH-02 in the state of Nagaland.,2026-06,0.17804906961211672,0
618073,Improvement to Two lane with Paved Shoulder from Junction of NH22 near Hajipur to Junction of NH -122 at Bachhwara via Mahnar and Mohiuddin Nagar from Km 0.00 to Km 29.730 of NH 122 B in the State of Bihar.,2026-04,0.20606759884767387,0
618073,Improvement to Two lane with Paved Shoulder from Junction of NH22 near Hajipur to Junction of NH -122 at Bachhwara via Mahnar and Mohiuddin Nagar from Km 0.00 to Km 29.730 of NH 122 B in the State of Bihar.,2026-05,0.22580321476761256,0
618073,Improvement to Two lane with Paved Shoulder from Junction of NH22 near Hajipur to Junction of NH -122 at Bachhwara via Mahnar and Mohiuddin Nagar from Km 0.00 to Km 29.730 of NH 122 B in the State of Bihar.,2026-06,0.14455652776752756,0
618074,Pre construction activity of NH 122B from km 0 to 72.348 and Improvement to two lane with paved shoulders of NH 122B from km 29.730 to km 72.348 in state of Bihar under EPC mode,2026-04,0.1662872299636974,0
618074,Pre construction activity of NH 122B from km 0 to 72.348 and Improvement to two lane with paved shoulders of NH 122B from km 29.730 to km 72.348 in state of Bihar under EPC mode,2026-05,0.11409146576929453,0
618074,Pre construction activity of NH 122B from km 0 to 72.348 and Improvement to two lane with paved shoulders of NH 122B from km 29.730 to km 72.348 in state of Bihar under EPC mode,2026-06,0.1421602757775964,0
618075,Construction of two lane with paved shoulder from existing Km.0.000 to Km.55.610 design km. 0.000 to km. 54.048 of NH-124D,2026-04,0.23906404156350683,0
618075,Construction of two lane with paved shoulder from existing Km.0.000 to Km.55.610 design km. 0.000 to km. 54.048 of NH-124D,2026-05,0.19887749925238746,0
618075,Construction of two lane with paved shoulder from existing Km.0.000 to Km.55.610 design km. 0.000 to km. 54.048 of NH-124D,2026-06,0.16865660613470748,0
618076,Improvement and Widening two lannig with paved Shoulder of NH 127B from km 31.500 Goeragre to km 63.224 Package-II in state of Meghalaya,2026-04,0.2846137472909584,0
618076,Improvement and Widening two lannig with paved Shoulder of NH 127B from km 31.500 Goeragre to km 63.224 Package-II in state of Meghalaya,2026-05,0.09645070793244313,0
618076,Improvement and Widening two lannig with paved Shoulder of NH 127B from km 31.500 Goeragre to km 63.224 Package-II in state of Meghalaya,2026-06,0.1380590877254665,0
618078,Up-gradation of NH-130C Abhanpur to Paund from NH Km. 0000 to KM 40380 to two lane with paved shoulders in the State of Chhattisgarh on EPC mode.,2026-04,0.2245304563550368,0
618079,Construction of Dharmagarh Bypass on NH-130C including land acquisition in the state of Odisha on EPC Mode under Annual plan 2022-23.,2026-04,0.22807352395074793,0
618079,Construction of Dharmagarh Bypass on NH-130C including land acquisition in the state of Odisha on EPC Mode under Annual plan 2022-23.,2026-05,0.1350710350505714,0
618079,Construction of Dharmagarh Bypass on NH-130C including land acquisition in the state of Odisha on EPC Mode under Annual plan 2022-23.,2026-06,0.13619823948450402,0
618080,Improvement to two lane with paved shoulders of BH WB Border Amdabad Manihari section from design Km 0.000 to Km 23.945 of NH 131 A Total length 23.945 Km under EPC mode in the state of Bihar,2026-04,0.22836930251316634,0
618080,Improvement to two lane with paved shoulders of BH WB Border Amdabad Manihari section from design Km 0.000 to Km 23.945 of NH 131 A Total length 23.945 Km under EPC mode in the state of Bihar,2026-05,0.1750082635130526,0
618080,Improvement to two lane with paved shoulders of BH WB Border Amdabad Manihari section from design Km 0.000 to Km 23.945 of NH 131 A Total length 23.945 Km under EPC mode in the state of Bihar,2026-06,0.20107017035709457,0
618081,Construction of Mariahu Bypass with four lane paved shoulder configuration Km. 53.540 to Km.59.200 of NH-135A on EPC mode in the state of Uttar Pradesh,2026-04,0.21040566128770172,0
618081,Construction of Mariahu Bypass with four lane paved shoulder configuration Km. 53.540 to Km.59.200 of NH-135A on EPC mode in the state of Uttar Pradesh,2026-05,0.1080629143245792,0
618081,Construction of Mariahu Bypass with four lane paved shoulder configuration Km. 53.540 to Km.59.200 of NH-135A on EPC mode in the state of Uttar Pradesh,2026-06,0.122588733119056,0
618082,Widening & Upgradation to four lane configuration from Km.34.900 Bhadohi to km.73.134 Jaunpur of NH-135A on EPC mode,2026-04,0.19255226952991394,0
618082,Widening & Upgradation to four lane configuration from Km.34.900 Bhadohi to km.73.134 Jaunpur of NH-135A on EPC mode,2026-05,0.11355526387396099,0
618082,Widening & Upgradation to four lane configuration from Km.34.900 Bhadohi to km.73.134 Jaunpur of NH-135A on EPC mode,2026-06,0.12589185239161224,0
618083,Construction of byepass around Lohardaga town of NH-143A in the Sate of Jharkhand under EPC mode.,2026-04,0.25236060683803446,0
618084,Widening to 2-lane with paved shoulder from km 0.00 to 44.00 Kuru-Ghaghra section of NH-143A including re-construction of culverts and bridges.,2026-04,0.27893376945071585,0
618084,Widening to 2-lane with paved shoulder from km 0.00 to 44.00 Kuru-Ghaghra section of NH-143A including re-construction of culverts and bridges.,2026-05,0.2013756373457554,0
618084,Widening to 2-lane with paved shoulder from km 0.00 to 44.00 Kuru-Ghaghra section of NH-143A including re-construction of culverts and bridges.,2026-06,0.22702612541700343,0
618085,Upgradation of Nasrullagani-Rehti-Budhni Scction to 2-lane with paved shoulder from Km 0150 to Km 50500 of NH-146B in the state of Madhya Pradesh on EPC mode.,2026-04,0.2421141657794658,0
618085,Upgradation of Nasrullagani-Rehti-Budhni Scction to 2-lane with paved shoulder from Km 0150 to Km 50500 of NH-146B in the state of Madhya Pradesh on EPC mode.,2026-05,0.14049937977767846,0
618085,Upgradation of Nasrullagani-Rehti-Budhni Scction to 2-lane with paved shoulder from Km 0150 to Km 50500 of NH-146B in the state of Madhya Pradesh on EPC mode.,2026-06,0.1957491354666127,0
618086,"Widening to Two Lane with Paved Shoulders from KB Cross to Chunchanahalli ie., Design Ch. 485240 Km Existing Km 494.000 to Design Ch. 523393 Km Existing km 533.152 & From Design Ch. 530393 Existing Km 540.175 to Design Ch. 534476 Existing Km 544.200 at Nelligere of NH-150A on EPC mode under Annual Plan 2022-23 NH-150A-KNT-2022-23-977 dated 08.03.2023",2026-04,0.267411424864336,0
618086,"Widening to Two Lane with Paved Shoulders from KB Cross to Chunchanahalli ie., Design Ch. 485240 Km Existing Km 494.000 to Design Ch. 523393 Km Existing km 533.152 & From Design Ch. 530393 Existing Km 540.175 to Design Ch. 534476 Existing Km 544.200 at Nelligere of NH-150A on EPC mode under Annual Plan 2022-23 NH-150A-KNT-2022-23-977 dated 08.03.2023",2026-05,0.16317201820544378,0
618086,"Widening to Two Lane with Paved Shoulders from KB Cross to Chunchanahalli ie., Design Ch. 485240 Km Existing Km 494.000 to Design Ch. 523393 Km Existing km 533.152 & From Design Ch. 530393 Existing Km 540.175 to Design Ch. 534476 Existing Km 544.200 at Nelligere of NH-150A on EPC mode under Annual Plan 2022-23 NH-150A-KNT-2022-23-977 dated 08.03.2023",2026-06,0.17849202324736801,0
618087,Widening to intermediate/two lane to 2 lane with paved shoulder from Existing chanages Km 112.750 to 142.00 Liingasur to Mudabal cross & from Km. 147.070 to Km. 149.070 Maski city limit of Jewargi Chamrajnagar setion of NH-150A in the state of Karnataka on EPC mode. Job No. NH-150A-KNT-2021-22-951,2026-04,0.14204799632338103,0
618087,Widening to intermediate/two lane to 2 lane with paved shoulder from Existing chanages Km 112.750 to 142.00 Liingasur to Mudabal cross & from Km. 147.070 to Km. 149.070 Maski city limit of Jewargi Chamrajnagar setion of NH-150A in the state of Karnataka on EPC mode. Job No. NH-150A-KNT-2021-22-951,2026-05,0.12697343559181035,0
618087,Widening to intermediate/two lane to 2 lane with paved shoulder from Existing chanages Km 112.750 to 142.00 Liingasur to Mudabal cross & from Km. 147.070 to Km. 149.070 Maski city limit of Jewargi Chamrajnagar setion of NH-150A in the state of Karnataka on EPC mode. Job No. NH-150A-KNT-2021-22-951,2026-06,0.15076872039760522,0
618088,Nandurshingote to Kolhar,2026-04,0.2788831601202283,0
618088,Nandurshingote to Kolhar,2026-05,0.12746110393019683,0
618088,Nandurshingote to Kolhar,2026-06,0.23919810811830505,0
618089,Rehabilitation & Up-gradation of Mudkhed to Nanded section from Km. 372000 to Km 388400 of NH 161A i.e. Nanded-Bhokar-Himayatnagar-Kinwat-Mahur-Arani Road Design chainage from Km 372000 Mudkhed to Km 387650 Nanded of NH 161A Length 15.65 Km to 2/4Lane with paved shoulders configuration in the State of Maharashtra on EPC mode.,2026-04,0.25864901461109907,0
618089,Rehabilitation & Up-gradation of Mudkhed to Nanded section from Km. 372000 to Km 388400 of NH 161A i.e. Nanded-Bhokar-Himayatnagar-Kinwat-Mahur-Arani Road Design chainage from Km 372000 Mudkhed to Km 387650 Nanded of NH 161A Length 15.65 Km to 2/4Lane with paved shoulders configuration in the State of Maharashtra on EPC mode.,2026-05,0.17331767826728853,0
618089,Rehabilitation & Up-gradation of Mudkhed to Nanded section from Km. 372000 to Km 388400 of NH 161A i.e. Nanded-Bhokar-Himayatnagar-Kinwat-Mahur-Arani Road Design chainage from Km 372000 Mudkhed to Km 387650 Nanded of NH 161A Length 15.65 Km to 2/4Lane with paved shoulders configuration in the State of Maharashtra on EPC mode.,2026-06,0.2075586034135955,0
618090,Sarsam - Kothari of NH-161A - 2L PS from Km.33/00 to 90/00,2026-04,0.2949617452214981,0
618091,Widening to two lane with paved shoulders from Km 0/000 to Km 45/946 of Nizampet- Narayankhed-bidar section of NH-161B in the state of Telangana under Annual Plan 2021-22 on EPC mode under NHO,2026-04,0.23872549933579,0
618091,Widening to two lane with paved shoulders from Km 0/000 to Km 45/946 of Nizampet- Narayankhed-bidar section of NH-161B in the state of Telangana under Annual Plan 2021-22 on EPC mode under NHO,2026-05,0.14582200454291552,0
618091,Widening to two lane with paved shoulders from Km 0/000 to Km 45/946 of Nizampet- Narayankhed-bidar section of NH-161B in the state of Telangana under Annual Plan 2021-22 on EPC mode under NHO,2026-06,0.21220948211895754,0
618092,Up-gradation to 2 lane with paved shoulder from Neechli Oden Nathdwara at Design Km 88.800 existing km 55.95 to Bhatewar at Design Km 142.028 existing km 0.00 of NH-162E in the State of Rajasthan on EPC mode.,2026-04,0.22971272954569547,0
618092,Up-gradation to 2 lane with paved shoulder from Neechli Oden Nathdwara at Design Km 88.800 existing km 55.95 to Bhatewar at Design Km 142.028 existing km 0.00 of NH-162E in the State of Rajasthan on EPC mode.,2026-05,0.09167227377749425,0
618092,Up-gradation to 2 lane with paved shoulder from Neechli Oden Nathdwara at Design Km 88.800 existing km 55.95 to Bhatewar at Design Km 142.028 existing km 0.00 of NH-162E in the State of Rajasthan on EPC mode.,2026-06,0.16255958119408948,0
618093,Up-gradation to 2 lane with Paved shoulder from Charbhuja at Design km 0.00 existing km 150.00 to Neechli Oden Nathdwara at Design ch. Km 88.800 existing km 55.950 of NH-162E on EPC mode.,2026-04,0.22750886292710992,0
618094,Pen to Khopoli 2LPS,2026-04,0.30705312180109845,0
618094,Pen to Khopoli 2LPS,2026-05,0.25232651441282317,0
618094,Pen to Khopoli 2LPS,2026-06,0.2561454821638644,0
618095,Widening to Two Lane with Paved Shoulders from Km 0.00 Design Chainage 0.00 to Km 23.338 Design Chainage 23310 of NH-166E MH/KNT Border- Kanamadi- Bijjargi- Tikota section in the state of Karnataka in EPC Mode under Annual plan 2022-23 NH- 166E-KNT-2022-23-974,2026-04,0.1796598792523653,0
618095,Widening to Two Lane with Paved Shoulders from Km 0.00 Design Chainage 0.00 to Km 23.338 Design Chainage 23310 of NH-166E MH/KNT Border- Kanamadi- Bijjargi- Tikota section in the state of Karnataka in EPC Mode under Annual plan 2022-23 NH- 166E-KNT-2022-23-974,2026-05,0.2228191697167131,0
618095,Widening to Two Lane with Paved Shoulders from Km 0.00 Design Chainage 0.00 to Km 23.338 Design Chainage 23310 of NH-166E MH/KNT Border- Kanamadi- Bijjargi- Tikota section in the state of Karnataka in EPC Mode under Annual plan 2022-23 NH- 166E-KNT-2022-23-974,2026-06,0.12895026689497407,0
618096,Rehabilitation and Up-gradation to 2 lane road with paved shoulders configuration for the balance work of 13 km length on Helwak-Patan-Karad section Km. 85000 to 133 417 of NH-166E in the state of Maharashtra on EPC mode.,2026-04,0.24331195148583598,0
618096,Rehabilitation and Up-gradation to 2 lane road with paved shoulders configuration for the balance work of 13 km length on Helwak-Patan-Karad section Km. 85000 to 133 417 of NH-166E in the state of Maharashtra on EPC mode.,2026-05,0.1197099551531636,0
618096,Rehabilitation and Up-gradation to 2 lane road with paved shoulders configuration for the balance work of 13 km length on Helwak-Patan-Karad section Km. 85000 to 133 417 of NH-166E in the state of Maharashtra on EPC mode.,2026-06,0.13452158969298159,0
618097,Guhagar - Rampur - 2L-PS - km 0/00 Guhagar to 26/230 Rampur and 40/00 Mirjoli to 53/600 Sati on NH-166E,2026-04,0.28867567736881505,0
618097,Guhagar - Rampur - 2L-PS - km 0/00 Guhagar to 26/230 Rampur and 40/00 Mirjoli to 53/600 Sati on NH-166E,2026-05,0.1435126877838843,0
618097,Guhagar - Rampur - 2L-PS - km 0/00 Guhagar to 26/230 Rampur and 40/00 Mirjoli to 53/600 Sati on NH-166E,2026-06,0.16753243261950754,0
618098,"Upgradation of exhisting 2 lane flexible pavement to 2 lane paved shoulders rigid pavement from design chainage Km 66.00 to Design Km 82.440 Start of Kolhapur Municipal corporation near Phulewadi to kale, design length 16.440 Km section on Talere Gaganbawada-Kolhapur road NH 166G in the state of Maharashtra on EPC mode",2026-04,0.2389023472412281,0
618098,"Upgradation of exhisting 2 lane flexible pavement to 2 lane paved shoulders rigid pavement from design chainage Km 66.00 to Design Km 82.440 Start of Kolhapur Municipal corporation near Phulewadi to kale, design length 16.440 Km section on Talere Gaganbawada-Kolhapur road NH 166G in the state of Maharashtra on EPC mode",2026-05,0.13553787249289156,0
618098,"Upgradation of exhisting 2 lane flexible pavement to 2 lane paved shoulders rigid pavement from design chainage Km 66.00 to Design Km 82.440 Start of Kolhapur Municipal corporation near Phulewadi to kale, design length 16.440 Km section on Talere Gaganbawada-Kolhapur road NH 166G in the state of Maharashtra on EPC mode",2026-06,0.1447715030888453,0
618099,"Rehabilitation & up-gradation for Talere Gaganbawada - kolhapur Road NH 166G stretch start from km. 0/00 to Km. 06/00 and km. 13/00 to km 19/440 of NH-166G, length 12.440 km in the State of Maharashtra.",2026-04,0.20887812622250013,0
618101,Kondamodu to Perecherla Section Design Ch. Km 000 to Km 49917 of NH-167AG to to 4LPS,2026-04,0.22692596797727954,0
618101,Kondamodu to Perecherla Section Design Ch. Km 000 to Km 49917 of NH-167AG to to 4LPS,2026-05,0.09026825508569158,0
618101,Kondamodu to Perecherla Section Design Ch. Km 000 to Km 49917 of NH-167AG to to 4LPS,2026-06,0.1294023361239871,0
618103,Rehabilitation and upgradation from Km 22300 to 58635 of MudireddyPalle to Kadapa/Nellore Border via porumamilla Section of NH 167 Two Lane with paved Shoulder in,2026-04,0.1674380021499133,0
618103,Rehabilitation and upgradation from Km 22300 to 58635 of MudireddyPalle to Kadapa/Nellore Border via porumamilla Section of NH 167 Two Lane with paved Shoulder in,2026-05,0.14186372768363048,0
618103,Rehabilitation and upgradation from Km 22300 to 58635 of MudireddyPalle to Kadapa/Nellore Border via porumamilla Section of NH 167 Two Lane with paved Shoulder in,2026-06,0.1451321509583953,0
618104,Widening to two lane with paved shoulders from Km 0/000 to Km 79/300 of Kalwakurthy - Kollapur section of NH-167K in the state of Telangana under annual plan 2021-22 on EPC mode under NHO.,2026-04,0.1925292848843718,0
618104,Widening to two lane with paved shoulders from Km 0/000 to Km 79/300 of Kalwakurthy - Kollapur section of NH-167K in the state of Telangana under annual plan 2021-22 on EPC mode under NHO.,2026-05,0.14046421820718386,0
618104,Widening to two lane with paved shoulders from Km 0/000 to Km 79/300 of Kalwakurthy - Kollapur section of NH-167K in the state of Telangana under annual plan 2021-22 on EPC mode under NHO.,2026-06,0.16256098928979218,0
618105,Widening and strengthening to 4 lane / 2-lane with paved shoulders of Mahabubnagar - Chincholi section from km 60/255 to Km 102/834 of NH-167N in the State of Telangana on EPC mode.,2026-04,0.2305320731969312,0
618105,Widening and strengthening to 4 lane / 2-lane with paved shoulders of Mahabubnagar - Chincholi section from km 60/255 to Km 102/834 of NH-167N in the State of Telangana on EPC mode.,2026-05,0.16243375792162495,0
618105,Widening and strengthening to 4 lane / 2-lane with paved shoulders of Mahabubnagar - Chincholi section from km 60/255 to Km 102/834 of NH-167N in the State of Telangana on EPC mode.,2026-06,0.19039870761281288,0
618106,Widening and Strengthening to 2/4 lane with paved shoulders of Mahabubnagar Chincholi section from Km 0/0 to Km 60/255 of NH-167N in the state of Telangana under Annual plan 2021-22 on EPC modepackage-I under NHO Job No.167N-TS- 2021-22-75,2026-04,0.2175204141738523,0
618106,Widening and Strengthening to 2/4 lane with paved shoulders of Mahabubnagar Chincholi section from Km 0/0 to Km 60/255 of NH-167N in the state of Telangana under Annual plan 2021-22 on EPC modepackage-I under NHO Job No.167N-TS- 2021-22-75,2026-05,0.12522763195842246,0
618106,Widening and Strengthening to 2/4 lane with paved shoulders of Mahabubnagar Chincholi section from Km 0/0 to Km 60/255 of NH-167N in the state of Telangana under Annual plan 2021-22 on EPC modepackage-I under NHO Job No.167N-TS- 2021-22-75,2026-06,0.1625066455900447,0
618107,Upgradation of Mehsana-Visnagar-vadnagar-Kheralu-Idar section from km 0/00 to 81/300 of NH 168G Mehsana to Idar in the State of GujaratTotal Length 81.300 Km on Hybrid Annuity Mode HAM,2026-04,0.1735621347873791,0
618107,Upgradation of Mehsana-Visnagar-vadnagar-Kheralu-Idar section from km 0/00 to 81/300 of NH 168G Mehsana to Idar in the State of GujaratTotal Length 81.300 Km on Hybrid Annuity Mode HAM,2026-05,0.07296288293347676,0
618107,Upgradation of Mehsana-Visnagar-vadnagar-Kheralu-Idar section from km 0/00 to 81/300 of NH 168G Mehsana to Idar in the State of GujaratTotal Length 81.300 Km on Hybrid Annuity Mode HAM,2026-06,0.133749078597995,0
618108,Up-gradation and strengthening to 2lanePS from Km 95/500 to km 129/775 of Nh 168G Idar-Bhiloda-Samlaji in the state of Gujarat Length 34.275 km,2026-04,0.19708979057085887,0
618108,Up-gradation and strengthening to 2lanePS from Km 95/500 to km 129/775 of Nh 168G Idar-Bhiloda-Samlaji in the state of Gujarat Length 34.275 km,2026-05,0.14265876461606916,0
618108,Up-gradation and strengthening to 2lanePS from Km 95/500 to km 129/775 of Nh 168G Idar-Bhiloda-Samlaji in the state of Gujarat Length 34.275 km,2026-06,0.15595564085135785,0
618109,Widening to 4 lane from Km 51.60 to 76.20 Hebri to Parkala and from Km 85.20 to 88.90 Karavali junction to Malpe of Thirthahalli-Udupi-Malpe Section of NH-169A in the State of Karnataka on EPC Mode under Annual plan 2021-22 Job No. NH-169A- KNT-2021-22-927,2026-04,0.25991343543968876,0
618109,Widening to 4 lane from Km 51.60 to 76.20 Hebri to Parkala and from Km 85.20 to 88.90 Karavali junction to Malpe of Thirthahalli-Udupi-Malpe Section of NH-169A in the State of Karnataka on EPC Mode under Annual plan 2021-22 Job No. NH-169A- KNT-2021-22-927,2026-05,0.17092780008293318,0
618109,Widening to 4 lane from Km 51.60 to 76.20 Hebri to Parkala and from Km 85.20 to 88.90 Karavali junction to Malpe of Thirthahalli-Udupi-Malpe Section of NH-169A in the State of Karnataka on EPC Mode under Annual plan 2021-22 Job No. NH-169A- KNT-2021-22-927,2026-06,0.15214481671162813,0
618110,Improvement and upgradation to two lane with Paved Shoulder configuration from existing km 55.00 to km 90.00 Design length 34.76 of NH-227A near Chhapia Village to near Sikriganj in the State of UP on EPC Mode.,2026-04,0.2434501947352643,0
618111,Improvement and upgradation to two lane with paved shoulder configuration from existing km 90.00 to 130.00 Design length 39.15 of NH-227A near Sikriganj to Barhalganj in the State of UP on EPC Mode.,2026-04,0.20486668142650918,0
618111,Improvement and upgradation to two lane with paved shoulder configuration from existing km 90.00 to 130.00 Design length 39.15 of NH-227A near Sikriganj to Barhalganj in the State of UP on EPC Mode.,2026-05,0.11362469204115745,0
618111,Improvement and upgradation to two lane with paved shoulder configuration from existing km 90.00 to 130.00 Design length 39.15 of NH-227A near Sikriganj to Barhalganj in the State of UP on EPC Mode.,2026-06,0.12635623064529494,0
618112,"Improvement and up-gradation of NH-227B 84 Kosi Parikrama Marg Package I, from km 228.920 Jagarnathpur to Km 235.960/0.000 MakhaudaDham to Km 29.000 Sarpur in the State of Uttar Pradesh on EPC basis",2026-04,0.25004446218125875,0
618112,"Improvement and up-gradation of NH-227B 84 Kosi Parikrama Marg Package I, from km 228.920 Jagarnathpur to Km 235.960/0.000 MakhaudaDham to Km 29.000 Sarpur in the State of Uttar Pradesh on EPC basis",2026-05,0.14285156688228084,0
618112,"Improvement and up-gradation of NH-227B 84 Kosi Parikrama Marg Package I, from km 228.920 Jagarnathpur to Km 235.960/0.000 MakhaudaDham to Km 29.000 Sarpur in the State of Uttar Pradesh on EPC basis",2026-06,0.18632644341312768,0
618113,"Improvement and up-gradation of NH-227B 84 Kosi Parikrama Marg Package III, from Km.47.800 Gosaiganj to Km.73.300 Bikapur in the State of Uttar Pradesh on EPC basis.",2026-04,0.2681130130666733,0
618113,"Improvement and up-gradation of NH-227B 84 Kosi Parikrama Marg Package III, from Km.47.800 Gosaiganj to Km.73.300 Bikapur in the State of Uttar Pradesh on EPC basis.",2026-05,0.19897536909861469,0
618113,"Improvement and up-gradation of NH-227B 84 Kosi Parikrama Marg Package III, from Km.47.800 Gosaiganj to Km.73.300 Bikapur in the State of Uttar Pradesh on EPC basis.",2026-06,0.21970947900386098,0
618114,"Improvement and up-gradation of NH-227B 84 Kosi Parikrama Marg PackageV, from Design Km.140.960 Patranga to Km.160.200 Bahuvan Madar Majha on EPC mode in the State of Uttar Pradesh",2026-04,0.18315332815544444,0
618114,"Improvement and up-gradation of NH-227B 84 Kosi Parikrama Marg PackageV, from Design Km.140.960 Patranga to Km.160.200 Bahuvan Madar Majha on EPC mode in the State of Uttar Pradesh",2026-05,0.05321651753474482,0
618114,"Improvement and up-gradation of NH-227B 84 Kosi Parikrama Marg PackageV, from Design Km.140.960 Patranga to Km.160.200 Bahuvan Madar Majha on EPC mode in the State of Uttar Pradesh",2026-06,0.07915415338206973,0
618116,lmprovement and Up-gradation from Km. 73.300 Bikapur to Km.140.960 Patranga of NH-227B 84 Kosi Parikrama Marg to 2LPS along with Parikrama Path,2026-04,0.2073369095858665,0
618116,lmprovement and Up-gradation from Km. 73.300 Bikapur to Km.140.960 Patranga of NH-227B 84 Kosi Parikrama Marg to 2LPS along with Parikrama Path,2026-05,0.11734209395979531,0
618116,lmprovement and Up-gradation from Km. 73.300 Bikapur to Km.140.960 Patranga of NH-227B 84 Kosi Parikrama Marg to 2LPS along with Parikrama Path,2026-06,0.1623531999042722,0
618117,Upgradation to 2-Lane with Paved Shoulder from Design Km 36300 to Design Chainage 47918 and from Design Ch 69900 to Design Ch 83940 of NH-248A Natni Ka Bara in the State of Rajasthan on EPC Mode.,2026-04,0.20011545913454,0
618117,Upgradation to 2-Lane with Paved Shoulder from Design Km 36300 to Design Chainage 47918 and from Design Ch 69900 to Design Ch 83940 of NH-248A Natni Ka Bara in the State of Rajasthan on EPC Mode.,2026-05,0.18063122499781634,0
618117,Upgradation to 2-Lane with Paved Shoulder from Design Km 36300 to Design Chainage 47918 and from Design Ch 69900 to Design Ch 83940 of NH-248A Natni Ka Bara in the State of Rajasthan on EPC Mode.,2026-06,0.18397824502383825,0
618118,Upgradation of two lane paved shoulder from Shahpura existing km. 0.00 Design Ch. 000 to Thanagazi existing Km.37352 Design Ch. 36810 of NH-248A on EPC mode in the State of Rajasthan.,2026-04,0.15970589103983995,0
618119,Rehabilitation and up-gradation to 2-lane configuration of Bageshwar to Kangarchina road from km 129.600 to Km 161.600 Existing Chainage 136.00 to Km 169.00 of NH- 309Ain the State of Uttarakhand Package-IV under NHO Annual Plan 2021-22,2026-04,0.326629182753137,0
618119,Rehabilitation and up-gradation to 2-lane configuration of Bageshwar to Kangarchina road from km 129.600 to Km 161.600 Existing Chainage 136.00 to Km 169.00 of NH- 309Ain the State of Uttarakhand Package-IV under NHO Annual Plan 2021-22,2026-05,0.13794152756366998,0
618119,Rehabilitation and up-gradation to 2-lane configuration of Bageshwar to Kangarchina road from km 129.600 to Km 161.600 Existing Chainage 136.00 to Km 169.00 of NH- 309Ain the State of Uttarakhand Package-IV under NHO Annual Plan 2021-22,2026-06,0.18108118680080268,0
618120,construction of Four-Lane of chausa-Buxar Bypass from Km 45.000 to Km 65.915 Package - 2 in the State of Bihar on EPC Mode.,2026-04,0.20137344952532013,0
618120,construction of Four-Lane of chausa-Buxar Bypass from Km 45.000 to Km 65.915 Package - 2 in the State of Bihar on EPC Mode.,2026-05,0.06367527753926058,0
618120,construction of Four-Lane of chausa-Buxar Bypass from Km 45.000 to Km 65.915 Package - 2 in the State of Bihar on EPC Mode.,2026-06,0.09181181705700106,0
618121,Improvement to two lane with paved shoulders of NH-319A from km 0 to km 45 in state of Bihar under EPC mode,2026-04,0.1781119246480067,0
618121,Improvement to two lane with paved shoulders of NH-319A from km 0 to km 45 in state of Bihar under EPC mode,2026-05,0.12067801298735112,0
618121,Improvement to two lane with paved shoulders of NH-319A from km 0 to km 45 in state of Bihar under EPC mode,2026-06,0.1515830818276962,0
618122,Widening to 2 lane with paved shoulded of Jareikela Jharkhand/Odisha Border - Dhabaleswar section from 0/0 to 36/0 of NH-320D in the State of Odisha under Annual Plan 2021-22.,2026-04,0.22241403111040517,0
618122,Widening to 2 lane with paved shoulded of Jareikela Jharkhand/Odisha Border - Dhabaleswar section from 0/0 to 36/0 of NH-320D in the State of Odisha under Annual Plan 2021-22.,2026-05,0.17991005152824174,0
618122,Widening to 2 lane with paved shoulded of Jareikela Jharkhand/Odisha Border - Dhabaleswar section from 0/0 to 36/0 of NH-320D in the State of Odisha under Annual Plan 2021-22.,2026-06,0.19008844828255805,0
618123,Widening and Strengthening/Reconstruction to Two Lane with Paved Shoulder/ Two Lane with paved shoulders with service road from km 0000 to km 42250 excluding design Ch. 03220 to 04200 & 28350 to 29060 of NH-320G in the state of Jharkhand under EPC mode,2026-04,0.24126042742912204,0
618123,Widening and Strengthening/Reconstruction to Two Lane with Paved Shoulder/ Two Lane with paved shoulders with service road from km 0000 to km 42250 excluding design Ch. 03220 to 04200 & 28350 to 29060 of NH-320G in the state of Jharkhand under EPC mode,2026-05,0.15704409130392155,0
618124,Rehabilitation and upgradation from km 51.600 to km 75.700 of NH-321G Nuhkhas to Etah section to two lane with paved shoulder configuration under EPC mode in the State of Uttar Pradesh,2026-04,0.25795092434388506,0
618124,Rehabilitation and upgradation from km 51.600 to km 75.700 of NH-321G Nuhkhas to Etah section to two lane with paved shoulder configuration under EPC mode in the State of Uttar Pradesh,2026-05,0.17457472760409873,0
618124,Rehabilitation and upgradation from km 51.600 to km 75.700 of NH-321G Nuhkhas to Etah section to two lane with paved shoulder configuration under EPC mode in the State of Uttar Pradesh,2026-06,0.1877835476299039,0
618125,Rehabilitation and upgradation of NH 326A from km 0/0 to 41/979 excluding km 2/255 to 3/372 and km 36/820 to 38/275 Odisha border to Narasamapeta to two lane with paved Shoulders in the State of Andhra Pradesh under NHO on EPC Mode,2026-04,0.22805446843493096,0
618125,Rehabilitation and upgradation of NH 326A from km 0/0 to 41/979 excluding km 2/255 to 3/372 and km 36/820 to 38/275 Odisha border to Narasamapeta to two lane with paved Shoulders in the State of Andhra Pradesh under NHO on EPC Mode,2026-05,0.1697423251074131,0
618125,Rehabilitation and upgradation of NH 326A from km 0/0 to 41/979 excluding km 2/255 to 3/372 and km 36/820 to 38/275 Odisha border to Narasamapeta to two lane with paved Shoulders in the State of Andhra Pradesh under NHO on EPC Mode,2026-06,0.16895852285434917,0
618126,"Pre-Construction activities from Km 134.000 to Km 190.233 of NH-333A and Construction of 4 no. of Bypasses at Katoria, Lakhpura, Banka & Panjwara total length-14.359 Km to two lane with paved shoulders standard in State of Bihar.",2026-04,0.29075025926378956,0
618126,"Pre-Construction activities from Km 134.000 to Km 190.233 of NH-333A and Construction of 4 no. of Bypasses at Katoria, Lakhpura, Banka & Panjwara total length-14.359 Km to two lane with paved shoulders standard in State of Bihar.",2026-05,0.1222411751017106,0
618126,"Pre-Construction activities from Km 134.000 to Km 190.233 of NH-333A and Construction of 4 no. of Bypasses at Katoria, Lakhpura, Banka & Panjwara total length-14.359 Km to two lane with paved shoulders standard in State of Bihar.",2026-06,0.1896937083626683,0
618127,Construction of 2- Lane with paved shoulder from km 56.45 Dharampur More to 93.050 Pakur of NH-333A in the State of Jharkhand on EPC mode,2026-04,0.23074390946498965,0
618127,Construction of 2- Lane with paved shoulder from km 56.45 Dharampur More to 93.050 Pakur of NH-333A in the State of Jharkhand on EPC mode,2026-05,0.0935236951956174,0
618127,Construction of 2- Lane with paved shoulder from km 56.45 Dharampur More to 93.050 Pakur of NH-333A in the State of Jharkhand on EPC mode,2026-06,0.12156335172589777,0
618129,"Construction of Kasrawad bypass, Selani bypass, Khargone bypass & Bistan bypass Total length. 31.950 km Section of NH-347 C to Two lane with paved shoulder configuration in the State of Madhya Pradesh on EPC mode.",2026-04,0.2606584237833135,0
618129,"Construction of Kasrawad bypass, Selani bypass, Khargone bypass & Bistan bypass Total length. 31.950 km Section of NH-347 C to Two lane with paved shoulder configuration in the State of Madhya Pradesh on EPC mode.",2026-05,0.1016445535403098,0
618129,"Construction of Kasrawad bypass, Selani bypass, Khargone bypass & Bistan bypass Total length. 31.950 km Section of NH-347 C to Two lane with paved shoulder configuration in the State of Madhya Pradesh on EPC mode.",2026-06,0.10996394354759415,0
618130,Widening to 2 lane with paved shoulders from 0.00 to 32.970 ofAdilabadto Bela section of NH 353B in the State of Telangana,2026-04,0.2210981819823743,0
618130,Widening to 2 lane with paved shoulders from 0.00 to 32.970 ofAdilabadto Bela section of NH 353B in the State of Telangana,2026-05,0.13708785626348438,0
618130,Widening to 2 lane with paved shoulders from 0.00 to 32.970 ofAdilabadto Bela section of NH 353B in the State of Telangana,2026-06,0.1417611423198411,0
618132,Widening & strengthening of existing carriageway in 2 lane with paved shoulders from km 25/0 to 59/2 design Ch km 25.467 to 59.200 of NH - 353C on EPC mode in the state of Telangana,2026-04,0.19532580828480528,0
618133,Strengthening and Widening of road Sakoli- Wadsa-Armori-Gadchiroli-Ashti- Allapalli - Sironcha National highway NH 353C in Km 262/00 to 321/00 including 16 minor Bridges and 2 Major Bridge Total length 59 Km section from repanpalli to sironcha in Gadchiroli Dist in the State of Maharashtra.,2026-04,0.32349784541791143,0
618133,Strengthening and Widening of road Sakoli- Wadsa-Armori-Gadchiroli-Ashti- Allapalli - Sironcha National highway NH 353C in Km 262/00 to 321/00 including 16 minor Bridges and 2 Major Bridge Total length 59 Km section from repanpalli to sironcha in Gadchiroli Dist in the State of Maharashtra.,2026-05,0.21376974599832876,0
618133,Strengthening and Widening of road Sakoli- Wadsa-Armori-Gadchiroli-Ashti- Allapalli - Sironcha National highway NH 353C in Km 262/00 to 321/00 including 16 minor Bridges and 2 Major Bridge Total length 59 Km section from repanpalli to sironcha in Gadchiroli Dist in the State of Maharashtra.,2026-06,0.2397610674634229,0
618134,Rehabilitation /Upgradation from Lagam to Alapalli section Desing Km. 199/400 to km 227/400 Length 28.0 Km to 2 lane with Paved Shoulders/ 4 lane configuration section of NH-353 C Sakoli-Wadsa-Armori-Gadchiroli-Ashti-Alapalli Sironcha in Gadchiroli District on EPC mode in the state of Maharashtra.,2026-04,0.28799511197997285,0
618134,Rehabilitation /Upgradation from Lagam to Alapalli section Desing Km. 199/400 to km 227/400 Length 28.0 Km to 2 lane with Paved Shoulders/ 4 lane configuration section of NH-353 C Sakoli-Wadsa-Armori-Gadchiroli-Ashti-Alapalli Sironcha in Gadchiroli District on EPC mode in the state of Maharashtra.,2026-05,0.16849288410156638,0
618134,Rehabilitation /Upgradation from Lagam to Alapalli section Desing Km. 199/400 to km 227/400 Length 28.0 Km to 2 lane with Paved Shoulders/ 4 lane configuration section of NH-353 C Sakoli-Wadsa-Armori-Gadchiroli-Ashti-Alapalli Sironcha in Gadchiroli District on EPC mode in the state of Maharashtra.,2026-06,0.13585305514203957,0
618136,Upgradatiobn and Rehabilitation of Section of NH 361 F from Parli 00/000 to Gangakhed 30/400 to Two Lanes with paved shoulder / Four lane configurations on EPC mode in the State of Maharashtra.,2026-04,0.27795325503974105,0
618137,Rehabilitation and Up-gradation of Jarud - Sirsala section of NH-361F km 59500 to km11500 to Two lane with paved shoulder/ Four Lane in the state of Maharashtra on EPC mode Length 55.5 Km.,2026-04,0.2896030158322074,0
618137,Rehabilitation and Up-gradation of Jarud - Sirsala section of NH-361F km 59500 to km11500 to Two lane with paved shoulder/ Four Lane in the state of Maharashtra on EPC mode Length 55.5 Km.,2026-05,0.16086575356870741,0
618137,Rehabilitation and Up-gradation of Jarud - Sirsala section of NH-361F km 59500 to km11500 to Two lane with paved shoulder/ Four Lane in the state of Maharashtra on EPC mode Length 55.5 Km.,2026-06,0.1773713847920078,0
618138,"Widening, Reconstruction & Up-gradation to 2 lane with Paved Shoulder/Four Lane configuration for the work of Sautada to Shirapur Section of NH-561 from Design km 86300 to km 125589 in the state of Maharashtra on EPC mode. Design length 39.289 km",2026-04,0.3254386419494212,0
618138,"Widening, Reconstruction & Up-gradation to 2 lane with Paved Shoulder/Four Lane configuration for the work of Sautada to Shirapur Section of NH-561 from Design km 86300 to km 125589 in the state of Maharashtra on EPC mode. Design length 39.289 km",2026-05,0.1863677400431203,0
618138,"Widening, Reconstruction & Up-gradation to 2 lane with Paved Shoulder/Four Lane configuration for the work of Sautada to Shirapur Section of NH-561 from Design km 86300 to km 125589 in the state of Maharashtra on EPC mode. Design length 39.289 km",2026-06,0.15838703720125083,0
618139,Rehabilitation and Up-gradation of Gangakhed Loha section of NH-361F from Km 169/00 to 210/00 to two lane with paved shoulder/ four lane configuration in the state of Maharashtra on EPC mode Length - 41.00 Km.,2026-04,0.3088087524515521,0
618139,Rehabilitation and Up-gradation of Gangakhed Loha section of NH-361F from Km 169/00 to 210/00 to two lane with paved shoulder/ four lane configuration in the state of Maharashtra on EPC mode Length - 41.00 Km.,2026-05,0.12300483667977645,0
618139,Rehabilitation and Up-gradation of Gangakhed Loha section of NH-361F from Km 169/00 to 210/00 to two lane with paved shoulder/ four lane configuration in the state of Maharashtra on EPC mode Length - 41.00 Km.,2026-06,0.14603666198906046,0
618140,Widening to two/four lane with paved shoulders from Km.34.250 to Km.71.830 of NH- 365A on Kodad-Khammam-Kurvi road.,2026-04,0.42472495044626196,0
618140,Widening to two/four lane with paved shoulders from Km.34.250 to Km.71.830 of NH- 365A on Kodad-Khammam-Kurvi road.,2026-05,0.14834087818532624,0
618140,Widening to two/four lane with paved shoulders from Km.34.250 to Km.71.830 of NH- 365A on Kodad-Khammam-Kurvi road.,2026-06,0.1783966885857304,0
618141,Widening and Improvement of existing carriage way to 2 lane with paved shoulders from Km. 86/160 to 131/730 of Jangaon-Duddeda section of NH-365B in the State of Telangana on EPC Mode,2026-04,0.2748012365119559,0
618141,Widening and Improvement of existing carriage way to 2 lane with paved shoulders from Km. 86/160 to 131/730 of Jangaon-Duddeda section of NH-365B in the State of Telangana on EPC Mode,2026-05,0.1564442243238872,0
618141,Widening and Improvement of existing carriage way to 2 lane with paved shoulders from Km. 86/160 to 131/730 of Jangaon-Duddeda section of NH-365B in the State of Telangana on EPC Mode,2026-06,0.19341712651174597,0
618142,Widening to Two lane with Paved shoulders from km.40/410 to 84/037 of Thirumanlagiri-- Suryapet Section of NH-365B earstwhile section of SH-16,2026-04,0.232771763010409,0
618143,widening to two lane with Paved shoulders from Km.0/970 to Km.40/410 of Jangaon - Thirumal giriof NH- 365B in the state of Telanganaon EPC mode under NHO Annual Plan 2016-17,2026-04,0.21538225856990878,0
618144,Construction of Major Bridge Across Sharavathi Backwaters and approches between Ambargodu and Kalasavalli Near Sigandhur in Sagar Taluk on NH 369E in the State of Karnataka on EPC mode.Job No. NH-369E-KNT-2018-19-895 dated 06.03.2019.,2026-04,0.29739500525375867,0
618145,Widening to two lane with paved shoulder of Rampachodavaram - Koyyuru section of NH 516E from Km 43700 to Km 113820 in the State of Andhra Pradesh on EPC mode Job No. 737,2026-04,0.1660178454612391,0
618146,Estimate for Improvement to two lane with paved shoulder from Ramnagar to Roseda from km 3.500 to 43.000 of NH 527 E on EPC mode in State of Bihar,2026-04,0.2910904379753953,0
618146,Estimate for Improvement to two lane with paved shoulder from Ramnagar to Roseda from km 3.500 to 43.000 of NH 527 E on EPC mode in State of Bihar,2026-05,0.20798597313259107,0
618146,Estimate for Improvement to two lane with paved shoulder from Ramnagar to Roseda from km 3.500 to 43.000 of NH 527 E on EPC mode in State of Bihar,2026-06,0.2299700417866023,0
618147,Widening to 2 Lane with Paved Shoulders from design Km 103.200 Existing Km 103.200 to design Km 116.700 Existing Km 118.470 on AP/KNT Border to Sira Section of NH-544E in the State of Karnatakaon EPC mode under Annual plan 2022- 23,2026-04,0.19852634332729338,0
618147,Widening to 2 Lane with Paved Shoulders from design Km 103.200 Existing Km 103.200 to design Km 116.700 Existing Km 118.470 on AP/KNT Border to Sira Section of NH-544E in the State of Karnatakaon EPC mode under Annual plan 2022- 23,2026-05,0.2570908923187131,0
618147,Widening to 2 Lane with Paved Shoulders from design Km 103.200 Existing Km 103.200 to design Km 116.700 Existing Km 118.470 on AP/KNT Border to Sira Section of NH-544E in the State of Karnatakaon EPC mode under Annual plan 2022- 23,2026-06,0.18017763247139204,0
618148,Widening to 4LPS of NH-548B from Km 80.000 Near Murgundi to Km 140.200 Near Chikkodi excluding length from Km 118.450 to Km 128.450 in the State of Karnataka under NH O on EPC Mode under Annual Plan 2022-23 - Package 1 NH-548B-KNT- 2022-23-979 dated 09.03.2023,2026-05,0.19058148202558728,0
618148,Widening to 4LPS of NH-548B from Km 80.000 Near Murgundi to Km 140.200 Near Chikkodi excluding length from Km 118.450 to Km 128.450 in the State of Karnataka under NH O on EPC Mode under Annual Plan 2022-23 - Package 1 NH-548B-KNT- 2022-23-979 dated 09.03.2023,2026-06,0.12568214802916336,0
618149,Widening to two lane with paved shoulders from Km 0.00 to 102.310 Design Chainage of NH-548B Murrum-Maharashtra Border in the State of Karnataka,2026-04,0.2702824102558126,0
618149,Widening to two lane with paved shoulders from Km 0.00 to 102.310 Design Chainage of NH-548B Murrum-Maharashtra Border in the State of Karnataka,2026-05,0.14001416959833496,0
618149,Widening to two lane with paved shoulders from Km 0.00 to 102.310 Design Chainage of NH-548B Murrum-Maharashtra Border in the State of Karnataka,2026-06,0.18527467015661572,0
618150,Rehabilitation and Up-gradation of i. Deogaon phata to Digras phata Ch. 0/000 to 15/000 & Selu to Borgavhan Ch 20/900 to 35/800 [Length 29.9km] ii. Injegaon Dhamoni to Pohner Phata Ch.58/200 to Ch. 83/700 [Length25.5 km] and iii. Pohner phata to Pathri Design Ch. 42/700 to 58/200 [Length 15.5 km] sections of NH-548B to Two lane with paved shoulder configuartion in the state of Maharashtra on EPC mode Total project length 70.9 Km.,2026-04,0.3181004947833132,0
618150,Rehabilitation and Up-gradation of i. Deogaon phata to Digras phata Ch. 0/000 to 15/000 & Selu to Borgavhan Ch 20/900 to 35/800 [Length 29.9km] ii. Injegaon Dhamoni to Pohner Phata Ch.58/200 to Ch. 83/700 [Length25.5 km] and iii. Pohner phata to Pathri Design Ch. 42/700 to 58/200 [Length 15.5 km] sections of NH-548B to Two lane with paved shoulder configuartion in the state of Maharashtra on EPC mode Total project length 70.9 Km.,2026-05,0.10597597015517947,0
618150,Rehabilitation and Up-gradation of i. Deogaon phata to Digras phata Ch. 0/000 to 15/000 & Selu to Borgavhan Ch 20/900 to 35/800 [Length 29.9km] ii. Injegaon Dhamoni to Pohner Phata Ch.58/200 to Ch. 83/700 [Length25.5 km] and iii. Pohner phata to Pathri Design Ch. 42/700 to 58/200 [Length 15.5 km] sections of NH-548B to Two lane with paved shoulder configuartion in the state of Maharashtra on EPC mode Total project length 70.9 Km.,2026-06,0.13928386051050856,0
618151,Widening to 4LPS of NH-548B from Km 118.450 Near Shirguppi to Km 128.450 Near Ankali in the State of Karnataka under NH O on EPC Mode Under Annual Plan 2022- 23 NH-548B-KNT-2022-23-982,2026-05,0.17258075878990087,0
618151,Widening to 4LPS of NH-548B from Km 118.450 Near Shirguppi to Km 128.450 Near Ankali in the State of Karnataka under NH O on EPC Mode Under Annual Plan 2022- 23 NH-548B-KNT-2022-23-982,2026-06,0.11471124478649539,0
618152,Mhaswad to Tembhurni section of NH-548C - 2L PS,2026-04,0.2777281268241358,0
618152,Mhaswad to Tembhurni section of NH-548C - 2L PS,2026-05,0.1549222481682144,0
618152,Mhaswad to Tembhurni section of NH-548C - 2L PS,2026-06,0.17390421854597926,0
618153,Satara to Mhaswad,2026-04,0.27480851262761224,0
618153,Satara to Mhaswad,2026-05,0.14480400022712853,0
618153,Satara to Mhaswad,2026-06,0.179352857380733,0
618154,"Rehabilitation & upgradation of Jamkhed to Sautada Section of NH548 D from km 195.375 to km 208.774, Length 13.399 Km to 2L PS /4L configuration with rigid pavement in the state of Maharashtra on EPC mode.",2026-04,0.2405043284662925,0
618154,"Rehabilitation & upgradation of Jamkhed to Sautada Section of NH548 D from km 195.375 to km 208.774, Length 13.399 Km to 2L PS /4L configuration with rigid pavement in the state of Maharashtra on EPC mode.",2026-05,0.16251766773377704,0
618154,"Rehabilitation & upgradation of Jamkhed to Sautada Section of NH548 D from km 195.375 to km 208.774, Length 13.399 Km to 2L PS /4L configuration with rigid pavement in the state of Maharashtra on EPC mode.",2026-06,0.19246320539646491,0
618155,Development/Widening of Talegaon Chakan Shikrapur Nhavara Section of NH-548D from existing chainage km. 54/000 to 82/300 and Design chainage Km. 54/000 to 82/120 Shikrapur to Nhavara Section to 2LPS/4L Configuration on EPC Mode in the State of Maharashtra.,2026-04,0.3082597810641666,0
618155,Development/Widening of Talegaon Chakan Shikrapur Nhavara Section of NH-548D from existing chainage km. 54/000 to 82/300 and Design chainage Km. 54/000 to 82/120 Shikrapur to Nhavara Section to 2LPS/4L Configuration on EPC Mode in the State of Maharashtra.,2026-05,0.1511281807715901,0
618155,Development/Widening of Talegaon Chakan Shikrapur Nhavara Section of NH-548D from existing chainage km. 54/000 to 82/300 and Design chainage Km. 54/000 to 82/120 Shikrapur to Nhavara Section to 2LPS/4L Configuration on EPC Mode in the State of Maharashtra.,2026-06,0.17314916731366425,0
618156,"Construction of Morena bypass, Ambah bypass & Porsa bypass Totat length 27.16 km Section of NH-552 Ext. to TWo lane with paved shoulder configuration in the state of Madhya Pradesh on EPC mode",2026-04,0.2554416070088503,0
618156,"Construction of Morena bypass, Ambah bypass & Porsa bypass Totat length 27.16 km Section of NH-552 Ext. to TWo lane with paved shoulder configuration in the state of Madhya Pradesh on EPC mode",2026-05,0.09104933108046712,0
618156,"Construction of Morena bypass, Ambah bypass & Porsa bypass Totat length 27.16 km Section of NH-552 Ext. to TWo lane with paved shoulder configuration in the state of Madhya Pradesh on EPC mode",2026-06,0.12438750935638415,0
618157,Construction of Ater realignment & Bhind bypass Total length. 21.50 km Section of NH-552Extn. to Two lane with paved shoulder configuration in the State of Madhya Pradesh on EPC mode.,2026-04,0.22032526279053163,0
618157,Construction of Ater realignment & Bhind bypass Total length. 21.50 km Section of NH-552Extn. to Two lane with paved shoulder configuration in the State of Madhya Pradesh on EPC mode.,2026-05,0.11966393018378843,0
618157,Construction of Ater realignment & Bhind bypass Total length. 21.50 km Section of NH-552Extn. to Two lane with paved shoulder configuration in the State of Madhya Pradesh on EPC mode.,2026-06,0.21145461520550063,0
618158,"Upgradation of Goras to Shyampur Road section of NH-552 Ext., from Design Chainge 48.400 to 111.800 Km Total length 63.40 km to two lane with paved shoulder configuration along with One time improvement of 8.91 km in the state of Madhya Pradesh on EPC mode",2026-04,0.26627728154906877,0
618158,"Upgradation of Goras to Shyampur Road section of NH-552 Ext., from Design Chainge 48.400 to 111.800 Km Total length 63.40 km to two lane with paved shoulder configuration along with One time improvement of 8.91 km in the state of Madhya Pradesh on EPC mode",2026-05,0.11678245946211357,0
618158,"Upgradation of Goras to Shyampur Road section of NH-552 Ext., from Design Chainge 48.400 to 111.800 Km Total length 63.40 km to two lane with paved shoulder configuration along with One time improvement of 8.91 km in the state of Madhya Pradesh on EPC mode",2026-06,0.11851250015481897,0
618159,"Construction of new 2 Lane with paved shoulders of NH Standards from km 0.080 to km 11.690 L11.610 km in Majuli and from km 19.715 to km 27.484 L 7.769 km in Jorhat on the newly declared NH 715K and construction of 1.10 km flyover on NH-715 with its approaches and service roads L1.10 km, Total Length 20.479 km in the State of Assam Job No. 715K/AS/2023-24/256",2026-04,0.17387237577858022,0
618159,"Construction of new 2 Lane with paved shoulders of NH Standards from km 0.080 to km 11.690 L11.610 km in Majuli and from km 19.715 to km 27.484 L 7.769 km in Jorhat on the newly declared NH 715K and construction of 1.10 km flyover on NH-715 with its approaches and service roads L1.10 km, Total Length 20.479 km in the State of Assam Job No. 715K/AS/2023-24/256",2026-05,0.12070205406239197,0
618159,"Construction of new 2 Lane with paved shoulders of NH Standards from km 0.080 to km 11.690 L11.610 km in Majuli and from km 19.715 to km 27.484 L 7.769 km in Jorhat on the newly declared NH 715K and construction of 1.10 km flyover on NH-715 with its approaches and service roads L1.10 km, Total Length 20.479 km in the State of Assam Job No. 715K/AS/2023-24/256",2026-06,0.10501368657936014,0
618160,"Construction of 2 lane Major Bridge including approaches over Brahmaputra between Majuli on North Bank and Jorhat on South Bank from km. 11.690 to km. 19.715 length of bridge 6,812.5m Package - II on NH-715K in the state of Assam Job no. 715/AS/2020-21/213",2026-04,0.17877791628401082,0
618160,"Construction of 2 lane Major Bridge including approaches over Brahmaputra between Majuli on North Bank and Jorhat on South Bank from km. 11.690 to km. 19.715 length of bridge 6,812.5m Package - II on NH-715K in the state of Assam Job no. 715/AS/2020-21/213",2026-05,0.051254898003198913,0
618160,"Construction of 2 lane Major Bridge including approaches over Brahmaputra between Majuli on North Bank and Jorhat on South Bank from km. 11.690 to km. 19.715 length of bridge 6,812.5m Package - II on NH-715K in the state of Assam Job no. 715/AS/2020-21/213",2026-06,0.07804743489254073,0
618161,Widening and Reconstruction of existing road to four lane from Km.56400 to Km 120300 i.e. from B.Kothapalli Junction to Gorantla excluding Kadiri Bypass from Km 70200 to Km 77105 of NH 716G in the State of Andhra Pradesh on EPC mode Job no. 742,2026-04,0.16530205089329245,0
618162,"Improvement and up-gradation to 2LPS of NH-227B 84-Kosi Parikrama Marg PackageVI, Design Km 160200 Bahuvan Madar Majha to Km 224040 Jagarnathpur under HAM",2026-04,0.1889667536828806,0
618162,"Improvement and up-gradation to 2LPS of NH-227B 84-Kosi Parikrama Marg PackageVI, Design Km 160200 Bahuvan Madar Majha to Km 224040 Jagarnathpur under HAM",2026-05,0.06182407063484639,0
618162,"Improvement and up-gradation to 2LPS of NH-227B 84-Kosi Parikrama Marg PackageVI, Design Km 160200 Bahuvan Madar Majha to Km 224040 Jagarnathpur under HAM",2026-06,0.09130135499466234,0
618163,"Rehabilitation and Up-gradation from km. 0000 to km.40390 of NH-730S MaharajganjNichloulThuthibari to two lane with paved shoulders in the State of U.P. on Engineering, Procurement & Construction EPC Basis.",2026-04,0.20745461793103206,0
618163,"Rehabilitation and Up-gradation from km. 0000 to km.40390 of NH-730S MaharajganjNichloulThuthibari to two lane with paved shoulders in the State of U.P. on Engineering, Procurement & Construction EPC Basis.",2026-05,0.13913893940567365,0
618163,"Rehabilitation and Up-gradation from km. 0000 to km.40390 of NH-730S MaharajganjNichloulThuthibari to two lane with paved shoulders in the State of U.P. on Engineering, Procurement & Construction EPC Basis.",2026-06,0.15939747200492754,0
618164,Construction of four lane highway with paved shoulder from Km.74.700 to Km.112.950 of NH-731A i/c Yamuna Bridge on HAM in the state of Uttar Pradesh.,2026-04,0.16939637801391588,0
618164,Construction of four lane highway with paved shoulder from Km.74.700 to Km.112.950 of NH-731A i/c Yamuna Bridge on HAM in the state of Uttar Pradesh.,2026-05,0.09528547798768898,0
618164,Construction of four lane highway with paved shoulder from Km.74.700 to Km.112.950 of NH-731A i/c Yamuna Bridge on HAM in the state of Uttar Pradesh.,2026-06,0.13621743497391903,0
618165,Construction of 4-lane highway with paved shoulders from Km 49.155 to Km 74.700 of NH-731A on Hybrid Annuity Mode in the state of Uttar Pradesh,2026-04,0.20287165167261617,0
618165,Construction of 4-lane highway with paved shoulders from Km 49.155 to Km 74.700 of NH-731A on Hybrid Annuity Mode in the state of Uttar Pradesh,2026-05,0.09946099658162472,0
618166,Construction of 4-lane green field highway from Km. 35.000 to Km. 49.155 of NH- 731A with paved shoulders on Hybrid Annuity Mode in the state of Uttar Pradesh,2026-04,0.1894121851985929,0
618166,Construction of 4-lane green field highway from Km. 35.000 to Km. 49.155 of NH- 731A with paved shoulders on Hybrid Annuity Mode in the state of Uttar Pradesh,2026-05,0.09607614091296363,0
618166,Construction of 4-lane green field highway from Km. 35.000 to Km. 49.155 of NH- 731A with paved shoulders on Hybrid Annuity Mode in the state of Uttar Pradesh,2026-06,0.11085360533258383,0
618167,Rehabilitation & Upgradation of NH-731A from Km.0.00 to Km.35.00 to 2-lane with paved shoulder under EPC mode,2026-04,0.20249655449198867,0
618168,Widening to four lane with paved shoulder from Design Km.49.200 to Km.89.285 of NH-731B on EPC mode in the state of Uttar Pradesh,2026-04,0.21117991294505079,0
618168,Widening to four lane with paved shoulder from Design Km.49.200 to Km.89.285 of NH-731B on EPC mode in the state of Uttar Pradesh,2026-05,0.12262779050540044,0
618168,Widening to four lane with paved shoulder from Design Km.49.200 to Km.89.285 of NH-731B on EPC mode in the state of Uttar Pradesh,2026-06,0.1651853827920452,0
618169,Construction of Two Lane with paved shoulder highway from Design Ch.0.000 to Ch.49.2OO of NH-731B on EPC Mode,2026-04,0.16899001459570312,0
618169,Construction of Two Lane with paved shoulder highway from Design Ch.0.000 to Ch.49.2OO of NH-731B on EPC Mode,2026-05,0.13146503654408603,0
618169,Construction of Two Lane with paved shoulder highway from Design Ch.0.000 to Ch.49.2OO of NH-731B on EPC Mode,2026-06,0.13506603426028063,0
618170,Construction of Two lane with paved shoulder configuration of Shujalpur Bypass section of NH-752C from km 33100 Design to km. 42570 Design total design length 10.470 km in the State of Madhya Pradesh on EPC mode.,2026-04,0.20860448017337313,0
618170,Construction of Two lane with paved shoulder configuration of Shujalpur Bypass section of NH-752C from km 33100 Design to km. 42570 Design total design length 10.470 km in the State of Madhya Pradesh on EPC mode.,2026-05,0.1994444789721153,0
618170,Construction of Two lane with paved shoulder configuration of Shujalpur Bypass section of NH-752C from km 33100 Design to km. 42570 Design total design length 10.470 km in the State of Madhya Pradesh on EPC mode.,2026-06,0.19434157694305015,0
618171,"Work of Upgradation of Jirapur-Pachore Road including Pachore, Jirapur, Chhapiheda & Khujner Bypasses from 0000 to 58790 Design Length 58.79 Km section of NH-752C to 2LPS in the State of Madhya Pradesh under EPC mode",2026-04,0.23357761470385227,0
618171,"Work of Upgradation of Jirapur-Pachore Road including Pachore, Jirapur, Chhapiheda & Khujner Bypasses from 0000 to 58790 Design Length 58.79 Km section of NH-752C to 2LPS in the State of Madhya Pradesh under EPC mode",2026-05,0.15106651135439605,0
618171,"Work of Upgradation of Jirapur-Pachore Road including Pachore, Jirapur, Chhapiheda & Khujner Bypasses from 0000 to 58790 Design Length 58.79 Km section of NH-752C to 2LPS in the State of Madhya Pradesh under EPC mode",2026-06,0.23822074969719054,0
618172,Paithan - Shirur section 2LPS Km 0.0 to 55.00,2026-04,0.3270490343418705,0
618172,Paithan - Shirur section 2LPS Km 0.0 to 55.00,2026-05,0.1610060683846665,0
618172,Paithan - Shirur section 2LPS Km 0.0 to 55.00,2026-06,0.19523644251694963,0
618173,Shirur-Kharda section from 55937 km to 114486 km to 2LPS/4L,2026-04,0.3109837648953233,0
618173,Shirur-Kharda section from 55937 km to 114486 km to 2LPS/4L,2026-05,0.15138820224146568,0
618173,Shirur-Kharda section from 55937 km to 114486 km to 2LPS/4L,2026-06,0.18201503853251075,0
618174,Rehabilitation and Upgradation to two lane with paved shoulder configuration of NH- 752G from Sakri to Pimpalner Section Design Ch km 0000 to Ch km 21411 in the state of Maharashtra on EPC Mode. Length 21.411 km.,2026-04,0.3223616204891163,0
618174,Rehabilitation and Upgradation to two lane with paved shoulder configuration of NH- 752G from Sakri to Pimpalner Section Design Ch km 0000 to Ch km 21411 in the state of Maharashtra on EPC Mode. Length 21.411 km.,2026-05,0.1421079048635974,0
618174,Rehabilitation and Upgradation to two lane with paved shoulder configuration of NH- 752G from Sakri to Pimpalner Section Design Ch km 0000 to Ch km 21411 in the state of Maharashtra on EPC Mode. Length 21.411 km.,2026-06,0.15656830735328475,0
618175,Rehabilitation and Upgradation of Satana to Mangrul Chandwad Section of NH752 G Design Ch Km 64.000 to Ch Km 101.140 two lane with paved shoulder/four lane configuration in the state of Maharashtra on EPC mode.,2026-04,0.22511265913739176,0
618175,Rehabilitation and Upgradation of Satana to Mangrul Chandwad Section of NH752 G Design Ch Km 64.000 to Ch Km 101.140 two lane with paved shoulder/four lane configuration in the state of Maharashtra on EPC mode.,2026-05,0.1263384076561974,0
618176,Rehabilitation and upgradation from ch km 50/200 to 56/800 and km 62/600 to 100/403 of Kolde to Visarwadi Near Junction with NH-6 section of NH 752G total length 44.40 to two-lane with paved shoulder / four lanes in the State of Maharashtra on EPC mode.,2026-04,0.25843993610451843,0
618176,Rehabilitation and upgradation from ch km 50/200 to 56/800 and km 62/600 to 100/403 of Kolde to Visarwadi Near Junction with NH-6 section of NH 752G total length 44.40 to two-lane with paved shoulder / four lanes in the State of Maharashtra on EPC mode.,2026-05,0.07117440419427752,0
618176,Rehabilitation and upgradation from ch km 50/200 to 56/800 and km 62/600 to 100/403 of Kolde to Visarwadi Near Junction with NH-6 section of NH 752G total length 44.40 to two-lane with paved shoulder / four lanes in the State of Maharashtra on EPC mode.,2026-06,0.16019733478403822,0
618177,Pal Phata Phulambri - Khultabad 2LPS,2026-04,0.386593814681498,0
618177,Pal Phata Phulambri - Khultabad 2LPS,2026-05,0.1787849470852253,0
618177,Pal Phata Phulambri - Khultabad 2LPS,2026-06,0.20492621321973906,0
618178,Widening and strengthening of Gangakhed to Kingaon section of NH-752K in Km 38/750 to 72/304 Flexible Pavement Length33.554 km to 2-lane configuration on EPC mode in the State of Maharashtra.,2026-04,0.2446955860957534,0
618178,Widening and strengthening of Gangakhed to Kingaon section of NH-752K in Km 38/750 to 72/304 Flexible Pavement Length33.554 km to 2-lane configuration on EPC mode in the State of Maharashtra.,2026-05,0.12400459327350412,0
618178,Widening and strengthening of Gangakhed to Kingaon section of NH-752K in Km 38/750 to 72/304 Flexible Pavement Length33.554 km to 2-lane configuration on EPC mode in the State of Maharashtra.,2026-06,0.16247164935477693,0
618179,Rehabilitation and Upgradation of Shewali phata to Kalambhir section i.e. Km 0443 to Km 4500 & Nizampur to Chadwel section i.e. Km 13485 to Km 26265 Length16.317 Km excluding 2 Major Bridges with approaches Km 13735 to Km 14095 & Km 19660 to Km 20030 of NH 753B to 2LPS Configuration in the State of Maharashtra on EPC Mode.,2026-04,0.22392030266289442,0
618179,Rehabilitation and Upgradation of Shewali phata to Kalambhir section i.e. Km 0443 to Km 4500 & Nizampur to Chadwel section i.e. Km 13485 to Km 26265 Length16.317 Km excluding 2 Major Bridges with approaches Km 13735 to Km 14095 & Km 19660 to Km 20030 of NH 753B to 2LPS Configuration in the State of Maharashtra on EPC Mode.,2026-05,0.1111981989456814,0
618180,Pune raigarh District Border To Mangaon Ch 69000 to 103775 NH-753F,2026-04,0.32377446991965386,0
618180,Pune raigarh District Border To Mangaon Ch 69000 to 103775 NH-753F,2026-05,0.1720036010438648,0
618180,Pune raigarh District Border To Mangaon Ch 69000 to 103775 NH-753F,2026-06,0.19830982174609987,0
618181,Rehabilitation / Upgradation to 4 Lane with Paved shoulder of Existing Section in Sillod Town with Design Ch. Km54500 to Km 60679 [Length6.179 km] section of NH 753F Aurangabad-Jalgaon road on EPC Mode in the State of Maharashtra,2026-04,0.22294054504362076,0
618182,Widening to Two lane with paved shoulders from 106/830 to 158/496 of Yellareddy- Rudrur Section of NH-765D in the state of Telangana on EPC mode under NHO under Annual plan 2022-23,2026-04,0.2658060256968687,0
618182,Widening to Two lane with paved shoulders from 106/830 to 158/496 of Yellareddy- Rudrur Section of NH-765D in the state of Telangana on EPC mode under NHO under Annual plan 2022-23,2026-05,0.13007129131350126,0
618182,Widening to Two lane with paved shoulders from 106/830 to 158/496 of Yellareddy- Rudrur Section of NH-765D in the state of Telangana on EPC mode under NHO under Annual plan 2022-23,2026-06,0.16614605647295994,0
618183,Widening to 2 lane with paved shoulders from Km 62/920 to km 106/830 of Medak - Yellareddy section in the State of Telangana under Annual Plan 2022-23 on EPC mode under NHO,2026-04,0.2804372013920568,0
618183,Widening to 2 lane with paved shoulders from Km 62/920 to km 106/830 of Medak - Yellareddy section in the State of Telangana under Annual Plan 2022-23 on EPC mode under NHO,2026-05,0.12177673666336032,0
618183,Widening to 2 lane with paved shoulders from Km 62/920 to km 106/830 of Medak - Yellareddy section in the State of Telangana under Annual Plan 2022-23 on EPC mode under NHO,2026-06,0.14009172468268574,0
618184,Construction of 2 Lane with paved shoulder from km 55.6 to km 90.7 existing chainages of NH-766C complete Realignment of 13.76 km with 2 major Bridges across Sharavathi Backwaters on EPC mode under Annual Plan 2022-23 in the state of Karnataka NH-766C-KNT-2022-23 dated 14.10.2022,2026-04,0.21754907323025857,0
618184,Construction of 2 Lane with paved shoulder from km 55.6 to km 90.7 existing chainages of NH-766C complete Realignment of 13.76 km with 2 major Bridges across Sharavathi Backwaters on EPC mode under Annual Plan 2022-23 in the state of Karnataka NH-766C-KNT-2022-23 dated 14.10.2022,2026-05,0.21625566489913714,0
618184,Construction of 2 Lane with paved shoulder from km 55.6 to km 90.7 existing chainages of NH-766C complete Realignment of 13.76 km with 2 major Bridges across Sharavathi Backwaters on EPC mode under Annual Plan 2022-23 in the state of Karnataka NH-766C-KNT-2022-23 dated 14.10.2022,2026-06,0.19164399475854127,0
618185,Widening to 2LPS from Km 0.000 to 37.850 Except Ex. Km 24.45 to 27.20 of NH-766c Byndoor-Ranebennur Section in the state of Karnataka on EPC Mode under Annual Plan 2022-23 NH-766C-KNT-2022-23-969 dated 30.12.2022,2026-04,0.21786476978760594,0
618185,Widening to 2LPS from Km 0.000 to 37.850 Except Ex. Km 24.45 to 27.20 of NH-766c Byndoor-Ranebennur Section in the state of Karnataka on EPC Mode under Annual Plan 2022-23 NH-766C-KNT-2022-23-969 dated 30.12.2022,2026-05,0.09282772434645846,0
618185,Widening to 2LPS from Km 0.000 to 37.850 Except Ex. Km 24.45 to 27.20 of NH-766c Byndoor-Ranebennur Section in the state of Karnataka on EPC Mode under Annual Plan 2022-23 NH-766C-KNT-2022-23-969 dated 30.12.2022,2026-06,0.13390570421709713,0
618186,"Rehabilitation and Up-gradation of Valigonda to Thorrur Section to Two Lane with Paved Shoulders from Km 39.180 to Km 108.300 of NH-930P in the State of Telangana on Engineering, Procurement and Construction EPC Basis",2026-04,0.1965283827140378,0
618186,"Rehabilitation and Up-gradation of Valigonda to Thorrur Section to Two Lane with Paved Shoulders from Km 39.180 to Km 108.300 of NH-930P in the State of Telangana on Engineering, Procurement and Construction EPC Basis",2026-05,0.11923978764216306,0
618186,"Rehabilitation and Up-gradation of Valigonda to Thorrur Section to Two Lane with Paved Shoulders from Km 39.180 to Km 108.300 of NH-930P in the State of Telangana on Engineering, Procurement and Construction EPC Basis",2026-06,0.14738473936059646,0
618187,"Rehabilitation and upgradation of Salon - Jais - Jagdishpur Road section of NH-931A, from design Chainage km 0.000 to km 5.740 to four lane divided carriageway and from design Chainage km 5.740 to km 53.500 to two lane with paved Total length km 53.500 along with One time improvement in 04 no's of realigned/bypassed built-up areas in a total length of 9.732 km in the state of Uttar Pradesh on EPC mode",2026-04,0.18512371161282906,0
618187,"Rehabilitation and upgradation of Salon - Jais - Jagdishpur Road section of NH-931A, from design Chainage km 0.000 to km 5.740 to four lane divided carriageway and from design Chainage km 5.740 to km 53.500 to two lane with paved Total length km 53.500 along with One time improvement in 04 no's of realigned/bypassed built-up areas in a total length of 9.732 km in the state of Uttar Pradesh on EPC mode",2026-05,0.052095368749979415,0
618187,"Rehabilitation and upgradation of Salon - Jais - Jagdishpur Road section of NH-931A, from design Chainage km 0.000 to km 5.740 to four lane divided carriageway and from design Chainage km 5.740 to km 53.500 to two lane with paved Total length km 53.500 along with One time improvement in 04 no's of realigned/bypassed built-up areas in a total length of 9.732 km in the state of Uttar Pradesh on EPC mode",2026-06,0.08165881675070445,0
618188,Rehabilitation and Up-gradation to 2 lane with paved shoulder configuration of Mahud Sangola road NH 965 G 159400 to 161900and 162400 to 183960 Design Chainage from km. 32/300 to km. 34/800 and km. 35/800 to km. 56/860 Rigid Pavement on EPC mode in the State of Maharashtra.,2026-04,0.24638696448977238,0
618188,Rehabilitation and Up-gradation to 2 lane with paved shoulder configuration of Mahud Sangola road NH 965 G 159400 to 161900and 162400 to 183960 Design Chainage from km. 32/300 to km. 34/800 and km. 35/800 to km. 56/860 Rigid Pavement on EPC mode in the State of Maharashtra.,2026-05,0.12064047667932833,0
618188,Rehabilitation and Up-gradation to 2 lane with paved shoulder configuration of Mahud Sangola road NH 965 G 159400 to 161900and 162400 to 183960 Design Chainage from km. 32/300 to km. 34/800 and km. 35/800 to km. 56/860 Rigid Pavement on EPC mode in the State of Maharashtra.,2026-06,0.1337382381247561,0
618189,Widening to Two Lane with Paved Shoulder of NH-73 New Spur Road Ujire - Dharmasthala - Periyashanthi in the State of Karnataka under on HAM under NHO Annual Plan 2023-24Job No NH-73Spur-KNT-2023-24-996,2026-04,0.20723394057395442,0
618189,Widening to Two Lane with Paved Shoulder of NH-73 New Spur Road Ujire - Dharmasthala - Periyashanthi in the State of Karnataka under on HAM under NHO Annual Plan 2023-24Job No NH-73Spur-KNT-2023-24-996,2026-05,0.09344931483530418,0
618189,Widening to Two Lane with Paved Shoulder of NH-73 New Spur Road Ujire - Dharmasthala - Periyashanthi in the State of Karnataka under on HAM under NHO Annual Plan 2023-24Job No NH-73Spur-KNT-2023-24-996,2026-06,0.11985129890379422,0
618190,Widening to two lane with paved shoulders of 'Bodhan Basar Bhainsa ' section from Km 38/900 to 95/300 of NH-161BB in the state of Telangana under Annual Plan 2021- 22 on EPC Mode under NH O.,2026-04,0.17035491086230858,0
618190,Widening to two lane with paved shoulders of 'Bodhan Basar Bhainsa ' section from Km 38/900 to 95/300 of NH-161BB in the state of Telangana under Annual Plan 2021- 22 on EPC Mode under NH O.,2026-05,0.12184180469535856,0
618190,Widening to two lane with paved shoulders of 'Bodhan Basar Bhainsa ' section from Km 38/900 to 95/300 of NH-161BB in the state of Telangana under Annual Plan 2021- 22 on EPC Mode under NH O.,2026-06,0.1541055901367974,0
618191,"Rehabilitation and upgradation of NH-167AD from Macherla to Dachepalli via Paluvai Junction, Rentachinthala, Gurazala from Km.0.000 to 43.659 to two lane with paved shoulders in the state of Andhra Pradesh job-729",2026-04,0.16925554352132696,0
618192,Duttalur at NH-565 Junction to Kavali Joining on NH-16 Chainage Km. 36/400 to Km. 107/224 excluding the stretch from Km 101.880 to 105.300 67.404 Km of NH-167BG from in the State of Andhra Pradesh on EPC mode,2026-04,0.18830651711404617,0
618193,Widening of Existing Road to Two Lane with Paved Shoulder Configuration from Km 0.00 to 26.000 & Km 45.200 To 59.622 Of NH 365BB in the State of Andhra Pradesh Under Annual Plan 2023-24 through EPC Mode,2026-04,0.2334651721288957,0
618193,Widening of Existing Road to Two Lane with Paved Shoulder Configuration from Km 0.00 to 26.000 & Km 45.200 To 59.622 Of NH 365BB in the State of Andhra Pradesh Under Annual Plan 2023-24 through EPC Mode,2026-05,0.10291888720824485,0
618193,Widening of Existing Road to Two Lane with Paved Shoulder Configuration from Km 0.00 to 26.000 & Km 45.200 To 59.622 Of NH 365BB in the State of Andhra Pradesh Under Annual Plan 2023-24 through EPC Mode,2026-06,0.13189990524925557,0
618194,Rehabilitation and upgradation of New NH 544DD from design Chainage Km. 56/000 to 102/20 of Kalyandrg - Molakalmuru Section,2026-04,0.21254937967956775,0
618194,Rehabilitation and upgradation of New NH 544DD from design Chainage Km. 56/000 to 102/20 of Kalyandrg - Molakalmuru Section,2026-05,0.20121095559775873,0
618194,Rehabilitation and upgradation of New NH 544DD from design Chainage Km. 56/000 to 102/20 of Kalyandrg - Molakalmuru Section,2026-06,0.19409186123704322,0
618196,Widening to 2 lane with Paved Shoulders of Siddipet-Elkathurthy section from Km 69/978 to km 133/619 of NH-765DG in the State of Telangana under Annual plan 2021-22 on EPC mode,2026-04,0.22243908323542266,0
618196,Widening to 2 lane with Paved Shoulders of Siddipet-Elkathurthy section from Km 69/978 to km 133/619 of NH-765DG in the State of Telangana under Annual plan 2021-22 on EPC mode,2026-05,0.11487624084698597,0
618196,Widening to 2 lane with Paved Shoulders of Siddipet-Elkathurthy section from Km 69/978 to km 133/619 of NH-765DG in the State of Telangana under Annual plan 2021-22 on EPC mode,2026-06,0.1398092221969831,0
618197,Widening to 2 lane with Paved Shoulders of Medak - Siddipet section from Km 0/0 to km 69/978 of NH-765DG in the State of Telangana under Annual plan 2021-22 on EPC mode,2026-04,0.30164641572254663,0
618197,Widening to 2 lane with Paved Shoulders of Medak - Siddipet section from Km 0/0 to km 69/978 of NH-765DG in the State of Telangana under Annual plan 2021-22 on EPC mode,2026-05,0.17379369749767135,0
618197,Widening to 2 lane with Paved Shoulders of Medak - Siddipet section from Km 0/0 to km 69/978 of NH-765DG in the State of Telangana under Annual plan 2021-22 on EPC mode,2026-06,0.2120385197820931,0
618198,Balance work of Rehabilitation and Up-gradation to 2-lane road with paved shoulders configuration for NH- 965DD from Pacharal-Mandangad-Mhapral-Rajewadi Upto Junction of NH-66 Ch-22700 to 75100 Km and Ambadave connector Birth place of Dr. Babasaheb Ambedkar Ch-0000 to 7325 Km length Km 59.725 in the state of Maharashtra on EPC mode. Balance Work,2026-04,0.2901077823124097,0
618198,Balance work of Rehabilitation and Up-gradation to 2-lane road with paved shoulders configuration for NH- 965DD from Pacharal-Mandangad-Mhapral-Rajewadi Upto Junction of NH-66 Ch-22700 to 75100 Km and Ambadave connector Birth place of Dr. Babasaheb Ambedkar Ch-0000 to 7325 Km length Km 59.725 in the state of Maharashtra on EPC mode. Balance Work,2026-05,0.14342647217626503,0
618198,Balance work of Rehabilitation and Up-gradation to 2-lane road with paved shoulders configuration for NH- 965DD from Pacharal-Mandangad-Mhapral-Rajewadi Upto Junction of NH-66 Ch-22700 to 75100 Km and Ambadave connector Birth place of Dr. Babasaheb Ambedkar Ch-0000 to 7325 Km length Km 59.725 in the state of Maharashtra on EPC mode. Balance Work,2026-06,0.1666617472155017,0
618199,"Rehabilitation, Upgradation & Widening of existing Highway to Rigid Pavement 2 Lane with Paved Shoulder of NH 965DD from Lonand Shirval-Bhor Mandangad-Pchral Section ShindewadiPhata to Varandah Ghat Dist Border from Km 33/550 to 92/550 in the state of Maharashtra on EPC mode.",2026-04,0.26292849857693484,0
618199,"Rehabilitation, Upgradation & Widening of existing Highway to Rigid Pavement 2 Lane with Paved Shoulder of NH 965DD from Lonand Shirval-Bhor Mandangad-Pchral Section ShindewadiPhata to Varandah Ghat Dist Border from Km 33/550 to 92/550 in the state of Maharashtra on EPC mode.",2026-05,0.1275084397768497,0
618199,"Rehabilitation, Upgradation & Widening of existing Highway to Rigid Pavement 2 Lane with Paved Shoulder of NH 965DD from Lonand Shirval-Bhor Mandangad-Pchral Section ShindewadiPhata to Varandah Ghat Dist Border from Km 33/550 to 92/550 in the state of Maharashtra on EPC mode.",2026-06,0.14975361292749262,0
618200,Construction of 2 lane with Paved Shoulder for Northern Bypass Phase-II of Kota city in the State of Rajasthan.,2026-04,0.2177160975761348,0
618200,Construction of 2 lane with Paved Shoulder for Northern Bypass Phase-II of Kota city in the State of Rajasthan.,2026-05,0.28798353270380517,0
618200,Construction of 2 lane with Paved Shoulder for Northern Bypass Phase-II of Kota city in the State of Rajasthan.,2026-06,0.18843793209909254,0
618201,"Widening and strengthening to 2 lane with paved shoulder from existing Ch. Km 56720 to Km 100820 and Design Ch. From Km 62600 to Km 106360 Total Length43.760 Km on SRINAGAR -BARAMULA URINH-01 in the UT of Jammu & Kashmir under project BEACON, Border Roads Organization BRO on EPC mode.",2026-04,0.23962940118297718,0
618201,"Widening and strengthening to 2 lane with paved shoulder from existing Ch. Km 56720 to Km 100820 and Design Ch. From Km 62600 to Km 106360 Total Length43.760 Km on SRINAGAR -BARAMULA URINH-01 in the UT of Jammu & Kashmir under project BEACON, Border Roads Organization BRO on EPC mode.",2026-05,0.09726383691227754,0
618201,"Widening and strengthening to 2 lane with paved shoulder from existing Ch. Km 56720 to Km 100820 and Design Ch. From Km 62600 to Km 106360 Total Length43.760 Km on SRINAGAR -BARAMULA URINH-01 in the UT of Jammu & Kashmir under project BEACON, Border Roads Organization BRO on EPC mode.",2026-06,0.11852728953992354,0
618202,Construction of 2 lane with paved shoulders Baramulla Bypass Greenfield bypass from existing Ch. Km 47020 to Km 56720 and Design Ch. From 48500 to 62600 Total length 14.100 km on road Srinagar Baramulla Uri NH-01 in the UT of Jammu & Kashmir under Project.Package-III,2026-04,0.2302712223229092,0
618202,Construction of 2 lane with paved shoulders Baramulla Bypass Greenfield bypass from existing Ch. Km 47020 to Km 56720 and Design Ch. From 48500 to 62600 Total length 14.100 km on road Srinagar Baramulla Uri NH-01 in the UT of Jammu & Kashmir under Project.Package-III,2026-05,0.12369634079916457,0
618202,Construction of 2 lane with paved shoulders Baramulla Bypass Greenfield bypass from existing Ch. Km 47020 to Km 56720 and Design Ch. From 48500 to 62600 Total length 14.100 km on road Srinagar Baramulla Uri NH-01 in the UT of Jammu & Kashmir under Project.Package-III,2026-06,0.1584334880950125,0
618203,"Construction of 4 lane with paved shoulder Pattan bypass Greenfield bypass from existing Ch. Km 24320 to Km 33760 and Design Ch. from Km 24400 to Km 35300, total length 10.900 km on road SrinagarBaramulla Uri NH-01 in the UT of Jammu & Kashmir under Project BEACON, Border Roads Organization BRO on EPC mode. Package-II",2026-04,0.20792202076960742,0
618203,"Construction of 4 lane with paved shoulder Pattan bypass Greenfield bypass from existing Ch. Km 24320 to Km 33760 and Design Ch. from Km 24400 to Km 35300, total length 10.900 km on road SrinagarBaramulla Uri NH-01 in the UT of Jammu & Kashmir under Project BEACON, Border Roads Organization BRO on EPC mode. Package-II",2026-05,0.11075958630507185,0
618203,"Construction of 4 lane with paved shoulder Pattan bypass Greenfield bypass from existing Ch. Km 24320 to Km 33760 and Design Ch. from Km 24400 to Km 35300, total length 10.900 km on road SrinagarBaramulla Uri NH-01 in the UT of Jammu & Kashmir under Project BEACON, Border Roads Organization BRO on EPC mode. Package-II",2026-06,0.15600523541724198,0
618204,Construction of realignment between Pandrass- Pashkyun Total length 27.10 km on road Zozila-Kargil -Leh NH-1 to 2 lane specifications i.e. Drass alignment 9.30 km Kharboo realignment 6.30 km & Kargil alignment 11.50 km under project Vijayak BRO in the UT of Ladakh on EPC Mode,2026-04,0.262871201397866,0
618204,Construction of realignment between Pandrass- Pashkyun Total length 27.10 km on road Zozila-Kargil -Leh NH-1 to 2 lane specifications i.e. Drass alignment 9.30 km Kharboo realignment 6.30 km & Kargil alignment 11.50 km under project Vijayak BRO in the UT of Ladakh on EPC Mode,2026-05,0.14050419680644397,0
618204,Construction of realignment between Pandrass- Pashkyun Total length 27.10 km on road Zozila-Kargil -Leh NH-1 to 2 lane specifications i.e. Drass alignment 9.30 km Kharboo realignment 6.30 km & Kargil alignment 11.50 km under project Vijayak BRO in the UT of Ladakh on EPC Mode,2026-06,0.19522579254843783,0
618205,"Construction of 4 lane with paved shoulder from Existing Ch. 14200 to 24320 Design Ch. 14200 to 24400, Ch. 33760 to 42780 Design Ch. 35300 to 44294 & Ch. 43440 to 47020 Design Ch. 44958 to 48500 Delina Flyover including construction of flyover length 1.704 km of total length 22.736 kms in AOR of 760 BRTF on road SRINAGAR BARAMULA URI NH-01 in the UT of Jammu & Kashmir under project BEACON, Border Roads Organization BRO Package-IJob No NH-1-J&K-2022-23-110",2026-04,0.22536044100831737,0
618205,"Construction of 4 lane with paved shoulder from Existing Ch. 14200 to 24320 Design Ch. 14200 to 24400, Ch. 33760 to 42780 Design Ch. 35300 to 44294 & Ch. 43440 to 47020 Design Ch. 44958 to 48500 Delina Flyover including construction of flyover length 1.704 km of total length 22.736 kms in AOR of 760 BRTF on road SRINAGAR BARAMULA URI NH-01 in the UT of Jammu & Kashmir under project BEACON, Border Roads Organization BRO Package-IJob No NH-1-J&K-2022-23-110",2026-05,0.1612355735153013,0
618205,"Construction of 4 lane with paved shoulder from Existing Ch. 14200 to 24320 Design Ch. 14200 to 24400, Ch. 33760 to 42780 Design Ch. 35300 to 44294 & Ch. 43440 to 47020 Design Ch. 44958 to 48500 Delina Flyover including construction of flyover length 1.704 km of total length 22.736 kms in AOR of 760 BRTF on road SRINAGAR BARAMULA URI NH-01 in the UT of Jammu & Kashmir under project BEACON, Border Roads Organization BRO Package-IJob No NH-1-J&K-2022-23-110",2026-06,0.16389081957958834,0
618206,Widening and Strengthening of Rafiabad-Kupwara-Chowkibal-Tangdhar-Chamkot NH- 701 road from design Ch. From 0000 to 51000 to two lanes with paved shoulders under Project Beacon in the UT of Jammu & Kashmir on EPC mode Package-I.,2026-04,0.2707268551038326,0
618206,Widening and Strengthening of Rafiabad-Kupwara-Chowkibal-Tangdhar-Chamkot NH- 701 road from design Ch. From 0000 to 51000 to two lanes with paved shoulders under Project Beacon in the UT of Jammu & Kashmir on EPC mode Package-I.,2026-05,0.09718791653446354,0
618206,Widening and Strengthening of Rafiabad-Kupwara-Chowkibal-Tangdhar-Chamkot NH- 701 road from design Ch. From 0000 to 51000 to two lanes with paved shoulders under Project Beacon in the UT of Jammu & Kashmir on EPC mode Package-I.,2026-06,0.15418091984939905,0
618207,Widening to 2-lane with Hard Shoulder configuration of Mana Ch. 0.00 to Mana Pass Ch. 50.987 road on NH-07 under Bharatmala Pariyojna in the state of Uttarakhand under Annual Plan 2022-23 length 50.987,2026-04,0.2740706978968896,0
618207,Widening to 2-lane with Hard Shoulder configuration of Mana Ch. 0.00 to Mana Pass Ch. 50.987 road on NH-07 under Bharatmala Pariyojna in the state of Uttarakhand under Annual Plan 2022-23 length 50.987,2026-05,0.11870527588365548,0
618207,Widening to 2-lane with Hard Shoulder configuration of Mana Ch. 0.00 to Mana Pass Ch. 50.987 road on NH-07 under Bharatmala Pariyojna in the state of Uttarakhand under Annual Plan 2022-23 length 50.987,2026-06,0.15197163152949125,0
618208,Construction and upgradation of existing road to 2-lane with paved shoulder from existing chainage Km 509.725 to Km 528.000 design chainage Km 490.550 to Km 507.850 of NH-58 new NH-07 Benakuli bend to Mana Village in EPC mode under Chardham Programme in the State of Uttarakhand.,2026-04,0.21504520069806748,0
618209,Construction & up gradation of existing road to 2-Lane with paved shoulder from existing chainage km 468000 to km 489350 Design Chainage km 465150 to km 471500 of NH-07 Old NH-58 including Joshimath bypass on EPC mode in the state of Uttarakhand Length 6.35 km,2026-04,0.23605709516599196,0
618209,Construction & up gradation of existing road to 2-Lane with paved shoulder from existing chainage km 468000 to km 489350 Design Chainage km 465150 to km 471500 of NH-07 Old NH-58 including Joshimath bypass on EPC mode in the state of Uttarakhand Length 6.35 km,2026-05,0.24528158657462343,0
618209,Construction & up gradation of existing road to 2-Lane with paved shoulder from existing chainage km 468000 to km 489350 Design Chainage km 465150 to km 471500 of NH-07 Old NH-58 including Joshimath bypass on EPC mode in the state of Uttarakhand Length 6.35 km,2026-06,0.2656151288622045,0
618210,Rehabilitation and upgradation of Askot-Lipulekh on EPC Basis for Phase-I Existing Km 72.00 to 107.620 Design Chainage Km 21330 to Km 56935 under Project Hirak of BRO in the state of Uttarakhand under Bharatmala Pariyojna Phase-I on EPC Mode Length-35.605 Km CA No EPC/MORT&H/HRK/01/2021-22,2026-04,0.2892961712783766,0
618210,Rehabilitation and upgradation of Askot-Lipulekh on EPC Basis for Phase-I Existing Km 72.00 to 107.620 Design Chainage Km 21330 to Km 56935 under Project Hirak of BRO in the state of Uttarakhand under Bharatmala Pariyojna Phase-I on EPC Mode Length-35.605 Km CA No EPC/MORT&H/HRK/01/2021-22,2026-05,0.16064102366329985,0
618210,Rehabilitation and upgradation of Askot-Lipulekh on EPC Basis for Phase-I Existing Km 72.00 to 107.620 Design Chainage Km 21330 to Km 56935 under Project Hirak of BRO in the state of Uttarakhand under Bharatmala Pariyojna Phase-I on EPC Mode Length-35.605 Km CA No EPC/MORT&H/HRK/01/2021-22,2026-06,0.19052064296111587,0
618211,Improvement/construction of 2-lane with paved shoulder of Askote Llipulekh road from Tawaghat village to Budhi village design km. 56935 to km 95748 and from end of Tunnel portal to Kali Mandir design km 113828 to km. 133078 [total design length 58.063 km] under project Hirak of BRO in the state of Uttarakhand under Bharatmala Pariyojna on EPC Mode,2026-04,0.2458939394890749,0
618211,Improvement/construction of 2-lane with paved shoulder of Askote Llipulekh road from Tawaghat village to Budhi village design km. 56935 to km 95748 and from end of Tunnel portal to Kali Mandir design km 113828 to km. 133078 [total design length 58.063 km] under project Hirak of BRO in the state of Uttarakhand under Bharatmala Pariyojna on EPC Mode,2026-05,0.09919550662689126,0
618211,Improvement/construction of 2-lane with paved shoulder of Askote Llipulekh road from Tawaghat village to Budhi village design km. 56935 to km 95748 and from end of Tunnel portal to Kali Mandir design km 113828 to km. 133078 [total design length 58.063 km] under project Hirak of BRO in the state of Uttarakhand under Bharatmala Pariyojna on EPC Mode,2026-06,0.14560822850566835,0
618212,"STABILIZATION OF LAND SLIDE AND SLOPE PROTECTION AT KM 11.00 TO KM 11.08, 29,730 KM TO 30,060 KM, 30,400 KM TO 31,060 KM, 34,750 KM TO 35,300 KM, 38,950 KM TO 39,030 KM & 39,460 KM TO 39,540 KM TWO LOC CLUBBED, KM 40,400 TO KM 40,650, KM 43,500 KM 43,680, 52,460 RISHIKESH - DHARASU ROAD NH-94 ON EPC MODE IN THE STATE OF UTTARAKHAND. NOSE OF LAND SLIDE - 12 NOS",2026-04,0.19232912567275848,0
618212,"STABILIZATION OF LAND SLIDE AND SLOPE PROTECTION AT KM 11.00 TO KM 11.08, 29,730 KM TO 30,060 KM, 30,400 KM TO 31,060 KM, 34,750 KM TO 35,300 KM, 38,950 KM TO 39,030 KM & 39,460 KM TO 39,540 KM TWO LOC CLUBBED, KM 40,400 TO KM 40,650, KM 43,500 KM 43,680, 52,460 RISHIKESH - DHARASU ROAD NH-94 ON EPC MODE IN THE STATE OF UTTARAKHAND. NOSE OF LAND SLIDE - 12 NOS",2026-05,0.15021549161976175,0
618212,"STABILIZATION OF LAND SLIDE AND SLOPE PROTECTION AT KM 11.00 TO KM 11.08, 29,730 KM TO 30,060 KM, 30,400 KM TO 31,060 KM, 34,750 KM TO 35,300 KM, 38,950 KM TO 39,030 KM & 39,460 KM TO 39,540 KM TWO LOC CLUBBED, KM 40,400 TO KM 40,650, KM 43,500 KM 43,680, 52,460 RISHIKESH - DHARASU ROAD NH-94 ON EPC MODE IN THE STATE OF UTTARAKHAND. NOSE OF LAND SLIDE - 12 NOS",2026-06,0.1346440746993983,0
618213,Rehabilitation and Upgradation of road Rishikesh Dharasu Old NH-94 with 2-lane with paved shoulder from km 76.000 to km 110.000 Design Chainage from km 74.733 to km 107.347 32.614 km including construction of Kamand re-alignment from existing Chainage Km 105.200 to Km 108.600 design chainage Km 103.436 to Km 105.949 - total length 2513 mtrs and land slide treatment work between design chainage Km 73.800 to Km 74.00 200m on EPC mode under improvement to NH connectivity to Chardham in,2026-04,0.23739922751624054,0
618213,Rehabilitation and Upgradation of road Rishikesh Dharasu Old NH-94 with 2-lane with paved shoulder from km 76.000 to km 110.000 Design Chainage from km 74.733 to km 107.347 32.614 km including construction of Kamand re-alignment from existing Chainage Km 105.200 to Km 108.600 design chainage Km 103.436 to Km 105.949 - total length 2513 mtrs and land slide treatment work between design chainage Km 73.800 to Km 74.00 200m on EPC mode under improvement to NH connectivity to Chardham in,2026-05,0.1631008270718364,0
618213,Rehabilitation and Upgradation of road Rishikesh Dharasu Old NH-94 with 2-lane with paved shoulder from km 76.000 to km 110.000 Design Chainage from km 74.733 to km 107.347 32.614 km including construction of Kamand re-alignment from existing Chainage Km 105.200 to Km 108.600 design chainage Km 103.436 to Km 105.949 - total length 2513 mtrs and land slide treatment work between design chainage Km 73.800 to Km 74.00 200m on EPC mode under improvement to NH connectivity to Chardham in,2026-06,0.16951899261592732,0
618214,Rehabilitation and upgradation to 2 lane / 2 lane with paved shoulder configuration for design chainage km 107.347 to km 129.208 & km 133.878 to km 138.570 existing chainage km 110.000 to km 133.020 & km 137.330 to km 142.028 and land slide treatment at existing km 138.500 Design chainage km 134.970 of NH -94 on EPC mode under improvement to NH connectivity to Chardham in the state of Uttarakhand.,2026-04,0.2575525675208625,0
618214,Rehabilitation and upgradation to 2 lane / 2 lane with paved shoulder configuration for design chainage km 107.347 to km 129.208 & km 133.878 to km 138.570 existing chainage km 110.000 to km 133.020 & km 137.330 to km 142.028 and land slide treatment at existing km 138.500 Design chainage km 134.970 of NH -94 on EPC mode under improvement to NH connectivity to Chardham in the state of Uttarakhand.,2026-05,0.1345387965539863,0
618214,Rehabilitation and upgradation to 2 lane / 2 lane with paved shoulder configuration for design chainage km 107.347 to km 129.208 & km 133.878 to km 138.570 existing chainage km 110.000 to km 133.020 & km 137.330 to km 142.028 and land slide treatment at existing km 138.500 Design chainage km 134.970 of NH -94 on EPC mode under improvement to NH connectivity to Chardham in the state of Uttarakhand.,2026-06,0.14764108829174022,0
618215,"Improvement/construction of existing CL-5 Road to NH Intermediate lane specification with hard shoulder from Km 166.000 to 203.77 net Length 37.770 kms of NH-505 Sumdo-Kaza-Gramphoo road in the state of Himachal Pradesh on EPC mode under project Deepak, BRO",2026-04,0.3479981670980085,0
618215,"Improvement/construction of existing CL-5 Road to NH Intermediate lane specification with hard shoulder from Km 166.000 to 203.77 net Length 37.770 kms of NH-505 Sumdo-Kaza-Gramphoo road in the state of Himachal Pradesh on EPC mode under project Deepak, BRO",2026-05,0.15622635404099608,0
618215,"Improvement/construction of existing CL-5 Road to NH Intermediate lane specification with hard shoulder from Km 166.000 to 203.77 net Length 37.770 kms of NH-505 Sumdo-Kaza-Gramphoo road in the state of Himachal Pradesh on EPC mode under project Deepak, BRO",2026-06,0.19598628094954004,0
618216,"Improvement/construction of existing CL-5 Road to NH Intermediate lane specification with hard shoulder from Km 133.000 to 166.000 net Length 33.000 kms of NH-505 Sumdo-Kaza-Gramphoo road in the state of Himachal Pradesh on EPC mode under project Deepak, BRO",2026-04,0.2573953001782981,0
618216,"Improvement/construction of existing CL-5 Road to NH Intermediate lane specification with hard shoulder from Km 133.000 to 166.000 net Length 33.000 kms of NH-505 Sumdo-Kaza-Gramphoo road in the state of Himachal Pradesh on EPC mode under project Deepak, BRO",2026-05,0.18587424006633876,0
618216,"Improvement/construction of existing CL-5 Road to NH Intermediate lane specification with hard shoulder from Km 133.000 to 166.000 net Length 33.000 kms of NH-505 Sumdo-Kaza-Gramphoo road in the state of Himachal Pradesh on EPC mode under project Deepak, BRO",2026-06,0.20230544994397037,0
618217,Improvement/construction of existing Class-5 Road to NH Intermediate lane specification with hard shoulder from existing Km 76/340 to 134/940 Design chainage from Km 76/300 to 133/000 net Length 56.700 kms of NH-505 Sumdo-Kaza- Gramphoo road in the state of Himachal Pradesh Package I,2026-04,0.2826654232948625,0
618217,Improvement/construction of existing Class-5 Road to NH Intermediate lane specification with hard shoulder from existing Km 76/340 to 134/940 Design chainage from Km 76/300 to 133/000 net Length 56.700 kms of NH-505 Sumdo-Kaza- Gramphoo road in the state of Himachal Pradesh Package I,2026-05,0.1955161326906951,0
618217,Improvement/construction of existing Class-5 Road to NH Intermediate lane specification with hard shoulder from existing Km 76/340 to 134/940 Design chainage from Km 76/300 to 133/000 net Length 56.700 kms of NH-505 Sumdo-Kaza- Gramphoo road in the state of Himachal Pradesh Package I,2026-06,0.22733729103453992,0
618218,Rehabilitation & upgradation of existing road to 2-lane with hard shoulder from Joshimath km 0.00 to Saraithota km 29.725 road on NH-107B under Bharatmala Pariyojna on EPC mode in the state of Uttarakhand,2026-04,0.1986223196786017,0
618218,Rehabilitation & upgradation of existing road to 2-lane with hard shoulder from Joshimath km 0.00 to Saraithota km 29.725 road on NH-107B under Bharatmala Pariyojna on EPC mode in the state of Uttarakhand,2026-05,0.10997221853637816,0
618218,Rehabilitation & upgradation of existing road to 2-lane with hard shoulder from Joshimath km 0.00 to Saraithota km 29.725 road on NH-107B under Bharatmala Pariyojna on EPC mode in the state of Uttarakhand,2026-06,0.12618957802877573,0
618219,Upgradation to 2-lane with Hard shoulder configuration of Suraithota Ch. 29.725 km to Malari Ch. 60.550 km road on NH- 107B under in the state of Uttarakhand.,2026-04,0.2145532342182256,0
618219,Upgradation to 2-lane with Hard shoulder configuration of Suraithota Ch. 29.725 km to Malari Ch. 60.550 km road on NH- 107B under in the state of Uttarakhand.,2026-05,0.15942702727801558,0
618219,Upgradation to 2-lane with Hard shoulder configuration of Suraithota Ch. 29.725 km to Malari Ch. 60.550 km road on NH- 107B under in the state of Uttarakhand.,2026-06,0.16640462151346042,0
618220,Reconstruction and widening to 2 lane with paved shoulder from existing chainage km 102000 to km 134950 Design chainage km 90150 to km 116980 including construction of Naushera Tunnel Total length of tunnel 0.700 km under 31 TF on Akhnoor-Poonch road NH-144A in the UT of Jammu & Kashmir under Project Sampark BRO on EPC mode Package-V Job no NH-144A-J&K-2020-21-104,2026-04,0.22169083868008171,0
618221,Rehabilitation and upgradation to 2 lane with paved shoulder from existing chainage Km 166.100 to Km 192.98 design chainage Km 146.700 to Km 162.800 including construction of Bhimber Gali Tunnel Total Length of Tunnel 1.100 Km under 31 BRTF on Akhnoor-Poonch Roads on EPC mode NH-144A Package-VII,2026-04,0.27390459708945974,0
618221,Rehabilitation and upgradation to 2 lane with paved shoulder from existing chainage Km 166.100 to Km 192.98 design chainage Km 146.700 to Km 162.800 including construction of Bhimber Gali Tunnel Total Length of Tunnel 1.100 Km under 31 BRTF on Akhnoor-Poonch Roads on EPC mode NH-144A Package-VII,2026-05,0.13296580014366982,0
618221,Rehabilitation and upgradation to 2 lane with paved shoulder from existing chainage Km 166.100 to Km 192.98 design chainage Km 146.700 to Km 162.800 including construction of Bhimber Gali Tunnel Total Length of Tunnel 1.100 Km under 31 BRTF on Akhnoor-Poonch Roads on EPC mode NH-144A Package-VII,2026-06,0.15708019172577592,0
618222,Widening and Strengthening up gradation to 2 lane with paved shoulder from existing chainage Km 192.98 to Km 229.820 design chainage Km 162.800 to Km 198.18 under 31 BRTF on Akhnoor-Poonch Road NH-144A in the UT of Jammu and Kashmir under Project Sampark Border Roads Organisation BRO on EPC Mode Package-VIII Job No NH-144A-J&K-2022-2023-111,2026-04,0.20176768739031165,0
618222,Widening and Strengthening up gradation to 2 lane with paved shoulder from existing chainage Km 192.98 to Km 229.820 design chainage Km 162.800 to Km 198.18 under 31 BRTF on Akhnoor-Poonch Road NH-144A in the UT of Jammu and Kashmir under Project Sampark Border Roads Organisation BRO on EPC Mode Package-VIII Job No NH-144A-J&K-2022-2023-111,2026-05,0.1277074946487423,0
618222,Widening and Strengthening up gradation to 2 lane with paved shoulder from existing chainage Km 192.98 to Km 229.820 design chainage Km 162.800 to Km 198.18 under 31 BRTF on Akhnoor-Poonch Road NH-144A in the UT of Jammu and Kashmir under Project Sampark Border Roads Organisation BRO on EPC Mode Package-VIII Job No NH-144A-J&K-2022-2023-111,2026-06,0.1692950392303631,0
618223,Rehabilitation and up-gradation to 2 lane with paved shoulder from existing chainage km 64535 to km 85385 Design chainage km 55800 to km 74350 under 13 TF on Akhnoor-Poonch road NH-144A under Project Sampark BRO in the UT of Jammu & Kashmir on EPC mode Package-III Job no NH-144A-J&K-2019-20-79,2026-04,0.19795126236683164,0
618223,Rehabilitation and up-gradation to 2 lane with paved shoulder from existing chainage km 64535 to km 85385 Design chainage km 55800 to km 74350 under 13 TF on Akhnoor-Poonch road NH-144A under Project Sampark BRO in the UT of Jammu & Kashmir on EPC mode Package-III Job no NH-144A-J&K-2019-20-79,2026-05,0.13966489116891637,0
618223,Rehabilitation and up-gradation to 2 lane with paved shoulder from existing chainage km 64535 to km 85385 Design chainage km 55800 to km 74350 under 13 TF on Akhnoor-Poonch road NH-144A under Project Sampark BRO in the UT of Jammu & Kashmir on EPC mode Package-III Job no NH-144A-J&K-2019-20-79,2026-06,0.16658942175968133,0
618224,Rehabilitation and up-gradation to 2 lane with paved shoulder from existing chainage km 49150 to km 64535 Design chainage km 46.450 to km 55.800 including construction of Sungal Tunnel Total length of Tunnel 2.79 km under 13 TF on Akhnoor-Poonch road NH-144A under Project Sampark BRO in the UT of Jammu & Kashmir on EPC mode Package-II Job no NH-144A-J&K-2019-20-78,2026-04,0.21902162748426093,0
618224,Rehabilitation and up-gradation to 2 lane with paved shoulder from existing chainage km 49150 to km 64535 Design chainage km 46.450 to km 55.800 including construction of Sungal Tunnel Total length of Tunnel 2.79 km under 13 TF on Akhnoor-Poonch road NH-144A under Project Sampark BRO in the UT of Jammu & Kashmir on EPC mode Package-II Job no NH-144A-J&K-2019-20-78,2026-05,0.15620298657046006,0
618224,Rehabilitation and up-gradation to 2 lane with paved shoulder from existing chainage km 49150 to km 64535 Design chainage km 46.450 to km 55.800 including construction of Sungal Tunnel Total length of Tunnel 2.79 km under 13 TF on Akhnoor-Poonch road NH-144A under Project Sampark BRO in the UT of Jammu & Kashmir on EPC mode Package-II Job no NH-144A-J&K-2019-20-78,2026-06,0.18576840507386513,0
618225,Rehabilitation and up-gradation to 2 lane with paved shoulder from existing chainage km 134950 to km 166100 Design chainage km 116980 to km 146700 under 31 TF on Akhnoor-Poonch road NH-144A in the UT of Jammu & Kashmir under Project Sampark BRO on EPC mode Package-VI Job no NH-144A-J&K-2021-22-106,2026-04,0.1937724897372296,0
618225,Rehabilitation and up-gradation to 2 lane with paved shoulder from existing chainage km 134950 to km 166100 Design chainage km 116980 to km 146700 under 31 TF on Akhnoor-Poonch road NH-144A in the UT of Jammu & Kashmir under Project Sampark BRO on EPC mode Package-VI Job no NH-144A-J&K-2021-22-106,2026-05,0.1286706123872493,0
618225,Rehabilitation and up-gradation to 2 lane with paved shoulder from existing chainage km 134950 to km 166100 Design chainage km 116980 to km 146700 under 31 TF on Akhnoor-Poonch road NH-144A in the UT of Jammu & Kashmir under Project Sampark BRO on EPC mode Package-VI Job no NH-144A-J&K-2021-22-106,2026-06,0.15902337798250862,0
618226,Rehabilitation and upgradation to 2 lane with paved shoulder from existing chainage Km 30.053 to Km 49.150 design chainage Km 30.000 to Km 46.450 including Kandi Tunnel under 31 BRTF on Akhnoor-Poonch Road NH-144A Under Project Sampark in the UT of Jammu & Kashmir EPC modePackage-I Job no NH-144A-J&K-2020-21-83.,2026-04,0.1663438821581489,0
618226,Rehabilitation and upgradation to 2 lane with paved shoulder from existing chainage Km 30.053 to Km 49.150 design chainage Km 30.000 to Km 46.450 including Kandi Tunnel under 31 BRTF on Akhnoor-Poonch Road NH-144A Under Project Sampark in the UT of Jammu & Kashmir EPC modePackage-I Job no NH-144A-J&K-2020-21-83.,2026-05,0.12723137021296962,0
618226,Rehabilitation and upgradation to 2 lane with paved shoulder from existing chainage Km 30.053 to Km 49.150 design chainage Km 30.000 to Km 46.450 including Kandi Tunnel under 31 BRTF on Akhnoor-Poonch Road NH-144A Under Project Sampark in the UT of Jammu & Kashmir EPC modePackage-I Job no NH-144A-J&K-2020-21-83.,2026-06,0.14135337585136887,0
618227,Development to 4/6-lanning of NH-31 New NH-10 with both side service roads from km 569.258 to km 581.030 end of AH-02 project on NH- 31 near Shivmandir to Sevoke Army Cantonment in districts of Darjeeling and Jalpaiguri in the state of West Bengal on EPC Mode Job No. 010/WB/2021-22/490,2026-04,0.24788141767731156,0
618227,Development to 4/6-lanning of NH-31 New NH-10 with both side service roads from km 569.258 to km 581.030 end of AH-02 project on NH- 31 near Shivmandir to Sevoke Army Cantonment in districts of Darjeeling and Jalpaiguri in the state of West Bengal on EPC Mode Job No. 010/WB/2021-22/490,2026-05,0.20457309688208533,0
618227,Development to 4/6-lanning of NH-31 New NH-10 with both side service roads from km 569.258 to km 581.030 end of AH-02 project on NH- 31 near Shivmandir to Sevoke Army Cantonment in districts of Darjeeling and Jalpaiguri in the state of West Bengal on EPC Mode Job No. 010/WB/2021-22/490,2026-06,0.22445053034578172,0
618228,construction of a new 4 lane Parallel to existing MG Setu with its approaces from km 0.00 to km 14.500 across river Ganga on NH-19 at Patna in the state of Bihar.,2026-04,0.28236599260552253,0
618228,construction of a new 4 lane Parallel to existing MG Setu with its approaces from km 0.00 to km 14.500 across river Ganga on NH-19 at Patna in the state of Bihar.,2026-05,0.1703500644290207,0
618228,construction of a new 4 lane Parallel to existing MG Setu with its approaces from km 0.00 to km 14.500 across river Ganga on NH-19 at Patna in the state of Bihar.,2026-06,0.2058109094234871,0
618229,Rehabilitation and upgradation to 2-lane with paved sholuders configuration of Near Karri village-Etawah section Km30.000 to Km 57.346 Pakage-II of NH-92 in state of Uttar Pradesh undergreen national Highway Corridor ProjectGNHCP with the loan assistance of world Bank on EPC mode.,2026-04,0.23725279126203663,0
618230,Rehabilitation and Upgradation to 2-lane configuration of Kalwahn-Mandi Section km 208.950 to 250.592 of NH-70 in the State of Himachal Pradesh under Green National Highways Corridor Project GNHCP with the loan assistance of World Bank on EPC mode.Package-3,2026-04,0.2657921032020589,0
618230,Rehabilitation and Upgradation to 2-lane configuration of Kalwahn-Mandi Section km 208.950 to 250.592 of NH-70 in the State of Himachal Pradesh under Green National Highways Corridor Project GNHCP with the loan assistance of World Bank on EPC mode.Package-3,2026-05,0.15854838484342196,0
618230,Rehabilitation and Upgradation to 2-lane configuration of Kalwahn-Mandi Section km 208.950 to 250.592 of NH-70 in the State of Himachal Pradesh under Green National Highways Corridor Project GNHCP with the loan assistance of World Bank on EPC mode.Package-3,2026-06,0.21681357809917942,0
618231,Rehabilitation and Upgradation to 2-lane configuration of Hamirpur-Karnohal Section km 141.00 to 181.00 of NH-70 in the State of Himachal Pradesh under Green National Highways Corridor Project GNHCP with the loan assistance of World Bank on EPC mode.Package-1,2026-04,0.21693094435671423,0
618231,Rehabilitation and Upgradation to 2-lane configuration of Hamirpur-Karnohal Section km 141.00 to 181.00 of NH-70 in the State of Himachal Pradesh under Green National Highways Corridor Project GNHCP with the loan assistance of World Bank on EPC mode.Package-1,2026-05,0.14864020565568806,0
618231,Rehabilitation and Upgradation to 2-lane configuration of Hamirpur-Karnohal Section km 141.00 to 181.00 of NH-70 in the State of Himachal Pradesh under Green National Highways Corridor Project GNHCP with the loan assistance of World Bank on EPC mode.Package-1,2026-06,0.16090703649821084,0
618232,Rehabilitation and Upgradation to 2-lane configuration of Karnohal- Kalwahn Section km 181.00 to 208.950 of NH-70 in the State of Himachal Pradesh under Green National Highways Corridor Project GNHCP with the loan assistance of World Bank on EPC mode.Package-2,2026-04,0.28790719580775426,0
618232,Rehabilitation and Upgradation to 2-lane configuration of Karnohal- Kalwahn Section km 181.00 to 208.950 of NH-70 in the State of Himachal Pradesh under Green National Highways Corridor Project GNHCP with the loan assistance of World Bank on EPC mode.Package-2,2026-05,0.21666305834872587,0
618232,Rehabilitation and Upgradation to 2-lane configuration of Karnohal- Kalwahn Section km 181.00 to 208.950 of NH-70 in the State of Himachal Pradesh under Green National Highways Corridor Project GNHCP with the loan assistance of World Bank on EPC mode.Package-2,2026-06,0.23016937133351456,0
618233,Construction of 6-lane bridge on Ganga on NH-96 and its approaches in Phaphamau Allahabad on EPC mode,2026-04,0.2528321568196639,0
618233,Construction of 6-lane bridge on Ganga on NH-96 and its approaches in Phaphamau Allahabad on EPC mode,2026-05,0.1382628256177235,0
618233,Construction of 6-lane bridge on Ganga on NH-96 and its approaches in Phaphamau Allahabad on EPC mode,2026-06,0.15913185551407935,0
618234,Construction of a new 4-lane major bridge across river Kosi at Phulaut including Rehabilitation and upgradation of existing Birpur and Bihpur section of NH-106 from km 106.000 to km 136.000 to 2-lane with paved shoulders in the State of Bihar on EPC mode,2026-04,0.23301312209753944,0
618234,Construction of a new 4-lane major bridge across river Kosi at Phulaut including Rehabilitation and upgradation of existing Birpur and Bihpur section of NH-106 from km 106.000 to km 136.000 to 2-lane with paved shoulders in the State of Bihar on EPC mode,2026-05,0.18086425802409206,0
618234,Construction of a new 4-lane major bridge across river Kosi at Phulaut including Rehabilitation and upgradation of existing Birpur and Bihpur section of NH-106 from km 106.000 to km 136.000 to 2-lane with paved shoulders in the State of Bihar on EPC mode,2026-06,0.21503570944900366,0
618235,Balance work of Rehabilitation and Up-gradation to 4-Lane configuration of Ras- Beawar Section Km 00.000 to km 30.050 of NH-158 in the State of Rajasthan under Green National Highway Corridor Project GNHCP.,2026-04,0.22723387579237156,0
618235,Balance work of Rehabilitation and Up-gradation to 4-Lane configuration of Ras- Beawar Section Km 00.000 to km 30.050 of NH-158 in the State of Rajasthan under Green National Highway Corridor Project GNHCP.,2026-05,0.17208727990535616,0
618235,Balance work of Rehabilitation and Up-gradation to 4-Lane configuration of Ras- Beawar Section Km 00.000 to km 30.050 of NH-158 in the State of Rajasthan under Green National Highway Corridor Project GNHCP.,2026-06,0.21648059639564507,0
618236,Rehabilitation and Up-gradation of Dhindi - Digamarru section from Km 126/510 to Km 135/740 of NH -214New NH -216 and digamarru -Losari section from Km 0/000 tp Km 34/230 of NH-214 ANew Nh-216 to two lane with paved shoulder in the state of AP- NH,2026-04,0.18110061182137577,0
618236,Rehabilitation and Up-gradation of Dhindi - Digamarru section from Km 126/510 to Km 135/740 of NH -214New NH -216 and digamarru -Losari section from Km 0/000 tp Km 34/230 of NH-214 ANew Nh-216 to two lane with paved shoulder in the state of AP- NH,2026-05,0.1784081299995373,0
618236,Rehabilitation and Up-gradation of Dhindi - Digamarru section from Km 126/510 to Km 135/740 of NH -214New NH -216 and digamarru -Losari section from Km 0/000 tp Km 34/230 of NH-214 ANew Nh-216 to two lane with paved shoulder in the state of AP- NH,2026-06,0.1982447640469673,0
618237,Rehabilitation and Up-gradation of Pasarlapudi to Dhindi section from Km 105/170 to Km 126/510 of NH -214 New NH -216 to two lane with paved shoulder in the state of Andhra Pradesh under NHDP-IV,2026-04,0.18286099350685942,0
618238,Rehabilitation and Up-gradation of Thimmapuram to Gurajanapalli section from Km 26/150 to Km 41/161 of NH - 214 New NH - 216 to two lane with paved shoulder in the state of Andhra Pradesh under NHDP-IV,2026-04,0.1802948850560671,0
618238,Rehabilitation and Up-gradation of Thimmapuram to Gurajanapalli section from Km 26/150 to Km 41/161 of NH - 214 New NH - 216 to two lane with paved shoulder in the state of Andhra Pradesh under NHDP-IV,2026-05,0.1337771142923713,0
618238,Rehabilitation and Up-gradation of Thimmapuram to Gurajanapalli section from Km 26/150 to Km 41/161 of NH - 214 New NH - 216 to two lane with paved shoulder in the state of Andhra Pradesh under NHDP-IV,2026-06,0.13660189668567757,0
618239,"Rehabilitation & Upgradation of NH214New NH-216 from Km 34/230 to Km 84/550 Losari to Machavaram Section to two lane with paved shoulder in the state of Andhrapradesh under NHDP-IV through Engineering, Procurement& Construction EPC mode.",2026-04,0.19853656812116452,0
618239,"Rehabilitation & Upgradation of NH214New NH-216 from Km 34/230 to Km 84/550 Losari to Machavaram Section to two lane with paved shoulder in the state of Andhrapradesh under NHDP-IV through Engineering, Procurement& Construction EPC mode.",2026-05,0.12047611359038023,0
618239,"Rehabilitation & Upgradation of NH214New NH-216 from Km 34/230 to Km 84/550 Losari to Machavaram Section to two lane with paved shoulder in the state of Andhrapradesh under NHDP-IV through Engineering, Procurement& Construction EPC mode.",2026-06,0.13006756311739642,0
618240,Rehabilitation and upgradation to 2-lane with paved sholuders configuration of Bewar- naer Karri village section Km0.00 to Km30.00 Pakage-I of NH-92 in state of Uttar Pradesh undergreen national Highway Corridor Project GNHCP with the loan assistance of world Bank on EPC mode.,2026-04,0.19329973219924448,0
618240,Rehabilitation and upgradation to 2-lane with paved sholuders configuration of Bewar- naer Karri village section Km0.00 to Km30.00 Pakage-I of NH-92 in state of Uttar Pradesh undergreen national Highway Corridor Project GNHCP with the loan assistance of world Bank on EPC mode.,2026-05,0.20396052185412722,0
618240,Rehabilitation and upgradation to 2-lane with paved sholuders configuration of Bewar- naer Karri village section Km0.00 to Km30.00 Pakage-I of NH-92 in state of Uttar Pradesh undergreen national Highway Corridor Project GNHCP with the loan assistance of world Bank on EPC mode.,2026-06,0.15544253094164032,0
618242,Widening and Reconstruction to 4-lane/4-lane with service road including structures from Pokharia More at Km 47.600 Ex. Km 50.230 to Govindpur at km 62.949 Ex. Km 65.325 of Nh-419 in the State of Jharkhand on EPC mode.,2026-04,0.27689368246244683,0
618242,Widening and Reconstruction to 4-lane/4-lane with service road including structures from Pokharia More at Km 47.600 Ex. Km 50.230 to Govindpur at km 62.949 Ex. Km 65.325 of Nh-419 in the State of Jharkhand on EPC mode.,2026-05,0.1672912474417135,0
618242,Widening and Reconstruction to 4-lane/4-lane with service road including structures from Pokharia More at Km 47.600 Ex. Km 50.230 to Govindpur at km 62.949 Ex. Km 65.325 of Nh-419 in the State of Jharkhand on EPC mode.,2026-06,0.18762959070253782,0
618243,Construction of Basti Ring Road Phase-I with 4L configuration for Basti City in the state of Uttar Pradesh on HAM mode,2026-04,0.21430688714385218,0
618243,Construction of Basti Ring Road Phase-I with 4L configuration for Basti City in the state of Uttar Pradesh on HAM mode,2026-05,0.07169241945604655,0
618243,Construction of Basti Ring Road Phase-I with 4L configuration for Basti City in the state of Uttar Pradesh on HAM mode,2026-06,0.12800294189777664,0
618244,Construction of Raebareli Ring Road Phase-2 with four Lane configuration for Raebareli City in the state of Uttar Pradesh on Hybrid Annuity Model HAM basis,2026-04,0.2838848153766617,0
618244,Construction of Raebareli Ring Road Phase-2 with four Lane configuration for Raebareli City in the state of Uttar Pradesh on Hybrid Annuity Model HAM basis,2026-05,0.12064188682255175,0
618244,Construction of Raebareli Ring Road Phase-2 with four Lane configuration for Raebareli City in the state of Uttar Pradesh on Hybrid Annuity Model HAM basis,2026-06,0.16044460402132552,0
618246,Construction of New 4-Lane Bridge Parallel to existing Vikramashila Setufrom km 8920 to Km 13375including approach road 35m Naugachhia side &53 m Bhagalpur sideacross River Ganga on newly declared NH-131B at Bhagalpur in the State of Bihar,2026-04,0.3011989834076618,0
618246,Construction of New 4-Lane Bridge Parallel to existing Vikramashila Setufrom km 8920 to Km 13375including approach road 35m Naugachhia side &53 m Bhagalpur sideacross River Ganga on newly declared NH-131B at Bhagalpur in the State of Bihar,2026-05,0.13785657363462642,0
618246,Construction of New 4-Lane Bridge Parallel to existing Vikramashila Setufrom km 8920 to Km 13375including approach road 35m Naugachhia side &53 m Bhagalpur sideacross River Ganga on newly declared NH-131B at Bhagalpur in the State of Bihar,2026-06,0.17841181714606763,0
618247,Construction of 4 lane Mirzapur bypass including bridge over river Ganga from km 0.000 to km 15.000 of NH 135A in the State of Uttar Pradesh on HAM Mode.,2026-04,0.18329579214625388,0
618247,Construction of 4 lane Mirzapur bypass including bridge over river Ganga from km 0.000 to km 15.000 of NH 135A in the State of Uttar Pradesh on HAM Mode.,2026-05,0.05644579946249496,0
618247,Construction of 4 lane Mirzapur bypass including bridge over river Ganga from km 0.000 to km 15.000 of NH 135A in the State of Uttar Pradesh on HAM Mode.,2026-06,0.08596632025166523,0
618248,Widening to 4 lane from km. 139.00 to km 179.20 of NH-135A Pkg-III Jaunpur Akbarpur section and Akbarpur bypass on Hybrid Annuity Mode in the state of Uttar Pradesh.,2026-04,0.19116627771151143,0
618248,Widening to 4 lane from km. 139.00 to km 179.20 of NH-135A Pkg-III Jaunpur Akbarpur section and Akbarpur bypass on Hybrid Annuity Mode in the state of Uttar Pradesh.,2026-05,0.0452854934195594,0
618248,Widening to 4 lane from km. 139.00 to km 179.20 of NH-135A Pkg-III Jaunpur Akbarpur section and Akbarpur bypass on Hybrid Annuity Mode in the state of Uttar Pradesh.,2026-06,0.09083547428992844,0
618249,Widening to 4 lane from km. 108.50 to km 139.00 of NH-135A Pkg-II Jaunpur Akbarpur section on Hybrid Annuity Mode in the state of Uttar Pradesh,2026-04,0.2372789931537613,0
618249,Widening to 4 lane from km. 108.50 to km 139.00 of NH-135A Pkg-II Jaunpur Akbarpur section on Hybrid Annuity Mode in the state of Uttar Pradesh,2026-05,0.08043398733928707,0
618249,Widening to 4 lane from km. 108.50 to km 139.00 of NH-135A Pkg-II Jaunpur Akbarpur section on Hybrid Annuity Mode in the state of Uttar Pradesh,2026-06,0.12658886341621747,0
618250,Construction of 6-Lane Elevated / Extra Dose Cable Bridge on River Ganga parallel to & Western side of Digha-Sonepur Rail cum-Road Bridge of NH 139W in the State of Bihar,2026-04,0.2275528631068931,0
618250,Construction of 6-Lane Elevated / Extra Dose Cable Bridge on River Ganga parallel to & Western side of Digha-Sonepur Rail cum-Road Bridge of NH 139W in the State of Bihar,2026-05,0.11532889542691147,0
618250,Construction of 6-Lane Elevated / Extra Dose Cable Bridge on River Ganga parallel to & Western side of Digha-Sonepur Rail cum-Road Bridge of NH 139W in the State of Bihar,2026-06,0.11096071959148968,0
618251,"Improvement and Up gradation to four lane with Paved shoulder configuration from Existing Km 0000 to Km 39500 design km 0500 to Km 40342, Design length km of NH 227A near Mehrauna GhatUP Bihar Border to Siwan on the state of Bihar on Hybrid Annuity Model HAM basis",2026-04,0.16762697384040914,0
618251,"Improvement and Up gradation to four lane with Paved shoulder configuration from Existing Km 0000 to Km 39500 design km 0500 to Km 40342, Design length km of NH 227A near Mehrauna GhatUP Bihar Border to Siwan on the state of Bihar on Hybrid Annuity Model HAM basis",2026-05,0.04900442842045755,0
618251,"Improvement and Up gradation to four lane with Paved shoulder configuration from Existing Km 0000 to Km 39500 design km 0500 to Km 40342, Design length km of NH 227A near Mehrauna GhatUP Bihar Border to Siwan on the state of Bihar on Hybrid Annuity Model HAM basis",2026-06,0.08996684780150307,0
618252,"Improvement and Up-gradation to two Lane with Paved Shoulder/Four Lane configuration from existing Km 130.000 to Km 191.000 design km 131.500 to Km 188.735, Design length 57.235 Km of NH-227A near Barhalganj to Mehrauna Ghat in the state of Uttar Pradesh on Hybrid Annuity Model HAM basis",2026-04,0.3067051136416237,0
618252,"Improvement and Up-gradation to two Lane with Paved Shoulder/Four Lane configuration from existing Km 130.000 to Km 191.000 design km 131.500 to Km 188.735, Design length 57.235 Km of NH-227A near Barhalganj to Mehrauna Ghat in the state of Uttar Pradesh on Hybrid Annuity Model HAM basis",2026-05,0.16135193805436582,0
618252,"Improvement and Up-gradation to two Lane with Paved Shoulder/Four Lane configuration from existing Km 130.000 to Km 191.000 design km 131.500 to Km 188.735, Design length 57.235 Km of NH-227A near Barhalganj to Mehrauna Ghat in the state of Uttar Pradesh on Hybrid Annuity Model HAM basis",2026-06,0.1785920953151883,0
618253,Construction of missing link from Birhu to Lathiani from Km 35/550 Design chainage Km 0.000 to Km 42/800 Design Chainage Km 8.153on NH-503A including Lathiani Bridge on back water of Govindsagar and its approaches in Himachal Pradesh.,2026-04,0.20869782719601535,0
618253,Construction of missing link from Birhu to Lathiani from Km 35/550 Design chainage Km 0.000 to Km 42/800 Design Chainage Km 8.153on NH-503A including Lathiani Bridge on back water of Govindsagar and its approaches in Himachal Pradesh.,2026-05,0.0753836684824225,0
618253,Construction of missing link from Birhu to Lathiani from Km 35/550 Design chainage Km 0.000 to Km 42/800 Design Chainage Km 8.153on NH-503A including Lathiani Bridge on back water of Govindsagar and its approaches in Himachal Pradesh.,2026-06,0.10477493131572375,0
618254,Construction of Paderu bypass Km 0000 to Km 13000 of 2- lane with paved shoulder on NH-516E,2026-04,0.19807286348808317,0
618254,Construction of Paderu bypass Km 0000 to Km 13000 of 2- lane with paved shoulder on NH-516E,2026-05,0.14799502294745223,0
618254,Construction of Paderu bypass Km 0000 to Km 13000 of 2- lane with paved shoulder on NH-516E,2026-06,0.1538105749037468,0
618255,Two laning with paved shoulders of Lambasingi to Paderusection of NH 516E,2026-04,0.26092484221163204,0
618255,Two laning with paved shoulders of Lambasingi to Paderusection of NH 516E,2026-05,0.16196303221650907,0
618255,Two laning with paved shoulders of Lambasingi to Paderusection of NH 516E,2026-06,0.1895893945161117,0
618256,"Rehabilitation and Upgradation to 2-lane with paved should ders Sir, configuration of Chaprathipalem to Lambasingi section Km 165500 to Km 205000 of NH-516E in the State of Andhra Pradesh under Green National Highways Corridor Project GNHCP with the loan assistance of World Bank on EPC mode",2026-04,0.14530148938950815,0
618256,"Rehabilitation and Upgradation to 2-lane with paved should ders Sir, configuration of Chaprathipalem to Lambasingi section Km 165500 to Km 205000 of NH-516E in the State of Andhra Pradesh under Green National Highways Corridor Project GNHCP with the loan assistance of World Bank on EPC mode",2026-05,0.11727792042746259,0
618256,"Rehabilitation and Upgradation to 2-lane with paved should ders Sir, configuration of Chaprathipalem to Lambasingi section Km 165500 to Km 205000 of NH-516E in the State of Andhra Pradesh under Green National Highways Corridor Project GNHCP with the loan assistance of World Bank on EPC mode",2026-06,0.1333233912067832,0
618257,Rehabilitation and Upgradation to 2-lane with paved shoulders configuration of Koyyuru to Chaprathipalem section Km 120000 to Km 165500 of NH-516E in the State of Andhra Pradesh under Green National Highways Corridor Project GNHCP with the loan assistance of World Bank on EPC mode,2026-04,0.1646513383928325,0
618257,Rehabilitation and Upgradation to 2-lane with paved shoulders configuration of Koyyuru to Chaprathipalem section Km 120000 to Km 165500 of NH-516E in the State of Andhra Pradesh under Green National Highways Corridor Project GNHCP with the loan assistance of World Bank on EPC mode,2026-05,0.1262525924291813,0
618257,Rehabilitation and Upgradation to 2-lane with paved shoulders configuration of Koyyuru to Chaprathipalem section Km 120000 to Km 165500 of NH-516E in the State of Andhra Pradesh under Green National Highways Corridor Project GNHCP with the loan assistance of World Bank on EPC mode,2026-06,0.14550355419013264,0
618258,Two laning with paved shoulders of Gondiguda to Araku uptoBhallaguda section of NH 516E,2026-04,0.17345995432095307,0
618259,Two laning with paved shoulders of Paderu to GundigudaSection of NH 516E,2026-04,0.18118317341534773,0
618260,"Construction of Salempur bypass to 4LPS from km 64.000 of NH-727A Km 171.00 of Sonauli Balia Marg, old SH-01, near Mahadahan Chauraha to km 61.500 of NH-727B Km 178.500 of Sonauli Balia Marg, old SH-01, near near Ahirauli Village under Hybrid Annuity Mode HAM in the State of Uttar Pradesh",2026-04,0.23312676485958655,0
618260,"Construction of Salempur bypass to 4LPS from km 64.000 of NH-727A Km 171.00 of Sonauli Balia Marg, old SH-01, near Mahadahan Chauraha to km 61.500 of NH-727B Km 178.500 of Sonauli Balia Marg, old SH-01, near near Ahirauli Village under Hybrid Annuity Mode HAM in the State of Uttar Pradesh",2026-05,0.09636004738549721,0
618260,"Construction of Salempur bypass to 4LPS from km 64.000 of NH-727A Km 171.00 of Sonauli Balia Marg, old SH-01, near Mahadahan Chauraha to km 61.500 of NH-727B Km 178.500 of Sonauli Balia Marg, old SH-01, near near Ahirauli Village under Hybrid Annuity Mode HAM in the State of Uttar Pradesh",2026-06,0.14866324026339076,0
618262,Construction of Deoria Bypass from existing Km. 27.140 to existing Km. 46.780 Design Km. 49.109 on NH727A Design length 21.969 Km. to four lane with paved shoulder configuration under Hybrid Annuity Mode HAM in the State of Uttar Pradesh,2026-04,0.19003732612672933,0
618262,Construction of Deoria Bypass from existing Km. 27.140 to existing Km. 46.780 Design Km. 49.109 on NH727A Design length 21.969 Km. to four lane with paved shoulder configuration under Hybrid Annuity Mode HAM in the State of Uttar Pradesh,2026-05,0.06137544778610035,0
618262,Construction of Deoria Bypass from existing Km. 27.140 to existing Km. 46.780 Design Km. 49.109 on NH727A Design length 21.969 Km. to four lane with paved shoulder configuration under Hybrid Annuity Mode HAM in the State of Uttar Pradesh,2026-06,0.10051889730810769,0
618263,"Rehabilitation and Up-gradation to 2LPS from Km. 0.000 to Km. 7.800 and Km. 35.400 to Km. 52.345 Design length 24.745 Km., except Bihar portion of NH-727B Tamkuhiraj to Bihar Border and Bihar Border to Majhauli on EPC mode in the State of Uttar Pradesh",2026-04,0.21342718535015473,0
618263,"Rehabilitation and Up-gradation to 2LPS from Km. 0.000 to Km. 7.800 and Km. 35.400 to Km. 52.345 Design length 24.745 Km., except Bihar portion of NH-727B Tamkuhiraj to Bihar Border and Bihar Border to Majhauli on EPC mode in the State of Uttar Pradesh",2026-05,0.096008662926263,0
618263,"Rehabilitation and Up-gradation to 2LPS from Km. 0.000 to Km. 7.800 and Km. 35.400 to Km. 52.345 Design length 24.745 Km., except Bihar portion of NH-727B Tamkuhiraj to Bihar Border and Bihar Border to Majhauli on EPC mode in the State of Uttar Pradesh",2026-06,0.10822661975932242,0
618264,"Widening and Strengthening to two Lane with Paved Shoulder/Four Lane with paved shoulder configuration from km. 61.500 of NH-727B near Nawalpur km 178.500 of Sonauli Balia Marg, Old SH-01 i.e. end point of Salempur Bypass to km. 106.495 of NH-727B near Sikanderpur under EPC mode",2026-04,0.2289239283204402,0
618264,"Widening and Strengthening to two Lane with Paved Shoulder/Four Lane with paved shoulder configuration from km. 61.500 of NH-727B near Nawalpur km 178.500 of Sonauli Balia Marg, Old SH-01 i.e. end point of Salempur Bypass to km. 106.495 of NH-727B near Sikanderpur under EPC mode",2026-05,0.06668475863745539,0
618264,"Widening and Strengthening to two Lane with Paved Shoulder/Four Lane with paved shoulder configuration from km. 61.500 of NH-727B near Nawalpur km 178.500 of Sonauli Balia Marg, Old SH-01 i.e. end point of Salempur Bypass to km. 106.495 of NH-727B near Sikanderpur under EPC mode",2026-06,0.10355153213857071,0
618265,Rehabilitation and upgradation to 2-lane with paved sholuders configuration of Miranpur Katra to radhaita section of NH-730CKm.114.000 to Km 137.250pakage-III in state of Uttar Pradesh undergreen national Highway Corridor ProjectGNHCP with the loan assistance of world Bank on EPC mode.,2026-04,0.18598183576797994,0
618265,Rehabilitation and upgradation to 2-lane with paved sholuders configuration of Miranpur Katra to radhaita section of NH-730CKm.114.000 to Km 137.250pakage-III in state of Uttar Pradesh undergreen national Highway Corridor ProjectGNHCP with the loan assistance of world Bank on EPC mode.,2026-05,0.11785459892525756,0
618265,Rehabilitation and upgradation to 2-lane with paved sholuders configuration of Miranpur Katra to radhaita section of NH-730CKm.114.000 to Km 137.250pakage-III in state of Uttar Pradesh undergreen national Highway Corridor ProjectGNHCP with the loan assistance of world Bank on EPC mode.,2026-06,0.12977792964354498,0
618266,Rehabilitation and upgradation to 2-lane with paved sholuders configuration of Bewar- Allahaganj- section of NH-730C Km.0.000 to Km 52.770 pakage-I in state of Uttar Pradesh undergreen national Highway Corridor Project GNHCP with the loan assistance of world Bank on EPC mode.,2026-04,0.2004780230246669,0
618266,Rehabilitation and upgradation to 2-lane with paved sholuders configuration of Bewar- Allahaganj- section of NH-730C Km.0.000 to Km 52.770 pakage-I in state of Uttar Pradesh undergreen national Highway Corridor Project GNHCP with the loan assistance of world Bank on EPC mode.,2026-05,0.1007556277262988,0
618266,Rehabilitation and upgradation to 2-lane with paved sholuders configuration of Bewar- Allahaganj- section of NH-730C Km.0.000 to Km 52.770 pakage-I in state of Uttar Pradesh undergreen national Highway Corridor Project GNHCP with the loan assistance of world Bank on EPC mode.,2026-06,0.1162704432832856,0
618267,Widening/Upgradation to four lane configuration of Shahjahanpur-Bisalpur section from km 0.00 to km 47.026 of NH-731K on Hybrid Annuity Mode in the state of Uttar Pradesh.,2026-05,0.15570303406457658,0
618267,Widening/Upgradation to four lane configuration of Shahjahanpur-Bisalpur section from km 0.00 to km 47.026 of NH-731K on Hybrid Annuity Mode in the state of Uttar Pradesh.,2026-06,0.08647380285703214,0
618282,4-L Bilasipara-Guwahati Package-10,2026-04,0.2053453124791386,0
618282,4-L Bilasipara-Guwahati Package-10,2026-05,0.16018214054687702,0
618282,4-L Bilasipara-Guwahati Package-10,2026-06,0.1724739107612662,0
618283,4-L Bilasipara-Guwahati Package-9,2026-04,0.19904380427616128,0
618283,4-L Bilasipara-Guwahati Package-9,2026-05,0.1176575692855648,0
618283,4-L Bilasipara-Guwahati Package-9,2026-06,0.18733140554673025,0
618284,Widening/Improvement to 4-Lane with paved shoulder from Km 99930 to Km 143680 Design Chainage 96000 to 139750 of Paikan to Dhupdhara Sahar of Bilasipura- Guwahati Road on NH-17 in the state of Assam on EPC mode under Bharatmala Pariyojana in Economic Corridors Project Length 43.750km under NHO-NE Package- 8,2026-04,0.1953617093426228,0
618284,Widening/Improvement to 4-Lane with paved shoulder from Km 99930 to Km 143680 Design Chainage 96000 to 139750 of Paikan to Dhupdhara Sahar of Bilasipura- Guwahati Road on NH-17 in the state of Assam on EPC mode under Bharatmala Pariyojana in Economic Corridors Project Length 43.750km under NHO-NE Package- 8,2026-05,0.1393457934600985,0
618284,Widening/Improvement to 4-Lane with paved shoulder from Km 99930 to Km 143680 Design Chainage 96000 to 139750 of Paikan to Dhupdhara Sahar of Bilasipura- Guwahati Road on NH-17 in the state of Assam on EPC mode under Bharatmala Pariyojana in Economic Corridors Project Length 43.750km under NHO-NE Package- 8,2026-06,0.15719793694057743,0
618285,Widening/Improvement to 4 -Lane with Paved Shoulder from Ch. 88.000km to Ch.99.930 km Design Ch.84.100km to Ch.96.000 km of Sagunbashi forest near Nichinta to starting of Krishnai Bypass Section of Bilasipura Guwahati road NH 17 on EPC Package-7,2026-04,0.14215439822996911,0
618286,Construction of New 2-Lane Bridge with its approaches from km 0000 to Km 4385 across River Brahmaputra on NH-17 at Jogighopa in Assam on EPC mode,2026-04,0.2657170884028289,0
618286,Construction of New 2-Lane Bridge with its approaches from km 0000 to Km 4385 across River Brahmaputra on NH-17 at Jogighopa in Assam on EPC mode,2026-05,0.17692188282993185,0
618286,Construction of New 2-Lane Bridge with its approaches from km 0000 to Km 4385 across River Brahmaputra on NH-17 at Jogighopa in Assam on EPC mode,2026-06,0.1916684966173032,0
618287,"Widening/Improvement to 4-Lane with paved Shoulder from Ch. 25.633 Km to Ch. 52.470 Km Design Ch. 21.850 Km to Ch.48.670 Km for Package-2 of Bilasipura- Guwahati road NH-17 Section Near Mowatari, before Chapar Bypass to Tulungia junction with NH-17 in the state of Assam on HAM mode under NHO-NE Package-2",2026-04,0.19136628132339603,0
618287,"Widening/Improvement to 4-Lane with paved Shoulder from Ch. 25.633 Km to Ch. 52.470 Km Design Ch. 21.850 Km to Ch.48.670 Km for Package-2 of Bilasipura- Guwahati road NH-17 Section Near Mowatari, before Chapar Bypass to Tulungia junction with NH-17 in the state of Assam on HAM mode under NHO-NE Package-2",2026-05,0.07622020850482408,0
618287,"Widening/Improvement to 4-Lane with paved Shoulder from Ch. 25.633 Km to Ch. 52.470 Km Design Ch. 21.850 Km to Ch.48.670 Km for Package-2 of Bilasipura- Guwahati road NH-17 Section Near Mowatari, before Chapar Bypass to Tulungia junction with NH-17 in the state of Assam on HAM mode under NHO-NE Package-2",2026-06,0.10075672360300744,0
618288,"Widening/lmprovement to 4-Lane with Paved Shoulder from Ch.5.580 Km to Ch.25.633 Km Design Ch.0.000 Km to Ch.17.737km Km 901.100 to Km 921.145 of old NH-31 of Bilasipara- Guwahati road NH-17 Section Near Chirakuta to near Mowatari, before Chapar Bypass in the state ol Assam on HAM mode Package-1",2026-04,0.2065133879023307,0
618288,"Widening/lmprovement to 4-Lane with Paved Shoulder from Ch.5.580 Km to Ch.25.633 Km Design Ch.0.000 Km to Ch.17.737km Km 901.100 to Km 921.145 of old NH-31 of Bilasipara- Guwahati road NH-17 Section Near Chirakuta to near Mowatari, before Chapar Bypass in the state ol Assam on HAM mode Package-1",2026-05,0.07046478815717244,0
618288,"Widening/lmprovement to 4-Lane with Paved Shoulder from Ch.5.580 Km to Ch.25.633 Km Design Ch.0.000 Km to Ch.17.737km Km 901.100 to Km 921.145 of old NH-31 of Bilasipara- Guwahati road NH-17 Section Near Chirakuta to near Mowatari, before Chapar Bypass in the state ol Assam on HAM mode Package-1",2026-06,0.09687731432365419,0
618289,Construction and up gradation to 4-Lane of existing two lane with paved shoulder from Hapachara to Tulungia road of NH-117 of existing Km 0.00 to km 14.050 and Design Km 0.000 to km 14.660 under BMP on EPC mode,2026-04,0.24716140161548955,0
618289,Construction and up gradation to 4-Lane of existing two lane with paved shoulder from Hapachara to Tulungia road of NH-117 of existing Km 0.00 to km 14.050 and Design Km 0.000 to km 14.660 under BMP on EPC mode,2026-05,0.3061066669471977,0
618289,Construction and up gradation to 4-Lane of existing two lane with paved shoulder from Hapachara to Tulungia road of NH-117 of existing Km 0.00 to km 14.050 and Design Km 0.000 to km 14.660 under BMP on EPC mode,2026-06,0.3313721282899976,0
618290,"Construction of 2-lane with Paved shoulder of Kohima- Bypass Road Connecting NH- 39New NH-02, NH-150New NH-02, NH-61New NH-29, NH-39New NH-02 from Design Km 32.00 to Design Km 43.454Design Length-11.454 Km in the State of Nagaland under SARDP-NE on EPC Mode Package-IV",2026-04,0.29548407713558933,0
618290,"Construction of 2-lane with Paved shoulder of Kohima- Bypass Road Connecting NH- 39New NH-02, NH-150New NH-02, NH-61New NH-29, NH-39New NH-02 from Design Km 32.00 to Design Km 43.454Design Length-11.454 Km in the State of Nagaland under SARDP-NE on EPC Mode Package-IV",2026-05,0.2709318233894453,0
618290,"Construction of 2-lane with Paved shoulder of Kohima- Bypass Road Connecting NH- 39New NH-02, NH-150New NH-02, NH-61New NH-29, NH-39New NH-02 from Design Km 32.00 to Design Km 43.454Design Length-11.454 Km in the State of Nagaland under SARDP-NE on EPC Mode Package-IV",2026-06,0.2628422868448706,0
618291,"Construction of 2-lane with Paved shoulder of Kohima-Bypass Road connecting NH- 39 New NH-02, NH150New NH-02, NH7-61 New NH-29 and NH-39 New NH-02 from Design km 21.000 to km 32.268 [Design length11.268 km] in the state of Nagaland Under SARDP-NE on EPC Mode Package- 3",2026-04,0.24596859344453625,0
618291,"Construction of 2-lane with Paved shoulder of Kohima-Bypass Road connecting NH- 39 New NH-02, NH150New NH-02, NH7-61 New NH-29 and NH-39 New NH-02 from Design km 21.000 to km 32.268 [Design length11.268 km] in the state of Nagaland Under SARDP-NE on EPC Mode Package- 3",2026-05,0.21555347469967734,0
618291,"Construction of 2-lane with Paved shoulder of Kohima-Bypass Road connecting NH- 39 New NH-02, NH150New NH-02, NH7-61 New NH-29 and NH-39 New NH-02 from Design km 21.000 to km 32.268 [Design length11.268 km] in the state of Nagaland Under SARDP-NE on EPC Mode Package- 3",2026-06,0.21405113184647728,0
618292,Construction of 2-Lane with paved shoulder of Kohima-Bypass Road connecting New NH-02 and New NH-29 from Design Km 10.500 to design Km 21.000 [Design Length- 10.500 km] including TUNNEL of 500m at Ch. 11.000 in the state of Nagaland Under SARDP-NE on EPC Mode Package-2,2026-04,0.315153833121766,0
618292,Construction of 2-Lane with paved shoulder of Kohima-Bypass Road connecting New NH-02 and New NH-29 from Design Km 10.500 to design Km 21.000 [Design Length- 10.500 km] including TUNNEL of 500m at Ch. 11.000 in the state of Nagaland Under SARDP-NE on EPC Mode Package-2,2026-05,0.45256753658429155,0
618292,Construction of 2-Lane with paved shoulder of Kohima-Bypass Road connecting New NH-02 and New NH-29 from Design Km 10.500 to design Km 21.000 [Design Length- 10.500 km] including TUNNEL of 500m at Ch. 11.000 in the state of Nagaland Under SARDP-NE on EPC Mode Package-2,2026-06,0.4029209305832341,0
618293,"Construction of 2-Lane with paved shoulder of Kohima-Bypass Road connecting NH- 39New NH-02, NH-150New NH-02, NH-61New NH-29 and NH-39New NH-02 from design Km 0.00 to Km 10.500 in the State of Nagaland under SARDP-NE on EPC Mode Package-1 -Balance work",2026-04,0.24300870345793096,0
618293,"Construction of 2-Lane with paved shoulder of Kohima-Bypass Road connecting NH- 39New NH-02, NH-150New NH-02, NH-61New NH-29 and NH-39New NH-02 from design Km 0.00 to Km 10.500 in the State of Nagaland under SARDP-NE on EPC Mode Package-1 -Balance work",2026-05,0.18420175470729241,0
618293,"Construction of 2-Lane with paved shoulder of Kohima-Bypass Road connecting NH- 39New NH-02, NH-150New NH-02, NH-61New NH-29 and NH-39New NH-02 from design Km 0.00 to Km 10.500 in the State of Nagaland under SARDP-NE on EPC Mode Package-1 -Balance work",2026-06,0.20071153384207777,0
618294,Improvement and Widening of National Highway No. 127B Darugiri - Songsak - Williamnagar Junction Section to two lane with paved shoulder from design Km 0000 to Km 36635 Design length 36.635 Km existing Km 112000 to Km 151060 of NH-1278 under Bharatmala Pariyojana Lot-1 Pkg-1B Meghalaya portion,2026-04,0.17925969679370837,0
618294,Improvement and Widening of National Highway No. 127B Darugiri - Songsak - Williamnagar Junction Section to two lane with paved shoulder from design Km 0000 to Km 36635 Design length 36.635 Km existing Km 112000 to Km 151060 of NH-1278 under Bharatmala Pariyojana Lot-1 Pkg-1B Meghalaya portion,2026-05,0.058618963211206104,0
618294,Improvement and Widening of National Highway No. 127B Darugiri - Songsak - Williamnagar Junction Section to two lane with paved shoulder from design Km 0000 to Km 36635 Design length 36.635 Km existing Km 112000 to Km 151060 of NH-1278 under Bharatmala Pariyojana Lot-1 Pkg-1B Meghalaya portion,2026-06,0.10827594400737103,0
618295,Improvement/Widening of New NH-217 Dainadubi-Darugiri section to Two lane with paved shoulder in Meghalaya from design Km 0000 to Km 40840 existing Km 8600 to Km 53000 of Old NH-62 under BMP Lot-1 Pkg-1B Meghalaya portion,2026-04,0.2288555672228497,0
618295,Improvement/Widening of New NH-217 Dainadubi-Darugiri section to Two lane with paved shoulder in Meghalaya from design Km 0000 to Km 40840 existing Km 8600 to Km 53000 of Old NH-62 under BMP Lot-1 Pkg-1B Meghalaya portion,2026-05,0.09307776374218445,0
618295,Improvement/Widening of New NH-217 Dainadubi-Darugiri section to Two lane with paved shoulder in Meghalaya from design Km 0000 to Km 40840 existing Km 8600 to Km 53000 of Old NH-62 under BMP Lot-1 Pkg-1B Meghalaya portion,2026-06,0.12925810230092236,0
618296,Balance work of Construction of 2-lane with hard shoulder of Kohima - Jessami road on NH-29 old NH-150 from existing km 98.380 near Chizami vill. to km120.367 Nagaland/Manipur Border [Design km 95.700 to design km 117.200] [Design Length 21.500 km] in the state of Nagaland Under Bharatmala Pariyojna on EPC Mode Package-V under NHO,2026-04,0.18958420378631527,0
618296,Balance work of Construction of 2-lane with hard shoulder of Kohima - Jessami road on NH-29 old NH-150 from existing km 98.380 near Chizami vill. to km120.367 Nagaland/Manipur Border [Design km 95.700 to design km 117.200] [Design Length 21.500 km] in the state of Nagaland Under Bharatmala Pariyojna on EPC Mode Package-V under NHO,2026-05,0.13372017227271502,0
618296,Balance work of Construction of 2-lane with hard shoulder of Kohima - Jessami road on NH-29 old NH-150 from existing km 98.380 near Chizami vill. to km120.367 Nagaland/Manipur Border [Design km 95.700 to design km 117.200] [Design Length 21.500 km] in the state of Nagaland Under Bharatmala Pariyojna on EPC Mode Package-V under NHO,2026-06,0.1705129907246071,0
618297,Construction of 2-lane with hard shoulder of Kohima - Jessami road on NH-29 Old NH- 150 from existing Km 30.474 Near Kidwema road Chakahabama to existing Km 53.220 Near Kikruma Village Design Km 29.60 to Km 51.50 Design length-21.90 Km in the state of Nagaland Under Bharatmala Pariyojna on EPC Mode under NHO Package-II -Balance work,2026-04,0.25241989772392637,0
618297,Construction of 2-lane with hard shoulder of Kohima - Jessami road on NH-29 Old NH- 150 from existing Km 30.474 Near Kidwema road Chakahabama to existing Km 53.220 Near Kikruma Village Design Km 29.60 to Km 51.50 Design length-21.90 Km in the state of Nagaland Under Bharatmala Pariyojna on EPC Mode under NHO Package-II -Balance work,2026-05,0.17955279582460315,0
618297,Construction of 2-lane with hard shoulder of Kohima - Jessami road on NH-29 Old NH- 150 from existing Km 30.474 Near Kidwema road Chakahabama to existing Km 53.220 Near Kikruma Village Design Km 29.60 to Km 51.50 Design length-21.90 Km in the state of Nagaland Under Bharatmala Pariyojna on EPC Mode under NHO Package-II -Balance work,2026-06,0.18933240260418158,0
618298,Widening/Improvement of existing 2-Lane road to 4-Lane Divided Highway from Sekmai to Nilakuthi section of Imphal-Kohima Road Design Chainage from Km 297700 to Km 308729 of NH-39 New NH-02 in state of Manipur on EPC mode Pkg-5B,2026-04,0.21907813236842752,0
618298,Widening/Improvement of existing 2-Lane road to 4-Lane Divided Highway from Sekmai to Nilakuthi section of Imphal-Kohima Road Design Chainage from Km 297700 to Km 308729 of NH-39 New NH-02 in state of Manipur on EPC mode Pkg-5B,2026-05,0.2703833223776052,0
618298,Widening/Improvement of existing 2-Lane road to 4-Lane Divided Highway from Sekmai to Nilakuthi section of Imphal-Kohima Road Design Chainage from Km 297700 to Km 308729 of NH-39 New NH-02 in state of Manipur on EPC mode Pkg-5B,2026-06,0.2657759521776768,0
618299,Improvement/Up-gradation of existing 2-Lane Road to 4-Lane Divided Highway from Daili to Kuraopokpi section of Imphal-Kohima road NH-02 Design Chainage from Km 274610 to Km 287000 in the state of Manipur on EPC mode Pkg-4B,2026-04,0.23604438306781403,0
618299,Improvement/Up-gradation of existing 2-Lane Road to 4-Lane Divided Highway from Daili to Kuraopokpi section of Imphal-Kohima road NH-02 Design Chainage from Km 274610 to Km 287000 in the state of Manipur on EPC mode Pkg-4B,2026-05,0.14945158958243243,0
618299,Improvement/Up-gradation of existing 2-Lane Road to 4-Lane Divided Highway from Daili to Kuraopokpi section of Imphal-Kohima road NH-02 Design Chainage from Km 274610 to Km 287000 in the state of Manipur on EPC mode Pkg-4B,2026-06,0.16510600869608422,0
618300,Improvement/Up-gradation of existing 2-Lane Road to 4-Lane Divided Highway from Taphukuki to Daili section of Imphal-Kohima road NH-02 Design Chainage from Km 262175 to Km 274610 in the state of Manipur on EPC mode Pkg-4A,2026-04,0.20266881132003803,0
618300,Improvement/Up-gradation of existing 2-Lane Road to 4-Lane Divided Highway from Taphukuki to Daili section of Imphal-Kohima road NH-02 Design Chainage from Km 262175 to Km 274610 in the state of Manipur on EPC mode Pkg-4A,2026-05,0.20391711622212816,0
618300,Improvement/Up-gradation of existing 2-Lane Road to 4-Lane Divided Highway from Taphukuki to Daili section of Imphal-Kohima road NH-02 Design Chainage from Km 262175 to Km 274610 in the state of Manipur on EPC mode Pkg-4A,2026-06,0.21832159308885715,0
618301,Widening/Improvement of existing 2-lane to 4-Lane Divided Highway from Kuraopokpi to Sekmai section of Imphal-Kohima Road Design Ch. km 287.00 to 297.700 of NH-39 New NH-02 in state of Manipur on EPC mode Pkg-5A,2026-04,0.2888858317444732,0
618301,Widening/Improvement of existing 2-lane to 4-Lane Divided Highway from Kuraopokpi to Sekmai section of Imphal-Kohima Road Design Ch. km 287.00 to 297.700 of NH-39 New NH-02 in state of Manipur on EPC mode Pkg-5A,2026-05,0.18726852638387997,0
618301,Widening/Improvement of existing 2-lane to 4-Lane Divided Highway from Kuraopokpi to Sekmai section of Imphal-Kohima Road Design Ch. km 287.00 to 297.700 of NH-39 New NH-02 in state of Manipur on EPC mode Pkg-5A,2026-06,0.21192157313562424,0
618302,Widening/Improvement to 2-lane with earthen shoulder of Yaingangpokpi - Finch corner road section of NH-202 from Km 16.900 to Km 30.970 of NH-202 in the state of Manipur on EPC mode Package-2,2026-04,0.2189744637945377,0
618302,Widening/Improvement to 2-lane with earthen shoulder of Yaingangpokpi - Finch corner road section of NH-202 from Km 16.900 to Km 30.970 of NH-202 in the state of Manipur on EPC mode Package-2,2026-05,0.16720205813067687,0
618302,Widening/Improvement to 2-lane with earthen shoulder of Yaingangpokpi - Finch corner road section of NH-202 from Km 16.900 to Km 30.970 of NH-202 in the state of Manipur on EPC mode Package-2,2026-06,0.16216727716310395,0
618303,Widening/Improvement to 2-lane with earthen shoulder of Yaingangpokpi - Finch corner road section of NH-202 from Km 0.000 to Km 16.900 of NH-202 in the state of Manipur on EPC mode Package-1,2026-04,0.19783778547959568,0
618303,Widening/Improvement to 2-lane with earthen shoulder of Yaingangpokpi - Finch corner road section of NH-202 from Km 0.000 to Km 16.900 of NH-202 in the state of Manipur on EPC mode Package-1,2026-05,0.15151440104795713,0
618303,Widening/Improvement to 2-lane with earthen shoulder of Yaingangpokpi - Finch corner road section of NH-202 from Km 0.000 to Km 16.900 of NH-202 in the state of Manipur on EPC mode Package-1,2026-06,0.14766005201408522,0
618304,"Widening/Improvement to 2 Lane with earthen shoulder of Jessami to Laynen bridge Nagaland border section of NH-29 of Imphal -Ukhrul - Jessami Economic Corridor from km 0.000 to km 11.009 in the State of Manipur on EPC mode under Bharatmala Pariyojana, under NHO-NE Package-7",2026-04,0.1918850269620993,0
618304,"Widening/Improvement to 2 Lane with earthen shoulder of Jessami to Laynen bridge Nagaland border section of NH-29 of Imphal -Ukhrul - Jessami Economic Corridor from km 0.000 to km 11.009 in the State of Manipur on EPC mode under Bharatmala Pariyojana, under NHO-NE Package-7",2026-05,0.13629527945968808,0
618304,"Widening/Improvement to 2 Lane with earthen shoulder of Jessami to Laynen bridge Nagaland border section of NH-29 of Imphal -Ukhrul - Jessami Economic Corridor from km 0.000 to km 11.009 in the State of Manipur on EPC mode under Bharatmala Pariyojana, under NHO-NE Package-7",2026-06,0.1497637043440153,0
618305,Widening/Improvement to 2 lane with earthen shoulder of Marrem Khullen to Jessami section of NH-202 of Imphal - Ukhrul - Jessami Economic Corridor from Design Chainage km 95.700 to km 140.180 in the State of Manipur on EPC mode under Bharatmala Pariyojana under NHO-NE Package-6,2026-04,0.20133084350111444,0
618305,Widening/Improvement to 2 lane with earthen shoulder of Marrem Khullen to Jessami section of NH-202 of Imphal - Ukhrul - Jessami Economic Corridor from Design Chainage km 95.700 to km 140.180 in the State of Manipur on EPC mode under Bharatmala Pariyojana under NHO-NE Package-6,2026-05,0.09859611509231643,0
618305,Widening/Improvement to 2 lane with earthen shoulder of Marrem Khullen to Jessami section of NH-202 of Imphal - Ukhrul - Jessami Economic Corridor from Design Chainage km 95.700 to km 140.180 in the State of Manipur on EPC mode under Bharatmala Pariyojana under NHO-NE Package-6,2026-06,0.12466450121624043,0
618306,"Widening/Improvement to 2 lane with earthen shoulder of Choithar to Marrem Khullen section of NH-202 of Imphal Ukhrul Jessami Economic Corridor from Design Chainage km 53.110 to km 95.700 in the State of Manipur on EPC mode under Bharatmala Pariyojana, under NHO-NE Package-5",2026-04,0.18645599517867614,0
618306,"Widening/Improvement to 2 lane with earthen shoulder of Choithar to Marrem Khullen section of NH-202 of Imphal Ukhrul Jessami Economic Corridor from Design Chainage km 53.110 to km 95.700 in the State of Manipur on EPC mode under Bharatmala Pariyojana, under NHO-NE Package-5",2026-05,0.07697885145133106,0
618306,"Widening/Improvement to 2 lane with earthen shoulder of Choithar to Marrem Khullen section of NH-202 of Imphal Ukhrul Jessami Economic Corridor from Design Chainage km 53.110 to km 95.700 in the State of Manipur on EPC mode under Bharatmala Pariyojana, under NHO-NE Package-5",2026-06,0.12453877932070895,0
618307,Rehabilitation and up-gradation of road from km 16.077 to km 43.935 total length 27.858 km of Lalchara-Kanchanpur section via Shivbari on NH-44A to 2 lane with paved shoulder in the state of Tripura on EPC Mode Pkg-2 under BharatMala Pariyojana Manu-Simlung -2,2026-06,0.26204404342688026,0
618308,Construction of 4-Lane Panchgram Bypass from Design Chainage km 15500 on NH- 37 Old NH-53 at Kalinagar Pt.-I Village to Design Chainage km 27300 at crossing with NH-6 Old NH-44 Near Siddeswar Pt.-I Village on Silchar - Churaibari stretch in the State of Assam on EPC Mode under Bharatmala Pariyojana in Economic Corridors Silchar- Churaibari Package-2,2026-04,0.2480677187571034,0
618308,Construction of 4-Lane Panchgram Bypass from Design Chainage km 15500 on NH- 37 Old NH-53 at Kalinagar Pt.-I Village to Design Chainage km 27300 at crossing with NH-6 Old NH-44 Near Siddeswar Pt.-I Village on Silchar - Churaibari stretch in the State of Assam on EPC Mode under Bharatmala Pariyojana in Economic Corridors Silchar- Churaibari Package-2,2026-05,0.10512037647005995,0
618308,Construction of 4-Lane Panchgram Bypass from Design Chainage km 15500 on NH- 37 Old NH-53 at Kalinagar Pt.-I Village to Design Chainage km 27300 at crossing with NH-6 Old NH-44 Near Siddeswar Pt.-I Village on Silchar - Churaibari stretch in the State of Assam on EPC Mode under Bharatmala Pariyojana in Economic Corridors Silchar- Churaibari Package-2,2026-06,0.12500771423927648,0
618309,Widening/lmprovement to 4-Laning and Greenfield alignment with Paved shoulder of Silchar-Badarpur Churaibari section of NH-37 & NH-8 from Design chainage 38.600 End point of proposed Badarpur Bypass to Km. 62.800 Start point of proposed Nilambazar/Cheragi Bypass in the state of Assam on HAM Mode Package-4,2026-04,0.157448974711729,0
618309,Widening/lmprovement to 4-Laning and Greenfield alignment with Paved shoulder of Silchar-Badarpur Churaibari section of NH-37 & NH-8 from Design chainage 38.600 End point of proposed Badarpur Bypass to Km. 62.800 Start point of proposed Nilambazar/Cheragi Bypass in the state of Assam on HAM Mode Package-4,2026-05,0.05748189004010128,0
618309,Widening/lmprovement to 4-Laning and Greenfield alignment with Paved shoulder of Silchar-Badarpur Churaibari section of NH-37 & NH-8 from Design chainage 38.600 End point of proposed Badarpur Bypass to Km. 62.800 Start point of proposed Nilambazar/Cheragi Bypass in the state of Assam on HAM Mode Package-4,2026-06,0.09460333472781286,0
618310,Widening/lmprovement to 4-L of Karimgani - sutarkandi section of NH 37 from design Ch 0020 Start of proposed Karimganj Bypass from NH -8 to design Chainage Km 14380 near Sutarkandi Spur Connectivity to Indo/Bangladesh Border on Silchar- Churaibari in the State of Assam on HAM Mode Package-7,2026-04,0.2607105504191663,0
618310,Widening/lmprovement to 4-L of Karimgani - sutarkandi section of NH 37 from design Ch 0020 Start of proposed Karimganj Bypass from NH -8 to design Chainage Km 14380 near Sutarkandi Spur Connectivity to Indo/Bangladesh Border on Silchar- Churaibari in the State of Assam on HAM Mode Package-7,2026-05,0.1098749819359445,0
618310,Widening/lmprovement to 4-L of Karimgani - sutarkandi section of NH 37 from design Ch 0020 Start of proposed Karimganj Bypass from NH -8 to design Chainage Km 14380 near Sutarkandi Spur Connectivity to Indo/Bangladesh Border on Silchar- Churaibari in the State of Assam on HAM Mode Package-7,2026-06,0.12799972951321828,0
618311,Widening/lmprovement to 4-Lane with Paved shoulder for existing as well as Greenfield alignment of Badarpur Churaibari section of NH-8 from Design chainage 87.700 Chandkhira to Km. 106.500 Churaibari section Assam-Tripura border in the state of Assam on HAM Mode Package-6,2026-04,0.20795891200079694,0
618311,Widening/lmprovement to 4-Lane with Paved shoulder for existing as well as Greenfield alignment of Badarpur Churaibari section of NH-8 from Design chainage 87.700 Chandkhira to Km. 106.500 Churaibari section Assam-Tripura border in the state of Assam on HAM Mode Package-6,2026-05,0.08652624684421002,0
618311,Widening/lmprovement to 4-Lane with Paved shoulder for existing as well as Greenfield alignment of Badarpur Churaibari section of NH-8 from Design chainage 87.700 Chandkhira to Km. 106.500 Churaibari section Assam-Tripura border in the state of Assam on HAM Mode Package-6,2026-06,0.15228235633888518,0
618312,Widening/lmprovement to 4-Lane with Paved Shoulder from existing road and Greenfield alignment form Design Ch. 62.800 start of proposed Nilambazar/Cheragi Bypass to Design Ch. 87.700 near Chandkhira Village of NH-8 on Silchar-Churaibari in the state of Assam on HAM Mode Package-5,2026-04,0.15626225804801233,0
618312,Widening/lmprovement to 4-Lane with Paved Shoulder from existing road and Greenfield alignment form Design Ch. 62.800 start of proposed Nilambazar/Cheragi Bypass to Design Ch. 87.700 near Chandkhira Village of NH-8 on Silchar-Churaibari in the state of Assam on HAM Mode Package-5,2026-05,0.06027385763942519,0
618312,Widening/lmprovement to 4-Lane with Paved Shoulder from existing road and Greenfield alignment form Design Ch. 62.800 start of proposed Nilambazar/Cheragi Bypass to Design Ch. 87.700 near Chandkhira Village of NH-8 on Silchar-Churaibari in the state of Assam on HAM Mode Package-5,2026-06,0.08665996166684722,0
618313,Widening/lmprovement of Existing 2 lane to 4-Laning of Karimganj-Silchar section of NH-37 from Design Ch 0.000 near Silchar ISBT to Design Ch 15.970 near Kalinagar Pt I on NH-37 in Assam on HAM Mode Pkg-1,2026-04,0.14978222854033058,0
618313,Widening/lmprovement of Existing 2 lane to 4-Laning of Karimganj-Silchar section of NH-37 from Design Ch 0.000 near Silchar ISBT to Design Ch 15.970 near Kalinagar Pt I on NH-37 in Assam on HAM Mode Pkg-1,2026-05,0.06088121311185177,0
618313,Widening/lmprovement of Existing 2 lane to 4-Laning of Karimganj-Silchar section of NH-37 from Design Ch 0.000 near Silchar ISBT to Design Ch 15.970 near Kalinagar Pt I on NH-37 in Assam on HAM Mode Pkg-1,2026-06,0.08822181974026146,0
618314,4-Laning of Dhanehari Lailapur / Vairengte section from Existing Chainage km 12920 to km 43000 of NH 306 Design Chainage km 20000 to km 49360 on Silchar - Vairengte Sairang road in the State of Assam under Bharatmala Pariyojna on EPC mode. Project Length 29.360 km under NHO-NE Package-2,2026-04,0.20951378898238177,0
618314,4-Laning of Dhanehari Lailapur / Vairengte section from Existing Chainage km 12920 to km 43000 of NH 306 Design Chainage km 20000 to km 49360 on Silchar - Vairengte Sairang road in the State of Assam under Bharatmala Pariyojna on EPC mode. Project Length 29.360 km under NHO-NE Package-2,2026-05,0.11577384768665763,0
618314,4-Laning of Dhanehari Lailapur / Vairengte section from Existing Chainage km 12920 to km 43000 of NH 306 Design Chainage km 20000 to km 49360 on Silchar - Vairengte Sairang road in the State of Assam under Bharatmala Pariyojna on EPC mode. Project Length 29.360 km under NHO-NE Package-2,2026-06,0.15409906174899018,0
618315,4-Laning of Silchar - Dhanehari section from Existing Chainage km 263800 of NH 37 to km 12920 of NH 306 Design Chainage km 0000 to km 20000 on Silchar - Vairengte - Sairang road in the State of Assam under Bharatmala Pariyojna on EPC mode Package-1,2026-04,0.21889307468369903,0
618315,4-Laning of Silchar - Dhanehari section from Existing Chainage km 263800 of NH 37 to km 12920 of NH 306 Design Chainage km 0000 to km 20000 on Silchar - Vairengte - Sairang road in the State of Assam under Bharatmala Pariyojna on EPC mode Package-1,2026-05,0.12014673527877172,0
618315,4-Laning of Silchar - Dhanehari section from Existing Chainage km 263800 of NH 37 to km 12920 of NH 306 Design Chainage km 0000 to km 20000 on Silchar - Vairengte - Sairang road in the State of Assam under Bharatmala Pariyojna on EPC mode Package-1,2026-06,0.1404708968888596,0
618316,4-Laning of Vairengte - Chhimluang section Package-3 of NH-306 from Existing Chainage km 43000 to Km 59700 Design Chainage km 46000 to km 60850 on Silchar - Vairengte- Sairang road in the State of Mizoram under Bharatmala Pariyojna under NHO-NE. Package-1&2 in Assam state,2026-04,0.3079466165877942,0
618316,4-Laning of Vairengte - Chhimluang section Package-3 of NH-306 from Existing Chainage km 43000 to Km 59700 Design Chainage km 46000 to km 60850 on Silchar - Vairengte- Sairang road in the State of Mizoram under Bharatmala Pariyojna under NHO-NE. Package-1&2 in Assam state,2026-05,0.1276391615959927,0
618316,4-Laning of Vairengte - Chhimluang section Package-3 of NH-306 from Existing Chainage km 43000 to Km 59700 Design Chainage km 46000 to km 60850 on Silchar - Vairengte- Sairang road in the State of Mizoram under Bharatmala Pariyojna under NHO-NE. Package-1&2 in Assam state,2026-06,0.19920830353210223,0
618317,4-Laning of chhimluang-Kolasib from section pkg-4 of NH-306 & NH-6 existing chainage km 59700 to km 86000 design chainage km 61000 to km 77500 on Silchar- vairengte-sairang road in the state of Mizoram under Bharatmala Pariyojna on EPC mode Vairengte - Sairang Pkg-4,2026-04,0.31342207072725714,0
618317,4-Laning of chhimluang-Kolasib from section pkg-4 of NH-306 & NH-6 existing chainage km 59700 to km 86000 design chainage km 61000 to km 77500 on Silchar- vairengte-sairang road in the state of Mizoram under Bharatmala Pariyojna on EPC mode Vairengte - Sairang Pkg-4,2026-05,0.13291456779733613,0
618317,4-Laning of chhimluang-Kolasib from section pkg-4 of NH-306 & NH-6 existing chainage km 59700 to km 86000 design chainage km 61000 to km 77500 on Silchar- vairengte-sairang road in the state of Mizoram under Bharatmala Pariyojna on EPC mode Vairengte - Sairang Pkg-4,2026-06,0.1698026149461424,0
618318,4-Laning of Kolasib - Sethawn section Package-5 of NH-6 from Existing Chainage km 86000 to km 107850 Design Chainage km 77500 to km 95500 on silchar - vairengte - sairang road under Bharatmala Pariyojna on EPC mode under NHO-NE Vairengte - Sairang Pkg-5,2026-04,0.23523129164735632,0
618318,4-Laning of Kolasib - Sethawn section Package-5 of NH-6 from Existing Chainage km 86000 to km 107850 Design Chainage km 77500 to km 95500 on silchar - vairengte - sairang road under Bharatmala Pariyojna on EPC mode under NHO-NE Vairengte - Sairang Pkg-5,2026-05,0.0943169774745679,0
618318,4-Laning of Kolasib - Sethawn section Package-5 of NH-6 from Existing Chainage km 86000 to km 107850 Design Chainage km 77500 to km 95500 on silchar - vairengte - sairang road under Bharatmala Pariyojna on EPC mode under NHO-NE Vairengte - Sairang Pkg-5,2026-06,0.21144452602733163,0
618319,"4-Laning of Sethawn - N. Kawnpui section Package-6 of NH-6 from Existing Chainage km 107850 to km 126315 Design Chainage km 95500 to km 111850 on Silchar- Vairengte- Sairang road, Vairengte - Sairang Pkg-6",2026-04,0.28795537536454413,0
618319,"4-Laning of Sethawn - N. Kawnpui section Package-6 of NH-6 from Existing Chainage km 107850 to km 126315 Design Chainage km 95500 to km 111850 on Silchar- Vairengte- Sairang road, Vairengte - Sairang Pkg-6",2026-05,0.12342993278781575,0
618319,"4-Laning of Sethawn - N. Kawnpui section Package-6 of NH-6 from Existing Chainage km 107850 to km 126315 Design Chainage km 95500 to km 111850 on Silchar- Vairengte- Sairang road, Vairengte - Sairang Pkg-6",2026-06,0.19239122084315738,0
618320,Construction of 4-Laning of N. Kawnpui N. Mualvum Mualkhang via Khamrang Village section Package-7 of NH-6 from Existing Chainage km 127200 to km 142000 Design Chainage km 111850 to km 123400 on Silchar - Vairengte - Sairang road in the State of Mizoram on EPC mode,2026-04,0.17412361561298256,0
618320,Construction of 4-Laning of N. Kawnpui N. Mualvum Mualkhang via Khamrang Village section Package-7 of NH-6 from Existing Chainage km 127200 to km 142000 Design Chainage km 111850 to km 123400 on Silchar - Vairengte - Sairang road in the State of Mizoram on EPC mode,2026-05,0.05418063483965359,0
618320,Construction of 4-Laning of N. Kawnpui N. Mualvum Mualkhang via Khamrang Village section Package-7 of NH-6 from Existing Chainage km 127200 to km 142000 Design Chainage km 111850 to km 123400 on Silchar - Vairengte - Sairang road in the State of Mizoram on EPC mode,2026-06,0.07412951897968093,0
618321,Construction of 4-Laning of West Serawlg-Sairang section of NH-6 from Existing Chainage km 142000 to km 158900 Design Chainage km 123400 to km 136260 on Silchar - Vairengte - Sairang road in the State of Mizoram under Bharatmala Pariyojna on EPC mode under NHO-NE Package-8,2026-04,0.18553145255101486,0
618321,Construction of 4-Laning of West Serawlg-Sairang section of NH-6 from Existing Chainage km 142000 to km 158900 Design Chainage km 123400 to km 136260 on Silchar - Vairengte - Sairang road in the State of Mizoram under Bharatmala Pariyojna on EPC mode under NHO-NE Package-8,2026-05,0.06390754739569897,0
618321,Construction of 4-Laning of West Serawlg-Sairang section of NH-6 from Existing Chainage km 142000 to km 158900 Design Chainage km 123400 to km 136260 on Silchar - Vairengte - Sairang road in the State of Mizoram under Bharatmala Pariyojna on EPC mode under NHO-NE Package-8,2026-06,0.07953190117404484,0
618323,Construction of Twin Tube Uni-directional Aizawl Bypass Tunnel of 2.5 km and its approaches of 2.1 km from km 10.600 to km 15.200 on Sarrang - Phaibawk section of NH-6 in the State of Mizoram on EPC Mode under NHO-NE Package-2,2026-04,0.1747558524800345,0
618323,Construction of Twin Tube Uni-directional Aizawl Bypass Tunnel of 2.5 km and its approaches of 2.1 km from km 10.600 to km 15.200 on Sarrang - Phaibawk section of NH-6 in the State of Mizoram on EPC Mode under NHO-NE Package-2,2026-05,0.06814726569903669,0
618323,Construction of Twin Tube Uni-directional Aizawl Bypass Tunnel of 2.5 km and its approaches of 2.1 km from km 10.600 to km 15.200 on Sarrang - Phaibawk section of NH-6 in the State of Mizoram on EPC Mode under NHO-NE Package-2,2026-06,0.08103934841413982,0
618324,Construction of 2-lane Aizawl Bypass from km 15.200 to km 34.500 Package-3 on Sairang - Phaibawk section of NH-6 in the State of Mizoram under Bharatmala Pariyojna on EPC Mode under NHO-NE,2026-04,0.17526743809834694,0
618324,Construction of 2-lane Aizawl Bypass from km 15.200 to km 34.500 Package-3 on Sairang - Phaibawk section of NH-6 in the State of Mizoram under Bharatmala Pariyojna on EPC Mode under NHO-NE,2026-05,0.06676100876253922,0
618324,Construction of 2-lane Aizawl Bypass from km 15.200 to km 34.500 Package-3 on Sairang - Phaibawk section of NH-6 in the State of Mizoram under Bharatmala Pariyojna on EPC Mode under NHO-NE,2026-06,0.08607382747365118,0
618325,Dillai to Lahorijan Package-7,2026-04,0.17816370299643355,0
618325,Dillai to Lahorijan Package-7,2026-05,0.17570479625911412,0
618326,Widening/Improvement to 4-Lane with Paved Shoulder from KM 38500 to Km 51246 Design Chainage 38500 to 50959 with proposed Daboka Bypass of Daboka- Parokhaowa of NH 29 on EPC under NHO-NE Package-1,2026-04,0.1372914336465423,0
618326,Widening/Improvement to 4-Lane with Paved Shoulder from KM 38500 to Km 51246 Design Chainage 38500 to 50959 with proposed Daboka Bypass of Daboka- Parokhaowa of NH 29 on EPC under NHO-NE Package-1,2026-05,0.09134249663402115,0
618326,Widening/Improvement to 4-Lane with Paved Shoulder from KM 38500 to Km 51246 Design Chainage 38500 to 50959 with proposed Daboka Bypass of Daboka- Parokhaowa of NH 29 on EPC under NHO-NE Package-1,2026-06,0.09535373237946877,0
618327,Widening/Improvement to 4-Lane with Paved Shoulder from KM 113300 to Km 146230 Design Chainage 113830 to 145712 of Kwaram Taro Village - Dillai Section in Assam on EPC Package-6,2026-04,0.2040678178248248,0
618328,4-Laning of Balance work of Dimapur-Kohima Road from design km 152.490 to km 166.700 Existing km 156.000 to km 172.900 Excluding Dimapur & Kohima Bypass under SARDP-NE Package-III,2026-04,0.24608433791809953,0
618328,4-Laning of Balance work of Dimapur-Kohima Road from design km 152.490 to km 166.700 Existing km 156.000 to km 172.900 Excluding Dimapur & Kohima Bypass under SARDP-NE Package-III,2026-05,0.16750224441162898,0
618328,4-Laning of Balance work of Dimapur-Kohima Road from design km 152.490 to km 166.700 Existing km 156.000 to km 172.900 Excluding Dimapur & Kohima Bypass under SARDP-NE Package-III,2026-06,0.2972574879826379,0
618329,Construction of 4/6 Laning from Km 132.375 to Km 153.058 Total New Alignment length of 20.683 Km of Daboka-Dimapur Section Dimapur Bypass Nagaland Portion of NH-36 & 39 in the State of Nagaland on EPC basis under PhaseA of SARDP-NE,2026-04,0.24906578813286928,0
618330,Construction of 4/6 Laning from existing Km 159.400 of NH-36 to existing Km 102.500 of NH-39 and upto end point of Assam portion [Design Km 118.050 to design Km 132.375] Total New Alignment length of 14.325 Km of Daboka -Dimapur Section Dimapur Bypass in the state of Assam under SARDP-NE 'Phase-A' on EPC mode Assam Portion,2026-04,0.22935963294953068,0
618331,lmprovement to 4-Lane with Paved Shoulder from existing km 260000 Design Ch.4560 km to existing km Ch.233000 D. Ch.24560 of Silchar near Nutan Dayapur village - Budha Nagar Section Length-20.00 Km of NH-37 under Package Silchar- Jiribam Pkg-1 in the state of Assam on HAM Mode,2026-04,0.17092899174210596,0
618331,lmprovement to 4-Lane with Paved Shoulder from existing km 260000 Design Ch.4560 km to existing km Ch.233000 D. Ch.24560 of Silchar near Nutan Dayapur village - Budha Nagar Section Length-20.00 Km of NH-37 under Package Silchar- Jiribam Pkg-1 in the state of Assam on HAM Mode,2026-05,0.07038620593332524,0
618331,lmprovement to 4-Lane with Paved Shoulder from existing km 260000 Design Ch.4560 km to existing km Ch.233000 D. Ch.24560 of Silchar near Nutan Dayapur village - Budha Nagar Section Length-20.00 Km of NH-37 under Package Silchar- Jiribam Pkg-1 in the state of Assam on HAM Mode,2026-06,0.14013860628449298,0
618333,Widening to 2 lane with Paved shoulder of lmphal to Jiribam section of NH-37 from Design Ch. from km 169570 Near Nungkao vlllage under Tamenglong District to km 205974 near Jiribam Bridge under Jiribam district under NHO-NE PKG-7,2026-04,0.1663034895408667,0
618333,Widening to 2 lane with Paved shoulder of lmphal to Jiribam section of NH-37 from Design Ch. from km 169570 Near Nungkao vlllage under Tamenglong District to km 205974 near Jiribam Bridge under Jiribam district under NHO-NE PKG-7,2026-05,0.11856253927297428,0
618333,Widening to 2 lane with Paved shoulder of lmphal to Jiribam section of NH-37 from Design Ch. from km 169570 Near Nungkao vlllage under Tamenglong District to km 205974 near Jiribam Bridge under Jiribam district under NHO-NE PKG-7,2026-06,0.1220444382811088,0
618334,Widening to 2 Lane with Paved shoulder of lmphal to Jiribam section of NH-37 from Design Ch. from km 131.280 to km 169.570 on EPC mode in Manipur under NHO- TSP PKG-6,2026-04,0.17223234140328259,0
618334,Widening to 2 Lane with Paved shoulder of lmphal to Jiribam section of NH-37 from Design Ch. from km 131.280 to km 169.570 on EPC mode in Manipur under NHO- TSP PKG-6,2026-05,0.12998485163032394,0
618334,Widening to 2 Lane with Paved shoulder of lmphal to Jiribam section of NH-37 from Design Ch. from km 131.280 to km 169.570 on EPC mode in Manipur under NHO- TSP PKG-6,2026-06,0.14952420911651398,0
618335,Widening to 2 Lane with Paved shoulder of lmphal to Jiribam section of NH-37 from Design Ch. from Km 101280 Near Khongsang Village to Km 131280 near Puilon Kambiron Village on EPC Mode in Manipur PKG-5,2026-04,0.1596978773216887,0
618335,Widening to 2 Lane with Paved shoulder of lmphal to Jiribam section of NH-37 from Design Ch. from Km 101280 Near Khongsang Village to Km 131280 near Puilon Kambiron Village on EPC Mode in Manipur PKG-5,2026-05,0.15741663744441478,0
618335,Widening to 2 Lane with Paved shoulder of lmphal to Jiribam section of NH-37 from Design Ch. from Km 101280 Near Khongsang Village to Km 131280 near Puilon Kambiron Village on EPC Mode in Manipur PKG-5,2026-06,0.16448166924090016,0
618336,Widening to 2 -Lane with Paved shoulder of Imphal to Jiribam section of NH-37 from Design Chainage 66.110 km to 101.280 Km Existing Chainage km 67.496 to km 103.557 on EPC Mode in Manipur PKG-4,2026-04,0.2463161102443945,0
618336,Widening to 2 -Lane with Paved shoulder of Imphal to Jiribam section of NH-37 from Design Chainage 66.110 km to 101.280 Km Existing Chainage km 67.496 to km 103.557 on EPC Mode in Manipur PKG-4,2026-05,0.16989806080905218,0
618336,Widening to 2 -Lane with Paved shoulder of Imphal to Jiribam section of NH-37 from Design Chainage 66.110 km to 101.280 Km Existing Chainage km 67.496 to km 103.557 on EPC Mode in Manipur PKG-4,2026-06,0.18815437992556844,0
618337,Widening to 2 -Lane with Paved shoulder of Imphal to Jiribam section of NH-37 from Design Chainage 33.000 km to 66.390 Km Existing Chainage from km 33.395 to km 67.496 on EPC Mode in Manipur PKG-3,2026-04,0.24189480233554903,0
618337,Widening to 2 -Lane with Paved shoulder of Imphal to Jiribam section of NH-37 from Design Chainage 33.000 km to 66.390 Km Existing Chainage from km 33.395 to km 67.496 on EPC Mode in Manipur PKG-3,2026-05,0.2769068065446681,0
618337,Widening to 2 -Lane with Paved shoulder of Imphal to Jiribam section of NH-37 from Design Chainage 33.000 km to 66.390 Km Existing Chainage from km 33.395 to km 67.496 on EPC Mode in Manipur PKG-3,2026-06,0.26956450538844073,0
618338,Widening to 2-Lane with Paved shoulder of Imphal to Jiribam section of NH-37 from Design Chainage 15.940 km to 33.120 Km Existing Chainage Km 15.946 to Km 33.395 Total length17.180 Km in the State of Manipur on EPC mode PKG-2 - Balance Works & Rectification works,2026-04,0.19628706680909316,0
618338,Widening to 2-Lane with Paved shoulder of Imphal to Jiribam section of NH-37 from Design Chainage 15.940 km to 33.120 Km Existing Chainage Km 15.946 to Km 33.395 Total length17.180 Km in the State of Manipur on EPC mode PKG-2 - Balance Works & Rectification works,2026-05,0.17511877401973067,0
618338,Widening to 2-Lane with Paved shoulder of Imphal to Jiribam section of NH-37 from Design Chainage 15.940 km to 33.120 Km Existing Chainage Km 15.946 to Km 33.395 Total length17.180 Km in the State of Manipur on EPC mode PKG-2 - Balance Works & Rectification works,2026-06,0.18907742052030543,0
618339,Widening/Improvement to 2-Lane Lane with Paved Shoulder from km 16900 Bogapani to km 27150 Golai Goan on existing Dibrugarh to Ledo section with proposed Digboi Bypass Green Field and Brownfield 2-LanePS of NH-315 OLD NH-38 in Tinsukia District under NHO- NE Package-4,2026-04,0.1781663172641977,0
618339,Widening/Improvement to 2-Lane Lane with Paved Shoulder from km 16900 Bogapani to km 27150 Golai Goan on existing Dibrugarh to Ledo section with proposed Digboi Bypass Green Field and Brownfield 2-LanePS of NH-315 OLD NH-38 in Tinsukia District under NHO- NE Package-4,2026-05,0.11672184776290105,0
618340,Widening/Improvement to 4-Lane with Paved Shoulder from km 626030 Nalani hulla Gaon to km 650450 Chotahapjan on existing Tinsukhia -Makum Bypass of NH-15 OLD NH-37 and Strengthening of existing NH-315 OLD NH-38 from Km 0000 Chotahapjan to Km 16900 Bogapani section 2-Lane PS in Assam on EPCMode under NHO-NE Package-3,2026-04,0.1730405065016603,0
618340,Widening/Improvement to 4-Lane with Paved Shoulder from km 626030 Nalani hulla Gaon to km 650450 Chotahapjan on existing Tinsukhia -Makum Bypass of NH-15 OLD NH-37 and Strengthening of existing NH-315 OLD NH-38 from Km 0000 Chotahapjan to Km 16900 Bogapani section 2-Lane PS in Assam on EPCMode under NHO-NE Package-3,2026-05,0.12478628781357007,0
618340,Widening/Improvement to 4-Lane with Paved Shoulder from km 626030 Nalani hulla Gaon to km 650450 Chotahapjan on existing Tinsukhia -Makum Bypass of NH-15 OLD NH-37 and Strengthening of existing NH-315 OLD NH-38 from Km 0000 Chotahapjan to Km 16900 Bogapani section 2-Lane PS in Assam on EPCMode under NHO-NE Package-3,2026-06,0.0969967048004349,0
618341,Up-gradation to 2-lane with paved shoulders of Ngopa - Pawlrang section of NH 102B of Aizawl - Imphal Economic Corridor from Existing Chainage km 32.796 to km 72.030 [Design Chainage km 31.280 to km 68.170] in the State of Mizoram under Bharatmala Pariyojna on EPC mode under NHO-NE Package-2 Keifang- Tuivai Pkg-2,2026-04,0.17001363802711913,0
618342,Rehabilitation and upgradation to 2 Lane with Paved shoulder of Economic corridor of NH-6 from Design chaiange Km 0.000 to Km 13.510 Package-1 in the state of Mizoram under Bharatmala Pariyojana on EPC mode,2026-04,0.22558658919875743,0
618343,"Rehabilitation and Up gradation to 2-lane with paved shoulder of Keifang Section Economic Corridor of NH-06 from Existing Chainage Km 30050 Keifang to Km 50360 Keifang, Design Chainage Km 27400 to Km 45040 PkgIII in the State of Mizoram under Bharatmala Pariyojna on EPC Mode Seling-Dulte - III",2026-04,0.23318457601170817,0
618344,Widening to 2-lane with Hard shoulder of Churachandpur to Tuivai Section of NH- 102B from Design Chainage 69.875 Km to 121.769 Km in the State of Manipur on EPC mode Package-3,2026-04,0.28810229265023307,0
618344,Widening to 2-lane with Hard shoulder of Churachandpur to Tuivai Section of NH- 102B from Design Chainage 69.875 Km to 121.769 Km in the State of Manipur on EPC mode Package-3,2026-05,0.2093534132061074,0
618344,Widening to 2-lane with Hard shoulder of Churachandpur to Tuivai Section of NH- 102B from Design Chainage 69.875 Km to 121.769 Km in the State of Manipur on EPC mode Package-3,2026-06,0.27050124124940933,0
618345,Widening to 2-lane with Hard shoulder of Churachandpur to Tuivai Section from Km 48.587 to Km 69.875 in the State of Manipur on EPC mode under NHO Package-2B,2026-04,0.24785162253012666,0
618345,Widening to 2-lane with Hard shoulder of Churachandpur to Tuivai Section from Km 48.587 to Km 69.875 in the State of Manipur on EPC mode under NHO Package-2B,2026-05,0.18940801589744657,0
618345,Widening to 2-lane with Hard shoulder of Churachandpur to Tuivai Section from Km 48.587 to Km 69.875 in the State of Manipur on EPC mode under NHO Package-2B,2026-06,0.20817341953294421,0
618346,Widening to 2-lane with Hard shoulder of Churachandpur to Tuivai Section of NH- 102B from km 32.835 to km 48.587 in the State of Manipur on EPC mode under NHO Package-2A,2026-04,0.21481488650704728,0
618346,Widening to 2-lane with Hard shoulder of Churachandpur to Tuivai Section of NH- 102B from km 32.835 to km 48.587 in the State of Manipur on EPC mode under NHO Package-2A,2026-05,0.2347483459398642,0
618346,Widening to 2-lane with Hard shoulder of Churachandpur to Tuivai Section of NH- 102B from km 32.835 to km 48.587 in the State of Manipur on EPC mode under NHO Package-2A,2026-06,0.24866941471795528,0
618347,Widening to 2-lane with Hard shoulder of Churachandpur to Tuivai Section of NH- 102B from km 13.747 to km 32.835 in the State of Manipur on EPC mode under NHO Package-1B,2026-04,0.21240859524665062,0
618347,Widening to 2-lane with Hard shoulder of Churachandpur to Tuivai Section of NH- 102B from km 13.747 to km 32.835 in the State of Manipur on EPC mode under NHO Package-1B,2026-05,0.2037769223757491,0
618347,Widening to 2-lane with Hard shoulder of Churachandpur to Tuivai Section of NH- 102B from km 13.747 to km 32.835 in the State of Manipur on EPC mode under NHO Package-1B,2026-06,0.23957703531630087,0
618348,Balance work of Widening to 2 Two lane with hard shoulder of Churachandpur to Tuivai section of NH-102B from km 130.000 to km 141.029 Package-4B in the State of Manipur on EPC Mode,2026-04,0.1903444149345733,0
618348,Balance work of Widening to 2 Two lane with hard shoulder of Churachandpur to Tuivai section of NH-102B from km 130.000 to km 141.029 Package-4B in the State of Manipur on EPC Mode,2026-05,0.11550618233670197,0
618348,Balance work of Widening to 2 Two lane with hard shoulder of Churachandpur to Tuivai section of NH-102B from km 130.000 to km 141.029 Package-4B in the State of Manipur on EPC Mode,2026-06,0.190863648779825,0
618349,Balance work of Widening to 2 Two lane with hard shoulder of Churachandpur to Tuivai section of NH-102B from Design Chainage km 118850 to km 130000 Package- 4A in the State of Manipur on EPC Mode,2026-04,0.2684461213948675,0
618349,Balance work of Widening to 2 Two lane with hard shoulder of Churachandpur to Tuivai section of NH-102B from Design Chainage km 118850 to km 130000 Package- 4A in the State of Manipur on EPC Mode,2026-05,0.1480079600131941,0
618349,Balance work of Widening to 2 Two lane with hard shoulder of Churachandpur to Tuivai section of NH-102B from Design Chainage km 118850 to km 130000 Package- 4A in the State of Manipur on EPC Mode,2026-06,0.17562313556535317,0
618350,Improvement & widening of existing NH-08 to 4-lane with Paved Shoulder from Champak Nagar to Khayerpur section design Km 242500 to Km 261610 in the state of Tripura on EPC basis under NHO-NE,2026-04,0.20745313039029553,0
618350,Improvement & widening of existing NH-08 to 4-lane with Paved Shoulder from Champak Nagar to Khayerpur section design Km 242500 to Km 261610 in the state of Tripura on EPC basis under NHO-NE,2026-05,0.10990126468947999,0
618350,Improvement & widening of existing NH-08 to 4-lane with Paved Shoulder from Champak Nagar to Khayerpur section design Km 242500 to Km 261610 in the state of Tripura on EPC basis under NHO-NE,2026-06,0.1254439073879874,0
618351,Widening & Upgradation to 2 lanes with paved shoulders road from Tamenglong to Mahur NH-137 in the State of Assam starting from km 156.489 near P. Leikul to km 176.410 near Borowapu on EPC mode under NHO-NE Assam portion Package-10,2026-04,0.19288095959672663,0
618351,Widening & Upgradation to 2 lanes with paved shoulders road from Tamenglong to Mahur NH-137 in the State of Assam starting from km 156.489 near P. Leikul to km 176.410 near Borowapu on EPC mode under NHO-NE Assam portion Package-10,2026-05,0.17576002739894642,0
618351,Widening & Upgradation to 2 lanes with paved shoulders road from Tamenglong to Mahur NH-137 in the State of Assam starting from km 156.489 near P. Leikul to km 176.410 near Borowapu on EPC mode under NHO-NE Assam portion Package-10,2026-06,0.12085990863938795,0
618352,Widening & Upgradation to 2 lanes with paved shoulders road from Tamenglong to Mahur NH-137 in the State of Assam starting from km 136.500 near Hejaichak to km 156.489 near P. Leikul Package-9 on EPC mode under NHO-NE Package-9,2026-04,0.14078496933383383,0
618352,Widening & Upgradation to 2 lanes with paved shoulders road from Tamenglong to Mahur NH-137 in the State of Assam starting from km 136.500 near Hejaichak to km 156.489 near P. Leikul Package-9 on EPC mode under NHO-NE Package-9,2026-05,0.12125260998039834,0
618352,Widening & Upgradation to 2 lanes with paved shoulders road from Tamenglong to Mahur NH-137 in the State of Assam starting from km 136.500 near Hejaichak to km 156.489 near P. Leikul Package-9 on EPC mode under NHO-NE Package-9,2026-06,0.12443241463684407,0
618353,Widening & Upgradation to 2-lanes with paved shoulders road from Tamenglong to Mahur NH-137 in the State of Assam starting from km 116.480 near Hangrum to km 136.500 near Hejaichak Package-8 on EPC mode under NHO-NE Package 8,2026-04,0.1592581169562697,0
618353,Widening & Upgradation to 2-lanes with paved shoulders road from Tamenglong to Mahur NH-137 in the State of Assam starting from km 116.480 near Hangrum to km 136.500 near Hejaichak Package-8 on EPC mode under NHO-NE Package 8,2026-05,0.1273090324747647,0
618353,Widening & Upgradation to 2-lanes with paved shoulders road from Tamenglong to Mahur NH-137 in the State of Assam starting from km 116.480 near Hangrum to km 136.500 near Hejaichak Package-8 on EPC mode under NHO-NE Package 8,2026-06,0.12620212387498908,0
618354,Wideinig & Upgradation to 2-lanes with paved shoulders road from Tamenglong to Mahur NH-137 in the State of Assam starting from km 96.870 near Jiri River to km 116.550 near Hangrum Package-7 on EPC mode Package7,2026-04,0.13539477123603547,0
618354,Wideinig & Upgradation to 2-lanes with paved shoulders road from Tamenglong to Mahur NH-137 in the State of Assam starting from km 96.870 near Jiri River to km 116.550 near Hangrum Package-7 on EPC mode Package7,2026-05,0.08925115468938163,0
618354,Wideinig & Upgradation to 2-lanes with paved shoulders road from Tamenglong to Mahur NH-137 in the State of Assam starting from km 96.870 near Jiri River to km 116.550 near Hangrum Package-7 on EPC mode Package7,2026-06,0.11718626371497746,0
618355,"Construction of of 2 -Lane with paved shoulders road from Tamenglong-Tousem- Lisang-Mahur Road NH-137 starting near Dialong Village from km 10.000 at Dialong to km 31.430 near Old Tamenglong , near Barak River on EPC Mode Package-2",2026-04,0.20970095782723205,0
618355,"Construction of of 2 -Lane with paved shoulders road from Tamenglong-Tousem- Lisang-Mahur Road NH-137 starting near Dialong Village from km 10.000 at Dialong to km 31.430 near Old Tamenglong , near Barak River on EPC Mode Package-2",2026-05,0.2036454002960766,0
618355,"Construction of of 2 -Lane with paved shoulders road from Tamenglong-Tousem- Lisang-Mahur Road NH-137 starting near Dialong Village from km 10.000 at Dialong to km 31.430 near Old Tamenglong , near Barak River on EPC Mode Package-2",2026-06,0.20275580105380553,0
618356,Construction of 2 -Lane with paved shoulders road from Tamenglong to Mahur in the state of Manipur from km 31.430 at Old Tamenglong to km 43.480 ending near Phelong on EPC Mode Package-3,2026-04,0.26349519956119216,0
618356,Construction of 2 -Lane with paved shoulders road from Tamenglong to Mahur in the state of Manipur from km 31.430 at Old Tamenglong to km 43.480 ending near Phelong on EPC Mode Package-3,2026-05,0.5006311102075821,1
618356,Construction of 2 -Lane with paved shoulders road from Tamenglong to Mahur in the state of Manipur from km 31.430 at Old Tamenglong to km 43.480 ending near Phelong on EPC Mode Package-3,2026-06,0.4111261480372112,0
618357,Construction of 2 -Lane with paved shoulders road from Tamenglong to Mahur NH- 137 in Manipur starting from km 54.180 near Azuram to km 80.630 near Mandeu on EPC Mode Package 5,2026-04,0.24924765373731594,0
618357,Construction of 2 -Lane with paved shoulders road from Tamenglong to Mahur NH- 137 in Manipur starting from km 54.180 near Azuram to km 80.630 near Mandeu on EPC Mode Package 5,2026-05,0.1853958444157985,0
618357,Construction of 2 -Lane with paved shoulders road from Tamenglong to Mahur NH- 137 in Manipur starting from km 54.180 near Azuram to km 80.630 near Mandeu on EPC Mode Package 5,2026-06,0.1975980687217496,0
618358,Construction of 2 -Lane with paved shoulders road from Tamenglong to Mahur NH- 137 starting from km 80.630 near Mandeu to km 96.870 near Jiri River on EPC Mode Package-6,2026-04,0.20546124390149237,0
618358,Construction of 2 -Lane with paved shoulders road from Tamenglong to Mahur NH- 137 starting from km 80.630 near Mandeu to km 96.870 near Jiri River on EPC Mode Package-6,2026-05,0.1829044738006907,0
618358,Construction of 2 -Lane with paved shoulders road from Tamenglong to Mahur NH- 137 starting from km 80.630 near Mandeu to km 96.870 near Jiri River on EPC Mode Package-6,2026-06,0.19671451700982504,0
618359,Widening/Improvement to 4-Lane with Paved Shoulder from km 55000 Nagabang Gamsuk to km 82514 Oyan in the State of Assam and Arunachal Pradesh on EPC mode under Bharatmala Pariyojna of Length 27.514 Km Package-3,2026-04,0.19518629444192206,0
618359,Widening/Improvement to 4-Lane with Paved Shoulder from km 55000 Nagabang Gamsuk to km 82514 Oyan in the State of Assam and Arunachal Pradesh on EPC mode under Bharatmala Pariyojna of Length 27.514 Km Package-3,2026-05,0.1401047229604925,0
618359,Widening/Improvement to 4-Lane with Paved Shoulder from km 55000 Nagabang Gamsuk to km 82514 Oyan in the State of Assam and Arunachal Pradesh on EPC mode under Bharatmala Pariyojna of Length 27.514 Km Package-3,2026-06,0.20129087423374376,0
618362,Construction of 2-laning with hard shoulder of Lunglei to Chhumkhum from Design Chainage Km 0.000 to Km 37.420 of NH-302 [Lunglei-Tlabung] Package-A,2026-04,0.31326904561369806,0
618362,Construction of 2-laning with hard shoulder of Lunglei to Chhumkhum from Design Chainage Km 0.000 to Km 37.420 of NH-302 [Lunglei-Tlabung] Package-A,2026-05,0.3060747850607286,0
618362,Construction of 2-laning with hard shoulder of Lunglei to Chhumkhum from Design Chainage Km 0.000 to Km 37.420 of NH-302 [Lunglei-Tlabung] Package-A,2026-06,0.29019497597167754,0
618363,Construction of 2-laning with hard shoulder configuration of Chhumkhum to Tlabung from Design Chainage Km 37.420 to Km 74.950 of NH-302 in Mizoram under Bharatmala Pariyojana on EPC mode [Pkg-B],2026-04,0.3052582378105957,0
618363,Construction of 2-laning with hard shoulder configuration of Chhumkhum to Tlabung from Design Chainage Km 37.420 to Km 74.950 of NH-302 in Mizoram under Bharatmala Pariyojana on EPC mode [Pkg-B],2026-05,0.2334352523015965,0
618363,Construction of 2-laning with hard shoulder configuration of Chhumkhum to Tlabung from Design Chainage Km 37.420 to Km 74.950 of NH-302 in Mizoram under Bharatmala Pariyojana on EPC mode [Pkg-B],2026-06,0.2802145821151462,0
618364,"Widening to 2 Lane with Hard shoulder of Akegwo-Avangkhu section of NH-202K for Package-I Design Chainage 0000 Km to 34795 Km, in the State of Nagaland on EPC mode under NH O-NE",2026-04,0.15951856729197061,0
618364,"Widening to 2 Lane with Hard shoulder of Akegwo-Avangkhu section of NH-202K for Package-I Design Chainage 0000 Km to 34795 Km, in the State of Nagaland on EPC mode under NH O-NE",2026-05,0.10805911342661849,0
618364,"Widening to 2 Lane with Hard shoulder of Akegwo-Avangkhu section of NH-202K for Package-I Design Chainage 0000 Km to 34795 Km, in the State of Nagaland on EPC mode under NH O-NE",2026-06,0.11573602269036919,0
618365,Widening to 2 Lane with Hard shoulder of Akegwo-Avangkhu section of NH-202K for Package-III Design Chainage 69875 Km to 106816 Km in the State of Nagaland on EPC mode under NHO-NE,2026-04,0.16675656826615445,0
618365,Widening to 2 Lane with Hard shoulder of Akegwo-Avangkhu section of NH-202K for Package-III Design Chainage 69875 Km to 106816 Km in the State of Nagaland on EPC mode under NHO-NE,2026-05,0.11022911809768333,0
618365,Widening to 2 Lane with Hard shoulder of Akegwo-Avangkhu section of NH-202K for Package-III Design Chainage 69875 Km to 106816 Km in the State of Nagaland on EPC mode under NHO-NE,2026-06,0.11988811558656186,0
618366,Widening to 2 Lane with Hard shoulder of Akegwo-Avangkhu section of NH-202K for Package-II Design Chainage 34795 Km to 69875 Km in the State of Nagaland on EPC mode under NHO-NE,2026-04,0.1902196290572676,0
618366,Widening to 2 Lane with Hard shoulder of Akegwo-Avangkhu section of NH-202K for Package-II Design Chainage 34795 Km to 69875 Km in the State of Nagaland on EPC mode under NHO-NE,2026-05,0.13029775508183283,0
618366,Widening to 2 Lane with Hard shoulder of Akegwo-Avangkhu section of NH-202K for Package-II Design Chainage 34795 Km to 69875 Km in the State of Nagaland on EPC mode under NHO-NE,2026-06,0.1421989927587051,0
618367,Improvement and Widening to 2-lane with paved shoulder of road from design Km 72.000 Pati Chhari to design Km 107.654 Harina Total length 35.654 Km on Teliamura to Harina section of NH 208 in the state of Tripura on EPC mode under JICA ODA Loan Phase VI Package-4,2026-04,0.19332460257933035,0
618367,Improvement and Widening to 2-lane with paved shoulder of road from design Km 72.000 Pati Chhari to design Km 107.654 Harina Total length 35.654 Km on Teliamura to Harina section of NH 208 in the state of Tripura on EPC mode under JICA ODA Loan Phase VI Package-4,2026-05,0.1020099367817449,0
618367,Improvement and Widening to 2-lane with paved shoulder of road from design Km 72.000 Pati Chhari to design Km 107.654 Harina Total length 35.654 Km on Teliamura to Harina section of NH 208 in the state of Tripura on EPC mode under JICA ODA Loan Phase VI Package-4,2026-06,0.13797204902281035,0
618368,Improvement and Widening to 2-lane with paved shoulder of road from design Km 36.000 Rangamati to design Km 72.000 Pati Chhari Total length 36.000 Km on Teliamura to Harina section of NH 208 in the state of Tripura on EPC mode under JICA ODA Loan Phase VI Package-3,2026-04,0.19384178302122726,0
618368,Improvement and Widening to 2-lane with paved shoulder of road from design Km 36.000 Rangamati to design Km 72.000 Pati Chhari Total length 36.000 Km on Teliamura to Harina section of NH 208 in the state of Tripura on EPC mode under JICA ODA Loan Phase VI Package-3,2026-05,0.112972373077575,0
618368,Improvement and Widening to 2-lane with paved shoulder of road from design Km 36.000 Rangamati to design Km 72.000 Pati Chhari Total length 36.000 Km on Teliamura to Harina section of NH 208 in the state of Tripura on EPC mode under JICA ODA Loan Phase VI Package-3,2026-06,0.12205499363914693,0
618369,Improvement and Widening to 2-lane with paved shoulder of road from existing Km 438.170 Khowai Chowmuhani to existing Km 439.410 South Pulinpur of NH-08 and from design Km 0.000 South Pulinpur to design Km 36.00 near Rangamati of NH 208 on Khowai Teliamura- Harina section Total length 37.24 in the state of Tripura on EPC mode under JICA ODA Loan Phase VI Package-2,2026-04,0.2109076539457377,0
618369,Improvement and Widening to 2-lane with paved shoulder of road from existing Km 438.170 Khowai Chowmuhani to existing Km 439.410 South Pulinpur of NH-08 and from design Km 0.000 South Pulinpur to design Km 36.00 near Rangamati of NH 208 on Khowai Teliamura- Harina section Total length 37.24 in the state of Tripura on EPC mode under JICA ODA Loan Phase VI Package-2,2026-05,0.09997232778317633,0
618369,Improvement and Widening to 2-lane with paved shoulder of road from existing Km 438.170 Khowai Chowmuhani to existing Km 439.410 South Pulinpur of NH-08 and from design Km 0.000 South Pulinpur to design Km 36.00 near Rangamati of NH 208 on Khowai Teliamura- Harina section Total length 37.24 in the state of Tripura on EPC mode under JICA ODA Loan Phase VI Package-2,2026-06,0.12318901794946946,0
618370,Improvement and Widening to 2-lane with paved shoulder of road from Km 101.300 to km 127.319 Total Length 26.019 Km i.e. the Khowai Teliamura-Amarpur-Harina- Sabroom section of NH 208 in the state of Tripura on EPC under JICA ODA Loan Phase VI Package-1,2026-04,0.209028892806799,0
618370,Improvement and Widening to 2-lane with paved shoulder of road from Km 101.300 to km 127.319 Total Length 26.019 Km i.e. the Khowai Teliamura-Amarpur-Harina- Sabroom section of NH 208 in the state of Tripura on EPC under JICA ODA Loan Phase VI Package-1,2026-05,0.11408615559646108,0
618370,Improvement and Widening to 2-lane with paved shoulder of road from Km 101.300 to km 127.319 Total Length 26.019 Km i.e. the Khowai Teliamura-Amarpur-Harina- Sabroom section of NH 208 in the state of Tripura on EPC under JICA ODA Loan Phase VI Package-1,2026-06,0.16888065782617456,0
618371,"Widening/Improvement to 4-Lane with Paved Shoulder configuration of existing single lane road from Srirampur near Bhairiguri Village to Kachukhana Harichara Paglagaunj Package-I of Srirampur - Dhubri Section of NH-127B from existing Km 0.000 to Km 28.050 Design Km 0.000 to Km 27.650, Design Length27.650 Km under JICA ODA Loan assistance Phase-V -Balance work",2026-04,0.19208955748431392,0
618371,"Widening/Improvement to 4-Lane with Paved Shoulder configuration of existing single lane road from Srirampur near Bhairiguri Village to Kachukhana Harichara Paglagaunj Package-I of Srirampur - Dhubri Section of NH-127B from existing Km 0.000 to Km 28.050 Design Km 0.000 to Km 27.650, Design Length27.650 Km under JICA ODA Loan assistance Phase-V -Balance work",2026-05,0.12008205229779298,0
618371,"Widening/Improvement to 4-Lane with Paved Shoulder configuration of existing single lane road from Srirampur near Bhairiguri Village to Kachukhana Harichara Paglagaunj Package-I of Srirampur - Dhubri Section of NH-127B from existing Km 0.000 to Km 28.050 Design Km 0.000 to Km 27.650, Design Length27.650 Km under JICA ODA Loan assistance Phase-V -Balance work",2026-06,0.1629619208804084,0
618372,"Widening / Improvement to 4-Lane with Paved Shoulder configuration of existing single lane road from Kachukhana Harichara Paglagaunj to Dhubri - Phulbari Bridge approach Package-II of Srirampur - Dhubri Section of NH-127B from existing Km 28.050 to Km 55.060 Design Km 27.650 to Km 54.154, Design Length26.504 Km under JICA ODA Loan assistance Phase-V [Srirampur - Dhubri Pkg-2]",2026-04,0.15814715466612117,0
618373,"Construction of 4-Lane Bridge including approaches over River Brahmaputra between Dhubri on North Bank,Assam and Phulbari on south Bank,Meghalaya on NH-127B under JICA ODA Loan assistance Phase-III",2026-04,0.46406735375738767,0
618373,"Construction of 4-Lane Bridge including approaches over River Brahmaputra between Dhubri on North Bank,Assam and Phulbari on south Bank,Meghalaya on NH-127B under JICA ODA Loan assistance Phase-III",2026-05,0.3239409769650585,0
618373,"Construction of 4-Lane Bridge including approaches over River Brahmaputra between Dhubri on North Bank,Assam and Phulbari on south Bank,Meghalaya on NH-127B under JICA ODA Loan assistance Phase-III",2026-06,0.3559014943891869,0
618374,Improvement/Widening to 2-L with Paved Shoulder/ 4-Laning of NH-40 section from Km 151330 to Km 163400 design Km 63.530 to Km 71.520 including Dawki Bridge of length 368 m between Shillong-Dawki under JICA ODA Loan assistance Phase-II Pkg- 5 -Balance work,2026-04,0.24047083353710222,0
618374,Improvement/Widening to 2-L with Paved Shoulder/ 4-Laning of NH-40 section from Km 151330 to Km 163400 design Km 63.530 to Km 71.520 including Dawki Bridge of length 368 m between Shillong-Dawki under JICA ODA Loan assistance Phase-II Pkg- 5 -Balance work,2026-05,0.14589358548288572,0
618374,Improvement/Widening to 2-L with Paved Shoulder/ 4-Laning of NH-40 section from Km 151330 to Km 163400 design Km 63.530 to Km 71.520 including Dawki Bridge of length 368 m between Shillong-Dawki under JICA ODA Loan assistance Phase-II Pkg- 5 -Balance work,2026-06,0.2124429600781772,0
618375,Improvement/Widening to 2-Lane with Paved Shoulder from design Km 45.760 to Km 63.530 between Shillong-Dawki under JICA ODA Loan assistance Phase-II -Balance work Pkg-4,2026-04,0.27643081080081194,0
618375,Improvement/Widening to 2-Lane with Paved Shoulder from design Km 45.760 to Km 63.530 between Shillong-Dawki under JICA ODA Loan assistance Phase-II -Balance work Pkg-4,2026-05,0.17835476245763482,0
618375,Improvement/Widening to 2-Lane with Paved Shoulder from design Km 45.760 to Km 63.530 between Shillong-Dawki under JICA ODA Loan assistance Phase-II -Balance work Pkg-4,2026-06,0.19737469545437164,0
618376,Improvement/Widening to 2-Lane with Paved Shoulder between Shillong-Dawki road up to Bangladesh Border from design Km 10.670 to Km 37.550 under JICA ODA Loan assistance Phase-II -Balance Work-Pkg-2,2026-04,0.25307932068714445,0
618376,Improvement/Widening to 2-Lane with Paved Shoulder between Shillong-Dawki road up to Bangladesh Border from design Km 10.670 to Km 37.550 under JICA ODA Loan assistance Phase-II -Balance Work-Pkg-2,2026-05,0.12515256714531664,0
618376,Improvement/Widening to 2-Lane with Paved Shoulder between Shillong-Dawki road up to Bangladesh Border from design Km 10.670 to Km 37.550 under JICA ODA Loan assistance Phase-II -Balance Work-Pkg-2,2026-06,0.14580556379653242,0
618377,Improvement/Widening to 2-L with Paved Shoulder/4-L from Km 81740 to Km 93490 design Km 0000 to Km 10670 of NH-40 New NH-106 & 206 section & 4-L from design Km 0.00 to Km 0.930 of NH-44 section between Shillong-Dawki under JICA ODA Loan assistance Phase-II -Balance Work Pkg-1,2026-04,0.1801748740006225,0
618377,Improvement/Widening to 2-L with Paved Shoulder/4-L from Km 81740 to Km 93490 design Km 0000 to Km 10670 of NH-40 New NH-106 & 206 section & 4-L from design Km 0.00 to Km 0.930 of NH-44 section between Shillong-Dawki under JICA ODA Loan assistance Phase-II -Balance Work Pkg-1,2026-05,0.16026522536365204,0
618377,Improvement/Widening to 2-L with Paved Shoulder/4-L from Km 81740 to Km 93490 design Km 0000 to Km 10670 of NH-40 New NH-106 & 206 section & 4-L from design Km 0.00 to Km 0.930 of NH-44 section between Shillong-Dawki under JICA ODA Loan assistance Phase-II -Balance Work Pkg-1,2026-06,0.12250489441184151,0
618379,Widening and Up-gradation to 2- Lane with Paved Shoulder Configuration and geometric improvement from Km. 208. 000 to Km 250.000 Package-5 on Aizawl Tuipang Section of NH-54 in the State of Mizoram Package-5,2026-04,0.2069175575671602,0
618379,Widening and Up-gradation to 2- Lane with Paved Shoulder Configuration and geometric improvement from Km. 208. 000 to Km 250.000 Package-5 on Aizawl Tuipang Section of NH-54 in the State of Mizoram Package-5,2026-05,0.15793435471090755,0
618379,Widening and Up-gradation to 2- Lane with Paved Shoulder Configuration and geometric improvement from Km. 208. 000 to Km 250.000 Package-5 on Aizawl Tuipang Section of NH-54 in the State of Mizoram Package-5,2026-06,0.16886397410400486,0
618380,Widening and Up-gradation to 2- Lane with Paved Shoulder Configuration and geometric improvement from Km. 125. 000 to Km 166 Package-3 on Aizawl Tuipang Section of NH-54 in the State of Mizoram Package-3,2026-04,0.21107351354315673,0
618380,Widening and Up-gradation to 2- Lane with Paved Shoulder Configuration and geometric improvement from Km. 125. 000 to Km 166 Package-3 on Aizawl Tuipang Section of NH-54 in the State of Mizoram Package-3,2026-05,0.15919048507828804,0
618380,Widening and Up-gradation to 2- Lane with Paved Shoulder Configuration and geometric improvement from Km. 125. 000 to Km 166 Package-3 on Aizawl Tuipang Section of NH-54 in the State of Mizoram Package-3,2026-06,0.1701201044713853,0
618381,Widening and up-gradation to 2-lane with paved shoulder configuration and geometric improvements from km 250.00 Lunglei to km 298.00 on Aizawl-Tuipang section under JICA ODA Loan assistance Phase-I Package-6,2026-04,0.21470249850549555,0
618382,Widening and up-gradation to 2-lane with paved shoulder configuration and geometric improvements from km 298.00 to km 339.00 on Aizawl-Tuipang section under JICA ODA Loan assistance Phase-I Package-7,2026-04,0.19304192443850104,0
618383,Widening and up-gradation to 2-lane with paved shoulder configuration and geometric improvements from km 339.00 to km 380.00 Siaha on Aizawl-Tuipang section under JICA ODA Loan assistance Phase-I Package-8,2026-04,0.20233323386410862,0
618383,Widening and up-gradation to 2-lane with paved shoulder configuration and geometric improvements from km 339.00 to km 380.00 Siaha on Aizawl-Tuipang section under JICA ODA Loan assistance Phase-I Package-8,2026-05,0.1549805233646662,0
618383,Widening and up-gradation to 2-lane with paved shoulder configuration and geometric improvements from km 339.00 to km 380.00 Siaha on Aizawl-Tuipang section under JICA ODA Loan assistance Phase-I Package-8,2026-06,0.15844977551567588,0
618384,Widening and Up-gradation to 2- Lane with Paved Shoulder Configuration and geometric improvement from Km. 166. 000 to Km 208.000 Package-4 on Aizawl Tuipang Section of NH-54 in the State of Mizoram Package-4,2026-04,0.21282786291000275,0
618385,Rehabilitation and up-gradation of road from design km 25.250 to km 36.460 Total lengh 11.210 km of Kailashahar-Kurti Bridge section on NH-208A to 2-lane with paved shoulder on EPC basis under NHO Package-III- Balance Work,2026-04,0.20215823718277193,0
618385,Rehabilitation and up-gradation of road from design km 25.250 to km 36.460 Total lengh 11.210 km of Kailashahar-Kurti Bridge section on NH-208A to 2-lane with paved shoulder on EPC basis under NHO Package-III- Balance Work,2026-05,0.16141311092816232,0
618385,Rehabilitation and up-gradation of road from design km 25.250 to km 36.460 Total lengh 11.210 km of Kailashahar-Kurti Bridge section on NH-208A to 2-lane with paved shoulder on EPC basis under NHO Package-III- Balance Work,2026-06,0.16157541153969474,0
618386,Rehabilitation & Upgradation of Road from Km 0.00 to Km 18.600 Total length-18.600 km of Kumarghat-Kailashahar section on NH-208 to 2-lane with Paved shoulder on EPC bais under NHO,2026-04,0.23153955534813325,0
618387,Construction of 2-laning with Hard shoulder of Ukhrul Tolloi - Tadubi section of NH- 102A from Design Chainage km 9450 to km 50850 in the State of Manipur on EPC mode under NHO-NE Package-2,2026-04,0.1825061542047144,0
618387,Construction of 2-laning with Hard shoulder of Ukhrul Tolloi - Tadubi section of NH- 102A from Design Chainage km 9450 to km 50850 in the State of Manipur on EPC mode under NHO-NE Package-2,2026-05,0.10675662102808504,0
618387,Construction of 2-laning with Hard shoulder of Ukhrul Tolloi - Tadubi section of NH- 102A from Design Chainage km 9450 to km 50850 in the State of Manipur on EPC mode under NHO-NE Package-2,2026-06,0.13026680538133542,0
618388,Construction of 2-laning with Hard shoulder road of Ukhrul - Tolloi - Tadubi section of NH-102A from Design Chainage 50.850 km to 81.870 km in the State of Manipur on EPC mode under NHO-TSP Package -3,2026-04,0.17502741187111848,0
618388,Construction of 2-laning with Hard shoulder road of Ukhrul - Tolloi - Tadubi section of NH-102A from Design Chainage 50.850 km to 81.870 km in the State of Manipur on EPC mode under NHO-TSP Package -3,2026-05,0.1430873731529773,0
618388,Construction of 2-laning with Hard shoulder road of Ukhrul - Tolloi - Tadubi section of NH-102A from Design Chainage 50.850 km to 81.870 km in the State of Manipur on EPC mode under NHO-TSP Package -3,2026-06,0.16584744619844774,0
618389,Construction of 2-laning with Hard shoulder road of Ukhrul - Tolloi - Tadubi section of NH-102A from Design Chainage 81.870 km to 105.825 km in the State of Manipur on EPC mode under NHO-TSP Package -4,2026-04,0.18484813739006917,0
618389,Construction of 2-laning with Hard shoulder road of Ukhrul - Tolloi - Tadubi section of NH-102A from Design Chainage 81.870 km to 105.825 km in the State of Manipur on EPC mode under NHO-TSP Package -4,2026-05,0.17013306741723214,0
618389,Construction of 2-laning with Hard shoulder road of Ukhrul - Tolloi - Tadubi section of NH-102A from Design Chainage 81.870 km to 105.825 km in the State of Manipur on EPC mode under NHO-TSP Package -4,2026-06,0.20242581319642503,0
618390,"Construction, Operation & Maintenance of 2-L Bi-directional Silkyara Bend- Barkot Tunnel with escape passage including approaches Tunnel-4.531 & Approach road- 0.328 on Dharasu-Yamunotri section b/w Chainage 25.400km and 51.00km falling along NH-134 Old NH-94 on EPC mode",2026-04,0.33838473290175636,0
618390,"Construction, Operation & Maintenance of 2-L Bi-directional Silkyara Bend- Barkot Tunnel with escape passage including approaches Tunnel-4.531 & Approach road- 0.328 on Dharasu-Yamunotri section b/w Chainage 25.400km and 51.00km falling along NH-134 Old NH-94 on EPC mode",2026-05,0.24071595988731478,0
618390,"Construction, Operation & Maintenance of 2-L Bi-directional Silkyara Bend- Barkot Tunnel with escape passage including approaches Tunnel-4.531 & Approach road- 0.328 on Dharasu-Yamunotri section b/w Chainage 25.400km and 51.00km falling along NH-134 Old NH-94 on EPC mode",2026-06,0.2789885819095118,0
618391,"Construction for Mitigation Measures of 5 Nos. Landslides, 05 No. Sinking Zones and 01 No. Bridge from Ch. 450.00 to Ch. 468.00 18 Km. Length on NH-07 Package-III",2026-04,0.19939201546073182,0
618391,"Construction for Mitigation Measures of 5 Nos. Landslides, 05 No. Sinking Zones and 01 No. Bridge from Ch. 450.00 to Ch. 468.00 18 Km. Length on NH-07 Package-III",2026-05,0.14132207789526033,0
618391,"Construction for Mitigation Measures of 5 Nos. Landslides, 05 No. Sinking Zones and 01 No. Bridge from Ch. 450.00 to Ch. 468.00 18 Km. Length on NH-07 Package-III",2026-06,0.14036097800518815,0
618392,"Construction for Mitigation Measures of 5 Nos. Landslides, 5 Nos. Sinking Zones in between Ch. 433.00 to 450.00 BANERPANI VILLAGE on NH-07 on EPC mode in the state of Uttarakhand Package-2",2026-04,0.19140184149788828,0
618392,"Construction for Mitigation Measures of 5 Nos. Landslides, 5 Nos. Sinking Zones in between Ch. 433.00 to 450.00 BANERPANI VILLAGE on NH-07 on EPC mode in the state of Uttarakhand Package-2",2026-05,0.13008536470960688,0
618392,"Construction for Mitigation Measures of 5 Nos. Landslides, 5 Nos. Sinking Zones in between Ch. 433.00 to 450.00 BANERPANI VILLAGE on NH-07 on EPC mode in the state of Uttarakhand Package-2",2026-06,0.1393154977737421,0
618393,"Construction for Mitigation Measures of 10 Nos. Landslides, 01 No. Sinking Zones and 1 No. of Minor Bridge in between at Ch. Km 368.00 to Km 433.00 on NH-07 on EPC Mode in Uttarakhand Package-1",2026-04,0.1602999051618761,0
618393,"Construction for Mitigation Measures of 10 Nos. Landslides, 01 No. Sinking Zones and 1 No. of Minor Bridge in between at Ch. Km 368.00 to Km 433.00 on NH-07 on EPC Mode in Uttarakhand Package-1",2026-05,0.1412983300092323,0
618393,"Construction for Mitigation Measures of 10 Nos. Landslides, 01 No. Sinking Zones and 1 No. of Minor Bridge in between at Ch. Km 368.00 to Km 433.00 on NH-07 on EPC Mode in Uttarakhand Package-1",2026-06,0.14867306976323624,0
618394,Up-gradation to 2-lane with Paved Shoulder from Km 12.850 to Km20.300 of 7.450Km length on Goha-Khellani section and a link road to Goha village of 2.016 km on NH- 244 in UT of Jammu and Kashmir on EPC Mode Pkg-1,2026-04,0.1989033456253961,0
618394,Up-gradation to 2-lane with Paved Shoulder from Km 12.850 to Km20.300 of 7.450Km length on Goha-Khellani section and a link road to Goha village of 2.016 km on NH- 244 in UT of Jammu and Kashmir on EPC Mode Pkg-1,2026-05,0.21149600221846893,0
618394,Up-gradation to 2-lane with Paved Shoulder from Km 12.850 to Km20.300 of 7.450Km length on Goha-Khellani section and a link road to Goha village of 2.016 km on NH- 244 in UT of Jammu and Kashmir on EPC Mode Pkg-1,2026-06,0.22828396279494892,0
618395,"Construction & Upgradation to 2-lane with paved shoulder from Design Ch. Km 51700 at Premnagar km 66315 to Km 66535 New Thatri at Start of Km 83rd, Tunnel Km 82665 of 14.835 Km design length on Chenani-Sudhmahadev-Goha Khellani- Kishtwar-Vailoo Donipawa-Ashajipora section of NH-244 in the UT of J&K on EPC Mode under NHO-Gen Pkg - 2",2026-04,0.30938433984042557,0
618395,"Construction & Upgradation to 2-lane with paved shoulder from Design Ch. Km 51700 at Premnagar km 66315 to Km 66535 New Thatri at Start of Km 83rd, Tunnel Km 82665 of 14.835 Km design length on Chenani-Sudhmahadev-Goha Khellani- Kishtwar-Vailoo Donipawa-Ashajipora section of NH-244 in the UT of J&K on EPC Mode under NHO-Gen Pkg - 2",2026-05,0.212147880893647,0
618395,"Construction & Upgradation to 2-lane with paved shoulder from Design Ch. Km 51700 at Premnagar km 66315 to Km 66535 New Thatri at Start of Km 83rd, Tunnel Km 82665 of 14.835 Km design length on Chenani-Sudhmahadev-Goha Khellani- Kishtwar-Vailoo Donipawa-Ashajipora section of NH-244 in the UT of J&K on EPC Mode under NHO-Gen Pkg - 2",2026-06,0.23693951534195848,0
618396,Construction & Upgradation to 2 lane with paved shoulder from Design Km. 31.449 Khellani Ex. Km 44.946 to Km 51.700 Prem Nagar Ex. Km 68617 of 20.251 Km length on Khellani - Kishtwar - Chattroo section of NH-244 in the UT of J&K on EPC Mode under NHO-Gen PKG- 1,2026-04,0.22282594289989016,0
618397,Widening and Up-gradation to 2-Lane with Paved Shoulder of configuration and geometric improvement from Km 0.000 to Km 16.990 on Chenani Sudhmahadev section of NH-244 in UT of Jammu and Kashmir to be executed on EPC basis,2026-04,0.22870008021147542,0
618397,Widening and Up-gradation to 2-Lane with Paved Shoulder of configuration and geometric improvement from Km 0.000 to Km 16.990 on Chenani Sudhmahadev section of NH-244 in UT of Jammu and Kashmir to be executed on EPC basis,2026-05,0.2264754809720361,0
618397,Widening and Up-gradation to 2-Lane with Paved Shoulder of configuration and geometric improvement from Km 0.000 to Km 16.990 on Chenani Sudhmahadev section of NH-244 in UT of Jammu and Kashmir to be executed on EPC basis,2026-06,0.3024613117565909,0
618398,Up-gradation to 2-lane with Paved Shoulder from Km 20.300 to Km 29.030 of 8.730 Km length on Goha-Khellani section on NH-244 in UT of Jammu and Kashmir on EPC Mode Package II,2026-04,0.20095369572602012,0
618398,Up-gradation to 2-lane with Paved Shoulder from Km 20.300 to Km 29.030 of 8.730 Km length on Goha-Khellani section on NH-244 in UT of Jammu and Kashmir on EPC Mode Package II,2026-05,0.22287487077772652,0
618398,Up-gradation to 2-lane with Paved Shoulder from Km 20.300 to Km 29.030 of 8.730 Km length on Goha-Khellani section on NH-244 in UT of Jammu and Kashmir on EPC Mode Package II,2026-06,0.3315904942528702,0
618399,Construction of Kishtwar bypass with 2 lane with paved shoulder from Design Km. 80.675 Dulhasti to km 95.550 Bandarkoot of 14.88 km & a link road to Kishtwar town from 0000 to 1.871 of length1.871 Km on Khellani - Kishtwar - Chattroo section in UT of Jammu and Kashmir on EPC Mode Pkg-4,2026-04,0.3111867920117909,0
618399,Construction of Kishtwar bypass with 2 lane with paved shoulder from Design Km. 80.675 Dulhasti to km 95.550 Bandarkoot of 14.88 km & a link road to Kishtwar town from 0000 to 1.871 of length1.871 Km on Khellani - Kishtwar - Chattroo section in UT of Jammu and Kashmir on EPC Mode Pkg-4,2026-05,0.2059047273533339,0
618399,Construction of Kishtwar bypass with 2 lane with paved shoulder from Design Km. 80.675 Dulhasti to km 95.550 Bandarkoot of 14.88 km & a link road to Kishtwar town from 0000 to 1.871 of length1.871 Km on Khellani - Kishtwar - Chattroo section in UT of Jammu and Kashmir on EPC Mode Pkg-4,2026-06,0.24396333552416063,0
618400,Construction & Upgradation to 2-lane with paved shoulder from Design Km 67.805 at the end of Km 83rd Tunnel near Dhrabshalla Ex. Km 83905 to Km 80.675 start of Kishtwar Bypass - Dulhasti Ex. Km 970751 of 12.870 Km length on chenani- Sudhmahadev-Goha Khellani-Kishtwar-vailoo-Donipawa-Ashajipora seition of NH-244 in the UT of J&K on EPC Mode under NHO-Gen Pkg-3,2026-04,0.2105374184074194,0
618400,Construction & Upgradation to 2-lane with paved shoulder from Design Km 67.805 at the end of Km 83rd Tunnel near Dhrabshalla Ex. Km 83905 to Km 80.675 start of Kishtwar Bypass - Dulhasti Ex. Km 970751 of 12.870 Km length on chenani- Sudhmahadev-Goha Khellani-Kishtwar-vailoo-Donipawa-Ashajipora seition of NH-244 in the UT of J&K on EPC Mode under NHO-Gen Pkg-3,2026-05,0.17950062205157744,0
618400,Construction & Upgradation to 2-lane with paved shoulder from Design Km 67.805 at the end of Km 83rd Tunnel near Dhrabshalla Ex. Km 83905 to Km 80.675 start of Kishtwar Bypass - Dulhasti Ex. Km 970751 of 12.870 Km length on chenani- Sudhmahadev-Goha Khellani-Kishtwar-vailoo-Donipawa-Ashajipora seition of NH-244 in the UT of J&K on EPC Mode under NHO-Gen Pkg-3,2026-06,0.21419132367487856,0
618401,"Construction of Intermediate Lane with Hard Shoulder of Hunli to Hayuliang Package- III from design Km 60.000 to Km 121.500 Design Length 61.500 km, Greenfield Section of Frontier Highway NH-913 in the State of Arunachal Pradesh on EPC Mode Pkg-3",2026-04,0.16588442539427273,0
618401,"Construction of Intermediate Lane with Hard Shoulder of Hunli to Hayuliang Package- III from design Km 60.000 to Km 121.500 Design Length 61.500 km, Greenfield Section of Frontier Highway NH-913 in the State of Arunachal Pradesh on EPC Mode Pkg-3",2026-05,0.062143233076556954,0
618401,"Construction of Intermediate Lane with Hard Shoulder of Hunli to Hayuliang Package- III from design Km 60.000 to Km 121.500 Design Length 61.500 km, Greenfield Section of Frontier Highway NH-913 in the State of Arunachal Pradesh on EPC Mode Pkg-3",2026-06,0.07582602600459443,0
618402,"Construction of Intermediate Lane with Hard Shoulder of Hunli to Hayuliang from Design Km 0.000 to Km 53.000 Design Length 53.000 km, Greenfield Section of Frontier Highway NH-913 in the State of Arunachal Pradesh on EPC Mode Package-I",2026-04,0.17271846598154952,0
618402,"Construction of Intermediate Lane with Hard Shoulder of Hunli to Hayuliang from Design Km 0.000 to Km 53.000 Design Length 53.000 km, Greenfield Section of Frontier Highway NH-913 in the State of Arunachal Pradesh on EPC Mode Package-I",2026-05,0.06404829205845103,0
618402,"Construction of Intermediate Lane with Hard Shoulder of Hunli to Hayuliang from Design Km 0.000 to Km 53.000 Design Length 53.000 km, Greenfield Section of Frontier Highway NH-913 in the State of Arunachal Pradesh on EPC Mode Package-I",2026-06,0.09373971539597183,0
618403,Construction of Intermediate Lane Road with hard shoulder from design Km 0.000 to Km 17.387 Total length 17.387 km of Hunli to Ithun Bridge section on NH-913 Frontier Highway in State of Arunachal Pradesh on EPC mode under NHO-NE,2026-04,0.3106851794094351,0
618403,Construction of Intermediate Lane Road with hard shoulder from design Km 0.000 to Km 17.387 Total length 17.387 km of Hunli to Ithun Bridge section on NH-913 Frontier Highway in State of Arunachal Pradesh on EPC mode under NHO-NE,2026-05,0.12005286514323096,0
618403,Construction of Intermediate Lane Road with hard shoulder from design Km 0.000 to Km 17.387 Total length 17.387 km of Hunli to Ithun Bridge section on NH-913 Frontier Highway in State of Arunachal Pradesh on EPC mode under NHO-NE,2026-06,0.14419392773612355,0
618404,Construction of lntermediate Lane Road with hard shoulder from design chainage Km 0.000 to Km 53.040 Existing Length68.500 Km & Total Design length 53.04 km of Tato to Monigong section of NH-913 Frontier Highway on Nafra Bomdila to Vijaynagar along China border in state of Arunachal pradesh on EPC mode,2026-04,0.19231035456517537,0
618404,Construction of lntermediate Lane Road with hard shoulder from design chainage Km 0.000 to Km 53.040 Existing Length68.500 Km & Total Design length 53.04 km of Tato to Monigong section of NH-913 Frontier Highway on Nafra Bomdila to Vijaynagar along China border in state of Arunachal pradesh on EPC mode,2026-05,0.06427069112971733,0
618404,Construction of lntermediate Lane Road with hard shoulder from design chainage Km 0.000 to Km 53.040 Existing Length68.500 Km & Total Design length 53.04 km of Tato to Monigong section of NH-913 Frontier Highway on Nafra Bomdila to Vijaynagar along China border in state of Arunachal pradesh on EPC mode,2026-06,0.08913822783116056,0
618405,"Construction of Intermediate Lane of Pango to Jorging Road from 0000 to Design Km Design Km 40000 Design Length 40.00 Km, Pkg-l, Greenfield Alignment in the State of Arunachal Pradesh on EPC mode Pkg-1",2026-04,0.22574940218332462,0
618405,"Construction of Intermediate Lane of Pango to Jorging Road from 0000 to Design Km Design Km 40000 Design Length 40.00 Km, Pkg-l, Greenfield Alignment in the State of Arunachal Pradesh on EPC mode Pkg-1",2026-05,0.08407431919273836,0
618405,"Construction of Intermediate Lane of Pango to Jorging Road from 0000 to Design Km Design Km 40000 Design Length 40.00 Km, Pkg-l, Greenfield Alignment in the State of Arunachal Pradesh on EPC mode Pkg-1",2026-06,0.11342760731814001,0
618406,Up-gradation to 4-lane with Paved Shoulder of Jammu-Akhnoor road section of NH- 144A from Ganesh Vihar Km 6.000 to Khati Chowk Km 26.350 in UT of Jammu and Kashmir on EPC basis Pkg-3A,2026-04,0.2423521766540219,0
618406,Up-gradation to 4-lane with Paved Shoulder of Jammu-Akhnoor road section of NH- 144A from Ganesh Vihar Km 6.000 to Khati Chowk Km 26.350 in UT of Jammu and Kashmir on EPC basis Pkg-3A,2026-05,0.1991087608300928,0
618406,Up-gradation to 4-lane with Paved Shoulder of Jammu-Akhnoor road section of NH- 144A from Ganesh Vihar Km 6.000 to Khati Chowk Km 26.350 in UT of Jammu and Kashmir on EPC basis Pkg-3A,2026-06,0.2702780280646444,0
618407,Jammu-Akhnoor Road Pkg-I,2026-04,0.2724778637440807,0
618407,Jammu-Akhnoor Road Pkg-I,2026-05,0.2577561915610088,0
618407,Jammu-Akhnoor Road Pkg-I,2026-06,0.21452403480686688,0
618408,Kargil Zanskar Road,2026-04,0.20005986402724218,0
618408,Kargil Zanskar Road,2026-05,0.1870041653283948,0
618408,Kargil Zanskar Road,2026-06,0.2124300811532537,0
618409,Widening & Up-gradation to 2 lane with Paved shoulder of NH-301 Kargil- Zanskar Road from Design km 57.000 Ex. Km. 57.905 to Km 87.000 Ex. Km. 88.2491 of 30.000 Km length Pkg-lll,2026-04,0.281516434068818,0
618409,Widening & Up-gradation to 2 lane with Paved shoulder of NH-301 Kargil- Zanskar Road from Design km 57.000 Ex. Km. 57.905 to Km 87.000 Ex. Km. 88.2491 of 30.000 Km length Pkg-lll,2026-05,0.21993303218848448,0
618409,Widening & Up-gradation to 2 lane with Paved shoulder of NH-301 Kargil- Zanskar Road from Design km 57.000 Ex. Km. 57.905 to Km 87.000 Ex. Km. 88.2491 of 30.000 Km length Pkg-lll,2026-06,0.24755610468782158,0
618410,Widening & Up-gradation to 2 lane with paved shoulder of NH-301 Kargil- Zanskar Road from Design Km .30.040 Ex. Km. 30.000 to Design Km 57.000 Ex. Km. 57.905 of 26.960 Km length Pkg-II,2026-04,0.27895614086678333,0
618410,Widening & Up-gradation to 2 lane with paved shoulder of NH-301 Kargil- Zanskar Road from Design Km .30.040 Ex. Km. 30.000 to Design Km 57.000 Ex. Km. 57.905 of 26.960 Km length Pkg-II,2026-05,0.24922821789029415,0
618410,Widening & Up-gradation to 2 lane with paved shoulder of NH-301 Kargil- Zanskar Road from Design Km .30.040 Ex. Km. 30.000 to Design Km 57.000 Ex. Km. 57.905 of 26.960 Km length Pkg-II,2026-06,0.3242776592076025,0
618411,Melaghar-Srimantapur section on NH-08 Spur from Km 23 to Km 34.500 11.5 Km and overlay from Km 20.30 to Km 22.00 1.7 Km Total Length 13.2 Km,2026-04,0.18282330555733173,0
618411,Melaghar-Srimantapur section on NH-08 Spur from Km 23 to Km 34.500 11.5 Km and overlay from Km 20.30 to Km 22.00 1.7 Km Total Length 13.2 Km,2026-05,0.14552269920046138,0
618411,Melaghar-Srimantapur section on NH-08 Spur from Km 23 to Km 34.500 11.5 Km and overlay from Km 20.30 to Km 22.00 1.7 Km Total Length 13.2 Km,2026-06,0.14930592716310495,0
618412,Construction of i Connecting Road from Z-Morh Tunnel to Zojila Tunnel Road Length 18.475km and ii 14.150 Km long 2-L Bi-directional single tube Zoji-la Tunnel across Zojila Pass on Sonamarg - Kargil section from Km 82 to Km 118 of NH-01 under PMDP,2026-04,0.42109680260671495,0
618412,Construction of i Connecting Road from Z-Morh Tunnel to Zojila Tunnel Road Length 18.475km and ii 14.150 Km long 2-L Bi-directional single tube Zoji-la Tunnel across Zojila Pass on Sonamarg - Kargil section from Km 82 to Km 118 of NH-01 under PMDP,2026-05,0.282234742339034,0
618412,Construction of i Connecting Road from Z-Morh Tunnel to Zojila Tunnel Road Length 18.475km and ii 14.150 Km long 2-L Bi-directional single tube Zoji-la Tunnel across Zojila Pass on Sonamarg - Kargil section from Km 82 to Km 118 of NH-01 under PMDP,2026-06,0.3236328578332866,0
618413,Construction of 2 laning with Hard shoulder of Peren-Dimapur section on NH 129A from Design Km 146.208 to Km 163.592 Length- 17.384 km in the state of Nagaland on EPC mode under NHO-TSP Package-III,2026-04,0.16766182970070853,0
618413,Construction of 2 laning with Hard shoulder of Peren-Dimapur section on NH 129A from Design Km 146.208 to Km 163.592 Length- 17.384 km in the state of Nagaland on EPC mode under NHO-TSP Package-III,2026-05,0.1307593252028674,0
618413,Construction of 2 laning with Hard shoulder of Peren-Dimapur section on NH 129A from Design Km 146.208 to Km 163.592 Length- 17.384 km in the state of Nagaland on EPC mode under NHO-TSP Package-III,2026-06,0.12005153817067606,0
618414,Construction of Balance work for 2-lane with hard shoulder of Peren- Dimapur section on NH-129A from Design Km 126.775 to Km 146.208 Length 19.433 Km in the state of Nagaland on EPC mode under NHO-TSP Package-II,2026-04,0.1819948365858777,0
618414,Construction of Balance work for 2-lane with hard shoulder of Peren- Dimapur section on NH-129A from Design Km 126.775 to Km 146.208 Length 19.433 Km in the state of Nagaland on EPC mode under NHO-TSP Package-II,2026-05,0.20576060915164898,0
618414,Construction of Balance work for 2-lane with hard shoulder of Peren- Dimapur section on NH-129A from Design Km 126.775 to Km 146.208 Length 19.433 Km in the state of Nagaland on EPC mode under NHO-TSP Package-II,2026-06,0.21062364959854027,0
618415,"Improvement of existing road to 2 laning with Hard Shoulders of Maram-Peren section Package-1B, length- 17.660 km from Design Chainage 22.340 km to 40.000 km on NH-129A in the State of Manipur on EPC mode",2026-04,0.23583744329040424,0
618415,"Improvement of existing road to 2 laning with Hard Shoulders of Maram-Peren section Package-1B, length- 17.660 km from Design Chainage 22.340 km to 40.000 km on NH-129A in the State of Manipur on EPC mode",2026-05,0.19429393290803182,0
618415,"Improvement of existing road to 2 laning with Hard Shoulders of Maram-Peren section Package-1B, length- 17.660 km from Design Chainage 22.340 km to 40.000 km on NH-129A in the State of Manipur on EPC mode",2026-06,0.1840527385504933,0
618416,"Improvement of existing road to 2 laning with Hard Shoulders of Maram -Peren section Package-1A, length- 22.340Km from Design Chainage 0.000 km to 22.340 km on NH-129A in the State of Manipur on EPC mode",2026-04,0.28360316544128233,0
618416,"Improvement of existing road to 2 laning with Hard Shoulders of Maram -Peren section Package-1A, length- 22.340Km from Design Chainage 0.000 km to 22.340 km on NH-129A in the State of Manipur on EPC mode",2026-05,0.299144535347974,0
618416,"Improvement of existing road to 2 laning with Hard Shoulders of Maram -Peren section Package-1A, length- 22.340Km from Design Chainage 0.000 km to 22.340 km on NH-129A in the State of Manipur on EPC mode",2026-06,0.32494350925743953,0
618417,"Construction of 4-Lane with paved shoulder Agartala bypass Western side, length 25.402 km connecting NH-8 near Amtali to NH-108B near Lembuchhera in the state of Tripura on EPC basis under NHO-NE",2026-04,0.23750151143593176,0
618417,"Construction of 4-Lane with paved shoulder Agartala bypass Western side, length 25.402 km connecting NH-8 near Amtali to NH-108B near Lembuchhera in the state of Tripura on EPC basis under NHO-NE",2026-05,0.1367678518587373,0
618417,"Construction of 4-Lane with paved shoulder Agartala bypass Western side, length 25.402 km connecting NH-8 near Amtali to NH-108B near Lembuchhera in the state of Tripura on EPC basis under NHO-NE",2026-06,0.1687108488778553,0
618418,Rehabilitation and up gradation of Nongstoin-Rambrai-Kyrshai road up to Meghalaya- Assam border from Km 0.335 to km 34.039 to 2-Lane under NHO - NE in the State of Meghalaya Package-1,2026-04,0.26276396479650915,0
618418,Rehabilitation and up gradation of Nongstoin-Rambrai-Kyrshai road up to Meghalaya- Assam border from Km 0.335 to km 34.039 to 2-Lane under NHO - NE in the State of Meghalaya Package-1,2026-05,0.19248466433088224,0
618418,Rehabilitation and up gradation of Nongstoin-Rambrai-Kyrshai road up to Meghalaya- Assam border from Km 0.335 to km 34.039 to 2-Lane under NHO - NE in the State of Meghalaya Package-1,2026-06,0.2478764452166052,0
618419,"Construction of 2-Lane with paved shoulders of Shillong Western Bypass starting from NH-06 near Ladumsaw existing Km 60.900 of old NH40 to NH106 old NH 44E Package-III, from km 24700 to km 38256 under SARDP-NE PHASE A in the state of Meghalaya on EPC Mode Greenfield alignment",2026-04,0.23338544995103513,0
618419,"Construction of 2-Lane with paved shoulders of Shillong Western Bypass starting from NH-06 near Ladumsaw existing Km 60.900 of old NH40 to NH106 old NH 44E Package-III, from km 24700 to km 38256 under SARDP-NE PHASE A in the state of Meghalaya on EPC Mode Greenfield alignment",2026-05,0.11854896855878164,0
618419,"Construction of 2-Lane with paved shoulders of Shillong Western Bypass starting from NH-06 near Ladumsaw existing Km 60.900 of old NH40 to NH106 old NH 44E Package-III, from km 24700 to km 38256 under SARDP-NE PHASE A in the state of Meghalaya on EPC Mode Greenfield alignment",2026-06,0.16459364352683745,0
618420,"Construction of 2 lane with paved shoulder of Shillong Western Bypass starting from NH-06 near Ladumsaw existing km 60.900 of old NH-40 to NH-106 old NH-44E, Package-II km 12800 to km 24700 under SARDP-NE Phase A in the State of Meghalaya on EPC Mode",2026-04,0.22195592523568738,0
618420,"Construction of 2 lane with paved shoulder of Shillong Western Bypass starting from NH-06 near Ladumsaw existing km 60.900 of old NH-40 to NH-106 old NH-44E, Package-II km 12800 to km 24700 under SARDP-NE Phase A in the State of Meghalaya on EPC Mode",2026-05,0.1258710779510927,0
618420,"Construction of 2 lane with paved shoulder of Shillong Western Bypass starting from NH-06 near Ladumsaw existing km 60.900 of old NH-40 to NH-106 old NH-44E, Package-II km 12800 to km 24700 under SARDP-NE Phase A in the State of Meghalaya on EPC Mode",2026-06,0.1579595827343017,0
618421,"Construction of 2-Lane with paved shoulder of Shillong Western Bypass starting from NH-06 near Ladumsaw Existing km 60.900 of old NH-40 to NH106 old NH-44E, km 0000 to km 12800 Package-I under SARDP-NE PHASE A in the State of Meghalaya on EPC Mode Greenfield alignment",2026-04,0.22451126348190742,0
618421,"Construction of 2-Lane with paved shoulder of Shillong Western Bypass starting from NH-06 near Ladumsaw Existing km 60.900 of old NH-40 to NH106 old NH-44E, km 0000 to km 12800 Package-I under SARDP-NE PHASE A in the State of Meghalaya on EPC Mode Greenfield alignment",2026-05,0.12847334517438358,0
618421,"Construction of 2-Lane with paved shoulder of Shillong Western Bypass starting from NH-06 near Ladumsaw Existing km 60.900 of old NH-40 to NH106 old NH-44E, km 0000 to km 12800 Package-I under SARDP-NE PHASE A in the State of Meghalaya on EPC Mode Greenfield alignment",2026-06,0.18181423357941526,0
618422,"Construction of 2-lane with hard shoulders of Merangkong-Tamlu-Mon road Wakching Twon portion on EPC basis from existing Chainage Km 59000 to Km 73640 [Design Km. 59000 to Km, 72450] Design length - 13.450 Km under SARDP-NE package-V Balance work",2026-04,0.17456391228488408,0
618422,"Construction of 2-lane with hard shoulders of Merangkong-Tamlu-Mon road Wakching Twon portion on EPC basis from existing Chainage Km 59000 to Km 73640 [Design Km. 59000 to Km, 72450] Design length - 13.450 Km under SARDP-NE package-V Balance work",2026-05,0.165884815445246,0
618422,"Construction of 2-lane with hard shoulders of Merangkong-Tamlu-Mon road Wakching Twon portion on EPC basis from existing Chainage Km 59000 to Km 73640 [Design Km. 59000 to Km, 72450] Design length - 13.450 Km under SARDP-NE package-V Balance work",2026-06,0.19345494841574418,0
618423,Construction of 2-Lane with hard shoulders of Merangkong-Tamlu-Mon MTM Road from existing Km 20.456 to Km 41.065 Design Km. 20 to Km. 40.0 Design Length- 20.000 Km in the State of Nagaland under SARDP-NE Phase-A Pkg-2 Balance work,2026-04,0.18798231724491538,0
618423,Construction of 2-Lane with hard shoulders of Merangkong-Tamlu-Mon MTM Road from existing Km 20.456 to Km 41.065 Design Km. 20 to Km. 40.0 Design Length- 20.000 Km in the State of Nagaland under SARDP-NE Phase-A Pkg-2 Balance work,2026-05,0.1731468158454121,0
618423,Construction of 2-Lane with hard shoulders of Merangkong-Tamlu-Mon MTM Road from existing Km 20.456 to Km 41.065 Design Km. 20 to Km. 40.0 Design Length- 20.000 Km in the State of Nagaland under SARDP-NE Phase-A Pkg-2 Balance work,2026-06,0.23306992848722624,0
618426,Construction/Up gradation of Existing road to 2 Lane with Paved Shoulder including Geometric Improvement from Ranipool to Pakyong Balance work from Km 2.000 to 16.167 of NH-717-A on EPC basis under SARDP-NE Phase A in the State of Sikkim,2026-04,0.19637316357755272,0
618426,Construction/Up gradation of Existing road to 2 Lane with Paved Shoulder including Geometric Improvement from Ranipool to Pakyong Balance work from Km 2.000 to 16.167 of NH-717-A on EPC basis under SARDP-NE Phase A in the State of Sikkim,2026-05,0.127165745823058,0
618426,Construction/Up gradation of Existing road to 2 Lane with Paved Shoulder including Geometric Improvement from Ranipool to Pakyong Balance work from Km 2.000 to 16.167 of NH-717-A on EPC basis under SARDP-NE Phase A in the State of Sikkim,2026-06,0.13503243004190282,0
618427,Construction & upgradation of existing road to 2-lane with paved shoulder including geometric improvement of Kafer- Lava More section from km 40.00 to km 61.100 of NH717-A on EPC under SARDP-NE A in state of West Bengal Pkg-VA,2026-04,0.17950254788926198,0
618427,Construction & upgradation of existing road to 2-lane with paved shoulder including geometric improvement of Kafer- Lava More section from km 40.00 to km 61.100 of NH717-A on EPC under SARDP-NE A in state of West Bengal Pkg-VA,2026-05,0.16656815802760108,0
618427,Construction & upgradation of existing road to 2-lane with paved shoulder including geometric improvement of Kafer- Lava More section from km 40.00 to km 61.100 of NH717-A on EPC under SARDP-NE A in state of West Bengal Pkg-VA,2026-06,0.16404163264972535,0
618428,Realignment of NH-717A from Design Ch.0.00 Km 77.800 of NH-10 to Design Ch.2.00 Km 3.100 of NH-717A with two lane paved shoulder including Major Bridge of 680 m in the State of Sikkim on EPC Mode-COS work,2026-04,0.21574202263135434,0
618428,Realignment of NH-717A from Design Ch.0.00 Km 77.800 of NH-10 to Design Ch.2.00 Km 3.100 of NH-717A with two lane paved shoulder including Major Bridge of 680 m in the State of Sikkim on EPC Mode-COS work,2026-05,0.17600733033077223,0
618428,Realignment of NH-717A from Design Ch.0.00 Km 77.800 of NH-10 to Design Ch.2.00 Km 3.100 of NH-717A with two lane paved shoulder including Major Bridge of 680 m in the State of Sikkim on EPC Mode-COS work,2026-06,0.2156616385789818,0
618429,Construction & upgradation of existing road to 2-lane with paved shoulder including geometric improvement of sect. from Pedong bypass to Reshi Border km 79.700 to km 96.254 of NH-717A under SARDP-NE-A on EPC as part of Alternate connectivity to Gangtok Lava More-Reshi Border Pkg-VB,2026-04,0.2358449072216109,0
618429,Construction & upgradation of existing road to 2-lane with paved shoulder including geometric improvement of sect. from Pedong bypass to Reshi Border km 79.700 to km 96.254 of NH-717A under SARDP-NE-A on EPC as part of Alternate connectivity to Gangtok Lava More-Reshi Border Pkg-VB,2026-05,0.25525919023140825,0
618429,Construction & upgradation of existing road to 2-lane with paved shoulder including geometric improvement of sect. from Pedong bypass to Reshi Border km 79.700 to km 96.254 of NH-717A under SARDP-NE-A on EPC as part of Alternate connectivity to Gangtok Lava More-Reshi Border Pkg-VB,2026-06,0.26606327575512484,0
618430,Construction of alternative highway to Gangtok in Sikkim via Bagrakot -Chuikhim- Nimbong -Kafer-Bakhim-Algarah-Rhenock in the State of West Bengal and from Rhenok-Rorathang-Pakyong along with spur from Aritar-Rolep-Menla in the State of Sikkim from Km 0.00 to Km 13.00 of Bagrakot -Kafer section of NH 717A on EPC Mode under Phase-A of SARDP-NE in the State of West Bengal PKG- IVA,2026-04,0.19387913569452267,0
618430,Construction of alternative highway to Gangtok in Sikkim via Bagrakot -Chuikhim- Nimbong -Kafer-Bakhim-Algarah-Rhenock in the State of West Bengal and from Rhenok-Rorathang-Pakyong along with spur from Aritar-Rolep-Menla in the State of Sikkim from Km 0.00 to Km 13.00 of Bagrakot -Kafer section of NH 717A on EPC Mode under Phase-A of SARDP-NE in the State of West Bengal PKG- IVA,2026-05,0.14741318828075986,0
618430,Construction of alternative highway to Gangtok in Sikkim via Bagrakot -Chuikhim- Nimbong -Kafer-Bakhim-Algarah-Rhenock in the State of West Bengal and from Rhenok-Rorathang-Pakyong along with spur from Aritar-Rolep-Menla in the State of Sikkim from Km 0.00 to Km 13.00 of Bagrakot -Kafer section of NH 717A on EPC Mode under Phase-A of SARDP-NE in the State of West Bengal PKG- IVA,2026-06,0.16134286079812396,0
618431,Construction of alternative highway to Gangtok in Sikkim via Bagrakot -Chuikhim- Nimbong -Kafer-Bakhim-Algarah-Rhenock in the State of West Bengal and from Rhenok-Rorathang-Pakyong along with spur from Aritar-Rolep-Menla in the State of Sikkim from Km 13.00 to Km 25.60 of Bagrakot -Kafer section of NH 717A on EPC Mode under Phase-A of SARDP-NE in the State of West Bengal PKG- IVB,2026-04,0.18600564475160855,0
618431,Construction of alternative highway to Gangtok in Sikkim via Bagrakot -Chuikhim- Nimbong -Kafer-Bakhim-Algarah-Rhenock in the State of West Bengal and from Rhenok-Rorathang-Pakyong along with spur from Aritar-Rolep-Menla in the State of Sikkim from Km 13.00 to Km 25.60 of Bagrakot -Kafer section of NH 717A on EPC Mode under Phase-A of SARDP-NE in the State of West Bengal PKG- IVB,2026-05,0.16125889028969895,0
618431,Construction of alternative highway to Gangtok in Sikkim via Bagrakot -Chuikhim- Nimbong -Kafer-Bakhim-Algarah-Rhenock in the State of West Bengal and from Rhenok-Rorathang-Pakyong along with spur from Aritar-Rolep-Menla in the State of Sikkim from Km 13.00 to Km 25.60 of Bagrakot -Kafer section of NH 717A on EPC Mode under Phase-A of SARDP-NE in the State of West Bengal PKG- IVB,2026-06,0.15275557347834143,0
618432,Construction of Balance work of 2-Lane with PS of Joram-Koloriang Road NH-713 on EPC basis from Design Km 44.989 to Km 61.547 Existing Km 50.050 to Km 70.000 in the state of Arunachal Pradesh under SARDP-NE Pkg-3,2026-04,0.24261514365908055,0
618433,Construction of Balance work of 2-Lane with PS of Joram Koloriang Road from existing Km122.600 to km138.00 [Design Km108.724 to Km123.714] in Arunachal Pradesh on EPC Mode under SARDP-NE Pkg-7,2026-04,0.22841426465585338,0
618433,Construction of Balance work of 2-Lane with PS of Joram Koloriang Road from existing Km122.600 to km138.00 [Design Km108.724 to Km123.714] in Arunachal Pradesh on EPC Mode under SARDP-NE Pkg-7,2026-05,0.16074280402459334,0
618433,Construction of Balance work of 2-Lane with PS of Joram Koloriang Road from existing Km122.600 to km138.00 [Design Km108.724 to Km123.714] in Arunachal Pradesh on EPC Mode under SARDP-NE Pkg-7,2026-06,0.15779383059610705,0
618434,Roing-Hunli Road Greenfield Alignment Project,2026-04,0.2906047790503894,0
618434,Roing-Hunli Road Greenfield Alignment Project,2026-05,0.19223600889978107,0
618434,Roing-Hunli Road Greenfield Alignment Project,2026-06,0.23580660208284926,0
618435,4-Laning from Rangagara to Kaliabor Tiniali from km 297.00 to km 315.315 of NH-37 on EPC basis under SARDP-NE in state of Assam,2026-04,0.2532047081336672,0
618435,4-Laning from Rangagara to Kaliabor Tiniali from km 297.00 to km 315.315 of NH-37 on EPC basis under SARDP-NE in state of Assam,2026-05,0.2737440596940788,0
618436,4-Laning of Jamugurihat to end of Biswanath Chariali By-Pass from Km 182.000 to Km 208.000 of NH-52 on EPC mode in state of Assam under SARDP-NE,2026-04,0.18357871665561917,0
618436,4-Laning of Jamugurihat to end of Biswanath Chariali By-Pass from Km 182.000 to Km 208.000 of NH-52 on EPC mode in state of Assam under SARDP-NE,2026-05,0.16871319479792224,0
618436,4-Laning of Jamugurihat to end of Biswanath Chariali By-Pass from Km 182.000 to Km 208.000 of NH-52 on EPC mode in state of Assam under SARDP-NE,2026-06,0.2042061237861463,0
618437,"Construction of Balance Work of 4-Laning of NH-37 Section between End of Moran Bypass to Bogibeel junction near Lapetketa Km. 561.700-Km. 580.875 under SARDP- NE, Phase 'A' in the State of Assam on EPC mode Pkg-I Road works & Toll Plaza",2026-04,0.17671866363511263,0
618437,"Construction of Balance Work of 4-Laning of NH-37 Section between End of Moran Bypass to Bogibeel junction near Lapetketa Km. 561.700-Km. 580.875 under SARDP- NE, Phase 'A' in the State of Assam on EPC mode Pkg-I Road works & Toll Plaza",2026-05,0.18249595438109445,0
618437,"Construction of Balance Work of 4-Laning of NH-37 Section between End of Moran Bypass to Bogibeel junction near Lapetketa Km. 561.700-Km. 580.875 under SARDP- NE, Phase 'A' in the State of Assam on EPC mode Pkg-I Road works & Toll Plaza",2026-06,0.1687260798617001,0
618438,"4-Laning of NH-37 Section between Demow to End of Moran Bypass From Km. 534.800 to Km. 561.700 including Emergency Landing Facility ELF under SARDP-NE, Phase 'A' in the State of Assam on EPC mode",2026-04,0.1630352033075584,0
618438,"4-Laning of NH-37 Section between Demow to End of Moran Bypass From Km. 534.800 to Km. 561.700 including Emergency Landing Facility ELF under SARDP-NE, Phase 'A' in the State of Assam on EPC mode",2026-05,0.1431961516837216,0
618438,"4-Laning of NH-37 Section between Demow to End of Moran Bypass From Km. 534.800 to Km. 561.700 including Emergency Landing Facility ELF under SARDP-NE, Phase 'A' in the State of Assam on EPC mode",2026-06,0.26253706692737405,0
618439,"Construction of Balance Work of 4-Laning of the Section from Jorhat to Jhanji of NH- 37 Old from Km 453000 to Km 463000 10.000 Km, under SARDP- NE under EPC Mode in the state of Assam Pkg-I Road Works",2026-04,0.14029226789509422,0
618439,"Construction of Balance Work of 4-Laning of the Section from Jorhat to Jhanji of NH- 37 Old from Km 453000 to Km 463000 10.000 Km, under SARDP- NE under EPC Mode in the state of Assam Pkg-I Road Works",2026-05,0.09808310068274595,0
618440,"Construction of Balance Work of 4-Laning of the Section from Jhanji to Demow of NH- 37 Old from Km 490.800 to Km 534.800, under SARDP- NE on EPC Mode in the state of Assam Pkg- IV Structures & Toll Plaza",2026-04,0.19251920113690046,0
618440,"Construction of Balance Work of 4-Laning of the Section from Jhanji to Demow of NH- 37 Old from Km 490.800 to Km 534.800, under SARDP- NE on EPC Mode in the state of Assam Pkg- IV Structures & Toll Plaza",2026-05,0.16230038197006882,0
618440,"Construction of Balance Work of 4-Laning of the Section from Jhanji to Demow of NH- 37 Old from Km 490.800 to Km 534.800, under SARDP- NE on EPC Mode in the state of Assam Pkg- IV Structures & Toll Plaza",2026-06,0.21004699716191122,0
618441,"Construction of Balance Work of 4-Laning of the Section from Jhanji to Demow of NH- 37 Old from Km 490.800 to Km 501.800 11.000 Km, under SARDP- NE under EPC Mode in the state of Assam Pkg-I Road Works",2026-04,0.23412453360376043,0
618441,"Construction of Balance Work of 4-Laning of the Section from Jhanji to Demow of NH- 37 Old from Km 490.800 to Km 501.800 11.000 Km, under SARDP- NE under EPC Mode in the state of Assam Pkg-I Road Works",2026-05,0.18545256570506014,0
618441,"Construction of Balance Work of 4-Laning of the Section from Jhanji to Demow of NH- 37 Old from Km 490.800 to Km 501.800 11.000 Km, under SARDP- NE under EPC Mode in the state of Assam Pkg-I Road Works",2026-06,0.20679626720715005,0
618442,"Construction of Balance Work of the 4-Laning of the Section from Jorhat to Jhanji of NH-37 Old from Km 477.000 to Km 490800 13.800 Km, under SARDP- NE under EPC Mode in the state of Assam Pkg-III Road Works",2026-04,0.13745724078570656,0
618442,"Construction of Balance Work of the 4-Laning of the Section from Jorhat to Jhanji of NH-37 Old from Km 477.000 to Km 490800 13.800 Km, under SARDP- NE under EPC Mode in the state of Assam Pkg-III Road Works",2026-05,0.10736986708307564,0
618442,"Construction of Balance Work of the 4-Laning of the Section from Jorhat to Jhanji of NH-37 Old from Km 477.000 to Km 490800 13.800 Km, under SARDP- NE under EPC Mode in the state of Assam Pkg-III Road Works",2026-06,0.19840406020837495,0
618443,"Construction of Balance Work of the 4-Laning of the Section from Jorhat to Jhanji of NH-37 Old from Km 463.00 to Km 477.000 14.000 Km, under SARDP- NE under EPC Mode in the state of Assam Pkg-II Road Works",2026-04,0.142678994428874,0
618443,"Construction of Balance Work of the 4-Laning of the Section from Jorhat to Jhanji of NH-37 Old from Km 463.00 to Km 477.000 14.000 Km, under SARDP- NE under EPC Mode in the state of Assam Pkg-II Road Works",2026-05,0.09919740006103385,0
618444,"Construction of Balance Work of the 4-Laning of the Section from Jorhat to Jhanji of NH-37 Old from Km 453.000 to Km 490.800, under SARDP- NE , under EPC Mode in the state of Assam Pkg-IV Structures & Toll Plaza",2026-04,0.13636699535996108,0
618444,"Construction of Balance Work of the 4-Laning of the Section from Jorhat to Jhanji of NH-37 Old from Km 453.000 to Km 490.800, under SARDP- NE , under EPC Mode in the state of Assam Pkg-IV Structures & Toll Plaza",2026-05,0.10369931763146889,0
618445,Construction of 2-Laning with hard shoulders of Demwe-Brahmakund section of NH- 13 from Ch.0.00 km to 18.464 km on EPC under SARDP-NE NHO-NE -Balance Work,2026-04,0.2590206512715127,0
618445,Construction of 2-Laning with hard shoulders of Demwe-Brahmakund section of NH- 13 from Ch.0.00 km to 18.464 km on EPC under SARDP-NE NHO-NE -Balance Work,2026-05,0.0940874232015162,0
618445,Construction of 2-Laning with hard shoulders of Demwe-Brahmakund section of NH- 13 from Ch.0.00 km to 18.464 km on EPC under SARDP-NE NHO-NE -Balance Work,2026-06,0.12632065749268045,0
618446,Construction & Upgradation of existing road to 2-lane with paved shoulder from New Rolep Bridge at km 37.600 to Chochenpheri at km 52.00 in the section of Rongli to Chochenpheri of NH 717B Pkg-II C,2026-04,0.24244047181966435,0
618446,Construction & Upgradation of existing road to 2-lane with paved shoulder from New Rolep Bridge at km 37.600 to Chochenpheri at km 52.00 in the section of Rongli to Chochenpheri of NH 717B Pkg-II C,2026-05,0.16460262876078294,0
618446,Construction & Upgradation of existing road to 2-lane with paved shoulder from New Rolep Bridge at km 37.600 to Chochenpheri at km 52.00 in the section of Rongli to Chochenpheri of NH 717B Pkg-II C,2026-06,0.18127363650604575,0
618447,Construction of 2-Laning with Paved Shoulder of New Greenfield Alignment From Helipad near Menla at Km 82000 to Menla at Km 94030 of Rhenock-Menla Spur NH- 717B Package-IIIB on EPC Basis under SARDP-NE Phase 'A' in the State of Sikkim.,2026-04,0.2384261261087051,0
618447,Construction of 2-Laning with Paved Shoulder of New Greenfield Alignment From Helipad near Menla at Km 82000 to Menla at Km 94030 of Rhenock-Menla Spur NH- 717B Package-IIIB on EPC Basis under SARDP-NE Phase 'A' in the State of Sikkim.,2026-05,0.16115386006746107,0
618447,Construction of 2-Laning with Paved Shoulder of New Greenfield Alignment From Helipad near Menla at Km 82000 to Menla at Km 94030 of Rhenock-Menla Spur NH- 717B Package-IIIB on EPC Basis under SARDP-NE Phase 'A' in the State of Sikkim.,2026-06,0.17166516037331825,0
618448,Construction of 2-Laning with Paved Shoulder of New Greenfield Alignment From Chochenpheri at Km 52000 to Helipad near Menla at Km 82000 of Rhenock-Menla Spur NH-717B Package-IIIA on EPC Basis under SARDP-NE Phase 'A' in the State of Sikkim.,2026-04,0.2867975109817092,0
618448,Construction of 2-Laning with Paved Shoulder of New Greenfield Alignment From Chochenpheri at Km 52000 to Helipad near Menla at Km 82000 of Rhenock-Menla Spur NH-717B Package-IIIA on EPC Basis under SARDP-NE Phase 'A' in the State of Sikkim.,2026-05,0.198075537027381,0
618448,Construction of 2-Laning with Paved Shoulder of New Greenfield Alignment From Chochenpheri at Km 52000 to Helipad near Menla at Km 82000 of Rhenock-Menla Spur NH-717B Package-IIIA on EPC Basis under SARDP-NE Phase 'A' in the State of Sikkim.,2026-06,0.21623620480136485,0
618449,Construction & Upgradation of existing road to 2-lane with paved shoulder from km27.200 End of Rongli bypass to km37.600New Rolep Bridge of Rhenok-Menla spur NH-717B on EPC Mode under SARDP-NE Phase-A in Sikkim Pkg-II B,2026-04,0.23195223941989687,0
618449,Construction & Upgradation of existing road to 2-lane with paved shoulder from km27.200 End of Rongli bypass to km37.600New Rolep Bridge of Rhenok-Menla spur NH-717B on EPC Mode under SARDP-NE Phase-A in Sikkim Pkg-II B,2026-05,0.1675320509525545,0
618449,Construction & Upgradation of existing road to 2-lane with paved shoulder from km27.200 End of Rongli bypass to km37.600New Rolep Bridge of Rhenok-Menla spur NH-717B on EPC Mode under SARDP-NE Phase-A in Sikkim Pkg-II B,2026-06,0.15807577259695696,0
618450,Rehabilitation & Upgradation of existing road to 2-lane with paved shoulder including geometric improvement of section from start of Rabangla km33.600 to km58.840 under SARDP-NE Phase A Pkg- IV,2026-04,0.268028346427076,0
618450,Rehabilitation & Upgradation of existing road to 2-lane with paved shoulder including geometric improvement of section from start of Rabangla km33.600 to km58.840 under SARDP-NE Phase A Pkg- IV,2026-05,0.23555692945543522,0
618450,Rehabilitation & Upgradation of existing road to 2-lane with paved shoulder including geometric improvement of section from start of Rabangla km33.600 to km58.840 under SARDP-NE Phase A Pkg- IV,2026-06,0.2286785381848001,0
618452,"2-laning of Zorinpui - Longmasu section of NH-502A from km 0.000 to km 28.244 in the State of Mizoram on EPC mode under NHO-NE, stretch of IMBR",2026-04,0.2065174162649741,0
618452,"2-laning of Zorinpui - Longmasu section of NH-502A from km 0.000 to km 28.244 in the State of Mizoram on EPC mode under NHO-NE, stretch of IMBR",2026-05,0.10562172924842474,0
618452,"2-laning of Zorinpui - Longmasu section of NH-502A from km 0.000 to km 28.244 in the State of Mizoram on EPC mode under NHO-NE, stretch of IMBR",2026-06,0.12530502529656648,0
618454,"Earthwork in Formation, Road Work, Construction of Bridges, Blanketing, P. Way Linking works including Supply of P. Way Fittings and Track Ballast in connection with Construction of Railway Siding from Jogighopa Railway Station to MMLP at Jogighopa from Ch. 00 to 3760 on Item Rate basis Package -3, Railway Siding from Jogighopa Railway Station to MMLP",2026-04,0.19085999830187406,0
618454,"Earthwork in Formation, Road Work, Construction of Bridges, Blanketing, P. Way Linking works including Supply of P. Way Fittings and Track Ballast in connection with Construction of Railway Siding from Jogighopa Railway Station to MMLP at Jogighopa from Ch. 00 to 3760 on Item Rate basis Package -3, Railway Siding from Jogighopa Railway Station to MMLP",2026-05,0.16023291025143999,0
618454,"Earthwork in Formation, Road Work, Construction of Bridges, Blanketing, P. Way Linking works including Supply of P. Way Fittings and Track Ballast in connection with Construction of Railway Siding from Jogighopa Railway Station to MMLP at Jogighopa from Ch. 00 to 3760 on Item Rate basis Package -3, Railway Siding from Jogighopa Railway Station to MMLP",2026-06,0.18215518332398517,0
618455,Development of External Trunk Connectivity and Internal Infrastructure Works at Multi Model Logistics ParkMMLP at Jogighopa in the State of Assam on EPC Mode Package-I Road and Utility Works,2026-04,0.198066163824736,0
618455,Development of External Trunk Connectivity and Internal Infrastructure Works at Multi Model Logistics ParkMMLP at Jogighopa in the State of Assam on EPC Mode Package-I Road and Utility Works,2026-05,0.17021759519431223,0
618455,Development of External Trunk Connectivity and Internal Infrastructure Works at Multi Model Logistics ParkMMLP at Jogighopa in the State of Assam on EPC Mode Package-I Road and Utility Works,2026-06,0.18548151761099818,0
618456,Delhi-Vadodara Greenfield Alignment NH-148N Pkg-14 Ch. 388.420 to Ch. 419.000 [Junction with NH- 76 to Junction with NH-12 near village Ummedpura],2026-04,0.2196672594434061,0
618457,Delhi-Vadodara Greenfield Alignment NH-148N Pkg-10 Ch. 292.950 to Ch. 319.400 [End of Interchange on NH-166 near village Mui to Hardeoganj village near Indergarh],2026-04,0.2676931555934583,0
618457,Delhi-Vadodara Greenfield Alignment NH-148N Pkg-10 Ch. 292.950 to Ch. 319.400 [End of Interchange on NH-166 near village Mui to Hardeoganj village near Indergarh],2026-05,0.2971218227222364,0
618457,Delhi-Vadodara Greenfield Alignment NH-148N Pkg-10 Ch. 292.950 to Ch. 319.400 [End of Interchange on NH-166 near village Mui to Hardeoganj village near Indergarh],2026-06,0.4371723795095313,0
618458,Delhi-Vadodara Greenfield Alignment NH-148N Pkg-15 Ch. 419.000 to Ch.427.300 [Junction with NH-12 near village Ummedpura to Major bridge over Takli river near Nayagaon Jageer village],2026-04,0.20767354418222703,0
618458,Delhi-Vadodara Greenfield Alignment NH-148N Pkg-15 Ch. 419.000 to Ch.427.300 [Junction with NH-12 near village Ummedpura to Major bridge over Takli river near Nayagaon Jageer village],2026-05,0.21618253488913386,0
618458,Delhi-Vadodara Greenfield Alignment NH-148N Pkg-15 Ch. 419.000 to Ch.427.300 [Junction with NH-12 near village Ummedpura to Major bridge over Takli river near Nayagaon Jageer village],2026-06,0.33481307368484614,0
618459,Delhi-Vadodara Greenfield Alignment NH-148N Pkg-26 Ch.696890 to Ch.726390,2026-04,0.2516114329690529,0
618459,Delhi-Vadodara Greenfield Alignment NH-148N Pkg-26 Ch.696890 to Ch.726390,2026-05,0.2831555394060221,0
618459,Delhi-Vadodara Greenfield Alignment NH-148N Pkg-26 Ch.696890 to Ch.726390,2026-06,0.29290878973735573,0
618460,Delhi-Vadodara Greenfield Alignment NH-148N Pkg-28 Ch.756052 to Ch.781282,2026-04,0.17428075470626248,0
618460,Delhi-Vadodara Greenfield Alignment NH-148N Pkg-28 Ch.756052 to Ch.781282,2026-05,0.11628317935324851,0
618462,Delhi-Vadodara Greenfield Alignment NH-148N Pkg-31 Ch.824920 to Ch.844382 [Junction near Pratap nagar Village - Junction near Dodka Village],2026-04,0.15432725361834024,0
618462,Delhi-Vadodara Greenfield Alignment NH-148N Pkg-31 Ch.824920 to Ch.844382 [Junction near Pratap nagar Village - Junction near Dodka Village],2026-05,0.22485411175427814,0
618462,Delhi-Vadodara Greenfield Alignment NH-148N Pkg-31 Ch.824920 to Ch.844382 [Junction near Pratap nagar Village - Junction near Dodka Village],2026-06,0.28291356502219367,0
618463,Vadodara Mumbai Expressway Kim to Ankleshwar Phase IA - Pkg V,2026-04,0.2526651431626792,0
618463,Vadodara Mumbai Expressway Kim to Ankleshwar Phase IA - Pkg V,2026-05,0.3274595641540485,0
618463,Vadodara Mumbai Expressway Kim to Ankleshwar Phase IA - Pkg V,2026-06,0.4210305190182313,0
618464,Vadodara Mumbai Expressway Ena -Kim Phase IB - Pkg VI [Km 217.500 to Km 254.430],2026-04,0.22481650523515295,0
618465,Vadodara Mumbai Expressway Gandeva to Ena Phase IB - Pkg VII [Km 190.00 to Km 217.500],2026-04,0.25493829819555014,0
618466,Vadodara Mumbai Expressway Jujuwa - Gandeva from Km. 154.600 to Km. 190.000 Phase-I Package-VIII,2026-04,0.14419974852587458,0
618466,Vadodara Mumbai Expressway Jujuwa - Gandeva from Km. 154.600 to Km. 190.000 Phase-I Package-VIII,2026-05,0.09311592570300284,0
618467,Vadodara Mumbai Expressway Karvad - Jujuwa from Km. 128.000 to Km. 154.600 Phase-I Package-IX,2026-04,0.15723201505828416,0
618467,Vadodara Mumbai Expressway Karvad - Jujuwa from Km. 128.000 to Km. 154.600 Phase-I Package-IX,2026-05,0.09899625884013326,0
618467,Vadodara Mumbai Expressway Karvad - Jujuwa from Km. 128.000 to Km. 154.600 Phase-I Package-IX,2026-06,0.16080357942065746,0
618468,Vadodara Mumbai Expressway Phase II - Pkg XI [Km. 77.000 to Km. 103.400] Ganjad - Talsari,2026-04,0.2045430565133364,0
618469,Vadodara Mumbai Expressway Phase II - Pkg XIII [Km. 26.582 to Km. 50.700] Shirsad - Masvan,2026-04,0.2898157326399283,0
618469,Vadodara Mumbai Expressway Phase II - Pkg XIII [Km. 26.582 to Km. 50.700] Shirsad - Masvan,2026-05,0.1845778704611932,0
618469,Vadodara Mumbai Expressway Phase II - Pkg XIII [Km. 26.582 to Km. 50.700] Shirsad - Masvan,2026-06,0.31197701341260164,0
618470,Vadodara Mumbai Expressway Phase II - Pkg XIV [Km. 3.000 to Km. 20.200 of Spur] Shirsad - Akloli,2026-04,0.26787131611674414,0
618470,Vadodara Mumbai Expressway Phase II - Pkg XIV [Km. 3.000 to Km. 20.200 of Spur] Shirsad - Akloli,2026-05,0.16423381202967285,0
618470,Vadodara Mumbai Expressway Phase II - Pkg XIV [Km. 3.000 to Km. 20.200 of Spur] Shirsad - Akloli,2026-06,0.2138304086661404,0
618471,Vadodara Mumbai Expressway Phase II - Pkg XV [Km. 20.200 to Km. 43.000 of Spur] Akloli - Amne,2026-04,0.23191907783734658,0
618471,Vadodara Mumbai Expressway Phase II - Pkg XV [Km. 20.200 to Km. 43.000 of Spur] Akloli - Amne,2026-05,0.11826575339406595,0
618471,Vadodara Mumbai Expressway Phase II - Pkg XV [Km. 20.200 to Km. 43.000 of Spur] Akloli - Amne,2026-06,0.2045683132354701,0
618472,Vadodara Mumbai Expressway Phase II - Pkg XVI [Km. 43.000 to Km. 69.800 of Spur] Amne - Bhoj,2026-04,0.24091583270738948,0
618472,Vadodara Mumbai Expressway Phase II - Pkg XVI [Km. 43.000 to Km. 69.800 of Spur] Amne - Bhoj,2026-05,0.11664755701072131,0
618472,Vadodara Mumbai Expressway Phase II - Pkg XVI [Km. 43.000 to Km. 69.800 of Spur] Amne - Bhoj,2026-06,0.246404830842651,0
618473,Vadodara Mumbai Expressway Phase II - Pkg XVII [Km. 69.800 to Km. 79.783 of Spur] Bhoj - Morbe,2026-04,0.30333419431075037,0
618473,Vadodara Mumbai Expressway Phase II - Pkg XVII [Km. 69.800 to Km. 79.783 of Spur] Bhoj - Morbe,2026-05,0.17680874127252638,0
618473,Vadodara Mumbai Expressway Phase II - Pkg XVII [Km. 69.800 to Km. 79.783 of Spur] Bhoj - Morbe,2026-06,0.19994306798712339,0
618475,Bangalore Chennai Expressway Phase-II Pkg-II from km.96.000 to Km 127.000 Baireddypalle to Bangarupalem section,2026-04,0.19148899285313875,0
618475,Bangalore Chennai Expressway Phase-II Pkg-II from km.96.000 to Km 127.000 Baireddypalle to Bangarupalem section,2026-05,0.12198536189993028,0
618475,Bangalore Chennai Expressway Phase-II Pkg-II from km.96.000 to Km 127.000 Baireddypalle to Bangarupalem section,2026-06,0.22358028148777861,0
618476,Bangalore Chennai Expressway Phase-II Pkg-III from km.127.000 to Km 156.000 Bangarupalem to Gudipala section,2026-04,0.14538077380123257,0
618476,Bangalore Chennai Expressway Phase-II Pkg-III from km.127.000 to Km 156.000 Bangarupalem to Gudipala section,2026-05,0.10980467088666261,0
618476,Bangalore Chennai Expressway Phase-II Pkg-III from km.127.000 to Km 156.000 Bangarupalem to Gudipala section,2026-06,0.15864488431459617,0
618477,Bangalore Chennai Expressway Phase-III Package I Gudipala to Walajajhpet from Km 156.000 to Km 180.000,2026-04,0.1937056322821584,0
618477,Bangalore Chennai Expressway Phase-III Package I Gudipala to Walajajhpet from Km 156.000 to Km 180.000,2026-05,0.08832371111757506,0
618477,Bangalore Chennai Expressway Phase-III Package I Gudipala to Walajajhpet from Km 156.000 to Km 180.000,2026-06,0.19834959080469436,0
618478,Bangalore Chennai Expressway Phase-III Package II Walajahpet to Arakkonam from Km 180.000 to Km 204.500,2026-04,0.1836712633117907,0
618478,Bangalore Chennai Expressway Phase-III Package II Walajahpet to Arakkonam from Km 180.000 to Km 204.500,2026-05,0.09731340133819728,0
618478,Bangalore Chennai Expressway Phase-III Package II Walajahpet to Arakkonam from Km 180.000 to Km 204.500,2026-06,0.19355644989657564,0
618479,Bangalore Chennai Expressway Phase-III Package III Arakkonam to Kancheepuram from Km 204.500 to Km 230.000,2026-04,0.28715453023038556,0
618479,Bangalore Chennai Expressway Phase-III Package III Arakkonam to Kancheepuram from Km 204.500 to Km 230.000,2026-05,0.15771639227013778,0
618479,Bangalore Chennai Expressway Phase-III Package III Arakkonam to Kancheepuram from Km 204.500 to Km 230.000,2026-06,0.2408980966473867,0
618480,Construction of Trumpet Interchange Connecting Bangalore Chennai Expressway km.261705 to km. 262800 with Maduravoyal to Walajapet Section of NH 48 near Sriperumbudur Toll Plaza at km. 35700,2026-04,0.20527785559030381,0
618480,Construction of Trumpet Interchange Connecting Bangalore Chennai Expressway km.261705 to km. 262800 with Maduravoyal to Walajapet Section of NH 48 near Sriperumbudur Toll Plaza at km. 35700,2026-05,0.29473593789721264,0
618480,Construction of Trumpet Interchange Connecting Bangalore Chennai Expressway km.261705 to km. 262800 with Maduravoyal to Walajapet Section of NH 48 near Sriperumbudur Toll Plaza at km. 35700,2026-06,0.20505914116104745,0
618481,4L Bangalore-Chennai Expressway from Km. 230.000 to Km. 261.705 of Kanchepuram to Sriperumbudur Section Phase-III/Package-IV,2026-04,0.283518577907341,0
618481,4L Bangalore-Chennai Expressway from Km. 230.000 to Km. 261.705 of Kanchepuram to Sriperumbudur Section Phase-III/Package-IV,2026-05,0.16321606426327478,0
618481,4L Bangalore-Chennai Expressway from Km. 230.000 to Km. 261.705 of Kanchepuram to Sriperumbudur Section Phase-III/Package-IV,2026-06,0.22089962919271078,0
618482,Delhi-Amritsar-Katra Expressway Phase-I Pkg-I from Jussur Kheri on NH-KMP Expressway to Junction with Rohtak-Panipat road NH-709 near Rukhi Paani village Km 0000 to Km 34000,2026-04,0.20735494613429978,0
618482,Delhi-Amritsar-Katra Expressway Phase-I Pkg-I from Jussur Kheri on NH-KMP Expressway to Junction with Rohtak-Panipat road NH-709 near Rukhi Paani village Km 0000 to Km 34000,2026-05,0.13624349611470182,0
618482,Delhi-Amritsar-Katra Expressway Phase-I Pkg-I from Jussur Kheri on NH-KMP Expressway to Junction with Rohtak-Panipat road NH-709 near Rukhi Paani village Km 0000 to Km 34000,2026-06,0.397270526781528,0
618483,Delhi-Amritsar-Katra Expressway Phase-I Pkg-II from Junction with Rohtak-Panipat road NH-709 near Rukhi Paani village to Junction with Jind-Panipat road NH-352A near Gangana village Km 34000 to Km 60800,2026-04,0.17970819024496754,0
618483,Delhi-Amritsar-Katra Expressway Phase-I Pkg-II from Junction with Rohtak-Panipat road NH-709 near Rukhi Paani village to Junction with Jind-Panipat road NH-352A near Gangana village Km 34000 to Km 60800,2026-05,0.10753576904315992,0
618483,Delhi-Amritsar-Katra Expressway Phase-I Pkg-II from Junction with Rohtak-Panipat road NH-709 near Rukhi Paani village to Junction with Jind-Panipat road NH-352A near Gangana village Km 34000 to Km 60800,2026-06,0.25503735048421905,0
618484,Delhi-Amritsar-Katra Expressway Phase-I Pkg-III from Junction with Jind-Panipat road NH-352A near Gangana village to Junction with Jind-Karnal road NH-709A near Alewa village Km 60800 to Km 91400,2026-04,0.3358541460629907,0
618485,Delhi-Amritsar-Katra Expressway Phase-I Pkg-IV from Junction with Jind-Karnal road NH-709A near Alewa village to Junction with Ambala-Kaithal-Hissar road NH-152 near Kharak Pandwa village Km 91400 to Km 120250,2026-04,0.3170645177002667,0
618486,Delhi-Amritsar-Katra Expressway Phase-I Pkg-V from Junction with Ambala-Kaithal- Hissar road NH-152 near Kharak Pandwa village to Junction with Patiala-Samana- Patran road SH-10 near Ghagga village Km 120250 to Km 157920,2026-04,0.18446588594196464,0
618486,Delhi-Amritsar-Katra Expressway Phase-I Pkg-V from Junction with Ambala-Kaithal- Hissar road NH-152 near Kharak Pandwa village to Junction with Patiala-Samana- Patran road SH-10 near Ghagga village Km 120250 to Km 157920,2026-05,0.08884103223138026,0
618486,Delhi-Amritsar-Katra Expressway Phase-I Pkg-V from Junction with Ambala-Kaithal- Hissar road NH-152 near Kharak Pandwa village to Junction with Patiala-Samana- Patran road SH-10 near Ghagga village Km 120250 to Km 157920,2026-06,0.25809611506701696,0
618487,Delhi-Amritsar-Katra Expressway Phase-I Pkg-VII from Junction with Patiala-Bathinda road NH-7 near Bhawanigarh to Junction with Ludhiana-Malerhkotla SH-11 near Bhogiwal village Km 188830 to km 225770,2026-04,0.20775312053177455,0
618488,Delhi-Amritsar-Katra Expressway Phase-I Pkg-VIII from Junction with Ludhiana- Malerkotla SH-11 near Bhogiwal village to Junction with Ludhiana-Moga road NH-5 near Mullanpur Dakha Km 225770 to km 260860,2026-04,0.3186423705343743,0
618488,Delhi-Amritsar-Katra Expressway Phase-I Pkg-VIII from Junction with Ludhiana- Malerkotla SH-11 near Bhogiwal village to Junction with Ludhiana-Moga road NH-5 near Mullanpur Dakha Km 225770 to km 260860,2026-05,0.16873644730313392,0
618489,Delhi-Amritsar-Katra Expressway Phase-I Pkg-IX from Junction with Ludhiana-Moga road NH-5 near Mullanpur Dakha to Junction with Jalandhar - Moga road NH-703 near Kang Sahibu village Km 260860 to km 303900,2026-04,0.2858802942316395,0
618489,Delhi-Amritsar-Katra Expressway Phase-I Pkg-IX from Junction with Ludhiana-Moga road NH-5 near Mullanpur Dakha to Junction with Jalandhar - Moga road NH-703 near Kang Sahibu village Km 260860 to km 303900,2026-05,0.23197018815404846,0
618489,Delhi-Amritsar-Katra Expressway Phase-I Pkg-IX from Junction with Ludhiana-Moga road NH-5 near Mullanpur Dakha to Junction with Jalandhar - Moga road NH-703 near Kang Sahibu village Km 260860 to km 303900,2026-06,0.3888592664285825,0
618490,Delhi-Amritsar-Katra Expressway Phase-I Pkg-X from Jn. with Jalandhar - Moga road NH-703 to Jn. with Jalandhar-Kapurthala road NH-703A and to Jn. with Kapurthala - Sultanpur Lodhi road NH-703A km 000 to km 24000 to Amritsar connectivity,2026-04,0.3350248485933388,0
618490,Delhi-Amritsar-Katra Expressway Phase-I Pkg-X from Jn. with Jalandhar - Moga road NH-703 to Jn. with Jalandhar-Kapurthala road NH-703A and to Jn. with Kapurthala - Sultanpur Lodhi road NH-703A km 000 to km 24000 to Amritsar connectivity,2026-05,0.21764328691800244,0
618491,Delhi-Amritsar-Katra Expressway Phase-I Pkg-XI from Junction with Jalandhar - Kapurthala road NH-703A near khojewal village to Junction with Amritsar-Mehta- SriHargobindpur-Tanda road NH-503A near SriHargobindpur Km 319400 to km 362420,2026-04,0.333399894037111,0
618491,Delhi-Amritsar-Katra Expressway Phase-I Pkg-XI from Junction with Jalandhar - Kapurthala road NH-703A near khojewal village to Junction with Amritsar-Mehta- SriHargobindpur-Tanda road NH-503A near SriHargobindpur Km 319400 to km 362420,2026-05,0.17637894460955944,0
618492,Delhi-Amritsar-Katra Expressway Phase-I Pkg-XII from Junction with Amritsar-Mehta- SriHargobindpur-Tanda road NH-503A near SriHargobindpur to Junction with Pathankot-Gurdaspur road NH-54 near Gurdaspur Km 362420 to km 397700,2026-04,0.26168638511206355,0
618492,Delhi-Amritsar-Katra Expressway Phase-I Pkg-XII from Junction with Amritsar-Mehta- SriHargobindpur-Tanda road NH-503A near SriHargobindpur to Junction with Pathankot-Gurdaspur road NH-54 near Gurdaspur Km 362420 to km 397700,2026-05,0.1715367178255455,0
618492,Delhi-Amritsar-Katra Expressway Phase-I Pkg-XII from Junction with Amritsar-Mehta- SriHargobindpur-Tanda road NH-503A near SriHargobindpur to Junction with Pathankot-Gurdaspur road NH-54 near Gurdaspur Km 362420 to km 397700,2026-06,0.23364330298946262,0
618493,Delhi-Amritsar-Katra Expressway Phase-I Spur-I from Jn. with Kapurthala - Sultanpur Lodhi Road NH-703A near Isharwal village to Jn. with Kapurthala - Tarn Taran road NH-703AA near Goinwal Sahib [Km 24000 to Km 41000 of Amritsar connectivity],2026-04,0.28724445224482925,0
618493,Delhi-Amritsar-Katra Expressway Phase-I Spur-I from Jn. with Kapurthala - Sultanpur Lodhi Road NH-703A near Isharwal village to Jn. with Kapurthala - Tarn Taran road NH-703AA near Goinwal Sahib [Km 24000 to Km 41000 of Amritsar connectivity],2026-05,0.14641648418408384,0
618493,Delhi-Amritsar-Katra Expressway Phase-I Spur-I from Jn. with Kapurthala - Sultanpur Lodhi Road NH-703A near Isharwal village to Jn. with Kapurthala - Tarn Taran road NH-703AA near Goinwal Sahib [Km 24000 to Km 41000 of Amritsar connectivity],2026-06,0.2402478235070913,0
618494,Delhi-Amritsar-Katra Expressway Phase-II Pkg-XV [Junction with Hiranagar Road near village Gurha Baildaran to Junction with Jammu Ring Road NH-244A near Jakh village from Km 468100 to Km 503250],2026-04,0.1859613561643788,0
618494,Delhi-Amritsar-Katra Expressway Phase-II Pkg-XV [Junction with Hiranagar Road near village Gurha Baildaran to Junction with Jammu Ring Road NH-244A near Jakh village from Km 468100 to Km 503250],2026-05,0.156419277299511,0
618494,Delhi-Amritsar-Katra Expressway Phase-II Pkg-XV [Junction with Hiranagar Road near village Gurha Baildaran to Junction with Jammu Ring Road NH-244A near Jakh village from Km 468100 to Km 503250],2026-06,0.2677468306813654,0
618495,4/6L Access Control Expressway from Design Chainage Km 515.000 to 528.300 Kunjwani to Sidhra Section of NH-44 and from Design Chainage Km 550.900 to Km 566.520 Domel to Katra Section Phase II-Package XVII,2026-04,0.24241999957385432,0
618495,4/6L Access Control Expressway from Design Chainage Km 515.000 to 528.300 Kunjwani to Sidhra Section of NH-44 and from Design Chainage Km 550.900 to Km 566.520 Domel to Katra Section Phase II-Package XVII,2026-05,0.16842101480019514,0
618495,4/6L Access Control Expressway from Design Chainage Km 515.000 to 528.300 Kunjwani to Sidhra Section of NH-44 and from Design Chainage Km 550.900 to Km 566.520 Domel to Katra Section Phase II-Package XVII,2026-06,0.24237321140121523,0
618496,Delhi-Amritsar-Katra Expressway Phase-II Pkg-XVI Existing Jakh Vijaypur-Kunjwani section of NH-44 including spur Connectivity to Jammu Airport NH-144A [Km 503500 to km 514500],2026-04,0.18676018224255048,0
618496,Delhi-Amritsar-Katra Expressway Phase-II Pkg-XVI Existing Jakh Vijaypur-Kunjwani section of NH-44 including spur Connectivity to Jammu Airport NH-144A [Km 503500 to km 514500],2026-05,0.1314999830463165,0
618496,Delhi-Amritsar-Katra Expressway Phase-II Pkg-XVI Existing Jakh Vijaypur-Kunjwani section of NH-44 including spur Connectivity to Jammu Airport NH-144A [Km 503500 to km 514500],2026-06,0.2571009776875778,0
618497,Delhi Amritsar Katra Expressway Phase-II Pkg XVIII Development and Upgradation of Four lane Access Control Expressway from Design Chainage KM 530.00 to KM 545.300 Sidhra to Domel Section of NH-44,2026-04,0.225821133576398,0
618497,Delhi Amritsar Katra Expressway Phase-II Pkg XVIII Development and Upgradation of Four lane Access Control Expressway from Design Chainage KM 530.00 to KM 545.300 Sidhra to Domel Section of NH-44,2026-05,0.12032925404530713,0
618497,Delhi Amritsar Katra Expressway Phase-II Pkg XVIII Development and Upgradation of Four lane Access Control Expressway from Design Chainage KM 530.00 to KM 545.300 Sidhra to Domel Section of NH-44,2026-06,0.18833516018477936,0
618498,6L Greenfield Kanpur - Lucknow Expressway Pkg II from km. 28.500 to km. 73.744,2026-04,0.1792854437536264,0
618499,6L Elevated Kanpur - Lucknow Exeressway Pkg-1 from Km. 10980 to Km. 28500,2026-04,0.18004496542862292,0
618499,6L Elevated Kanpur - Lucknow Exeressway Pkg-1 from Km. 10980 to Km. 28500,2026-05,0.11058177243073478,0
618499,6L Elevated Kanpur - Lucknow Exeressway Pkg-1 from Km. 10980 to Km. 28500,2026-06,0.1530193964384858,0
618500,Construction of 4L Connector from Delhi Meerut Expressway Km 50.000 of Pkg IV to Km 8.520 of NH-235 Pkg-5,2026-04,0.25376951774938494,0
618500,Construction of 4L Connector from Delhi Meerut Expressway Km 50.000 of Pkg IV to Km 8.520 of NH-235 Pkg-5,2026-05,0.15068592933205144,0
618500,Construction of 4L Connector from Delhi Meerut Expressway Km 50.000 of Pkg IV to Km 8.520 of NH-235 Pkg-5,2026-06,0.22001617282490352,0
618501,Ahmedabad - Dholera Pkg I from km. 0.00 to km. 22.00 [Sardar Patel Ring Road - Sindhrej Village],2026-04,0.1843933210448185,0
618502,Ahmedabad - Dholera Pkg II from km. 22.00 to km. 48.52 [Sindhrej Village - Vejallka Village],2026-04,0.21811729412380637,0
618503,Ahmedabad - Dholera Pkg III from km. 48.52 to km. 71.06 [Vejallka Village - Start of DSIR zone],2026-04,0.18718862343820802,0
618503,Ahmedabad - Dholera Pkg III from km. 48.52 to km. 71.06 [Vejallka Village - Start of DSIR zone],2026-05,0.2888667087719368,0
618503,Ahmedabad - Dholera Pkg III from km. 48.52 to km. 71.06 [Vejallka Village - Start of DSIR zone],2026-06,0.38509154991341665,0
618504,Ahmedabad - Dholera Pkg IV from km. 71.06 to km. 109.019 [Start of DSIR zone - Adhelai Village],2026-04,0.2575663804191454,0
618504,Ahmedabad - Dholera Pkg IV from km. 71.06 to km. 109.019 [Start of DSIR zone - Adhelai Village],2026-05,0.30585254413548096,0
618504,Ahmedabad - Dholera Pkg IV from km. 71.06 to km. 109.019 [Start of DSIR zone - Adhelai Village],2026-06,0.41892592719886507,0
618505,Additional Structures on 6LGurgaon-Jaipur Section of NH-48 between KM 42.700 to KM 273.00,2026-04,0.17028484733090093,0
618505,Additional Structures on 6LGurgaon-Jaipur Section of NH-48 between KM 42.700 to KM 273.00,2026-05,0.1008675789201804,0
618505,Additional Structures on 6LGurgaon-Jaipur Section of NH-48 between KM 42.700 to KM 273.00,2026-06,0.14863233443591498,0
618506,"Construction of Additional Structures, Improvement of Service Road & Maintenance of Six Lane Gurgaon-Jaipur Section of NH-48 old NH-8 between km 42700 to km 107100 in the State of Haryana",2026-04,0.24152998253893718,0
618506,"Construction of Additional Structures, Improvement of Service Road & Maintenance of Six Lane Gurgaon-Jaipur Section of NH-48 old NH-8 between km 42700 to km 107100 in the State of Haryana",2026-05,0.12348278844372548,0
618506,"Construction of Additional Structures, Improvement of Service Road & Maintenance of Six Lane Gurgaon-Jaipur Section of NH-48 old NH-8 between km 42700 to km 107100 in the State of Haryana",2026-06,0.16500586822272806,0
618507,"Balance work of Six Laning of Shamlaji-Motachiloda from Km. 401.200 to Km.494.410 section Design Chainage Km.447.385 to Km 540.595, Length- 93.210 Km of old NH-8 NH-48 in the state of Gujarat on single Percentage Item Rate Contract",2026-04,0.20791374567624515,0
618507,"Balance work of Six Laning of Shamlaji-Motachiloda from Km. 401.200 to Km.494.410 section Design Chainage Km.447.385 to Km 540.595, Length- 93.210 Km of old NH-8 NH-48 in the state of Gujarat on single Percentage Item Rate Contract",2026-05,0.18038436929944146,0
618507,"Balance work of Six Laning of Shamlaji-Motachiloda from Km. 401.200 to Km.494.410 section Design Chainage Km.447.385 to Km 540.595, Length- 93.210 Km of old NH-8 NH-48 in the state of Gujarat on single Percentage Item Rate Contract",2026-06,0.18919649738700048,0
618508,Construction of Additional Structures including Approaches in Vadodara Surat Section of NH48 between existing Km. 108.000 to Km. 250.000,2026-04,0.23699575381140875,0
618508,Construction of Additional Structures including Approaches in Vadodara Surat Section of NH48 between existing Km. 108.000 to Km. 250.000,2026-05,0.10073079528131886,0
618508,Construction of Additional Structures including Approaches in Vadodara Surat Section of NH48 between existing Km. 108.000 to Km. 250.000,2026-06,0.1509281651543104,0
618509,Development of 6L UER II [Package - I] NH-1 Near Bakoli till Karala Kanjhawala Road from km. 0.70 to km.15.00,2026-04,0.25773638366710366,0
618509,Development of 6L UER II [Package - I] NH-1 Near Bakoli till Karala Kanjhawala Road from km. 0.70 to km.15.00,2026-05,0.29299314760931194,0
618509,Development of 6L UER II [Package - I] NH-1 Near Bakoli till Karala Kanjhawala Road from km. 0.70 to km.15.00,2026-06,0.4116576058601131,0
618511,Upgradation & rehabilitation of Service Roads on both sides in urban areas of Pune City on PuneSatara section of NH48,2026-04,0.236431576077003,0
618511,Upgradation & rehabilitation of Service Roads on both sides in urban areas of Pune City on PuneSatara section of NH48,2026-05,0.14624377377472433,0
618511,Upgradation & rehabilitation of Service Roads on both sides in urban areas of Pune City on PuneSatara section of NH48,2026-06,0.13464741151090331,0
618512,Tunnel at Khambataki Ghat Section and its approaches from existing Km. 771.730 to existing Km. 782.000,2026-04,0.2106459468758334,0
618512,Tunnel at Khambataki Ghat Section and its approaches from existing Km. 771.730 to existing Km. 782.000,2026-05,0.14251006764012528,0
618512,Tunnel at Khambataki Ghat Section and its approaches from existing Km. 771.730 to existing Km. 782.000,2026-06,0.24055872473893503,0
618513,6L of Kagal-Satara section from Km 592.500 to Km 658.000 of NH-48 Pkg-I,2026-04,0.509200120291351,1
618513,6L of Kagal-Satara section from Km 592.500 to Km 658.000 of NH-48 Pkg-I,2026-05,0.20869340794907595,0
618513,6L of Kagal-Satara section from Km 592.500 to Km 658.000 of NH-48 Pkg-I,2026-06,0.28389090382364524,0
618514,6L of Kagal-Satara section from Km 658.000 to Km 725.000 of NH-48 Pkg-II,2026-04,0.28504389730483437,0
618514,6L of Kagal-Satara section from Km 658.000 to Km 725.000 of NH-48 Pkg-II,2026-05,0.1468639496095885,0
618514,6L of Kagal-Satara section from Km 658.000 to Km 725.000 of NH-48 Pkg-II,2026-06,0.22707185416608822,0
618515,6L from Belgaum to Sankeshwar Bypass from Km. 515.000 to Km. 555.017 of NH-48 Pkg-I,2026-04,0.18208184919399445,0
618516,6L from Sankeshwar Bypass to MH-KNT Border from Km. 555.017 to Km. 592.853 of NH-48 Pkg-II,2026-04,0.24845741550404915,0
618516,6L from Sankeshwar Bypass to MH-KNT Border from Km. 555.017 to Km. 592.853 of NH-48 Pkg-II,2026-05,0.1776224101300431,0
618516,6L from Sankeshwar Bypass to MH-KNT Border from Km. 555.017 to Km. 592.853 of NH-48 Pkg-II,2026-06,0.2661770232740326,0
618517,4/6L of Bangalore - Pune Section of bypass connecting Dharwad - Hubli from km. 403.80 to km. 433.20,2026-04,0.23440415932040543,0
618517,4/6L of Bangalore - Pune Section of bypass connecting Dharwad - Hubli from km. 403.80 to km. 433.20,2026-05,0.13086476993373156,0
618517,4/6L of Bangalore - Pune Section of bypass connecting Dharwad - Hubli from km. 403.80 to km. 433.20,2026-06,0.1969426289008825,0
618518,Davanagere - Haveri of NH-48 Old NH-4 from km. 260.00 to km. 338.923,2026-04,0.18449071657112784,0
618518,Davanagere - Haveri of NH-48 Old NH-4 from km. 260.00 to km. 338.923,2026-05,0.09548370034713104,0
618518,Davanagere - Haveri of NH-48 Old NH-4 from km. 260.00 to km. 338.923,2026-06,0.3570039624268653,0
618519,Bangalore Ring Road STRR-NH-948A- Package-I of Phase-III from Belagondapalli TN to TN/KNT border from km 144.480 to 179.969,2026-04,0.24776000023750608,0
618519,Bangalore Ring Road STRR-NH-948A- Package-I of Phase-III from Belagondapalli TN to TN/KNT border from km 144.480 to 179.969,2026-05,0.21103345436169557,0
618519,Bangalore Ring Road STRR-NH-948A- Package-I of Phase-III from Belagondapalli TN to TN/KNT border from km 144.480 to 179.969,2026-06,0.19544116620523433,0
618520,4L of km 0.00 to km 42.00 of Dobbaspet to Doddaballapura Bypass section of NH-648 old NH-207] [Bangalore Ring Road Pkg 1],2026-04,0.1852555631382597,0
618520,4L of km 0.00 to km 42.00 of Dobbaspet to Doddaballapura Bypass section of NH-648 old NH-207] [Bangalore Ring Road Pkg 1],2026-05,0.14358857162676522,0
618520,4L of km 0.00 to km 42.00 of Dobbaspet to Doddaballapura Bypass section of NH-648 old NH-207] [Bangalore Ring Road Pkg 1],2026-06,0.4031304068728338,0
618521,Karaipettai to Walajapet from Km 71.015 to 107.091,2026-04,0.2052922898258614,0
618521,Karaipettai to Walajapet from Km 71.015 to 107.091,2026-05,0.13815664626151844,0
618521,Karaipettai to Walajapet from Km 71.015 to 107.091,2026-06,0.27625795512036044,0
618522,Balance Works for six laning of Sriperumbudur to karaipettai section of NH-4 New NH- 48 from 37000 Existing Km 37000 to Km 71015 Existing Km 71000 in Tamilnadu on EPC mode underNHDP Phase-V,2026-04,0.2640367369755131,0
618522,Balance Works for six laning of Sriperumbudur to karaipettai section of NH-4 New NH- 48 from 37000 Existing Km 37000 to Km 71015 Existing Km 71000 in Tamilnadu on EPC mode underNHDP Phase-V,2026-05,0.11156340952592965,0
618522,Balance Works for six laning of Sriperumbudur to karaipettai section of NH-4 New NH- 48 from 37000 Existing Km 37000 to Km 71015 Existing Km 71000 in Tamilnadu on EPC mode underNHDP Phase-V,2026-06,0.15462369232769724,0
618523,Bhadrak KM 136.500 to Baleshwar KM 199.141,2026-04,0.17411891420900844,0
618523,Bhadrak KM 136.500 to Baleshwar KM 199.141,2026-05,0.20642119612612086,0
618523,Bhadrak KM 136.500 to Baleshwar KM 199.141,2026-06,0.3592012336467846,0
618524,Construction of 6 lane elevated corridor including its approaches from Km. 629880 to Km. 634470 Design Chainage of NH-16 in Ranasthalam Town portion in the state of Andhra Pradesh on EPC Mode under NHO.,2026-04,0.18652733608223082,0
618524,Construction of 6 lane elevated corridor including its approaches from Km. 629880 to Km. 634470 Design Chainage of NH-16 in Ranasthalam Town portion in the state of Andhra Pradesh on EPC Mode under NHO.,2026-05,0.0720407022867467,0
618524,Construction of 6 lane elevated corridor including its approaches from Km. 629880 to Km. 634470 Design Chainage of NH-16 in Ranasthalam Town portion in the state of Andhra Pradesh on EPC Mode under NHO.,2026-06,0.11554296567857338,0
618525,Construction of flyover at Gammon Junction at Km.903.265 on NH16 including vent at Diwancheruvu junction at Km.902.308 Blackspot ID No.AP03299 in Andhra Pradesh on EPC mode under NHO,2026-04,0.1618181106400328,0
618525,Construction of flyover at Gammon Junction at Km.903.265 on NH16 including vent at Diwancheruvu junction at Km.902.308 Blackspot ID No.AP03299 in Andhra Pradesh on EPC mode under NHO,2026-05,0.047113978047770434,0
618525,Construction of flyover at Gammon Junction at Km.903.265 on NH16 including vent at Diwancheruvu junction at Km.902.308 Blackspot ID No.AP03299 in Andhra Pradesh on EPC mode under NHO,2026-06,0.11511337134577147,0
618526,6L of Gundugolanu Design km 1023.280 to Kalaparru Design km 1050.680 of NH-5 New NH-16,2026-04,0.15431030593091297,0
618526,6L of Gundugolanu Design km 1023.280 to Kalaparru Design km 1050.680 of NH-5 New NH-16,2026-05,0.12499119178219566,0
618526,6L of Gundugolanu Design km 1023.280 to Kalaparru Design km 1050.680 of NH-5 New NH-16,2026-06,0.3143944901456935,0
618527,Six Laning of Vijayawada Bypass from Gollapudi to Chinnakakani in Vijayawada - Gundugolanu Section from km. 30.00 to km. 47.881 Pkg-IV,2026-04,0.12840303499791283,0
618529,Varanasi Ring Road Pkg-II connecting Sandaha Village km 11.70 / NH-29 with Revasa Village km 818.80 / NH-2,2026-04,0.24304905263745114,0
618529,Varanasi Ring Road Pkg-II connecting Sandaha Village km 11.70 / NH-29 with Revasa Village km 818.80 / NH-2,2026-05,0.19078580474235202,0
618529,Varanasi Ring Road Pkg-II connecting Sandaha Village km 11.70 / NH-29 with Revasa Village km 818.80 / NH-2,2026-06,0.3793166411421987,0
618530,Six Laning of Varanasi to Aurangabad from km. 786.00 to km. 978.40 of Old NH-2,2026-04,0.26885852718766634,0
618530,Six Laning of Varanasi to Aurangabad from km. 786.00 to km. 978.40 of Old NH-2,2026-05,0.20989017689795186,0
618530,Six Laning of Varanasi to Aurangabad from km. 786.00 to km. 978.40 of Old NH-2,2026-06,0.39773245341470215,0
618531,6L of Aurangabad to Bihar-Jharkhand border Chordaha section from km. 180.000 to km. 209.827 of NH-2 PKG-01,2026-04,0.28299630474234316,0
618531,6L of Aurangabad to Bihar-Jharkhand border Chordaha section from km. 180.000 to km. 209.827 of NH-2 PKG-01,2026-05,0.09499235303297662,0
618531,6L of Aurangabad to Bihar-Jharkhand border Chordaha section from km. 180.000 to km. 209.827 of NH-2 PKG-01,2026-06,0.23771692123192759,0
618532,6L of Aurangabad to Bihar-Jharkhand border Chordaha section from km. 209.827 to Km. 249.525 of NH-19 PKG-02,2026-04,0.206326197658961,0
618533,Barwa Adda Km. 398.240 to Panagarh Km. 521.120,2026-04,0.1600601962425766,0
618533,Barwa Adda Km. 398.240 to Panagarh Km. 521.120,2026-05,0.11022782314539571,0
618533,Barwa Adda Km. 398.240 to Panagarh Km. 521.120,2026-06,0.37633741898660505,0
618534,Construction of Six lane elevated flyover including reconstruction/rehabilitation of existing pavement from Km 426230 to Km 430500 Length 4.27 Km at Nirsa in the Barwa Adda Panagarh section of NH-19 from Km.398.240 to Km.521.120 including Panagarh Bypass in the State of Jharkhand on EPC Mode.,2026-05,0.17041156296957863,0
618534,Construction of Six lane elevated flyover including reconstruction/rehabilitation of existing pavement from Km 426230 to Km 430500 Length 4.27 Km at Nirsa in the Barwa Adda Panagarh section of NH-19 from Km.398.240 to Km.521.120 including Panagarh Bypass in the State of Jharkhand on EPC Mode.,2026-06,0.10301434858341103,0
618535,Construction of Six lane elevated flyover including reconstruction/rehabilitation of existing pavement from Km 406100 to Km 411150 Length 5.05 Km at Gobindpur area in the Barwa Adda Panagarh section of NH-19 from Km.398.240 to Km.521.120 including Panagarh Bypass in the State of Jharkhand on EPC Mode.,2026-04,0.17790843955992608,0
618535,Construction of Six lane elevated flyover including reconstruction/rehabilitation of existing pavement from Km 406100 to Km 411150 Length 5.05 Km at Gobindpur area in the Barwa Adda Panagarh section of NH-19 from Km.398.240 to Km.521.120 including Panagarh Bypass in the State of Jharkhand on EPC Mode.,2026-05,0.052756845367042636,0
618535,Construction of Six lane elevated flyover including reconstruction/rehabilitation of existing pavement from Km 406100 to Km 411150 Length 5.05 Km at Gobindpur area in the Barwa Adda Panagarh section of NH-19 from Km.398.240 to Km.521.120 including Panagarh Bypass in the State of Jharkhand on EPC Mode.,2026-06,0.11133663049080494,0
618536,Construction of Ring Road around Kanpur from Ch.68.650 to Ch.93.209 Jarkala to Pakari Package-IV in State of Uttar Pradesh.,2026-04,0.1875462000872257,0
618536,Construction of Ring Road around Kanpur from Ch.68.650 to Ch.93.209 Jarkala to Pakari Package-IV in State of Uttar Pradesh.,2026-05,0.07193051101137607,0
618536,Construction of Ring Road around Kanpur from Ch.68.650 to Ch.93.209 Jarkala to Pakari Package-IV in State of Uttar Pradesh.,2026-06,0.13922778167458444,0
618537,Construction of Ring Road around Kanpur from Km.000 to Km. 23.325 Chachendi Sachendi I to Maharajpur Package-I,2026-04,0.20378195599154486,0
618537,Construction of Ring Road around Kanpur from Km.000 to Km. 23.325 Chachendi Sachendi I to Maharajpur Package-I,2026-05,0.09614239509501511,0
618537,Construction of Ring Road around Kanpur from Km.000 to Km. 23.325 Chachendi Sachendi I to Maharajpur Package-I,2026-06,0.1774220585001628,0
618538,Construction of Ring Road around kanpur from Ch.51.200 to Ch. 68.650 Badarka to Harbanch-Uchti Pkg-III,2026-04,0.19267335208771172,0
618538,Construction of Ring Road around kanpur from Ch.51.200 to Ch. 68.650 Badarka to Harbanch-Uchti Pkg-III,2026-05,0.10441043889372172,0
618538,Construction of Ring Road around kanpur from Ch.51.200 to Ch. 68.650 Badarka to Harbanch-Uchti Pkg-III,2026-06,0.13832257326689684,0
618539,Construction of Ring Road Kanpur from Ch. 32.090 to Ch.51.200 Transganaga to Sathara Package-II B,2026-04,0.15744238222323853,0
618539,Construction of Ring Road Kanpur from Ch. 32.090 to Ch.51.200 Transganaga to Sathara Package-II B,2026-05,0.05428765219591902,0
618539,Construction of Ring Road Kanpur from Ch. 32.090 to Ch.51.200 Transganaga to Sathara Package-II B,2026-06,0.10758080931006786,0
618540,Construction of Ring Road around Kanpur from Ch.23.325 to Ch.32.090 Chaudhariya to Transganga Package-IIA,2026-04,0.16447823699517974,0
618540,Construction of Ring Road around Kanpur from Ch.23.325 to Ch.32.090 Chaudhariya to Transganga Package-IIA,2026-05,0.09722248393100966,0
618540,Construction of Ring Road around Kanpur from Ch.23.325 to Ch.32.090 Chaudhariya to Transganga Package-IIA,2026-06,0.12007352143937557,0
618541,4L Ring road/bypass around Srinagar city from km 0.000 to km 42.100 Phase-I,2026-04,0.21648359416084048,0
618541,4L Ring road/bypass around Srinagar city from km 0.000 to km 42.100 Phase-I,2026-05,0.2013171367060051,0
618541,4L Ring road/bypass around Srinagar city from km 0.000 to km 42.100 Phase-I,2026-06,0.29832713213677214,0
618542,4L of existing Wayul Ganderbal Pandach Soura section of old NH-1 as a part of Srinagar Ring Road Phase IIA,2026-05,0.11842095877505704,0
618542,4L of existing Wayul Ganderbal Pandach Soura section of old NH-1 as a part of Srinagar Ring Road Phase IIA,2026-06,0.1394707623143631,0
618543,4L of twin tube tunnel configuration including approaches from Marog to Digdol from Km.154.210 to Km.158.650 North Bound and from Km.155.940 to Km.160.260 South Bound of Ramban to Banihal Pkg-I of Old NH-1A New NH-44,2026-04,0.260837989625743,0
618543,4L of twin tube tunnel configuration including approaches from Marog to Digdol from Km.154.210 to Km.158.650 North Bound and from Km.155.940 to Km.160.260 South Bound of Ramban to Banihal Pkg-I of Old NH-1A New NH-44,2026-05,0.16680705582457483,0
618543,4L of twin tube tunnel configuration including approaches from Marog to Digdol from Km.154.210 to Km.158.650 North Bound and from Km.155.940 to Km.160.260 South Bound of Ramban to Banihal Pkg-I of Old NH-1A New NH-44,2026-06,0.24705357361227542,0
618544,"4L twin tube tunnel including approaches from Digdol to Khuni Nallah North Bound connecting with existing major bridge on NB and South Bound connecting with Tunnel T4 ,Single tube tunnel of Ramban to Banihal Pkg-II of Old NH-1A New NH-44",2026-04,0.20774055071639277,0
618544,"4L twin tube tunnel including approaches from Digdol to Khuni Nallah North Bound connecting with existing major bridge on NB and South Bound connecting with Tunnel T4 ,Single tube tunnel of Ramban to Banihal Pkg-II of Old NH-1A New NH-44",2026-05,0.21895262287919204,0
618544,"4L twin tube tunnel including approaches from Digdol to Khuni Nallah North Bound connecting with existing major bridge on NB and South Bound connecting with Tunnel T4 ,Single tube tunnel of Ramban to Banihal Pkg-II of Old NH-1A New NH-44",2026-06,0.2872550245293147,0
618545,"4L of Km.165.092 to Km.171.855 North Bound and from Km.166.895 to Km.173.638 South Bound, excl. certain reaches of North Bound and South Bound of Ramban to Banihal Pkg-III of Old NH-1A New NH-44",2026-04,0.2927531980605695,0
618545,"4L of Km.165.092 to Km.171.855 North Bound and from Km.166.895 to Km.173.638 South Bound, excl. certain reaches of North Bound and South Bound of Ramban to Banihal Pkg-III of Old NH-1A New NH-44",2026-05,0.16372096927038995,0
618545,"4L of Km.165.092 to Km.171.855 North Bound and from Km.166.895 to Km.173.638 South Bound, excl. certain reaches of North Bound and South Bound of Ramban to Banihal Pkg-III of Old NH-1A New NH-44",2026-06,0.2402937762949096,0
618547,2L NH-1 from km 8.660 to km 33.775 Sumbal to Wayul to 4L dual carriageway NH standard as part of Srinagar Ring Road PhaseII [Design Ch. 41.907 to Ch. 66.609],2026-04,0.20931175231962282,0
618547,2L NH-1 from km 8.660 to km 33.775 Sumbal to Wayul to 4L dual carriageway NH standard as part of Srinagar Ring Road PhaseII [Design Ch. 41.907 to Ch. 66.609],2026-05,0.11383855939176794,0
618547,2L NH-1 from km 8.660 to km 33.775 Sumbal to Wayul to 4L dual carriageway NH standard as part of Srinagar Ring Road PhaseII [Design Ch. 41.907 to Ch. 66.609],2026-06,0.16907800185042665,0
618549,Construction of twin tube tunnels on Jammu Kashmir Ring Road NH-244A Between Design Ch. 50600 to 51700 and design Ch. 53535 to 55700 on EPC mode under residual NHDP component of Bharatmala Pariyojna,2026-04,0.22347187612337635,0
618549,Construction of twin tube tunnels on Jammu Kashmir Ring Road NH-244A Between Design Ch. 50600 to 51700 and design Ch. 53535 to 55700 on EPC mode under residual NHDP component of Bharatmala Pariyojna,2026-05,0.1655534819646841,0
618549,Construction of twin tube tunnels on Jammu Kashmir Ring Road NH-244A Between Design Ch. 50600 to 51700 and design Ch. 53535 to 55700 on EPC mode under residual NHDP component of Bharatmala Pariyojna,2026-06,0.20141175234213143,0
618550,Corridor Efficiency Improvement including removal of black spots in Lakhanpur - Samba section of NH-44 from Chainage Km. 16.300 to Km. 74.100,2026-04,0.17210455637666514,0
618550,Corridor Efficiency Improvement including removal of black spots in Lakhanpur - Samba section of NH-44 from Chainage Km. 16.300 to Km. 74.100,2026-05,0.12229502397922298,0
618550,Corridor Efficiency Improvement including removal of black spots in Lakhanpur - Samba section of NH-44 from Chainage Km. 16.300 to Km. 74.100,2026-06,0.18054285021755614,0
618551,Greenfield connectivity from Govindsar village on Delhi Amritsar Katra Expressway to Talwara village on NH-44 Pathankot by-pass,2026-04,0.18764480259378113,0
618551,Greenfield connectivity from Govindsar village on Delhi Amritsar Katra Expressway to Talwara village on NH-44 Pathankot by-pass,2026-05,0.05691715229612175,0
618551,Greenfield connectivity from Govindsar village on Delhi Amritsar Katra Expressway to Talwara village on NH-44 Pathankot by-pass,2026-06,0.1729865583526462,0
618552,Development of 6L Greenfield Jalandhar Bypass starting from Kahlwan NH-03 ending at Kang Sahbu NH-703 via Sarmastpur NH-44 - Madara NH-03 - Khajurla NH-44,2026-04,0.38259024058824553,0
618552,Development of 6L Greenfield Jalandhar Bypass starting from Kahlwan NH-03 ending at Kang Sahbu NH-703 via Sarmastpur NH-44 - Madara NH-03 - Khajurla NH-44,2026-05,0.24218208118431983,0
618552,Development of 6L Greenfield Jalandhar Bypass starting from Kahlwan NH-03 ending at Kang Sahbu NH-703 via Sarmastpur NH-44 - Madara NH-03 - Khajurla NH-44,2026-06,0.29749280688280216,0
618553,6L of Agra Bypass Northern connecting Km. 174.500 of NH-2 new NH-19 to Km. 141.000 of Yamuna Expressways,2026-04,0.12797677736724247,0
618554,Construction of left out portion of Agra Inner Ring Road connecting village Deori to NH-44 village Bad from Km. 0.000 to Km. 7.772,2026-04,0.1195675037716592,0
618554,Construction of left out portion of Agra Inner Ring Road connecting village Deori to NH-44 village Bad from Km. 0.000 to Km. 7.772,2026-05,0.07832680552983456,0
618554,Construction of left out portion of Agra Inner Ring Road connecting village Deori to NH-44 village Bad from Km. 0.000 to Km. 7.772,2026-06,0.1388030526769888,0
618556,"Construction of 26 VUPs, Major Bridge, Service Road etc. on Lalitpur-Sagar- Lakhnadon section of NH-44 NS",2026-04,0.14220197373885016,0
618556,"Construction of 26 VUPs, Major Bridge, Service Road etc. on Lalitpur-Sagar- Lakhnadon section of NH-44 NS",2026-05,0.09981772632923268,0
618556,"Construction of 26 VUPs, Major Bridge, Service Road etc. on Lalitpur-Sagar- Lakhnadon section of NH-44 NS",2026-06,0.16439628407010093,0
618557,4L of Indora Chowk to Pachpaoli and Agrasen Chowk - Ashoka Chowk,2026-04,0.24293567631357077,0
618557,4L of Indora Chowk to Pachpaoli and Agrasen Chowk - Ashoka Chowk,2026-05,0.13638051735532344,0
618557,4L of Indora Chowk to Pachpaoli and Agrasen Chowk - Ashoka Chowk,2026-06,0.1692433408221344,0
618558,Improvement of Geometrics of Kalkallu to Gundla Pochanpalli from Km 454.00 to Km 471.00 of NH-44,2026-04,0.30561444850944064,0
618558,Improvement of Geometrics of Kalkallu to Gundla Pochanpalli from Km 454.00 to Km 471.00 of NH-44,2026-05,0.14841957235063188,0
618559,6L of existing 4L from Gundlapochampally to Bowenpally from km 471.300 to km 481.331 of NH-44,2026-04,0.300078948791666,0
618559,6L of existing 4L from Gundlapochampally to Bowenpally from km 471.300 to km 481.331 of NH-44,2026-05,0.14597530456839528,0
618560,Improvement of Geometrics of Thondupally to Kothur from Km 22.300 to Km 34.14 of NH-44,2026-04,0.20948455706521082,0
618560,Improvement of Geometrics of Thondupally to Kothur from Km 22.300 to Km 34.14 of NH-44,2026-05,0.12207540136284195,0
618561,Improving the Alignment of Thoppur Ghat Section from Km 158.500 to Km 165.100 in Dharmapuri - Salem Section of NH-44,2026-04,0.1904366553106891,0
618561,Improving the Alignment of Thoppur Ghat Section from Km 158.500 to Km 165.100 in Dharmapuri - Salem Section of NH-44,2026-05,0.09412618736254175,0
618561,Improving the Alignment of Thoppur Ghat Section from Km 158.500 to Km 165.100 in Dharmapuri - Salem Section of NH-44,2026-06,0.11994319822599091,0
618562,Dindigul Bypass - Samyanallore from km. 373.275 to km. 426.00,2026-04,0.16793250551591604,0
618563,4L of Madurai Ring Road Phase 1 [Vadipatti-Thamrapatti] from km 0.00 - km 29.960,2026-04,0.210362790260034,0
618563,4L of Madurai Ring Road Phase 1 [Vadipatti-Thamrapatti] from km 0.00 - km 29.960,2026-05,0.13037523874705395,0
618563,4L of Madurai Ring Road Phase 1 [Vadipatti-Thamrapatti] from km 0.00 - km 29.960,2026-06,0.30610368446870584,0
618564,6L with PS of Samakhiyali to Santalpur section from km. 339.700 to Km. 430.100 of NH-27,2026-04,0.18048451836887075,0
618564,6L with PS of Samakhiyali to Santalpur section from km. 339.700 to Km. 430.100 of NH-27,2026-05,0.1041509865726265,0
618564,6L with PS of Samakhiyali to Santalpur section from km. 339.700 to Km. 430.100 of NH-27,2026-06,0.15639186180850678,0
618565,Strengthening of existing 4L Ayodhya Bypass Section from design Km. 121 600 to Km. 144020 of NH 28 New NH 27Pkg-3,2026-04,0.21873805810403416,0
618566,4L Green Field Northern East side Gorakhpur Bypass 26.616 Kms starting from NH- 29E Chainage 83.308 and end at NH-28 Chainage 285.100,2026-04,0.2311258150743943,0
618566,4L Green Field Northern East side Gorakhpur Bypass 26.616 Kms starting from NH- 29E Chainage 83.308 and end at NH-28 Chainage 285.100,2026-05,0.17853217270892754,0
618566,4L Green Field Northern East side Gorakhpur Bypass 26.616 Kms starting from NH- 29E Chainage 83.308 and end at NH-28 Chainage 285.100,2026-06,0.19189717608994358,0
618567,4/6L of Northern Ayodhya Bypass starting Km. 112.540 and ending Km. 139.928 north of existing NH-27 part-1 and part-2 south of NH-27 from km 0.000 to km 5.000.,2026-04,0.18848342340418325,0
618567,4/6L of Northern Ayodhya Bypass starting Km. 112.540 and ending Km. 139.928 north of existing NH-27 part-1 and part-2 south of NH-27 from km 0.000 to km 5.000.,2026-05,0.07453369614490724,0
618567,4/6L of Northern Ayodhya Bypass starting Km. 112.540 and ending Km. 139.928 north of existing NH-27 part-1 and part-2 south of NH-27 from km 0.000 to km 5.000.,2026-06,0.10750104523727504,0
618568,4/6L Southern Ayodhya Bypass from Km 5.000 to Km 37.172 starting near Km. 112.540 and ending at Km. 153.281 of NH-27,2026-04,0.211541930800854,0
618568,4/6L Southern Ayodhya Bypass from Km 5.000 to Km 37.172 starting near Km. 112.540 and ending at Km. 153.281 of NH-27,2026-05,0.09231593755835378,0
618568,4/6L Southern Ayodhya Bypass from Km 5.000 to Km 37.172 starting near Km. 112.540 and ending at Km. 153.281 of NH-27,2026-06,0.12362113888075112,0
618569,Balance work - WB-10 Gandak Bridge Km 402.00 to Km 440.00 Devanpur - Kotwa,2026-04,0.25940424569091597,0
618569,Balance work - WB-10 Gandak Bridge Km 402.00 to Km 440.00 Devanpur - Kotwa,2026-05,0.15523883623477022,0
618570,4L Elevated Highway and at grade improvements at Gopalganj Town from Km. 384.000 to Km. 386.750 on NH-27,2026-04,0.16017545441618936,0
618571,Permanent rectification of 3 nos. of black spots in project Highway NH-27 of U.P border - Dewapur - Kotwa section from Km.360.915 to km.440.000 Total Length of 79.085 Km of NH-27& Permanent rectification of 5 nos. of black spots of project Highway NH-27 of Kotwa - Mehsi - Muzaffarpur Section from km.440.000 to km.520.000 Total length 80.00Km,2026-04,0.2059513498041374,0
618571,Permanent rectification of 3 nos. of black spots in project Highway NH-27 of U.P border - Dewapur - Kotwa section from Km.360.915 to km.440.000 Total Length of 79.085 Km of NH-27& Permanent rectification of 5 nos. of black spots of project Highway NH-27 of Kotwa - Mehsi - Muzaffarpur Section from km.440.000 to km.520.000 Total length 80.00Km,2026-05,0.170004246755495,0
618571,Permanent rectification of 3 nos. of black spots in project Highway NH-27 of U.P border - Dewapur - Kotwa section from Km.360.915 to km.440.000 Total Length of 79.085 Km of NH-27& Permanent rectification of 5 nos. of black spots of project Highway NH-27 of Kotwa - Mehsi - Muzaffarpur Section from km.440.000 to km.520.000 Total length 80.00Km,2026-06,0.21411906449055715,0
618572,Binnaguri Bypass-Descoped portion of Ghoshpukur-Dhupguri Section of NH-31Dpkg-1,2026-04,0.19200083532137924,0
618572,Binnaguri Bypass-Descoped portion of Ghoshpukur-Dhupguri Section of NH-31Dpkg-1,2026-05,0.06629095522724612,0
618572,Binnaguri Bypass-Descoped portion of Ghoshpukur-Dhupguri Section of NH-31Dpkg-1,2026-06,0.10144149308788844,0
618574,Balance Works of 4L of NH-31D from Km. 113.200 to Km. 154.854 Package-II A Ghoshpukur-Salsalabari Section,2026-04,0.215839734037949,0
618574,Balance Works of 4L of NH-31D from Km. 113.200 to Km. 154.854 Package-II A Ghoshpukur-Salsalabari Section,2026-05,0.10202595154623385,0
618574,Balance Works of 4L of NH-31D from Km. 113.200 to Km. 154.854 Package-II A Ghoshpukur-Salsalabari Section,2026-06,0.14712697117052695,0
618576,"6L Standalone Flyovers at Raha, Demow, Borghat, Kathiatali junctions and ROB at Jagiroad on stretches of NH 36 and NH 27",2026-04,0.12568966907571233,0
618577,Dwarka Expressway Pkg-III Delhi/HR Border to Start of RoB Gurugram,2026-04,0.21694239041992808,0
618577,Dwarka Expressway Pkg-III Delhi/HR Border to Start of RoB Gurugram,2026-05,0.15259229782941616,0
618578,6L Access Controlled Highway from DND Maharani Bagh - Jn. with Jaitpur - Pushta Road of NH-148NA from km. 0.00 to km. 9.00 in NCR,2026-04,0.2513059345882239,0
618579,6L of Anandapuram Pendurthi Anakapalli Section from km. 681.000 to km. 731.780 of NH-16,2026-04,0.19105645655985634,0
618579,6L of Anandapuram Pendurthi Anakapalli Section from km. 681.000 to km. 731.780 of NH-16,2026-05,0.1525718424015534,0
618579,6L of Anandapuram Pendurthi Anakapalli Section from km. 681.000 to km. 731.780 of NH-16,2026-06,0.3281540568968549,0
618580,Gohana - Sonipat PKG-2,2026-04,0.20578723840188098,0
618580,Gohana - Sonipat PKG-2,2026-05,0.11816719078547777,0
618580,Gohana - Sonipat PKG-2,2026-06,0.38849334376476824,0
618581,Hosur to Dhamrapuri Pkg-1 [Neraluru - Thorapalli Agraharam],2026-04,0.289757797731267,0
618581,Hosur to Dhamrapuri Pkg-1 [Neraluru - Thorapalli Agraharam],2026-05,0.13113756522490408,0
618581,Hosur to Dhamrapuri Pkg-1 [Neraluru - Thorapalli Agraharam],2026-06,0.28713768255869004,0
618582,4L of Galgalia - Bahadurganj section from Km 0.000 to Km 49.000 Package-I of NH327E,2026-04,0.1808828383443111,0
618583,4L of Bahadurganj Araria section from Km 49.000 to Km 94.000 Package-II of NH- 327E,2026-04,0.17966859674417202,0
618584,4L of Kishanganj - Bahadurganj section from Km. 0.000 to Km. 23.649 & interchange at Start Point Length - 1.200 Km of NH-27,2026-04,0.14810127491143926,0
618584,4L of Kishanganj - Bahadurganj section from Km. 0.000 to Km. 23.649 & interchange at Start Point Length - 1.200 Km of NH-27,2026-05,0.06686014045395035,0
618584,4L of Kishanganj - Bahadurganj section from Km. 0.000 to Km. 23.649 & interchange at Start Point Length - 1.200 Km of NH-27,2026-06,0.13984599718400104,0
618585,6L of Gonde Km. 439.038 to Pimpri Sado Km. 459.905 section of NH-848 Old NH-3,2026-04,0.2537216226610508,0
618585,6L of Gonde Km. 439.038 to Pimpri Sado Km. 459.905 section of NH-848 Old NH-3,2026-05,0.12938499277086188,0
618585,6L of Gonde Km. 439.038 to Pimpri Sado Km. 459.905 section of NH-848 Old NH-3,2026-06,0.17936024394939923,0
618586,Improvement and strengthening of existing 2 lane stretch to 2-Lane with PS 1.5m on both sides on Ghoti-Sinnar section of NH-160A using Thin White Topping 200mm thick in the State Of Maharashtra on EPC Mode,2026-04,0.24793171764028443,0
618586,Improvement and strengthening of existing 2 lane stretch to 2-Lane with PS 1.5m on both sides on Ghoti-Sinnar section of NH-160A using Thin White Topping 200mm thick in the State Of Maharashtra on EPC Mode,2026-05,0.16838065673818636,0
618586,Improvement and strengthening of existing 2 lane stretch to 2-Lane with PS 1.5m on both sides on Ghoti-Sinnar section of NH-160A using Thin White Topping 200mm thick in the State Of Maharashtra on EPC Mode,2026-06,0.2038179870109384,0
618588,4L Mitigation Measure structures on CH/MH Border to Wainganga Bridge Section of NH-6 New NH-53,2026-04,0.245875070155895,0
618588,4L Mitigation Measure structures on CH/MH Border to Wainganga Bridge Section of NH-6 New NH-53,2026-05,0.21936753661950117,0
618588,4L Mitigation Measure structures on CH/MH Border to Wainganga Bridge Section of NH-6 New NH-53,2026-06,0.2916582143845543,0
618589,Durg-Raipur Bypass Section Package - 1 from km. 0.00 to km. 44.50 near Tendesara to near Khatti Village,2026-04,0.26570053906090363,0
618589,Durg-Raipur Bypass Section Package - 1 from km. 0.00 to km. 44.50 near Tendesara to near Khatti Village,2026-05,0.17802040771103364,0
618589,Durg-Raipur Bypass Section Package - 1 from km. 0.00 to km. 44.50 near Tendesara to near Khatti Village,2026-06,0.26666649362076245,0
618590,Durg-Raipur-Arang Package - 2 from km. 44.50 to km. 92.23 near Khatti Village to near Aurang,2026-04,0.2567436951898841,0
618590,Durg-Raipur-Arang Package - 2 from km. 44.50 to km. 92.23 near Khatti Village to near Aurang,2026-05,0.1402248234802948,0
618590,Durg-Raipur-Arang Package - 2 from km. 44.50 to km. 92.23 near Khatti Village to near Aurang,2026-06,0.2466251945729996,0
618591,"Construction of 6-lane flyover at Ainthapali junction and a 2-lane ROB LHS on NH-53 Earlier NH-6 in Sambalpur, on EPC mode in Odisha under NHO",2026-04,0.23671596722380125,0
618591,"Construction of 6-lane flyover at Ainthapali junction and a 2-lane ROB LHS on NH-53 Earlier NH-6 in Sambalpur, on EPC mode in Odisha under NHO",2026-05,0.1120318946629244,0
618591,"Construction of 6-lane flyover at Ainthapali junction and a 2-lane ROB LHS on NH-53 Earlier NH-6 in Sambalpur, on EPC mode in Odisha under NHO",2026-06,0.16699577649700767,0
618592,"Balance work of 8 nos. of Elephant Underpasses EUPs, 1 no. of Vehicular Underpass VUP, 1 nos. of Light Vehicular Underpass LVUP, 1 nos. of Pedestrian Underpass PUP, 1 nos. of Foot Over Bridge FOB and A2 side approach of Jharpokharia Flyover at Km.215.270 in Baharagora-Singhara section of NH-49",2026-04,0.19228783747396092,0
618592,"Balance work of 8 nos. of Elephant Underpasses EUPs, 1 no. of Vehicular Underpass VUP, 1 nos. of Light Vehicular Underpass LVUP, 1 nos. of Pedestrian Underpass PUP, 1 nos. of Foot Over Bridge FOB and A2 side approach of Jharpokharia Flyover at Km.215.270 in Baharagora-Singhara section of NH-49",2026-05,0.18406472605924984,0
618592,"Balance work of 8 nos. of Elephant Underpasses EUPs, 1 no. of Vehicular Underpass VUP, 1 nos. of Light Vehicular Underpass LVUP, 1 nos. of Pedestrian Underpass PUP, 1 nos. of Foot Over Bridge FOB and A2 side approach of Jharpokharia Flyover at Km.215.270 in Baharagora-Singhara section of NH-49",2026-06,0.21112817533127642,0
618593,Balance work of Rehabilitation and Upgradation to four laning of Baharagora Singhara section of NH-49 from Km.229.727 to Km.238.990 Length 9.263 Km. including construction of five nos. of Elephant Underpasses EUP and fourteen nos. of Animal Underpasses AUP inside the buffer zone of Similipal Tiger Reserve Area in Bangriposi Ghat section in the State of Odisha on EPC Mode,2026-04,0.17415878222559492,0
618593,Balance work of Rehabilitation and Upgradation to four laning of Baharagora Singhara section of NH-49 from Km.229.727 to Km.238.990 Length 9.263 Km. including construction of five nos. of Elephant Underpasses EUP and fourteen nos. of Animal Underpasses AUP inside the buffer zone of Similipal Tiger Reserve Area in Bangriposi Ghat section in the State of Odisha on EPC Mode,2026-05,0.059114410552013934,0
618593,Balance work of Rehabilitation and Upgradation to four laning of Baharagora Singhara section of NH-49 from Km.229.727 to Km.238.990 Length 9.263 Km. including construction of five nos. of Elephant Underpasses EUP and fourteen nos. of Animal Underpasses AUP inside the buffer zone of Similipal Tiger Reserve Area in Bangriposi Ghat section in the State of Odisha on EPC Mode,2026-06,0.10156754043303769,0
618594,Balance work of 4L Panvel to Indapur section of NH-66 Old NH- 17 from km 0.000 Panvel to km 42.300 Kasu,2026-04,0.1854899187095526,0
618594,Balance work of 4L Panvel to Indapur section of NH-66 Old NH- 17 from km 0.000 Panvel to km 42.300 Kasu,2026-05,0.0806993262936093,0
618594,Balance work of 4L Panvel to Indapur section of NH-66 Old NH- 17 from km 0.000 Panvel to km 42.300 Kasu,2026-06,0.14655697512273483,0
618595,6L of Chengala - Neeleshwaram from km. 56.200 to km. 93.468,2026-04,0.19407487754464883,0
618595,6L of Chengala - Neeleshwaram from km. 56.200 to km. 93.468,2026-05,0.14953902505734812,0
618595,6L of Chengala - Neeleshwaram from km. 56.200 to km. 93.468,2026-06,0.31276409449452514,0
618596,6L of Taliparamba to Muzhappilangad from Km 134.650 to Km 170.6 of NH-66,2026-04,0.3265522371619706,0
618596,6L of Taliparamba to Muzhappilangad from Km 134.650 to Km 170.6 of NH-66,2026-05,0.25623231698046056,0
618596,6L of Taliparamba to Muzhappilangad from Km 134.650 to Km 170.6 of NH-66,2026-06,0.3303008354974468,0
618597,6L of Azhiyur-Vengalam from km. 189.200 to km. 230.400 of NH-66,2026-04,0.30100076463736114,0
618597,6L of Azhiyur-Vengalam from km. 189.200 to km. 230.400 of NH-66,2026-05,0.17844388372820022,0
618597,6L of Azhiyur-Vengalam from km. 189.200 to km. 230.400 of NH-66,2026-06,0.3038807547988684,0
618598,6L Minor Bridge Paloli Palam at km. 203.160 & Major Bridge Morad at km. 204.895 and allied works,2026-04,0.19682553720259882,0
618598,6L Minor Bridge Paloli Palam at km. 203.160 & Major Bridge Morad at km. 204.895 and allied works,2026-05,0.14064182313966286,0
618598,6L Minor Bridge Paloli Palam at km. 203.160 & Major Bridge Morad at km. 204.895 and allied works,2026-06,0.3472638172831246,0
618599,6L of Ramanatukkara Junction to start of Valanchery bypass section of NH-66,2026-04,0.20478805827529617,0
618599,6L of Ramanatukkara Junction to start of Valanchery bypass section of NH-66,2026-05,0.1333969519190577,0
618599,6L of Ramanatukkara Junction to start of Valanchery bypass section of NH-66,2026-06,0.2646948017753642,0
618600,6L of Valanchery bypass to Kappirikkad of NH 66 from km. 298500 to km 335850,2026-04,0.20627969773590096,0
618600,6L of Valanchery bypass to Kappirikkad of NH 66 from km. 298500 to km 335850,2026-05,0.13253832130556661,0
618600,6L of Valanchery bypass to Kappirikkad of NH 66 from km. 298500 to km 335850,2026-06,0.24920538911908527,0
618601,6L of Kappirikkad to Thalikulam section from km 335.85 to km 369.015 of NH - 66 old NH-17,2026-04,0.19671610902670986,0
618601,6L of Kappirikkad to Thalikulam section from km 335.85 to km 369.015 of NH - 66 old NH-17,2026-05,0.13649582413039038,0
618601,6L of Kappirikkad to Thalikulam section from km 335.85 to km 369.015 of NH - 66 old NH-17,2026-06,0.28911702718593146,0
618602,6L of Thalikulam to Kodugallur section from km 369.015 to km 397.850 of NH - 66 old NH-17,2026-04,0.21811039816465538,0
618602,6L of Thalikulam to Kodugallur section from km 369.015 to km 397.850 of NH - 66 old NH-17,2026-05,0.14587145637736115,0
618602,6L of Thalikulam to Kodugallur section from km 369.015 to km 397.850 of NH - 66 old NH-17,2026-06,0.27680973677026505,0
618603,6L of Kodugallur to Edapppally section from km 397.750 to km 423.780 of NH - 66 old NH-17,2026-04,0.2752842623995543,0
618603,6L of Kodugallur to Edapppally section from km 397.750 to km 423.780 of NH - 66 old NH-17,2026-05,0.2153496823848657,0
618603,6L of Kodugallur to Edapppally section from km 397.750 to km 423.780 of NH - 66 old NH-17,2026-06,0.26525094605492777,0
618604,Aroor-Thuravoor Thekku,2026-04,0.23748859434280423,0
618604,Aroor-Thuravoor Thekku,2026-05,0.19250091286372917,0
618604,Aroor-Thuravoor Thekku,2026-06,0.2020442214858581,0
618605,Thuravoor Thekku-Paravoor,2026-04,0.27667325969694484,0
618605,Thuravoor Thekku-Paravoor,2026-05,0.21063216689124664,0
618605,Thuravoor Thekku-Paravoor,2026-06,0.38642292452615346,0
618606,Paravoor-Kottankulangara,2026-04,0.30824447557270285,0
618606,Paravoor-Kottankulangara,2026-05,0.2244742756680184,0
618606,Paravoor-Kottankulangara,2026-06,0.3545458556899788,0
618607,Kottankulangara- Start of Kollam Bypass,2026-04,0.2989930658646153,0
618607,Kottankulangara- Start of Kollam Bypass,2026-05,0.17953390040448922,0
618607,Kottankulangara- Start of Kollam Bypass,2026-06,0.3260356644707181,0
618608,4L of left-over works including additional structures from Kerala/Tamil Nadu border to Kanyakumari Section from Km 43.0 to Km 96.174 of NH66,2026-04,0.2601999872626313,0
618608,4L of left-over works including additional structures from Kerala/Tamil Nadu border to Kanyakumari Section from Km 43.0 to Km 96.174 of NH66,2026-05,0.20640995552976357,0
618608,4L of left-over works including additional structures from Kerala/Tamil Nadu border to Kanyakumari Section from Km 43.0 to Km 96.174 of NH66,2026-06,0.21479085920707097,0
618609,Construction of 4L Flyover from MES College Junction to Bogmalo Junction on NH- 566 from Km. 7.106 to Km. 10.460 and 4L VUP at Queeny Nagar Junction from Km. 3.330 to Km. 4.550,2026-04,0.24925006556679102,0
618609,Construction of 4L Flyover from MES College Junction to Bogmalo Junction on NH- 566 from Km. 7.106 to Km. 10.460 and 4L VUP at Queeny Nagar Junction from Km. 3.330 to Km. 4.550,2026-05,0.11690327834517661,0
618609,Construction of 4L Flyover from MES College Junction to Bogmalo Junction on NH- 566 from Km. 7.106 to Km. 10.460 and 4L VUP at Queeny Nagar Junction from Km. 3.330 to Km. 4.550,2026-06,0.26181793084069827,0
618610,6L of Jodhpur Romana Bathinda - Mandi Dabwali Punjab Haryana Border section of NH-54 from km. 0.000 to km. 27.400 of NH-54,2026-04,0.15377029401324202,0
618610,6L of Jodhpur Romana Bathinda - Mandi Dabwali Punjab Haryana Border section of NH-54 from km. 0.000 to km. 27.400 of NH-54,2026-05,0.09555425411016061,0
618610,6L of Jodhpur Romana Bathinda - Mandi Dabwali Punjab Haryana Border section of NH-54 from km. 0.000 to km. 27.400 of NH-54,2026-06,0.2953925001444151,0
618611,Sangariya near Chautala-Rasisar near Bikaner section of NH-754K Phase-I AJ/SR- Package-7,2026-04,0.17411949551326208,0
618611,Sangariya near Chautala-Rasisar near Bikaner section of NH-754K Phase-I AJ/SR- Package-7,2026-05,0.12859441235711222,0
618611,Sangariya near Chautala-Rasisar near Bikaner section of NH-754K Phase-I AJ/SR- Package-7,2026-06,0.3342715910633957,0
618612,Deogarh near Dhandhaniya-Rajasthan/Gujarat Border Phase-I AJ/DRGB-Package-6,2026-04,0.1601108569616513,0
618612,Deogarh near Dhandhaniya-Rajasthan/Gujarat Border Phase-I AJ/DRGB-Package-6,2026-05,0.12232576088437348,0
618612,Deogarh near Dhandhaniya-Rajasthan/Gujarat Border Phase-I AJ/DRGB-Package-6,2026-06,0.2273059621660526,0
618613,Deogarh near Dhandhaniya-Rajasthan/Gujarat Border Phase-I AJ/DRGB-Package-7,2026-04,0.15676177207034672,0
618613,Deogarh near Dhandhaniya-Rajasthan/Gujarat Border Phase-I AJ/DRGB-Package-7,2026-05,0.12278604055737401,0
618613,Deogarh near Dhandhaniya-Rajasthan/Gujarat Border Phase-I AJ/DRGB-Package-7,2026-06,0.35020001855424776,0
618614,Sanchore - Santalpur from km 67.000 - km 99.000 of NH-754K AJ-RGBS-Package-3,2026-04,0.14510667027114948,0
618615,Sanchore - Santalpur from km 99.000 - km 130.073 of NH-754K AJ-RGBS-Package-4,2026-04,0.1893018741665988,0
618615,Sanchore - Santalpur from km 99.000 - km 130.073 of NH-754K AJ-RGBS-Package-4,2026-05,0.23808530336065123,0
618615,Sanchore - Santalpur from km 99.000 - km 130.073 of NH-754K AJ-RGBS-Package-4,2026-06,0.3172599119249921,0
618616,4L of Dhrol bypass section of NH-151A Approx. length 5.7 Km & widening upto 4 laning of missing link of Amran section of NH-151A Approx. length 6.55 Km from existing Ch. 42000 to 48500 of ongoing Dhrol-Bhadra-Pipaliya section of NH-151A,2026-04,0.21825604665362225,0
618616,4L of Dhrol bypass section of NH-151A Approx. length 5.7 Km & widening upto 4 laning of missing link of Amran section of NH-151A Approx. length 6.55 Km from existing Ch. 42000 to 48500 of ongoing Dhrol-Bhadra-Pipaliya section of NH-151A,2026-05,0.12090572371512671,0
618616,4L of Dhrol bypass section of NH-151A Approx. length 5.7 Km & widening upto 4 laning of missing link of Amran section of NH-151A Approx. length 6.55 Km from existing Ch. 42000 to 48500 of ongoing Dhrol-Bhadra-Pipaliya section of NH-151A,2026-06,0.15184671381743747,0
618617,6L Amritsar-Bathinda Greenfield section from village Tiba on NE-5A to Jn. with Moga Jalandhar road NH-703 near Dharamkot from km 0.000 to km 39.000 of NH-754A Pkg-1,2026-04,0.24894869237716696,0
618617,6L Amritsar-Bathinda Greenfield section from village Tiba on NE-5A to Jn. with Moga Jalandhar road NH-703 near Dharamkot from km 0.000 to km 39.000 of NH-754A Pkg-1,2026-05,0.1436691154636508,0
618617,6L Amritsar-Bathinda Greenfield section from village Tiba on NE-5A to Jn. with Moga Jalandhar road NH-703 near Dharamkot from km 0.000 to km 39.000 of NH-754A Pkg-1,2026-06,0.2871986265740517,0
618618,6L Amritsar-Bathinda Greenfield section from Jn. with Bhagta Bhai Ka-Bhadaur Road near Dyalpura Bhai Ka to Jn. with Mandi Dabwali Bathinda Road on NH-54 near Sangat Kalan from km 93.000 to km 154.866 of NH-754A Pkg-3,2026-04,0.2523025068773196,0
618618,6L Amritsar-Bathinda Greenfield section from Jn. with Bhagta Bhai Ka-Bhadaur Road near Dyalpura Bhai Ka to Jn. with Mandi Dabwali Bathinda Road on NH-54 near Sangat Kalan from km 93.000 to km 154.866 of NH-754A Pkg-3,2026-05,0.14618069975983838,0
618618,6L Amritsar-Bathinda Greenfield section from Jn. with Bhagta Bhai Ka-Bhadaur Road near Dyalpura Bhai Ka to Jn. with Mandi Dabwali Bathinda Road on NH-54 near Sangat Kalan from km 93.000 to km 154.866 of NH-754A Pkg-3,2026-06,0.26864213466203923,0
618619,Bypass on Western side of Gwalior City,2026-04,0.15695989931415255,0
618619,Bypass on Western side of Gwalior City,2026-05,0.059218354381850774,0
618619,Bypass on Western side of Gwalior City,2026-06,0.13299598132440957,0
618620,"Additional works 2VUPs, MR-10 junction flyover and underpass in Six lane Indore- Dewas section of NH-52 in the state of Madhya Pradesh on EPC Mode",2026-04,0.1863063141650267,0
618620,"Additional works 2VUPs, MR-10 junction flyover and underpass in Six lane Indore- Dewas section of NH-52 in the state of Madhya Pradesh on EPC Mode",2026-05,0.11533594030125462,0
618620,"Additional works 2VUPs, MR-10 junction flyover and underpass in Six lane Indore- Dewas section of NH-52 in the state of Madhya Pradesh on EPC Mode",2026-06,0.15321036367704643,0
618621,Indore - Edlabad Pkg-II [Tejajinagar to Balwara],2026-04,0.23248255592108763,0
618621,Indore - Edlabad Pkg-II [Tejajinagar to Balwara],2026-05,0.12725894842968963,0
618621,Indore - Edlabad Pkg-II [Tejajinagar to Balwara],2026-06,0.2096532043771874,0
618622,4L of Indore - Boregaon Pkg-III [Balwara to Dhangaon] from km. 42.260 to km. 82.660 of NH347BG & 753L,2026-04,0.17413390387107464,0
618622,4L of Indore - Boregaon Pkg-III [Balwara to Dhangaon] from km. 42.260 to km. 82.660 of NH347BG & 753L,2026-05,0.12047745989516066,0
618622,4L of Indore - Boregaon Pkg-III [Balwara to Dhangaon] from km. 42.260 to km. 82.660 of NH347BG & 753L,2026-06,0.2388275819078223,0
618623,4L Boregaon Buzurg to Shahpur Pkg I of Boregaon Buzurg to Muktainagar of NH 753L,2026-04,0.18189126891302404,0
618623,4L Boregaon Buzurg to Shahpur Pkg I of Boregaon Buzurg to Muktainagar of NH 753L,2026-05,0.10158959835455876,0
618623,4L Boregaon Buzurg to Shahpur Pkg I of Boregaon Buzurg to Muktainagar of NH 753L,2026-06,0.1759058355880457,0
618624,Mangloor to Telangana Maharashtra Border,2026-04,0.1680283343760118,0
618625,Indore - Gujarat / MP Border from km. Km 9.500 to Km 171.000 of NH-59 in MP,2026-04,0.14695636984809912,0
618626,Four laning from Dive Ghat Km. 220.900 to Hadapsar Km. 234.150 of Mohol Alandi section Pkg VI of NH-965,2026-04,0.2833559537431818,0
618626,Four laning from Dive Ghat Km. 220.900 to Hadapsar Km. 234.150 of Mohol Alandi section Pkg VI of NH-965,2026-05,0.10079430574132602,0
618626,Four laning from Dive Ghat Km. 220.900 to Hadapsar Km. 234.150 of Mohol Alandi section Pkg VI of NH-965,2026-06,0.17009533750996622,0
618627,Construction of 7 Nos of Standalone safety structures/works at different locations on various NHs,2026-04,0.26395189353455883,0
618627,Construction of 7 Nos of Standalone safety structures/works at different locations on various NHs,2026-05,0.11492481045928002,0
618627,Construction of 7 Nos of Standalone safety structures/works at different locations on various NHs,2026-06,0.22475464483488206,0
618628,Strengthening of Existing Alignment of Pandharpur Town Part Bypassed Section of NH 965 from KM 36.230 to KM 44.230 from Chh. Shivaji Maharaj Chowk to Wakhari,2026-04,0.2740452077147026,0
618628,Strengthening of Existing Alignment of Pandharpur Town Part Bypassed Section of NH 965 from KM 36.230 to KM 44.230 from Chh. Shivaji Maharaj Chowk to Wakhari,2026-05,0.16709519406740408,0
618628,Strengthening of Existing Alignment of Pandharpur Town Part Bypassed Section of NH 965 from KM 36.230 to KM 44.230 from Chh. Shivaji Maharaj Chowk to Wakhari,2026-06,0.17390027367337116,0
618629,Nandigama Bypass and Kanchikacherla bypass,2026-04,0.16877911004518542,0
618629,Nandigama Bypass and Kanchikacherla bypass,2026-05,0.10123813107895051,0
618629,Nandigama Bypass and Kanchikacherla bypass,2026-06,0.2757105642173639,0
618630,6L of MH/KN Border Nimbal Village to KN/TS Border Singnodi Village from Km. 26.000 to Km. 97.000 in Gulbarga of NH-150C Pkg-II,2026-04,0.2497046109549331,0
618630,6L of MH/KN Border Nimbal Village to KN/TS Border Singnodi Village from Km. 26.000 to Km. 97.000 in Gulbarga of NH-150C Pkg-II,2026-05,0.16186551338423683,0
618630,6L of MH/KN Border Nimbal Village to KN/TS Border Singnodi Village from Km. 26.000 to Km. 97.000 in Gulbarga of NH-150C Pkg-II,2026-06,0.2564703548768055,0
618631,6L of MH/KN Border Nimbal Village to KN/TS Border Singnodi Village from Km. 162.5 to Km. 203.100 in Raichur of NH-150C Pkg-IV,2026-04,0.1632031982812991,0
618631,6L of MH/KN Border Nimbal Village to KN/TS Border Singnodi Village from Km. 162.5 to Km. 203.100 in Raichur of NH-150C Pkg-IV,2026-05,0.07790363540795302,0
618631,6L of MH/KN Border Nimbal Village to KN/TS Border Singnodi Village from Km. 162.5 to Km. 203.100 in Raichur of NH-150C Pkg-IV,2026-06,0.15449084573836291,0
618632,6L Access Controlled Greenfield Highway of Nandinne village to Julekal village from Km 202.900 to Km 242.200 Pkg-1,2026-04,0.18112312162881714,0
618632,6L Access Controlled Greenfield Highway of Nandinne village to Julekal village from Km 202.900 to Km 242.200 Pkg-1,2026-05,0.11960018395192976,0
618632,6L Access Controlled Greenfield Highway of Nandinne village to Julekal village from Km 202.900 to Km 242.200 Pkg-1,2026-06,0.1603777803234477,0
618633,4L of Kadapa China Orampadu section of NH-716 Package I of Kadapa-Renigunta section,2026-04,0.1414800653970247,0
618633,4L of Kadapa China Orampadu section of NH-716 Package I of Kadapa-Renigunta section,2026-05,0.033478049195331504,0
618633,4L of Kadapa China Orampadu section of NH-716 Package I of Kadapa-Renigunta section,2026-06,0.10709581063715594,0
618634,6L of Veera Kaveri Raja Puram to Pondavakkam from km 61.380 to km 96.040 of NH 716B Pkg-III,2026-04,0.20019261966215823,0
618634,6L of Veera Kaveri Raja Puram to Pondavakkam from km 61.380 to km 96.040 of NH 716B Pkg-III,2026-05,0.09044016804598379,0
618634,6L of Veera Kaveri Raja Puram to Pondavakkam from km 61.380 to km 96.040 of NH 716B Pkg-III,2026-06,0.19275539056940708,0
618635,6L of Pondavakkam to Kannigaipair from km 96.040 to km 116.100 of NH 716B Pkg- IV,2026-04,0.3194718241991934,0
618635,6L of Pondavakkam to Kannigaipair from km 96.040 to km 116.100 of NH 716B Pkg- IV,2026-05,0.1587756213012754,0
618635,6L of Pondavakkam to Kannigaipair from km 96.040 to km 116.100 of NH 716B Pkg- IV,2026-06,0.2559665928470328,0
618636,Akkalkot MH/KN border New Greenfield corridor from Km 512.000 to Km 548.400 of NH-150C part of Akkalkot KN/TS Border section Package XIV,2026-04,0.23728950108363853,0
618636,Akkalkot MH/KN border New Greenfield corridor from Km 512.000 to Km 548.400 of NH-150C part of Akkalkot KN/TS Border section Package XIV,2026-05,0.08858802526613405,0
618636,Akkalkot MH/KN border New Greenfield corridor from Km 512.000 to Km 548.400 of NH-150C part of Akkalkot KN/TS Border section Package XIV,2026-06,0.17111716469712454,0
618637,Bal. Works of Fagne Km. 510.000 to Maharashtra/Gujarat Border Km. 650.794,2026-04,0.22761206124246114,0
618637,Bal. Works of Fagne Km. 510.000 to Maharashtra/Gujarat Border Km. 650.794,2026-05,0.16602036525402974,0
618637,Bal. Works of Fagne Km. 510.000 to Maharashtra/Gujarat Border Km. 650.794,2026-06,0.4186876888300695,0
618638,Tarsod - Fagne section of NH-6,2026-04,0.2549476701252588,0
618639,4L of Bilaspur to Urga km 0.00 to 70.2 of NH-130A,2026-04,0.21634412596901853,0
618639,4L of Bilaspur to Urga km 0.00 to 70.2 of NH-130A,2026-05,0.184083486832307,0
618639,4L of Bilaspur to Urga km 0.00 to 70.2 of NH-130A,2026-06,0.32007348889435877,0
618640,4L of Urga - Pathalgaon from Km. 70.200 to km. 157.745 of NH-130A,2026-04,0.2862522236835286,0
618640,4L of Urga - Pathalgaon from Km. 70.200 to km. 157.745 of NH-130A,2026-05,0.14163021261149933,0
618640,4L of Urga - Pathalgaon from Km. 70.200 to km. 157.745 of NH-130A,2026-06,0.2894929365695909,0
618641,4 Lane of CG/JH Border-Gumla from km 0.000 to km 32.370 of NH-43 in the State of Jhrkhand,2026-04,0.17781917183114962,0
618641,4 Lane of CG/JH Border-Gumla from km 0.000 to km 32.370 of NH-43 in the State of Jhrkhand,2026-05,0.04349789106448779,0
618641,4 Lane of CG/JH Border-Gumla from km 0.000 to km 32.370 of NH-43 in the State of Jhrkhand,2026-06,0.1461128139111771,0
618642,4L of Palma to Gumla from km. 26.00 to km. 89.170 of NH-23,2026-04,0.22882644405059285,0
618642,4L of Palma to Gumla from km. 26.00 to km. 89.170 of NH-23,2026-05,0.1427571111729233,0
618642,4L of Palma to Gumla from km. 26.00 to km. 89.170 of NH-23,2026-06,0.29609767605872617,0
618644,4L of Ormanjhi-Gola section from Km 81.450 to Km 53.600 of NH- 320BPKG-II,2026-04,0.20557166028322368,0
618644,4L of Ormanjhi-Gola section from Km 81.450 to Km 53.600 of NH- 320BPKG-II,2026-05,0.16288321874549366,0
618644,4L of Ormanjhi-Gola section from Km 81.450 to Km 53.600 of NH- 320BPKG-II,2026-06,0.2618335235484543,0
618645,4L of Gola-BokaroJaina More section from Km 53.600 to Km 21.110 of NH-320PKG-1,2026-04,0.2455540166729153,0
618645,4L of Gola-BokaroJaina More section from Km 53.600 to Km 21.110 of NH-320PKG-1,2026-05,0.13795125413252055,0
618645,4L of Gola-BokaroJaina More section from Km 53.600 to Km 21.110 of NH-320PKG-1,2026-06,0.26530179332366166,0
618646,4L of Pathalgaon-Kunkuri-CG/JH Border section of NH-43 from Km. 00.000 to Km.104.250,2026-05,0.13032374612406625,0
618646,4L of Pathalgaon-Kunkuri-CG/JH Border section of NH-43 from Km. 00.000 to Km.104.250,2026-06,0.09180524043758113,0
618647,6L Access Controlled Ludhiana-Bathinda Greenfield highway from Jn. with Amritsar- Bathanda Greenfield Road NH-754A near Rampura Phul to Jn. with Moga-Barnala Road NH-703 near village Tallewal from Km 0.0 to Km 30.3 of NH-754AD Pkg-1,2026-04,0.2413196078219124,0
618647,6L Access Controlled Ludhiana-Bathinda Greenfield highway from Jn. with Amritsar- Bathanda Greenfield Road NH-754A near Rampura Phul to Jn. with Moga-Barnala Road NH-703 near village Tallewal from Km 0.0 to Km 30.3 of NH-754AD Pkg-1,2026-05,0.12306741683805399,0
618647,6L Access Controlled Ludhiana-Bathinda Greenfield highway from Jn. with Amritsar- Bathanda Greenfield Road NH-754A near Rampura Phul to Jn. with Moga-Barnala Road NH-703 near village Tallewal from Km 0.0 to Km 30.3 of NH-754AD Pkg-1,2026-06,0.22514443058610045,0
618648,"Development of 6-lane Greenfield Southern Ludhiana Bypass from intersection with NH-44 near Village Rajgarh to intersection with Delhi Katra Expressway NE-5 near Village Ballowal, km 0000 to km 25240",2026-06,0.1831540276308975,0
618649,4 Lane with PS from Des. Ch 228.500 to Des. Ch. 273.400 of Belgaum-Hungund- Raichur Section of NH 748 A Package-6,2026-04,0.22206053946776463,0
618649,4 Lane with PS from Des. Ch 228.500 to Des. Ch. 273.400 of Belgaum-Hungund- Raichur Section of NH 748 A Package-6,2026-05,0.12999488287719865,0
618649,4 Lane with PS from Des. Ch 228.500 to Des. Ch. 273.400 of Belgaum-Hungund- Raichur Section of NH 748 A Package-6,2026-06,0.18902566469377757,0
618650,4 Lane with PS from Des. Ch 89.900 to Des. Ch. 136.100 of Belgaum-Hungund- Raichur Section of NH-748A Package-3,2026-04,0.18437801892117361,0
618650,4 Lane with PS from Des. Ch 89.900 to Des. Ch. 136.100 of Belgaum-Hungund- Raichur Section of NH-748A Package-3,2026-05,0.0796493013702961,0
618650,4 Lane with PS from Des. Ch 89.900 to Des. Ch. 136.100 of Belgaum-Hungund- Raichur Section of NH-748A Package-3,2026-06,0.16747835860701724,0
618651,4 Lane with PS from Des. Ch 43.800 to Des. Ch. 89.900 of Belgaum-Hungund- Raichur Section of NH-748A Package-2,2026-04,0.24636567099049117,0
618651,4 Lane with PS from Des. Ch 43.800 to Des. Ch. 89.900 of Belgaum-Hungund- Raichur Section of NH-748A Package-2,2026-05,0.14893691384630023,0
618651,4 Lane with PS from Des. Ch 43.800 to Des. Ch. 89.900 of Belgaum-Hungund- Raichur Section of NH-748A Package-2,2026-06,0.19464643998623155,0
618652,Chakur Loha Section of NH-361 from km 114.600 to km 187.80,2026-04,0.19920718020602315,0
618653,Loha-Waranga Section of NH-361 from km 187.800 to km 244.369,2026-04,0.22703274600556317,0
618653,Loha-Waranga Section of NH-361 from km 187.800 to km 244.369,2026-05,0.15916811598703468,0
618653,Loha-Waranga Section of NH-361 from km 187.800 to km 244.369,2026-06,0.3915768910006897,0
618654,4L Greenfield Rudhi to Deshgaon Pkg V of Betul-Khandwa/Deshgaon,2026-04,0.22317252741027394,0
618654,4L Greenfield Rudhi to Deshgaon Pkg V of Betul-Khandwa/Deshgaon,2026-05,0.1257895982329901,0
618654,4L Greenfield Rudhi to Deshgaon Pkg V of Betul-Khandwa/Deshgaon,2026-06,0.18908944253983628,0
618655,2L PS of Roshni to Ashapur Section of NH-347B from Design KM Ch. 89.900 to 114.000 KM Package III of Betul Khandwa,2026-04,0.2137731272058168,0
618655,2L PS of Roshni to Ashapur Section of NH-347B from Design KM Ch. 89.900 to 114.000 KM Package III of Betul Khandwa,2026-05,0.13042026488029296,0
618655,2L PS of Roshni to Ashapur Section of NH-347B from Design KM Ch. 89.900 to 114.000 KM Package III of Betul Khandwa,2026-06,0.1500617089335513,0
618661,4L from km 0.000 to 42.040 Bhopal Ratnaigiri Tiraha to Vidisha Morikodi,2026-04,0.15549391728627288,0
618661,4L from km 0.000 to 42.040 Bhopal Ratnaigiri Tiraha to Vidisha Morikodi,2026-05,0.05123426464168752,0
618661,4L from km 0.000 to 42.040 Bhopal Ratnaigiri Tiraha to Vidisha Morikodi,2026-06,0.1481367152690152,0
618662,4L Vidisha Gyaraspur section of NH-146 from Design Chainage km 59475 existing chainage km 81240 to Design Chainage km 88361 existing chainage km 110.315,2026-04,0.1530532726850047,0
618662,4L Vidisha Gyaraspur section of NH-146 from Design Chainage km 59475 existing chainage km 81240 to Design Chainage km 88361 existing chainage km 110.315,2026-05,0.05372797462985299,0
618662,4L Vidisha Gyaraspur section of NH-146 from Design Chainage km 59475 existing chainage km 81240 to Design Chainage km 88361 existing chainage km 110.315,2026-06,0.1189873867604632,0
618663,i 4L Vidisha to Hinotiya from km 0.000 to Km 27.000 Vidisha Mehulwa-Talbehat Pkg- I Section of NH- 346 and ii 4L Vidisha to Morikori from Km 39.000 to 59.476 section of NH-146,2026-04,0.20413881166647638,0
618663,i 4L Vidisha to Hinotiya from km 0.000 to Km 27.000 Vidisha Mehulwa-Talbehat Pkg- I Section of NH- 346 and ii 4L Vidisha to Morikori from Km 39.000 to 59.476 section of NH-146,2026-05,0.11347324365016677,0
618663,i 4L Vidisha to Hinotiya from km 0.000 to Km 27.000 Vidisha Mehulwa-Talbehat Pkg- I Section of NH- 346 and ii 4L Vidisha to Morikori from Km 39.000 to 59.476 section of NH-146,2026-06,0.15885144537330265,0
618664,Berkhedi to Godpehra on NH-44 Sagar link road,2026-04,0.14294497171461062,0
618664,Berkhedi to Godpehra on NH-44 Sagar link road,2026-05,0.09058376812644733,0
618664,Berkhedi to Godpehra on NH-44 Sagar link road,2026-06,0.1546227038217829,0
618665,4L of Sagar - Mohari from Km.8 to Km.50 Pkg-I,2026-04,0.17094501458910794,0
618666,4- Laning of Mohari to Satai Ghat section NH-934 from Km 50300 to Km 89875 Total length 39.575 km Package-2 in the State of Madhya Pradesh on EPC Mode,2026-04,0.20423772597258774,0
618666,4- Laning of Mohari to Satai Ghat section NH-934 from Km 50300 to Km 89875 Total length 39.575 km Package-2 in the State of Madhya Pradesh on EPC Mode,2026-05,0.14880412779461002,0
618666,4- Laning of Mohari to Satai Ghat section NH-934 from Km 50300 to Km 89875 Total length 39.575 km Package-2 in the State of Madhya Pradesh on EPC Mode,2026-06,0.17480487497196018,0
618667,4L of near Satai Ghat to Chowka section of NH-34 from D. Ch. 89.875 to D. Ch. 145.000 Package-3,2026-04,0.1700068567362676,0
618667,4L of near Satai Ghat to Chowka section of NH-34 from D. Ch. 89.875 to D. Ch. 145.000 Package-3,2026-05,0.06757717739970363,0
618667,4L of near Satai Ghat to Chowka section of NH-34 from D. Ch. 89.875 to D. Ch. 145.000 Package-3,2026-06,0.17974482054146718,0
618668,4L of Chowka to Kaimaha near MP/UP Border section NH-34 from D. Ch. 145.000 to D. Ch. 197.266 excluding existing Chhatarpur bypass from D. Ch. 160.307 to D. Ch. 168.630 Package-4,2026-04,0.16803828456868541,0
618668,4L of Chowka to Kaimaha near MP/UP Border section NH-34 from D. Ch. 145.000 to D. Ch. 197.266 excluding existing Chhatarpur bypass from D. Ch. 160.307 to D. Ch. 168.630 Package-4,2026-05,0.047930062191467504,0
618668,4L of Chowka to Kaimaha near MP/UP Border section NH-34 from D. Ch. 145.000 to D. Ch. 197.266 excluding existing Chhatarpur bypass from D. Ch. 160.307 to D. Ch. 168.630 Package-4,2026-06,0.1886208635602884,0
618669,4 -Laning of MP/UP Border to Kabarai section of NH-34&35 from km 197.000 to km 242.991 Length 45.991 Km Sagar-Kabrai Package-5 under Bharat Mala Pariyojana EC in MP & UP on HAM,2026-04,0.24048446153283518,0
618669,4 -Laning of MP/UP Border to Kabarai section of NH-34&35 from km 197.000 to km 242.991 Length 45.991 Km Sagar-Kabrai Package-5 under Bharat Mala Pariyojana EC in MP & UP on HAM,2026-05,0.1085417687967448,0
618669,4 -Laning of MP/UP Border to Kabarai section of NH-34&35 from km 197.000 to km 242.991 Length 45.991 Km Sagar-Kabrai Package-5 under Bharat Mala Pariyojana EC in MP & UP on HAM,2026-06,0.21949507607236696,0
618671,4-lanning of Rahatgarh to Berkhedi section of NH-146 from Design Ch 124470 to Ch. 134.549,2026-04,0.1619698163559457,0
618671,4-lanning of Rahatgarh to Berkhedi section of NH-146 from Design Ch 124470 to Ch. 134.549,2026-05,0.04827021002473229,0
618671,4-lanning of Rahatgarh to Berkhedi section of NH-146 from Design Ch 124470 to Ch. 134.549,2026-06,0.1149579402661009,0
618672,4-lanning of Gyaraspur to Rahatgarh section of NH-146 from Design Ch. 88361 to Ch 124470 in the state of MP on HAM mode,2026-04,0.17060896195112588,0
618672,4-lanning of Gyaraspur to Rahatgarh section of NH-146 from Design Ch. 88361 to Ch 124470 in the state of MP on HAM mode,2026-05,0.06959739749752551,0
618672,4-lanning of Gyaraspur to Rahatgarh section of NH-146 from Design Ch. 88361 to Ch 124470 in the state of MP on HAM mode,2026-06,0.1406355028108381,0
618673,Development of 6L of Jhanki Sargi Section Road from km 0.000 to km 42.800 of NH- 130CD Pkg-CG-1,2026-04,0.16708252094600676,0
618673,Development of 6L of Jhanki Sargi Section Road from km 0.000 to km 42.800 of NH- 130CD Pkg-CG-1,2026-05,0.1157405354268724,0
618673,Development of 6L of Jhanki Sargi Section Road from km 0.000 to km 42.800 of NH- 130CD Pkg-CG-1,2026-06,0.1905966959206753,0
618674,Development of 6L Sargi Basanwahi Section from km 42.800 to km 99.500 of NH- 130CD Pkg-CG-2,2026-04,0.20064694086289486,0
618674,Development of 6L Sargi Basanwahi Section from km 42.800 to km 99.500 of NH- 130CD Pkg-CG-2,2026-05,0.08728643937998934,0
618674,Development of 6L Sargi Basanwahi Section from km 42.800 to km 99.500 of NH- 130CD Pkg-CG-2,2026-06,0.1633963144511287,0
618675,Development of 6L of Basanwahi Marangpuri Section from km 99.500 to km 124.661 of NH-130-CD,2026-04,0.23642801881475325,0
618675,Development of 6L of Basanwahi Marangpuri Section from km 99.500 to km 124.661 of NH-130-CD,2026-05,0.13101711064236254,0
618675,Development of 6L of Basanwahi Marangpuri Section from km 99.500 to km 124.661 of NH-130-CD,2026-06,0.19902674968383685,0
618676,6L of Dhanara - Hatibena Section from Km 124.611 to km 146.50 of NH-130-CD Package OD-1,2026-04,0.1631946502616779,0
618677,6L Greenfield Kaliagura Baunsaguar Section of NH-130-CD Road from km 249000 to km 293000 Package OD-5,2026-04,0.21149352799600268,0
618677,6L Greenfield Kaliagura Baunsaguar Section of NH-130-CD Road from km 249000 to km 293000 Package OD-5,2026-05,0.14369164718419186,0
618677,6L Greenfield Kaliagura Baunsaguar Section of NH-130-CD Road from km 249000 to km 293000 Package OD-5,2026-06,0.2573600925871824,0
618678,6L Greenfield Baunsaguar - Baraja Section of NH-130-CD Road from km 293000 to km 338500 Package OD-6,2026-04,0.1669028619604429,0
618678,6L Greenfield Baunsaguar - Baraja Section of NH-130-CD Road from km 293000 to km 338500 Package OD-6,2026-05,0.08850600741668475,0
618678,6L Greenfield Baunsaguar - Baraja Section of NH-130-CD Road from km 293000 to km 338500 Package OD-6,2026-06,0.22138187989059244,0
618680,6L Greenfield Kandili - Aluru Section of NH-130-CD Road from km 342500 to km 365033 Package-OD-8,2026-04,0.19943908173770186,0
618680,6L Greenfield Kandili - Aluru Section of NH-130-CD Road from km 342500 to km 365033 Package-OD-8,2026-05,0.15160161558678992,0
618680,6L Greenfield Kandili - Aluru Section of NH-130-CD Road from km 342500 to km 365033 Package-OD-8,2026-06,0.2232530871943436,0
618681,6L Aluru - Jakkuva Section of NH-130CD Road from km 365.033 to km 396.800 Pkg. 1,2026-04,0.20091214672292612,0
618681,6L Aluru - Jakkuva Section of NH-130CD Road from km 365.033 to km 396.800 Pkg. 1,2026-05,0.12083885122449699,0
618681,6L Aluru - Jakkuva Section of NH-130CD Road from km 365.033 to km 396.800 Pkg. 1,2026-06,0.16402757976754878,0
618682,6L Korlam-Kantakapalle Section of NH-130CD Road from Km 421.100 to Km 445.100 Pkg-3,2026-04,0.1459282620211376,0
618682,6L Korlam-Kantakapalle Section of NH-130CD Road from Km 421.100 to Km 445.100 Pkg-3,2026-05,0.11310196966606045,0
618682,6L Korlam-Kantakapalle Section of NH-130CD Road from Km 421.100 to Km 445.100 Pkg-3,2026-06,0.19997681148578628,0
618684,Outer Ring Road of Jabalpur Town from Manegaon to NH-45 Pkg-2,2026-04,0.2037876903968221,0
618684,Outer Ring Road of Jabalpur Town from Manegaon to NH-45 Pkg-2,2026-05,0.11434197482284975,0
618684,Outer Ring Road of Jabalpur Town from Manegaon to NH-45 Pkg-2,2026-06,0.1561694276132294,0
618685,Outer Ring Road of Jabalpur Town from NH45 to Kushner Pkg-3,2026-04,0.20678492989803293,0
618685,Outer Ring Road of Jabalpur Town from NH45 to Kushner Pkg-3,2026-05,0.10908614201744773,0
618685,Outer Ring Road of Jabalpur Town from NH45 to Kushner Pkg-3,2026-06,0.17268510149355112,0
618686,Outer Ring Road of Jabalpur Town from Kushner to Amjhar Road including Airport Connectivity Pkg-IV,2026-04,0.2092244353709675,0
618686,Outer Ring Road of Jabalpur Town from Kushner to Amjhar Road including Airport Connectivity Pkg-IV,2026-05,0.11650862915092437,0
618686,Outer Ring Road of Jabalpur Town from Kushner to Amjhar Road including Airport Connectivity Pkg-IV,2026-06,0.13964858111876577,0
618687,Outer Ring Road of Jabalpur Town from Barela to Manegaon Pkg-1,2026-04,0.13837828627000434,0
618687,Outer Ring Road of Jabalpur Town from Barela to Manegaon Pkg-1,2026-05,0.10205023933227088,0
618687,Outer Ring Road of Jabalpur Town from Barela to Manegaon Pkg-1,2026-06,0.12062630944587713,0
618688,Outer Ring Road of Jabalpur Town from Amjhar Road including Airport Connectivity to barela Pkg-V,2026-04,0.17953643542738112,0
618688,Outer Ring Road of Jabalpur Town from Amjhar Road including Airport Connectivity to barela Pkg-V,2026-05,0.05055686214811424,0
618688,Outer Ring Road of Jabalpur Town from Amjhar Road including Airport Connectivity to barela Pkg-V,2026-06,0.10617428861908049,0
618690,"4 lanning of Aligarh Palwal section from km 0.00 to km 46.39 package -1 from khereshwar junction-kurana of NH33D , including khair & jattari bypass in the state of UP on HAM mode",2026-04,0.19458432199775885,0
618690,"4 lanning of Aligarh Palwal section from km 0.00 to km 46.39 package -1 from khereshwar junction-kurana of NH33D , including khair & jattari bypass in the state of UP on HAM mode",2026-05,0.0834110351982228,0
618690,"4 lanning of Aligarh Palwal section from km 0.00 to km 46.39 package -1 from khereshwar junction-kurana of NH33D , including khair & jattari bypass in the state of UP on HAM mode",2026-06,0.13276324040412368,0
618691,4 laning of Aligarh-Palwal Section from Km. 46.390 Design Chainage to Km. 69.110 Terminating at junction EPE Package-II from Kurana- Eastern Peripheral Expressway of NH-334D,2026-04,0.1734407144211068,0
618691,4 laning of Aligarh-Palwal Section from Km. 46.390 Design Chainage to Km. 69.110 Terminating at junction EPE Package-II from Kurana- Eastern Peripheral Expressway of NH-334D,2026-05,0.05073305763096707,0
618691,4 laning of Aligarh-Palwal Section from Km. 46.390 Design Chainage to Km. 69.110 Terminating at junction EPE Package-II from Kurana- Eastern Peripheral Expressway of NH-334D,2026-06,0.13608741135568897,0
618692,Aligarh-Kanpur Pkg I [Aligarh-Bhadwas],2026-04,0.15678758651126296,0
618692,Aligarh-Kanpur Pkg I [Aligarh-Bhadwas],2026-05,0.13465394901969666,0
618693,Bodhre - Dhule,2026-04,0.19472687717417264,0
618693,Bodhre - Dhule,2026-05,0.09368901968163063,0
618693,Bodhre - Dhule,2026-06,0.16917553123358928,0
618694,Indore - Harda Pkg-I [Indore to Raghav Garh from km. 0.25 to km. 26.903],2026-04,0.1618099329416306,0
618694,Indore - Harda Pkg-I [Indore to Raghav Garh from km. 0.25 to km. 26.903],2026-05,0.09686005425457396,0
618694,Indore - Harda Pkg-I [Indore to Raghav Garh from km. 0.25 to km. 26.903],2026-06,0.18592628876063097,0
618695,Indore - Harda Pkg-III [Nanasa to Pidgaon Section from km 95.000 to km 142.445],2026-04,0.1739346134838453,0
618697,4LPS Access Controlled Highway of Bellary Bypass Balance work from Ch. 254750 to Ch. 266837 and construction of 4LPS from Ch. 277.690 to Ch. 278.690 at D. Hirehal Village Balance work of NH 150A of Bellary Byrapura Section,2026-04,0.22165081444012966,0
618697,4LPS Access Controlled Highway of Bellary Bypass Balance work from Ch. 254750 to Ch. 266837 and construction of 4LPS from Ch. 277.690 to Ch. 278.690 at D. Hirehal Village Balance work of NH 150A of Bellary Byrapura Section,2026-05,0.1213474530007331,0
618697,4LPS Access Controlled Highway of Bellary Bypass Balance work from Ch. 254750 to Ch. 266837 and construction of 4LPS from Ch. 277.690 to Ch. 278.690 at D. Hirehal Village Balance work of NH 150A of Bellary Byrapura Section,2026-06,0.17626647719803307,0
618698,Challakere to Hariyur section from km 358.500 to km 414.205 of NH-150 A,2026-04,0.1566578679866183,0
618699,Pipli Bhavnagar-Package 1 from km 136.025 to km 169.328,2026-04,0.1462388802756439,0
618700,Renigunta - Poyya - Naidupeta km 124.60 to km 183.4 of NH 71,2026-04,0.1741617530748955,0
618700,Renigunta - Poyya - Naidupeta km 124.60 to km 183.4 of NH 71,2026-05,0.1579661787200598,0
618700,Renigunta - Poyya - Naidupeta km 124.60 to km 183.4 of NH 71,2026-06,0.3487306076554964,0
618701,Balance work of 4L of Nauradehi Sanctuary de-scoped stretch of Hiran River to Sindoor River from Km. 66.00 to 130.00 NH-12 New NH-45,2026-04,0.2562729288855989,0
618702,4L of Addahole Near Gundya to Bantwal Cross section Pkg-02 from Design Km 270.270 to Design km 318.55 including flyover at Kalladka Town including approaches from Km. 311.57 to Km. 313.67 of NH-75 Old NH-48,2026-04,0.22621655488007164,0
618702,4L of Addahole Near Gundya to Bantwal Cross section Pkg-02 from Design Km 270.270 to Design km 318.55 including flyover at Kalladka Town including approaches from Km. 311.57 to Km. 313.67 of NH-75 Old NH-48,2026-05,0.1789050940990312,0
618702,4L of Addahole Near Gundya to Bantwal Cross section Pkg-02 from Design Km 270.270 to Design km 318.55 including flyover at Kalladka Town including approaches from Km. 311.57 to Km. 313.67 of NH-75 Old NH-48,2026-06,0.42181767550270666,0
618704,6L Flyover including RE Wall approaches with Flexible Pavement in the Elephant Corridor of Angul Sambalpur Section of NH-42 New NH-55 Km.202.533,2026-04,0.1836060686665333,0
618704,6L Flyover including RE Wall approaches with Flexible Pavement in the Elephant Corridor of Angul Sambalpur Section of NH-42 New NH-55 Km.202.533,2026-05,0.1294032313156491,0
618704,6L Flyover including RE Wall approaches with Flexible Pavement in the Elephant Corridor of Angul Sambalpur Section of NH-42 New NH-55 Km.202.533,2026-06,0.15335659084843403,0
618705,"4L Godibandha to Ballhar Chhak, Ballhar Chhak to Banarpal & Banarpal to Start of Angul bypass at Km.314.130 to Km.321.035 of NH53, at Km.75.200 to Km.84.000 of NH149 & at Km.84.000 to Km.86.100 of NH55",2026-04,0.16598490050280096,0
618705,"4L Godibandha to Ballhar Chhak, Ballhar Chhak to Banarpal & Banarpal to Start of Angul bypass at Km.314.130 to Km.321.035 of NH53, at Km.75.200 to Km.84.000 of NH149 & at Km.84.000 to Km.86.100 of NH55",2026-05,0.06468242653865013,0
618705,"4L Godibandha to Ballhar Chhak, Ballhar Chhak to Banarpal & Banarpal to Start of Angul bypass at Km.314.130 to Km.321.035 of NH53, at Km.75.200 to Km.84.000 of NH149 & at Km.84.000 to Km.86.100 of NH55",2026-06,0.13012005164766854,0
618706,Bangalore-Nidagatta Pkg. I,2026-04,0.15110417028344136,0
618706,Bangalore-Nidagatta Pkg. I,2026-05,0.11295275815787725,0
618706,Bangalore-Nidagatta Pkg. I,2026-06,0.3202049681941759,0
618707,Additional works under BM1 to ensure road safety under 6L of Bengaluru Mysuru Access control with close toll from Km.17.300 to Km.136.300 of NH-275,2026-04,0.15913855063450935,0
618707,Additional works under BM1 to ensure road safety under 6L of Bengaluru Mysuru Access control with close toll from Km.17.300 to Km.136.300 of NH-275,2026-05,0.054670480311811785,0
618707,Additional works under BM1 to ensure road safety under 6L of Bengaluru Mysuru Access control with close toll from Km.17.300 to Km.136.300 of NH-275,2026-06,0.09587140721820496,0
618708,Widening/Development of Existing NH-85 from Km 0.000 to Km 124.636 section to 2L/LPS section in the state of Kerala on EPC Mode under Bharatmala Pariyojana,2026-04,0.27601719346307324,0
618708,Widening/Development of Existing NH-85 from Km 0.000 to Km 124.636 section to 2L/LPS section in the state of Kerala on EPC Mode under Bharatmala Pariyojana,2026-05,0.23478553145464004,0
618708,Widening/Development of Existing NH-85 from Km 0.000 to Km 124.636 section to 2L/LPS section in the state of Kerala on EPC Mode under Bharatmala Pariyojana,2026-06,0.20632285863207592,0
618709,4L of Left-Over Works of Hospet-Bellary -Karnataka/AP border from Km.280.080 Dec.Ch. to Km.375450Des.Ch. of NH-63 New-67,2026-04,0.15555417514591102,0
618709,4L of Left-Over Works of Hospet-Bellary -Karnataka/AP border from Km.280.080 Dec.Ch. to Km.375450Des.Ch. of NH-63 New-67,2026-05,0.10549017804895075,0
618709,4L of Left-Over Works of Hospet-Bellary -Karnataka/AP border from Km.280.080 Dec.Ch. to Km.375450Des.Ch. of NH-63 New-67,2026-06,0.1302905036172757,0
618710,DL/UP Border - EPE Crossing Pkg-02,2026-04,0.21342143072003197,0
618710,DL/UP Border - EPE Crossing Pkg-02,2026-05,0.24065304935138465,0
618710,DL/UP Border - EPE Crossing Pkg-02,2026-06,0.37348945062376704,0
618711,6L with access control provision Saharanpur bypass to Ganeshpur section from 13.89 Km to 41.820 Km of Delhi- Dehradun Economic Corridor package-2,2026-04,0.13649102249247858,0
618711,6L with access control provision Saharanpur bypass to Ganeshpur section from 13.89 Km to 41.820 Km of Delhi- Dehradun Economic Corridor package-2,2026-05,0.08889772125658324,0
618711,6L with access control provision Saharanpur bypass to Ganeshpur section from 13.89 Km to 41.820 Km of Delhi- Dehradun Economic Corridor package-2,2026-06,0.1421700232422209,0
618712,6L Access Controlled Greenfield Highway from Kodur Ch. 0000 to Vanavolu Ch. 24300 of [NH-544G] Package-1,2026-04,0.13808069667801698,0
618712,6L Access Controlled Greenfield Highway from Kodur Ch. 0000 to Vanavolu Ch. 24300 of [NH-544G] Package-1,2026-05,0.0791236152984277,0
618712,6L Access Controlled Greenfield Highway from Kodur Ch. 0000 to Vanavolu Ch. 24300 of [NH-544G] Package-1,2026-06,0.13641229115677145,0
618713,6L Access Controlled Greenfield Highway from Yerragudipadu Ch. 129000 to Audireddipalle Ch. 160000 of [NH 544G] Package-6,2026-04,0.1551289573077673,0
618713,6L Access Controlled Greenfield Highway from Yerragudipadu Ch. 129000 to Audireddipalle Ch. 160000 of [NH 544G] Package-6,2026-05,0.1374316478859844,0
618713,6L Access Controlled Greenfield Highway from Yerragudipadu Ch. 129000 to Audireddipalle Ch. 160000 of [NH 544G] Package-6,2026-06,0.14834098617337804,0
618714,6L Access Controlled Greenfield Highway from Nallacheruvu palli Ch. 96300 to Yerragudipadu Ch. 129000 of [NH-544G] Package-5,2026-04,0.19010140736106299,0
618714,6L Access Controlled Greenfield Highway from Nallacheruvu palli Ch. 96300 to Yerragudipadu Ch. 129000 of [NH-544G] Package-5,2026-05,0.10357371591348477,0
618714,6L Access Controlled Greenfield Highway from Nallacheruvu palli Ch. 96300 to Yerragudipadu Ch. 129000 of [NH-544G] Package-5,2026-06,0.20777747878478442,0
618715,6L Access Controlled Greenfield Highway from Odulapalle Ch. 72000 to Nallacheruvu- palli Ch. 96300 of [NH-544G]Package-4,2026-04,0.16164261810907338,0
618715,6L Access Controlled Greenfield Highway from Odulapalle Ch. 72000 to Nallacheruvu- palli Ch. 96300 of [NH-544G]Package-4,2026-05,0.09665767978452658,0
618715,6L Access Controlled Greenfield Highway from Odulapalle Ch. 72000 to Nallacheruvu- palli Ch. 96300 of [NH-544G]Package-4,2026-06,0.15305034770931344,0
618716,6L Access Controlled Greenfield Highway from Vankarakunta Ch. 45700 to Odulapalle Ch. 72000 of [NH-544G]Package-3,2026-04,0.1489174371257468,0
618716,6L Access Controlled Greenfield Highway from Vankarakunta Ch. 45700 to Odulapalle Ch. 72000 of [NH-544G]Package-3,2026-05,0.07944139326430424,0
618716,6L Access Controlled Greenfield Highway from Vankarakunta Ch. 45700 to Odulapalle Ch. 72000 of [NH-544G]Package-3,2026-06,0.11249220962238449,0
618717,6L Access Controlled Greenfield Highway from Vanavolu Ch. 24300 to Vankarakunta Ch. 45700 of [NH-544G] Package-2,2026-04,0.14680276587277388,0
618717,6L Access Controlled Greenfield Highway from Vanavolu Ch. 24300 to Vankarakunta Ch. 45700 of [NH-544G] Package-2,2026-05,0.08251595827073063,0
618717,6L Access Controlled Greenfield Highway from Vanavolu Ch. 24300 to Vankarakunta Ch. 45700 of [NH-544G] Package-2,2026-06,0.11990467922993121,0
618718,6L Access Controlled Greenfield Highway from Kavulakuntla Ch. 196000 to Narayanmpet Ch. 203500Package-09,2026-04,0.2143139267949332,0
618718,6L Access Controlled Greenfield Highway from Kavulakuntla Ch. 196000 to Narayanmpet Ch. 203500Package-09,2026-05,0.11370218127477294,0
618718,6L Access Controlled Greenfield Highway from Kavulakuntla Ch. 196000 to Narayanmpet Ch. 203500Package-09,2026-06,0.16624393738760818,0
618719,6L Access Controlled Greenfield Highway from Mallapalle Ch. 176000 to Kavulakuntla Ch. 196000 Package-08,2026-04,0.168034300619116,0
618719,6L Access Controlled Greenfield Highway from Mallapalle Ch. 176000 to Kavulakuntla Ch. 196000 Package-08,2026-05,0.09706717606374611,0
618719,6L Access Controlled Greenfield Highway from Mallapalle Ch. 176000 to Kavulakuntla Ch. 196000 Package-08,2026-06,0.1304369345454454,0
618720,6L Access Controlled Greenfield Highway from Audireddipalle Ch. 160000 to Mallapalle Ch. 176000Package-07,2026-04,0.15781015845029403,0
618720,6L Access Controlled Greenfield Highway from Audireddipalle Ch. 160000 to Mallapalle Ch. 176000Package-07,2026-05,0.09017963749346157,0
618720,6L Access Controlled Greenfield Highway from Audireddipalle Ch. 160000 to Mallapalle Ch. 176000Package-07,2026-06,0.11966205952516384,0
618721,6L Access Controlled Greenfield Highway from Chandrasekharapuram Ch. 228000 to Polavaram Ch. 260000of [NH-544G] Package-11,2026-04,0.17045949410042682,0
618721,6L Access Controlled Greenfield Highway from Chandrasekharapuram Ch. 228000 to Polavaram Ch. 260000of [NH-544G] Package-11,2026-05,0.08093475866559778,0
618721,6L Access Controlled Greenfield Highway from Chandrasekharapuram Ch. 228000 to Polavaram Ch. 260000of [NH-544G] Package-11,2026-06,0.13588707077179213,0
618722,6L access Controlled Greenfield Highway from Gogwan Jalalpur Shamli to Ranipur Barsi Saharanpur of Shamli -Ambala section Package-I Design Ch. Form km 00.600 to km 45.500,2026-04,0.2598189027955666,0
618722,6L access Controlled Greenfield Highway from Gogwan Jalalpur Shamli to Ranipur Barsi Saharanpur of Shamli -Ambala section Package-I Design Ch. Form km 00.600 to km 45.500,2026-05,0.15601187983897985,0
618722,6L access Controlled Greenfield Highway from Gogwan Jalalpur Shamli to Ranipur Barsi Saharanpur of Shamli -Ambala section Package-I Design Ch. Form km 00.600 to km 45.500,2026-06,0.26658658009498787,0
618723,6L access Controlled Greenfield Highway from Ranipur Barsi to Adhoya Musalmana section of Shamli -Ambala Package-II Design Ch. Form km 45.500 to km 84.400,2026-04,0.25593705114160703,0
618723,6L access Controlled Greenfield Highway from Ranipur Barsi to Adhoya Musalmana section of Shamli -Ambala Package-II Design Ch. Form km 45.500 to km 84.400,2026-05,0.19157348740235824,0
618723,6L access Controlled Greenfield Highway from Ranipur Barsi to Adhoya Musalmana section of Shamli -Ambala Package-II Design Ch. Form km 45.500 to km 84.400,2026-06,0.19631853123246842,0
618724,6L Greenfield Varanasi-Ranchi-Kolkata Highway from Anarbansalea village to Sagrampur village From KM. 151200 to KM. 184700Package-7,2026-04,0.18552036388821355,0
618724,6L Greenfield Varanasi-Ranchi-Kolkata Highway from Anarbansalea village to Sagrampur village From KM. 151200 to KM. 184700Package-7,2026-05,0.09082897862273007,0
618724,6L Greenfield Varanasi-Ranchi-Kolkata Highway from Anarbansalea village to Sagrampur village From KM. 151200 to KM. 184700Package-7,2026-06,0.14205247810925734,0
618725,6L Greenfield Varanasi-Ranchi-Kolkata Highway from Pachmon village to Anarbansalea village From KM. 116000 to KM. 151200 Package-6,2026-04,0.17739790047501489,0
618725,6L Greenfield Varanasi-Ranchi-Kolkata Highway from Pachmon village to Anarbansalea village From KM. 116000 to KM. 151200 Package-6,2026-05,0.06445918896596256,0
618725,6L Greenfield Varanasi-Ranchi-Kolkata Highway from Pachmon village to Anarbansalea village From KM. 116000 to KM. 151200 Package-6,2026-06,0.16815329433436874,0
618726,6L Greenfield Varanasi-Ranchi-Kolkata Highway from junction with Chandauli- Chainpur Road near Khainti village to junction with Bhabhua-Adhaura road near Palka village from Km. 27.000 to Km. 54.000 Pkg-2,2026-04,0.17644176152987473,0
618726,6L Greenfield Varanasi-Ranchi-Kolkata Highway from junction with Chandauli- Chainpur Road near Khainti village to junction with Bhabhua-Adhaura road near Palka village from Km. 27.000 to Km. 54.000 Pkg-2,2026-05,0.09863732931454812,0
618726,6L Greenfield Varanasi-Ranchi-Kolkata Highway from junction with Chandauli- Chainpur Road near Khainti village to junction with Bhabhua-Adhaura road near Palka village from Km. 27.000 to Km. 54.000 Pkg-2,2026-06,0.12552942338044648,0
618727,6L Greenfield Varanasi-Ranchi-Kolkata Highway from junction with Bhabhua-Adhaura road in Bhairopur village to Konki village From KM. 54.000 to KM. 90.000Pkg-3,2026-04,0.17086836874719555,0
618727,6L Greenfield Varanasi-Ranchi-Kolkata Highway from junction with Bhabhua-Adhaura road in Bhairopur village to Konki village From KM. 54.000 to KM. 90.000Pkg-3,2026-05,0.06347597402691617,0
618727,6L Greenfield Varanasi-Ranchi-Kolkata Highway from junction with Bhabhua-Adhaura road in Bhairopur village to Konki village From KM. 54.000 to KM. 90.000Pkg-3,2026-06,0.12079802640272543,0
618728,6L Greenfield Varanasi-Ranchi-Kolkata Highway from junction with NH-19 & Varanasi Ring Road near Rewasa village to junction with Chandauli-Chainpur road near Khainti village from Km. 0.000 to Km. 27.000 - Pkg-1,2026-04,0.2450811059133251,0
618728,6L Greenfield Varanasi-Ranchi-Kolkata Highway from junction with NH-19 & Varanasi Ring Road near Rewasa village to junction with Chandauli-Chainpur road near Khainti village from Km. 0.000 to Km. 27.000 - Pkg-1,2026-05,0.10630761421250753,0
618728,6L Greenfield Varanasi-Ranchi-Kolkata Highway from junction with NH-19 & Varanasi Ring Road near Rewasa village to junction with Chandauli-Chainpur road near Khainti village from Km. 0.000 to Km. 27.000 - Pkg-1,2026-06,0.18421695486863188,0
618729,6 Lane Greenfield Varanasi- Ranchi- Kolkata Highway from Donoreshan village to junction with NH-20 in Bongabar village from km 288.600 to km 325.500 Pkg -11,2026-06,0.24652416437853072,0
618730,6 Lane Greenfield Varanasi- Ranchi- Kolkata Highway from Deoria village to Donoreshan village from km 253.000 to km 288.600 Pkg -10,2026-05,0.1575461191593271,0
618730,6 Lane Greenfield Varanasi- Ranchi- Kolkata Highway from Deoria village to Donoreshan village from km 253.000 to km 288.600 Pkg -10,2026-06,0.11063576823740272,0
618732,6L Greenfield Varanasi- Ranchi- Kolkata Highway from Sonepurbigha village to junction with NH- 22 Chatra Bypass near Chatra from km 184.700 to km 222.000Pkg - 8,2026-05,0.14343859612156484,0
618732,6L Greenfield Varanasi- Ranchi- Kolkata Highway from Sonepurbigha village to junction with NH- 22 Chatra Bypass near Chatra from km 184.700 to km 222.000Pkg - 8,2026-06,0.11079209317041953,0
618733,6L Greenfield Varanasi- Ranchi- Kolkata Highway from junction with NH-20 in Bongabar village to junction with NH-30 in Lepo village from km 325.500 to km 358.500 Pkg -12,2026-06,0.24316928560831721,0
618734,6L Greenfield Varanasi- Ranchi- Kolkata Highway from junction with NH-320 in Lepo village to Kamlapur villageJH/WB border from km 358.500 to km 387.200 Pkg -13,2026-04,0.16359692502872555,0
618734,6L Greenfield Varanasi- Ranchi- Kolkata Highway from junction with NH-320 in Lepo village to Kamlapur villageJH/WB border from km 358.500 to km 387.200 Pkg -13,2026-05,0.07122483497082242,0
618734,6L Greenfield Varanasi- Ranchi- Kolkata Highway from junction with NH-320 in Lepo village to Kamlapur villageJH/WB border from km 358.500 to km 387.200 Pkg -13,2026-06,0.14097926415987502,0
618735,4L of Chandesara to Khedakhajuriya from Km. 0.000 to - 750 & Km 0.000 to km 41.400 of NH-148NG Pkg-I,2026-04,0.15355708627846182,0
618735,4L of Chandesara to Khedakhajuriya from Km. 0.000 to - 750 & Km 0.000 to km 41.400 of NH-148NG Pkg-I,2026-05,0.0818970653681717,0
618735,4L of Chandesara to Khedakhajuriya from Km. 0.000 to - 750 & Km 0.000 to km 41.400 of NH-148NG Pkg-I,2026-06,0.185164035366925,0
618736,4L Elevated corridor of Kalimandir-Dimna Chowk-Baliguma Jamshedpur Section of NH-33 New NH-18 from km 241940 to km 251961 Length 10.021 km,2026-04,0.2533504070203586,0
618736,4L Elevated corridor of Kalimandir-Dimna Chowk-Baliguma Jamshedpur Section of NH-33 New NH-18 from km 241940 to km 251961 Length 10.021 km,2026-05,0.11517931580460385,0
618736,4L Elevated corridor of Kalimandir-Dimna Chowk-Baliguma Jamshedpur Section of NH-33 New NH-18 from km 241940 to km 251961 Length 10.021 km,2026-06,0.16709621212109618,0
618737,Grade separated Interchanges at Km. 113.730 junction with Ranchi Hazaribagh Road & Km. 139.225 junction with Ranchi Jamshedpur road on 4L Ranchi Bypass of NH-33,2026-04,0.20214227740545673,0
618737,Grade separated Interchanges at Km. 113.730 junction with Ranchi Hazaribagh Road & Km. 139.225 junction with Ranchi Jamshedpur road on 4L Ranchi Bypass of NH-33,2026-05,0.05824030708102413,0
618737,Grade separated Interchanges at Km. 113.730 junction with Ranchi Hazaribagh Road & Km. 139.225 junction with Ranchi Jamshedpur road on 4L Ranchi Bypass of NH-33,2026-06,0.1090141017784095,0
618738,6L Bridge and its approaches across River Ganga as Part of Patna Ring Road NH- 131G starting from Km 8.480 near Sherpur to Km 23.000 near Dighwara,2026-04,0.24881182329783816,0
618738,6L Bridge and its approaches across River Ganga as Part of Patna Ring Road NH- 131G starting from Km 8.480 near Sherpur to Km 23.000 near Dighwara,2026-05,0.09198632319086689,0
618738,6L Bridge and its approaches across River Ganga as Part of Patna Ring Road NH- 131G starting from Km 8.480 near Sherpur to Km 23.000 near Dighwara,2026-06,0.14961967513353733,0
618739,4L Greenfield Alignment of Amas to Shivrampur from 0.000 Km. to 55.002 Km. of NH 119 D Pkg-I,2026-04,0.23899881524859873,0
618739,4L Greenfield Alignment of Amas to Shivrampur from 0.000 Km. to 55.002 Km. of NH 119 D Pkg-I,2026-05,0.133933407005805,0
618739,4L Greenfield Alignment of Amas to Shivrampur from 0.000 Km. to 55.002 Km. of NH 119 D Pkg-I,2026-06,0.2731921931629626,0
618740,4L Greenfield Alignment of Shivrampur to Ramnagar from Km. 55.002 to Km. 109.300 of NH 119 D Pkg-II,2026-04,0.23408511514090055,0
618740,4L Greenfield Alignment of Shivrampur to Ramnagar from Km. 55.002 to Km. 109.300 of NH 119 D Pkg-II,2026-05,0.11924960669671236,0
618740,4L Greenfield Alignment of Shivrampur to Ramnagar from Km. 55.002 to Km. 109.300 of NH 119 D Pkg-II,2026-06,0.3034072383272548,0
618741,4L Greenfield Alignment from Kalyanapur to Tal Dashraha of NH-119D Pkg-III,2026-04,0.2803935607847934,0
618741,4L Greenfield Alignment from Kalyanapur to Tal Dashraha of NH-119D Pkg-III,2026-05,0.18279277072945863,0
618741,4L Greenfield Alignment from Kalyanapur to Tal Dashraha of NH-119D Pkg-III,2026-06,0.24729214804509506,0
618742,"Construction of 6-lane Greenfield corridor from Ramnagar to Kacchi Dargah NH-119D from Km 109700 to Km 122300, including widening of the existing NH-31 from Km 196700 to Km 198600, as part of the Amas-Darbhanga.",2026-04,0.16392120493203088,0
618742,"Construction of 6-lane Greenfield corridor from Ramnagar to Kacchi Dargah NH-119D from Km 109700 to Km 122300, including widening of the existing NH-31 from Km 196700 to Km 198600, as part of the Amas-Darbhanga.",2026-05,0.05233647567984864,0
618742,"Construction of 6-lane Greenfield corridor from Ramnagar to Kacchi Dargah NH-119D from Km 109700 to Km 122300, including widening of the existing NH-31 from Km 196700 to Km 198600, as part of the Amas-Darbhanga.",2026-06,0.11031898924488834,0
618743,Trichy 135.800 to Karur 218.000 section of NH-67 - Trichy Bypass,2026-04,0.2927500621592079,0
618744,4L of Thirumangalam to Vadugapatti section from km 0.000 to km 36.000 of NH-744,2026-04,0.17547763094298724,0
618744,4L of Thirumangalam to Vadugapatti section from km 0.000 to km 36.000 of NH-744,2026-05,0.0938143805075329,0
618744,4L of Thirumangalam to Vadugapatti section from km 0.000 to km 36.000 of NH-744,2026-06,0.1560606715011718,0
618745,4L of Vadugapatti to Therkuvenganallur Rajapalyam section from km 36.000 to km 71.600 of NH-744,2026-04,0.16949120073894042,0
618746,Khammam-Devarapalle Pkg I [4L Access Controlled Greenfield from Thallampadu village to Somavaram village Design Chainage 0000 to 33604],2026-04,0.16972946312652307,0
618746,Khammam-Devarapalle Pkg I [4L Access Controlled Greenfield from Thallampadu village to Somavaram village Design Chainage 0000 to 33604],2026-05,0.09102545772388071,0
618746,Khammam-Devarapalle Pkg I [4L Access Controlled Greenfield from Thallampadu village to Somavaram village Design Chainage 0000 to 33604],2026-06,0.31756770031456155,0
618747,Khammam-Devarapalle Pkg III [4L Access Controlled Greenfield from Chintagudem village to Recherla village Design Chainage 63117 to 105236],2026-04,0.15133436833764616,0
618747,Khammam-Devarapalle Pkg III [4L Access Controlled Greenfield from Chintagudem village to Recherla village Design Chainage 63117 to 105236],2026-05,0.08414339281168495,0
618747,Khammam-Devarapalle Pkg III [4L Access Controlled Greenfield from Chintagudem village to Recherla village Design Chainage 63117 to 105236],2026-06,0.22909712325137258,0
618748,Khammam-Devarapalle Pkg IV [4L Access Controlled Greenfield from Recherla village to Gurvaygudem village Design Chainage 105236 to 132664],2026-04,0.12276784347092162,0
618749,Khammam-Devarapalle Pkg V [4L Access Controlled Greenfield from Gurvaygudem village to Devarapalle village Design Chainage 132664 to 162126,2026-04,0.1204964036322068,0
618749,Khammam-Devarapalle Pkg V [4L Access Controlled Greenfield from Gurvaygudem village to Devarapalle village Design Chainage 132664 to 162126,2026-05,0.05910592025848767,0
618751,2L PS of Hinotiya-Mehulwa section of NH-346 from Km. 27.000 to Km 75.700 Vidisha Mehulwa-Talbehat Pkg-II Section of NH- 346,2026-04,0.22896001119570647,0
618751,2L PS of Hinotiya-Mehulwa section of NH-346 from Km. 27.000 to Km 75.700 Vidisha Mehulwa-Talbehat Pkg-II Section of NH- 346,2026-05,0.14032713796334467,0
618751,2L PS of Hinotiya-Mehulwa section of NH-346 from Km. 27.000 to Km 75.700 Vidisha Mehulwa-Talbehat Pkg-II Section of NH- 346,2026-06,0.19139035485790404,0
618754,Upgradation of 2L/4L with Paved Shoulder of Shirwal-Lonand Section from KM 159900 To KM 188025 of NH-965DD Section I and 2L With Paved Shoulder of Lonand-Satara Section from KM 51500 To KM 96246 Of NH-965D Section II in Satara District in the State of Maharashtra on EPC Mode under NHO-,2026-04,0.20343621672025228,0
618754,Upgradation of 2L/4L with Paved Shoulder of Shirwal-Lonand Section from KM 159900 To KM 188025 of NH-965DD Section I and 2L With Paved Shoulder of Lonand-Satara Section from KM 51500 To KM 96246 Of NH-965D Section II in Satara District in the State of Maharashtra on EPC Mode under NHO-,2026-05,0.11131512817884635,0
618754,Upgradation of 2L/4L with Paved Shoulder of Shirwal-Lonand Section from KM 159900 To KM 188025 of NH-965DD Section I and 2L With Paved Shoulder of Lonand-Satara Section from KM 51500 To KM 96246 Of NH-965D Section II in Satara District in the State of Maharashtra on EPC Mode under NHO-,2026-06,0.16202810298787493,0
618755,4L of left out existing road section from Lalgopalganj Km 161.450 to Nawabganj Km 180.200 in Prayagraj,2026-04,0.1319190935291853,0
618756,Melur - Pilayarpatti - Karaikudi from km 99.920 of NH 38 to km 12.9 of NH 383 Ext.,2026-04,0.2178935398696079,0
618756,Melur - Pilayarpatti - Karaikudi from km 99.920 of NH 38 to km 12.9 of NH 383 Ext.,2026-05,0.16714516521886888,0
618756,Melur - Pilayarpatti - Karaikudi from km 99.920 of NH 38 to km 12.9 of NH 383 Ext.,2026-06,0.35122419542042216,0
618757,6L access controlled Highway from Km 40080 to Km 86513 Mator to Barodameo Section,2026-04,0.2617872579821938,0
618757,6L access controlled Highway from Km 40080 to Km 86513 Mator to Barodameo Section,2026-05,0.14151614199645696,0
618757,6L access controlled Highway from Km 40080 to Km 86513 Mator to Barodameo Section,2026-06,0.19327948224911823,0
618758,6L accesscontrolled highway from km 0000 to km 40080 Paniyala to Mator Section of Paniyala-Barodameo ICR,2026-04,0.2557662896297623,0
618758,6L accesscontrolled highway from km 0000 to km 40080 Paniyala to Mator Section of Paniyala-Barodameo ICR,2026-05,0.10148705860999728,0
618758,6L accesscontrolled highway from km 0000 to km 40080 Paniyala to Mator Section of Paniyala-Barodameo ICR,2026-06,0.2019275633834627,0
618759,4L PS Mydukur - Badvel from Km 585.820 to Km 630.960 of NH-67,2026-04,0.12550062760720043,0
618759,4L PS Mydukur - Badvel from Km 585.820 to Km 630.960 of NH-67,2026-05,0.07647481769126213,0
618759,4L PS Mydukur - Badvel from Km 585.820 to Km 630.960 of NH-67,2026-06,0.17238785453040512,0
618760,4L Greenfield a Malout bypass from ch. Km 44.500 to ch. Km 35.500 on NH-07 and Ch. Km 0.000 to Km 6.984 on NH-09 bMandi Dabwali Bypass from Ch. 38.450 Km to Km 27.910 Pkg-02,2026-04,0.1750319128502909,0
618761,4L Spur of Meerut-Garh-Mukteshwar section connecting NH-119 and NH-58 bypassing Meerut Town of NH 709 A,2026-04,0.1383787987029893,0
618761,4L Spur of Meerut-Garh-Mukteshwar section connecting NH-119 and NH-58 bypassing Meerut Town of NH 709 A,2026-05,0.1838020069802038,0
618761,4L Spur of Meerut-Garh-Mukteshwar section connecting NH-119 and NH-58 bypassing Meerut Town of NH 709 A,2026-06,0.22991379961904349,0
618762,Itarsi Km. 63.000 to Betul Km. 137.000 of NH-69 in Madhya Pradesh,2026-04,0.17655581059095798,0
618762,Itarsi Km. 63.000 to Betul Km. 137.000 of NH-69 in Madhya Pradesh,2026-05,0.1147897848184238,0
618762,Itarsi Km. 63.000 to Betul Km. 137.000 of NH-69 in Madhya Pradesh,2026-06,0.21727181678720753,0
618764,Moga - Bagha Purana - Bajakhana from km. 0.00 to km. 43.32,2026-04,0.24253272640047568,0
618764,Moga - Bagha Purana - Bajakhana from km. 0.00 to km. 43.32,2026-05,0.15766863806344938,0
618764,Moga - Bagha Purana - Bajakhana from km. 0.00 to km. 43.32,2026-06,0.2429167844782698,0
618765,4L of Karimnagar-Warangal section from km 49.500 to km 117.820 of NH-563,2026-04,0.1917101018115004,0
618765,4L of Karimnagar-Warangal section from km 49.500 to km 117.820 of NH-563,2026-05,0.11153259046201815,0
618765,4L of Karimnagar-Warangal section from km 49.500 to km 117.820 of NH-563,2026-06,0.22012281022197153,0
618766,Up-gradation to Four Lane with Paved Shoulder configuration of the highway starting from existing km 88.400 Savali Vihir to km 163.400 start of Ahmednagar bypass Design Length 75.000 km section of NH-160 in the State of Maharashtra under Bharatmala Pariyojana on EPC Mode,2026-04,0.2552892976609011,0
618766,Up-gradation to Four Lane with Paved Shoulder configuration of the highway starting from existing km 88.400 Savali Vihir to km 163.400 start of Ahmednagar bypass Design Length 75.000 km section of NH-160 in the State of Maharashtra under Bharatmala Pariyojana on EPC Mode,2026-05,0.1434252719367882,0
618766,Up-gradation to Four Lane with Paved Shoulder configuration of the highway starting from existing km 88.400 Savali Vihir to km 163.400 start of Ahmednagar bypass Design Length 75.000 km section of NH-160 in the State of Maharashtra under Bharatmala Pariyojana on EPC Mode,2026-06,0.20380460494366273,0
618768,Four laning of Agra-Aligarh Section from Km. 0.000 Junction of NH-34 Aligarh Km 144.60 to Km. 28.000 near Asroi village in Hathras of NH-509 Package-I,2026-04,0.13620148123627676,0
618768,Four laning of Agra-Aligarh Section from Km. 0.000 Junction of NH-34 Aligarh Km 144.60 to Km. 28.000 near Asroi village in Hathras of NH-509 Package-I,2026-05,0.04236658291804878,0
618768,Four laning of Agra-Aligarh Section from Km. 0.000 Junction of NH-34 Aligarh Km 144.60 to Km. 28.000 near Asroi village in Hathras of NH-509 Package-I,2026-06,0.12705584026483155,0
618769,Walajahpet/Ranipet to TN/AP Border Section of from Km.106.800 to Km.133.36 NH-4,2026-04,0.16544370176106812,0
618769,Walajahpet/Ranipet to TN/AP Border Section of from Km.106.800 to Km.133.36 NH-4,2026-05,0.06654041905952346,0
618769,Walajahpet/Ranipet to TN/AP Border Section of from Km.106.800 to Km.133.36 NH-4,2026-06,0.12025322872597412,0
618770,4L Spur of Panipat - Shamli connecting NH-709AD Panipat Shamli Muzaffarnagar and NH-709A Karnal Meerut bypassing Shamli district UP,2026-04,0.2329543650362096,0
618771,6L of Varadharajula to Kumarajapet from km 0.000 to km 43.800 of NH-716B Pkg-I,2026-04,0.17156992421261474,0
618772,6L of Kumarajapet to Veera Kaveri Raja Puram from km 43.800 to km 61.380 of NH- 716B Pkg-II,2026-04,0.17073472619211186,0
618772,6L of Kumarajapet to Veera Kaveri Raja Puram from km 43.800 to km 61.380 of NH- 716B Pkg-II,2026-05,0.07863675961800497,0
618772,6L of Kumarajapet to Veera Kaveri Raja Puram from km 43.800 to km 61.380 of NH- 716B Pkg-II,2026-06,0.1725490098377881,0
618773,Tuticorin - Tirunelveli from km. 0.00 to km. 47.250,2026-04,0.17960278679378436,0
618774,Ara - Mohania Pkg-II,2026-04,0.15146574563133347,0
618775,Ara Bypass,2026-04,0.1803970456326129,0
618775,Ara Bypass,2026-05,0.10433317854732653,0
618775,Ara Bypass,2026-06,0.12600707472896222,0
618776,4L of Greenfield section from Sirhind to Mohali,2026-04,0.17294497446500823,0
618776,4L of Greenfield section from Sirhind to Mohali,2026-05,0.19307034234912815,0
618776,4L of Greenfield section from Sirhind to Mohali,2026-06,0.3689157315823956,0
618777,4L of Pileru to Kalur Section from Km 55.900 to Km 92.800 & Km 94.500 to Km 95.717 of NH-71Package-II,2026-04,0.14204431953425958,0
618777,4L of Pileru to Kalur Section from Km 55.900 to Km 92.800 & Km 94.500 to Km 95.717 of NH-71Package-II,2026-05,0.0686195483523635,0
618777,4L of Pileru to Kalur Section from Km 55.900 to Km 92.800 & Km 94.500 to Km 95.717 of NH-71Package-II,2026-06,0.11412911496064526,0
618778,4L of Madanapalle to Pileru Section from Km 0.000 to Km 55.900 of NH-71Package-I,2026-04,0.19522126905741183,0
618778,4L of Madanapalle to Pileru Section from Km 0.000 to Km 55.900 of NH-71Package-I,2026-05,0.13262810422250715,0
618778,4L of Madanapalle to Pileru Section from Km 0.000 to Km 55.900 of NH-71Package-I,2026-06,0.19335767469340526,0
618779,4L of Aurangabad-Paithan,2026-04,0.1702472817061855,0
618782,4L of Bareilly-Pilibhit-Sitarganj from Km. 0.000 to Km. 32.500 of NH-30 Pkg-1,2026-04,0.20227624471342284,0
618782,4L of Bareilly-Pilibhit-Sitarganj from Km. 0.000 to Km. 32.500 of NH-30 Pkg-1,2026-05,0.1228075858585637,0
618782,4L of Bareilly-Pilibhit-Sitarganj from Km. 0.000 to Km. 32.500 of NH-30 Pkg-1,2026-06,0.14952141603748262,0
618783,4-laning of Pilibhit - Sitarganj from Km. 32.500 to Km. 70.800 Pkg-2 of NH-30,2026-04,0.2095002354234417,0
618783,4-laning of Pilibhit - Sitarganj from Km. 32.500 to Km. 70.800 Pkg-2 of NH-30,2026-05,0.14051495455710344,0
618783,4-laning of Pilibhit - Sitarganj from Km. 32.500 to Km. 70.800 Pkg-2 of NH-30,2026-06,0.16050695847557045,0
618784,Balance works of 4 lane divided carriageway of Missing Link section of NH-39 Rewa Bypass from junction with NH 30 near Bela to Junction with MPRDC ring road near Silpara on SH 9 design length 13.100 km on EPC Mode under Bharatmala Pariyojana in the State of Madhya Pradesh,2026-04,0.22982750695346602,0
618784,Balance works of 4 lane divided carriageway of Missing Link section of NH-39 Rewa Bypass from junction with NH 30 near Bela to Junction with MPRDC ring road near Silpara on SH 9 design length 13.100 km on EPC Mode under Bharatmala Pariyojana in the State of Madhya Pradesh,2026-05,0.17020119653786486,0
618784,Balance works of 4 lane divided carriageway of Missing Link section of NH-39 Rewa Bypass from junction with NH 30 near Bela to Junction with MPRDC ring road near Silpara on SH 9 design length 13.100 km on EPC Mode under Bharatmala Pariyojana in the State of Madhya Pradesh,2026-06,0.16258757424871317,0
618785,4/6L Greenfield LudhianaRupnagar highway from Jn. with NE-5 village near to ManewalLudhiana to Jn. with NH-205 near Bheora Village Rupnagar from Km 66.0 to Km 91.0 i/c spur to Kharar from Km 0.0 to Km 19.5 with Ludhiana bypass of NH-205K Pkg-3,2026-04,0.26685996433141423,0
618785,4/6L Greenfield LudhianaRupnagar highway from Jn. with NE-5 village near to ManewalLudhiana to Jn. with NH-205 near Bheora Village Rupnagar from Km 66.0 to Km 91.0 i/c spur to Kharar from Km 0.0 to Km 19.5 with Ludhiana bypass of NH-205K Pkg-3,2026-05,0.16785548591112143,0
618785,4/6L Greenfield LudhianaRupnagar highway from Jn. with NE-5 village near to ManewalLudhiana to Jn. with NH-205 near Bheora Village Rupnagar from Km 66.0 to Km 91.0 i/c spur to Kharar from Km 0.0 to Km 19.5 with Ludhiana bypass of NH-205K Pkg-3,2026-06,0.2807459204844708,0
618786,4L of Phagwara - Hoshiarpur,2026-04,0.19327525850422156,0
618786,4L of Phagwara - Hoshiarpur,2026-05,0.05794149765828005,0
618786,4L of Phagwara - Hoshiarpur,2026-06,0.157357413086755,0
618787,"Upgradation to 4L PS from Bhimasar, Junction of NH-41 to Anjar- Bhuj upto Airport Junction from Km 0.000 to Km 65.478 of NH-341",2026-04,0.14058140317360754,0
618787,"Upgradation to 4L PS from Bhimasar, Junction of NH-41 to Anjar- Bhuj upto Airport Junction from Km 0.000 to Km 65.478 of NH-341",2026-05,0.10372003581688073,0
618787,"Upgradation to 4L PS from Bhimasar, Junction of NH-41 to Anjar- Bhuj upto Airport Junction from Km 0.000 to Km 65.478 of NH-341",2026-06,0.14656762756052785,0
618788,4L Greenfield Jalbhera Shahbad section from km. 0.000 to km. 22.850 of NH-152G,2026-04,0.17570128698938633,0
618788,4L Greenfield Jalbhera Shahbad section from km. 0.000 to km. 22.850 of NH-152G,2026-05,0.10906737734099758,0
618788,4L Greenfield Jalbhera Shahbad section from km. 0.000 to km. 22.850 of NH-152G,2026-06,0.19701517999219958,0
618790,Construction of four laning of Bakarpur- Manikpur road section starting from village Chitarsenpur km 0000 and terminating at SH-74 near Manikpur 38814 at NH-139W under Bharatmalapariyona,2026-04,0.2281512094004449,0
618790,Construction of four laning of Bakarpur- Manikpur road section starting from village Chitarsenpur km 0000 and terminating at SH-74 near Manikpur 38814 at NH-139W under Bharatmalapariyona,2026-05,0.0844815441253091,0
618790,Construction of four laning of Bakarpur- Manikpur road section starting from village Chitarsenpur km 0000 and terminating at SH-74 near Manikpur 38814 at NH-139W under Bharatmalapariyona,2026-06,0.18171129688484428,0
618791,4L PS under NH configuration of Manikpur-Sahebganj of NH-139W,2026-04,0.15757297068653156,0
618791,4L PS under NH configuration of Manikpur-Sahebganj of NH-139W,2026-05,0.06832581284849969,0
618791,4L PS under NH configuration of Manikpur-Sahebganj of NH-139W,2026-06,0.16014862442129416,0
618792,4L Bhiwani-Hansi road section of NH-148B,2026-04,0.16600896859120148,0
618792,4L Bhiwani-Hansi road section of NH-148B,2026-05,0.10906776427084064,0
618792,4L Bhiwani-Hansi road section of NH-148B,2026-06,0.14006673105717687,0
618793,4L of Fazilka to Abohar section of NH-07 including construction of Greenfield Abohar & Fazilka Bypasses,2026-04,0.26127779518349237,0
618793,4L of Fazilka to Abohar section of NH-07 including construction of Greenfield Abohar & Fazilka Bypasses,2026-05,0.18219735640409834,0
618793,4L of Fazilka to Abohar section of NH-07 including construction of Greenfield Abohar & Fazilka Bypasses,2026-06,0.2903663178265962,0
618794,Amritsarairport Junction - Ramdas from km. 100.835 to km. 139.813 Pkg - IV,2026-04,0.18509313698918686,0
618794,Amritsarairport Junction - Ramdas from km. 100.835 to km. 139.813 Pkg - IV,2026-05,0.1426200837467361,0
618794,Amritsarairport Junction - Ramdas from km. 100.835 to km. 139.813 Pkg - IV,2026-06,0.2351574385326648,0
618795,Amritsar Bypass Pkg III from km. 71.496 to km. 105.158,2026-04,0.2649662374233227,0
618795,Amritsar Bypass Pkg III from km. 71.496 to km. 105.158,2026-05,0.16096008688504285,0
618795,Amritsar Bypass Pkg III from km. 71.496 to km. 105.158,2026-06,0.3405438216476572,0
618796,Tanot -Ramgarh-Bhadasar-Jaisalmer NH-68 and BhadasarMokal-Sarkaritala up to Pakisthan Border NH-968 Pkg-BM/5,2026-04,0.1692525758130656,0
618796,Tanot -Ramgarh-Bhadasar-Jaisalmer NH-68 and BhadasarMokal-Sarkaritala up to Pakisthan Border NH-968 Pkg-BM/5,2026-05,0.11424443089140332,0
618796,Tanot -Ramgarh-Bhadasar-Jaisalmer NH-68 and BhadasarMokal-Sarkaritala up to Pakisthan Border NH-968 Pkg-BM/5,2026-06,0.278936647022515,0
618797,Mayjilar Jaisalmer with Jaisalmer Bypass Link Road Section of NH-11 Part of BM-7 & Sundra Myajilar Ambsingh ki Dhani Road part of Munabao Tanot project NH-70,2026-04,0.15283531615641024,0
618797,Mayjilar Jaisalmer with Jaisalmer Bypass Link Road Section of NH-11 Part of BM-7 & Sundra Myajilar Ambsingh ki Dhani Road part of Munabao Tanot project NH-70,2026-05,0.10113207970317124,0
618797,Mayjilar Jaisalmer with Jaisalmer Bypass Link Road Section of NH-11 Part of BM-7 & Sundra Myajilar Ambsingh ki Dhani Road part of Munabao Tanot project NH-70,2026-06,0.08900575786671737,0
618798,4L of Sonauli - Gorakhpur,2026-04,0.2599065693748019,0
618798,4L of Sonauli - Gorakhpur,2026-05,0.1627625619788402,0
618798,4L of Sonauli - Gorakhpur,2026-06,0.2038504370119486,0
618799,Belakeri Port to Kumta - Sirsi road from km 0.00 - km 4.265 of Belekeri Port Road Link Rd. and km 4.965 - km 60.00 of SH-69,2026-04,0.21567004623524,0
618799,Belakeri Port to Kumta - Sirsi road from km 0.00 - km 4.265 of Belekeri Port Road Link Rd. and km 4.965 - km 60.00 of SH-69,2026-05,0.21195670145330783,0
618799,Belakeri Port to Kumta - Sirsi road from km 0.00 - km 4.265 of Belekeri Port Road Link Rd. and km 4.965 - km 60.00 of SH-69,2026-06,0.267298718199854,0
618800,Construction of New Double Tier 4L Elevated Corridor from Chennai Port to Maduravoyal in Chennai District from km -0.342 to Km 20.593 and Package II from Km 4.604 to Km 9.700,2026-04,0.1887049189351127,0
618800,Construction of New Double Tier 4L Elevated Corridor from Chennai Port to Maduravoyal in Chennai District from km -0.342 to Km 20.593 and Package II from Km 4.604 to Km 9.700,2026-05,0.11469602768969231,0
618800,Construction of New Double Tier 4L Elevated Corridor from Chennai Port to Maduravoyal in Chennai District from km -0.342 to Km 20.593 and Package II from Km 4.604 to Km 9.700,2026-06,0.18233357738388448,0
618801,Construction of New Double Tier 4-lane Elevated Corridor from Chennai Port to Maduravoyal in Chennai District from Km -0342 to Km 20223 Package 1 from Km - 0342 to Km 4604,2026-04,0.1992073629804433,0
618801,Construction of New Double Tier 4-lane Elevated Corridor from Chennai Port to Maduravoyal in Chennai District from Km -0342 to Km 20223 Package 1 from Km - 0342 to Km 4604,2026-05,0.1198015642601838,0
618801,Construction of New Double Tier 4-lane Elevated Corridor from Chennai Port to Maduravoyal in Chennai District from Km -0342 to Km 20223 Package 1 from Km - 0342 to Km 4604,2026-06,0.19398005102296695,0
618803,Development of 4L Road from Samarlakota to Achampeta Junction as part of Kakinada Port Connectivity to NH-16 Rajanagaram Junction in East Godavari District,2026-04,0.1477554014972741,0
618803,Development of 4L Road from Samarlakota to Achampeta Junction as part of Kakinada Port Connectivity to NH-16 Rajanagaram Junction in East Godavari District,2026-05,0.15707119472549186,0
618803,Development of 4L Road from Samarlakota to Achampeta Junction as part of Kakinada Port Connectivity to NH-16 Rajanagaram Junction in East Godavari District,2026-06,0.20953638878375494,0
618804,Dedicated Port road to Krishnapatnam Port Package-I from Km. 0.000 to Km. 18.000,2026-04,0.23335900607054066,0
618804,Dedicated Port road to Krishnapatnam Port Package-I from Km. 0.000 to Km. 18.000,2026-05,0.13685955892785798,0
618804,Dedicated Port road to Krishnapatnam Port Package-I from Km. 0.000 to Km. 18.000,2026-06,0.31484227097869405,0
618805,6L Connectivity to Port Road from Sabbavaram Sheelanagar-NH516C,2026-04,0.131483386241006,0
618805,6L Connectivity to Port Road from Sabbavaram Sheelanagar-NH516C,2026-05,0.0344874980704174,0
618805,6L Connectivity to Port Road from Sabbavaram Sheelanagar-NH516C,2026-06,0.09654937891448048,0
618806,Improvement of 4L road to 6L road and 4L dedicated Port Roads for the Port connectivity road from Convent junction to Sheelanagar Junction,2026-04,0.16897562639002606,0
618806,Improvement of 4L road to 6L road and 4L dedicated Port Roads for the Port connectivity road from Convent junction to Sheelanagar Junction,2026-05,0.09231791968791551,0
618806,Improvement of 4L road to 6L road and 4L dedicated Port Roads for the Port connectivity road from Convent junction to Sheelanagar Junction,2026-06,0.1284988570327578,0
618807,"4L Greenfield Road connecting North and South industrial cluster of Khandaleru Creek near Krishnapatnam port at Thamminapatnam to Mollur from Km 0.0 to Km 16.046, Part I & 6L extension of dedicated port road of NH-67 Km 18.0 to Km 19.3, Part II",2026-04,0.1742275114749127,0
618807,"4L Greenfield Road connecting North and South industrial cluster of Khandaleru Creek near Krishnapatnam port at Thamminapatnam to Mollur from Km 0.0 to Km 16.046, Part I & 6L extension of dedicated port road of NH-67 Km 18.0 to Km 19.3, Part II",2026-05,0.1526927795216016,0
618807,"4L Greenfield Road connecting North and South industrial cluster of Khandaleru Creek near Krishnapatnam port at Thamminapatnam to Mollur from Km 0.0 to Km 16.046, Part I & 6L extension of dedicated port road of NH-67 Km 18.0 to Km 19.3, Part II",2026-06,0.1909136423048482,0
618808,6L Elevated Kona Expressway from Km. 0.145 to Km. 7.337 of NH-117,2026-04,0.22328442274536936,0
618808,6L Elevated Kona Expressway from Km. 0.145 to Km. 7.337 of NH-117,2026-05,0.1213651910358486,0
618808,6L Elevated Kona Expressway from Km. 0.145 to Km. 7.337 of NH-117,2026-06,0.20429982179887965,0
618809,4L of Beas-Mehta-Batala-Dera Baba Nanak from intersection with Jalandhar-Amritsar Highway NH-3 near Beas till start of Batala Bypass near Village Acchhal from Km. 0.000 to Km. 31.300 Pkg-1,2026-04,0.24906722841918333,0
618809,4L of Beas-Mehta-Batala-Dera Baba Nanak from intersection with Jalandhar-Amritsar Highway NH-3 near Beas till start of Batala Bypass near Village Acchhal from Km. 0.000 to Km. 31.300 Pkg-1,2026-05,0.14496044322447252,0
618809,4L of Beas-Mehta-Batala-Dera Baba Nanak from intersection with Jalandhar-Amritsar Highway NH-3 near Beas till start of Batala Bypass near Village Acchhal from Km. 0.000 to Km. 31.300 Pkg-1,2026-06,0.2599034167504662,0
618810,4L of existing Beas Baba Bakala - Dera Baba Nanak Section from start of Batala Bypass till intersection with Ajnala Gurdaspur Highway NH 354 near Dera Baba Nanak from Km. 31.300 to Km. 69.100 with Additional batala Bypass Pkg-II,2026-04,0.2272223660936623,0
618810,4L of existing Beas Baba Bakala - Dera Baba Nanak Section from start of Batala Bypass till intersection with Ajnala Gurdaspur Highway NH 354 near Dera Baba Nanak from Km. 31.300 to Km. 69.100 with Additional batala Bypass Pkg-II,2026-05,0.1358595454228156,0
618810,4L of existing Beas Baba Bakala - Dera Baba Nanak Section from start of Batala Bypass till intersection with Ajnala Gurdaspur Highway NH 354 near Dera Baba Nanak from Km. 31.300 to Km. 69.100 with Additional batala Bypass Pkg-II,2026-06,0.2380195405260862,0
618811,4L Access Controlled Greenfield Highway Section Mancherial Warangal from Pangidipalle village at Design Ch. 72.350 Km to Oorugonda village at Design Ch. 112.240 KmPackage-III,2026-04,0.18136908319063327,0
618811,4L Access Controlled Greenfield Highway Section Mancherial Warangal from Pangidipalle village at Design Ch. 72.350 Km to Oorugonda village at Design Ch. 112.240 KmPackage-III,2026-05,0.06822644257061843,0
618811,4L Access Controlled Greenfield Highway Section Mancherial Warangal from Pangidipalle village at Design Ch. 72.350 Km to Oorugonda village at Design Ch. 112.240 KmPackage-III,2026-06,0.1269534674408303,0
618812,4L Access Controlled Greenfield Section Mancherial Warangal from Puttapaka village at Design Ch. 35.300 Km to Pangidipalle village at Design Ch. 72.350 KmPackage-II,2026-04,0.186771576704876,0
618812,4L Access Controlled Greenfield Section Mancherial Warangal from Puttapaka village at Design Ch. 35.300 Km to Pangidipalle village at Design Ch. 72.350 KmPackage-II,2026-05,0.058049546002627087,0
618812,4L Access Controlled Greenfield Section Mancherial Warangal from Puttapaka village at Design Ch. 35.300 Km to Pangidipalle village at Design Ch. 72.350 KmPackage-II,2026-06,0.11821767176272586,0
618813,4L Access Controlled Greenfield Section Mancherial Warangal from Narva village at Design Ch. 3.834 Km to Puttapaka village at Design Ch. 35.300 Km Package-I,2026-04,0.21887163753244365,0
618813,4L Access Controlled Greenfield Section Mancherial Warangal from Narva village at Design Ch. 3.834 Km to Puttapaka village at Design Ch. 35.300 Km Package-I,2026-05,0.0744901666491808,0
618813,4L Access Controlled Greenfield Section Mancherial Warangal from Narva village at Design Ch. 3.834 Km to Puttapaka village at Design Ch. 35.300 Km Package-I,2026-06,0.1389780107984833,0
618814,4L Access Controlled Greenfield Highway section on NH163G Warangal-Khammam from Oorugonda village in Hanamkonda District at Design Ch. 112.240 Km to Venkatpur village in Warangal District at Design Ch. 150.240 KmPackage-I,2026-06,0.1322200391846591,0
618815,4L Access Controlled Greenfield Highway section on NH-163G Warangal-Khammam from Venkatpur village in Warangal District at Design Ch. 150.240 Km to Thallasenkesa village in Mahabubabed District at Design Ch. 189.650 kmPackage-II,2026-04,0.22779075133928378,0
618815,4L Access Controlled Greenfield Highway section on NH-163G Warangal-Khammam from Venkatpur village in Warangal District at Design Ch. 150.240 Km to Thallasenkesa village in Mahabubabed District at Design Ch. 189.650 kmPackage-II,2026-05,0.14823654373152492,0
618815,4L Access Controlled Greenfield Highway section on NH-163G Warangal-Khammam from Venkatpur village in Warangal District at Design Ch. 150.240 Km to Thallasenkesa village in Mahabubabed District at Design Ch. 189.650 kmPackage-II,2026-06,0.21109907762806718,0
618816,4L Access Controlled Greenfield Highway section on NH-163G Warangal-Khammam from Thallasenkesa village at Design Ch. 189.650 km to V.Vekatayapalem village in Khammam District at Design Ch. 220.480 KmPackage-III,2026-05,0.1594312098732671,0
618816,4L Access Controlled Greenfield Highway section on NH-163G Warangal-Khammam from Thallasenkesa village at Design Ch. 189.650 km to V.Vekatayapalem village in Khammam District at Design Ch. 220.480 KmPackage-III,2026-06,0.12233984673857523,0
618817,4L Access Controlled Greenfield Highway section on NH-163G Khammam Vijayawada from V. Venkatayapalem village at Design Ch. 220.480 Km to BrahmanapalliK village at Design Ch. 250.400 Km Package-I.,2026-04,0.21810973578086315,0
618817,4L Access Controlled Greenfield Highway section on NH-163G Khammam Vijayawada from V. Venkatayapalem village at Design Ch. 220.480 Km to BrahmanapalliK village at Design Ch. 250.400 Km Package-I.,2026-05,0.09148000271543538,0
618817,4L Access Controlled Greenfield Highway section on NH-163G Khammam Vijayawada from V. Venkatayapalem village at Design Ch. 220.480 Km to BrahmanapalliK village at Design Ch. 250.400 Km Package-I.,2026-06,0.17257793985844455,0
618818,4L Access Controlled Greenfield Highway section on NH-163G Khammam Vijayawada from Remidicherla village at Design Ch. 280.200 Km to Jakkampudi village on NH-16 at Design Ch. 309.909 Km Package-III,2026-04,0.2191335791779343,0
618818,4L Access Controlled Greenfield Highway section on NH-163G Khammam Vijayawada from Remidicherla village at Design Ch. 280.200 Km to Jakkampudi village on NH-16 at Design Ch. 309.909 Km Package-III,2026-05,0.06980850537265391,0
618818,4L Access Controlled Greenfield Highway section on NH-163G Khammam Vijayawada from Remidicherla village at Design Ch. 280.200 Km to Jakkampudi village on NH-16 at Design Ch. 309.909 Km Package-III,2026-06,0.13471812661431198,0
618819,Balance work of Panikoili Rimoli Section of new NH-20 from Km 0.00 to Km. 163.000,2026-04,0.18862474193927217,0
618820,Rehabilitation and Up gradation from 4 to 8 laning of Chandikhole Paradip Section of NH-53 Old NH 5A from Km.39.000 to Km.60.00 Package-3,2026-04,0.15818785304629854,0
618820,Rehabilitation and Up gradation from 4 to 8 laning of Chandikhole Paradip Section of NH-53 Old NH 5A from Km.39.000 to Km.60.00 Package-3,2026-05,0.11407003279361111,0
618820,Rehabilitation and Up gradation from 4 to 8 laning of Chandikhole Paradip Section of NH-53 Old NH 5A from Km.39.000 to Km.60.00 Package-3,2026-06,0.1317721482004584,0
618821,Rehabilitation and Up gradation from 4 to 8 laning of Chandikhole Paradip Section of NH-53 Old NH 5A from Km 18.00 to Km 39.00 in the State of Odisha on HAM mode Package-2,2026-04,0.15818785304629854,0
618821,Rehabilitation and Up gradation from 4 to 8 laning of Chandikhole Paradip Section of NH-53 Old NH 5A from Km 18.00 to Km 39.00 in the State of Odisha on HAM mode Package-2,2026-05,0.11527264429716629,0
618821,Rehabilitation and Up gradation from 4 to 8 laning of Chandikhole Paradip Section of NH-53 Old NH 5A from Km 18.00 to Km 39.00 in the State of Odisha on HAM mode Package-2,2026-06,0.13397329038894437,0
618822,Rehabilitation and Up gradation from 4 to 8 laning of Chandikhole Paradip Section of NH-53 Old NH 5A from Km.0.00 to Km.18.00Package-1,2026-04,0.16374616023424138,0
618822,Rehabilitation and Up gradation from 4 to 8 laning of Chandikhole Paradip Section of NH-53 Old NH 5A from Km.0.00 to Km.18.00Package-1,2026-05,0.10729904996155644,0
618822,Rehabilitation and Up gradation from 4 to 8 laning of Chandikhole Paradip Section of NH-53 Old NH 5A from Km.0.00 to Km.18.00Package-1,2026-06,0.16120484338779173,0
618823,4 laning of Barasat - Barajaguli Section of NH-12 from Km. 31.000 to Km. 48.679 in the district of North 24 - Parganas,2026-04,0.21589354078070708,0
618823,4 laning of Barasat - Barajaguli Section of NH-12 from Km. 31.000 to Km. 48.679 in the district of North 24 - Parganas,2026-05,0.18827710502874295,0
618823,4 laning of Barasat - Barajaguli Section of NH-12 from Km. 31.000 to Km. 48.679 in the district of North 24 - Parganas,2026-06,0.20210658128149983,0
618824,"Development to 4-laning of the de-scoped stretches from Km 115.342 to Km 191.700 of NH-34 in Nadia District 3.962 & Murshidabad District 5.538 pertaining to Krishnagar to Berhampore section of NH-34 New NH-12 , in the state of West Bengal under NHO.",2026-04,0.21800072513823168,0
618824,"Development to 4-laning of the de-scoped stretches from Km 115.342 to Km 191.700 of NH-34 in Nadia District 3.962 & Murshidabad District 5.538 pertaining to Krishnagar to Berhampore section of NH-34 New NH-12 , in the state of West Bengal under NHO.",2026-05,0.16403044497196617,0
618824,"Development to 4-laning of the de-scoped stretches from Km 115.342 to Km 191.700 of NH-34 in Nadia District 3.962 & Murshidabad District 5.538 pertaining to Krishnagar to Berhampore section of NH-34 New NH-12 , in the state of West Bengal under NHO.",2026-06,0.18967207558884414,0
618825,Bridge over Ganga River at d/s of Farraka Barrage including Approaches connecting Farakka-Raiganj,2026-04,0.183670100522166,0
618825,Bridge over Ganga River at d/s of Farraka Barrage including Approaches connecting Farakka-Raiganj,2026-05,0.17767382044897134,0
618825,Bridge over Ganga River at d/s of Farraka Barrage including Approaches connecting Farakka-Raiganj,2026-06,0.3397197846640485,0
618826,4 Laning of NH-544D from Km 0.000 to km 37.000 of Anantapur- Muchukota section Pkg-1,2026-04,0.12622339829369073,0
618826,4 Laning of NH-544D from Km 0.000 to km 37.000 of Anantapur- Muchukota section Pkg-1,2026-05,0.08481480364118678,0
618826,4 Laning of NH-544D from Km 0.000 to km 37.000 of Anantapur- Muchukota section Pkg-1,2026-06,0.13016349833476162,0
618827,4 Laning of NH-544D from Km 37.000 to km 69.000 of Muchukota- Bugga section Pkg-2,2026-04,0.18732791560666015,0
618827,4 Laning of NH-544D from Km 37.000 to km 69.000 of Muchukota- Bugga section Pkg-2,2026-05,0.2245465807413052,0
618827,4 Laning of NH-544D from Km 37.000 to km 69.000 of Muchukota- Bugga section Pkg-2,2026-06,0.19346610411834453,0
618828,4L from Km 219.600 Khajuri to Km 260.483 Wyndhamganj on NH-75 Sec-V,2026-04,0.16589653442105048,0
618829,4L from km 196.87 Sankha to km 219.6 Khajuri on NH-75 [Rehla / Garhwa Bypass],2026-04,0.2598470538776549,0
618830,4L from Km 147.450 Bhogu to Km 196.870 Sankha on NH-75 Sec-III,2026-04,0.2737468968007033,0
618830,4L from Km 147.450 Bhogu to Km 196.870 Sankha on NH-75 Sec-III,2026-05,0.16467673256503068,0
618830,4L from Km 147.450 Bhogu to Km 196.870 Sankha on NH-75 Sec-III,2026-06,0.24644381209173966,0
618831,4L from Km 95.400 Udaipura to Km 147.450 Bhogu on NH-75 Sec-II,2026-04,0.25961421651657424,0
618831,4L from Km 95.400 Udaipura to Km 147.450 Bhogu on NH-75 Sec-II,2026-05,0.10289505561807924,0
618831,4L from Km 95.400 Udaipura to Km 147.450 Bhogu on NH-75 Sec-II,2026-06,0.2084416081313982,0
618832,4L from Km 55.00 Kuru to Km 95.400 Udaipura on NH-75 Sec-I,2026-04,0.18056370307899003,0
618832,4L from Km 55.00 Kuru to Km 95.400 Udaipura on NH-75 Sec-I,2026-05,0.06638534872253762,0
618832,4L from Km 55.00 Kuru to Km 95.400 Udaipura on NH-75 Sec-I,2026-06,0.12573970465831386,0
618833,Kodinar - Veraval Package VI from km. 221.610 to km. 263.00 of NH-8E & km. 120.900 to km. 121.150 of NH-8D,2026-04,0.16539919643097548,0
618833,Kodinar - Veraval Package VI from km. 221.610 to km. 263.00 of NH-8E & km. 120.900 to km. 121.150 of NH-8D,2026-05,0.0898673331709951,0
618834,4L Kodinar - Veraval Package VI from km. 222.400 to km. 230.00 Kodinar Bypass of NH-8E NH 51 new,2026-04,0.1452758694143944,0
618835,4L of Bal Works of Talaja - Mahuva from 54.990 km. to 100.450 km. of Old NH-8E Package-II,2026-04,0.15716294319428697,0
618836,4L of Ratnagiri - Kolhapur section from km 67.140 to km 112.340 of NH-166 Pkg II,2026-04,0.2680339623949652,0
618836,4L of Ratnagiri - Kolhapur section from km 67.140 to km 112.340 of NH-166 Pkg II,2026-05,0.1563395606459904,0
618836,4L of Ratnagiri - Kolhapur section from km 67.140 to km 112.340 of NH-166 Pkg II,2026-06,0.2545556161748808,0
618837,4L of Ratnagiri - Kolhapur section from km 112.340 to km 145.300 of NH-166 PkgIII,2026-04,0.3030249424870298,0
618837,4L of Ratnagiri - Kolhapur section from km 112.340 to km 145.300 of NH-166 PkgIII,2026-05,0.15812823779227672,0
618837,4L of Ratnagiri - Kolhapur section from km 112.340 to km 145.300 of NH-166 PkgIII,2026-06,0.28561995983430405,0
618838,4L of Karwar Km. 281.980 of NH-62 Nagaur road to Dangiyavas of Jodhpur Ring Road Pkg-II,2026-04,0.15708549786901535,0
618838,4L of Karwar Km. 281.980 of NH-62 Nagaur road to Dangiyavas of Jodhpur Ring Road Pkg-II,2026-05,0.07724258393947395,0
618838,4L of Karwar Km. 281.980 of NH-62 Nagaur road to Dangiyavas of Jodhpur Ring Road Pkg-II,2026-06,0.1872572176347331,0
618839,Aunta - Simaria including Ganga Bridge,2026-04,0.1485658638011843,0
618840,Simaria Km. 206.050 to Khagaria Km. 266.282,2026-04,0.17784906669840816,0
618840,Simaria Km. 206.050 to Khagaria Km. 266.282,2026-05,0.12032232291983787,0
618840,Simaria Km. 206.050 to Khagaria Km. 266.282,2026-06,0.3230741646101022,0
618841,4L Elevated Section and at-grade improvements at Begusarai town Simaria - Khagaria section from Km. 221.047 to Km. 225.302 of NH-31,2026-04,0.16171337272097824,0
618841,4L Elevated Section and at-grade improvements at Begusarai town Simaria - Khagaria section from Km. 221.047 to Km. 225.302 of NH-31,2026-05,0.09608130706086793,0
618841,4L Elevated Section and at-grade improvements at Begusarai town Simaria - Khagaria section from Km. 221.047 to Km. 225.302 of NH-31,2026-06,0.17502893911186498,0
618842,"2L PS Greenfield bypass lalganj ajhara, mohanganj and Raniganj on Raebareli - Jaunpur Section Design km 0.00 to Km 53177 of NH-31",2026-06,0.16505562779424943,0
618843,Construction of two lane with paved shoulders bypass to Mungrabadshapur town starting from near Kodahu at Km 47/225 of NH-319D and ending near Nauwadandi at Km 219/720 of NH-31 under NHO in the state of Uttar Pradesh on EPC mode,2026-04,0.1586018526958869,0
618843,Construction of two lane with paved shoulders bypass to Mungrabadshapur town starting from near Kodahu at Km 47/225 of NH-319D and ending near Nauwadandi at Km 219/720 of NH-31 under NHO in the state of Uttar Pradesh on EPC mode,2026-05,0.08029021153323454,0
618843,Construction of two lane with paved shoulders bypass to Mungrabadshapur town starting from near Kodahu at Km 47/225 of NH-319D and ending near Nauwadandi at Km 219/720 of NH-31 under NHO in the state of Uttar Pradesh on EPC mode,2026-06,0.12580484105428294,0
618844,Viluppuram Km.0.000 to Puducherry Km.29.000,2026-04,0.20983916336921507,0
618844,Viluppuram Km.0.000 to Puducherry Km.29.000,2026-05,0.11220883575914009,0
618844,Viluppuram Km.0.000 to Puducherry Km.29.000,2026-06,0.19941753051632927,0
618845,Puducherry Km.29.000 to Poondiyankuppam Km.67.000,2026-04,0.2035259474142746,0
618845,Puducherry Km.29.000 to Poondiyankuppam Km.67.000,2026-05,0.14373173420518454,0
618845,Puducherry Km.29.000 to Poondiyankuppam Km.67.000,2026-06,0.20143271318929282,0
618846,Poondiyankuppam Km.67.000 to Sattanathapuram Km.123.800,2026-04,0.240766971268207,0
618846,Poondiyankuppam Km.67.000 to Sattanathapuram Km.123.800,2026-05,0.1637054615835691,0
618846,Poondiyankuppam Km.67.000 to Sattanathapuram Km.123.800,2026-06,0.27034358016391696,0
618847,Sattanathapuram to Nagapattinam from Km 123.800 to Km 179.555,2026-04,0.35765070980946767,0
618847,Sattanathapuram to Nagapattinam from Km 123.800 to Km 179.555,2026-05,0.23673074502562172,0
618847,Sattanathapuram to Nagapattinam from Km 123.800 to Km 179.555,2026-06,0.32080868630344433,0
618848,Construction of Underpass beneath airport runway on NH-31 old NH-56 for proposed expansion of runway of Babatpur Airport Varanasi,2026-04,0.16033949469769768,0
618848,Construction of Underpass beneath airport runway on NH-31 old NH-56 for proposed expansion of runway of Babatpur Airport Varanasi,2026-05,0.04103956593841613,0
618848,Construction of Underpass beneath airport runway on NH-31 old NH-56 for proposed expansion of runway of Babatpur Airport Varanasi,2026-06,0.08326721059386709,0
618849,Conversion of Partially Excavated Escape Tunnel to Uni-Directional 2L Tunnelincluding construction of cross passages and approach roads on either side of the tunnel from Km 12.732 to Km 14.568 of Kiratpur to Nerchowk Section of NH-21,2026-04,0.15411321032085018,0
618850,Nerchowk km 190.000 to Pandoh including Pandoh bypass km221.305,2026-04,0.19090362770405125,0
618850,Nerchowk km 190.000 to Pandoh including Pandoh bypass km221.305,2026-05,0.12636128716149814,0
618850,Nerchowk km 190.000 to Pandoh including Pandoh bypass km221.305,2026-06,0.3480515489227885,0
618851,Pandoh bypass 221.305 to Takoli 242.000 of NH-21 in the state of Himachal Pradesh,2026-04,0.26372265243570625,0
618851,Pandoh bypass 221.305 to Takoli 242.000 of NH-21 in the state of Himachal Pradesh,2026-05,0.18786544286367285,0
618851,Pandoh bypass 221.305 to Takoli 242.000 of NH-21 in the state of Himachal Pradesh,2026-06,0.39289448505954633,0
618852,4L Sundar Nagar Bypass from Km.173.900 to Km.179.600 of NH-21,2026-04,0.17178227256806486,0
618852,4L Sundar Nagar Bypass from Km.173.900 to Km.179.600 of NH-21,2026-05,0.18993402381365523,0
618852,4L Sundar Nagar Bypass from Km.173.900 to Km.179.600 of NH-21,2026-06,0.2473896395063248,0
618853,Construction of Four lane Elevated Structure at Raniwada Circle in Sanchore City on NH-68,2026-04,0.20334686861917123,0
618853,Construction of Four lane Elevated Structure at Raniwada Circle in Sanchore City on NH-68,2026-05,0.09825054592649887,0
618853,Construction of Four lane Elevated Structure at Raniwada Circle in Sanchore City on NH-68,2026-06,0.11536598388614813,0
618854,2L PS of Raebareli - Jagdishpur with 4L Jagdishpur Bypass Spur,2026-04,0.1594523169215237,0
618855,"Improvement and Up-Gradation of Existing Road to 2/4L PS from Km 40.000 to 88.750, start of Khutar bypass to start of Shahjahanpur bypass of NH 731Pkg-I",2026-04,0.11877373445388853,0
618856,"Improvement and Up-Gradation of Existing Road to 4L PS from Km 123.650 to 175.080, from Start of Shahabad Bypass to End of Hardoi bypass of NH 731 Pkg-2B",2026-04,0.19858073428862547,0
618856,"Improvement and Up-Gradation of Existing Road to 4L PS from Km 123.650 to 175.080, from Start of Shahabad Bypass to End of Hardoi bypass of NH 731 Pkg-2B",2026-05,0.11368393997595731,0
618856,"Improvement and Up-Gradation of Existing Road to 4L PS from Km 123.650 to 175.080, from Start of Shahabad Bypass to End of Hardoi bypass of NH 731 Pkg-2B",2026-06,0.2281690484378806,0
618858,"Improvement and Up-Gradation of Existing Road to 4L PS from Km 88.750 to 123.650, from Start of Shahjahanpur Bypass to start of Shahabad bypass of NH 731Pkg.-2A",2026-04,0.18068706523156108,0
618858,"Improvement and Up-Gradation of Existing Road to 4L PS from Km 88.750 to 123.650, from Start of Shahjahanpur Bypass to start of Shahabad bypass of NH 731Pkg.-2A",2026-05,0.10748503168033978,0
618858,"Improvement and Up-Gradation of Existing Road to 4L PS from Km 88.750 to 123.650, from Start of Shahjahanpur Bypass to start of Shahabad bypass of NH 731Pkg.-2A",2026-06,0.20316621017623504,0
618859,"Improvement and Up-Gradation of Existing Road to 4L PS from Km 229.070 to 260.800, End of Hardoi District to Lucknow Ring road of NH 731 Pkg-4",2026-04,0.12630490253414808,0
618859,"Improvement and Up-Gradation of Existing Road to 4L PS from Km 229.070 to 260.800, End of Hardoi District to Lucknow Ring road of NH 731 Pkg-4",2026-05,0.05360141131089692,0
618859,"Improvement and Up-Gradation of Existing Road to 4L PS from Km 229.070 to 260.800, End of Hardoi District to Lucknow Ring road of NH 731 Pkg-4",2026-06,0.13644118051526782,0
618861,Bakhtiyarpur-Rajauli Pkg-II from km. 54.405 to km.101.630,2026-04,0.1962606838397977,0
618861,Bakhtiyarpur-Rajauli Pkg-II from km. 54.405 to km.101.630,2026-05,0.188080693182067,0
618861,Bakhtiyarpur-Rajauli Pkg-II from km. 54.405 to km.101.630,2026-06,0.31515570340081595,0
618862,Bakhtiyarpur-Rajauli Pkg-III from km. 101.630 to km.152.520,2026-04,0.18924798641997992,0
618862,Bakhtiyarpur-Rajauli Pkg-III from km. 101.630 to km.152.520,2026-05,0.1431188902813565,0
618862,Bakhtiyarpur-Rajauli Pkg-III from km. 101.630 to km.152.520,2026-06,0.31299556575602605,0
618863,Barhi-Koderma Section of NH31 km 0.00 - km 27.5,2026-04,0.27720539129057403,0
618863,Barhi-Koderma Section of NH31 km 0.00 - km 27.5,2026-05,0.23513195283583457,0
618863,Barhi-Koderma Section of NH31 km 0.00 - km 27.5,2026-06,0.41039213670311087,0
618864,4L from Mathura Bypass Start at Existing Km. 154.20 of NH-44 to Gaju Village at Km 32.982 of NH-530B Pkg-IB,2026-04,0.15709437572155638,0
618865,4L from Gaju Village at Km. 32.982 to Devinagar Bypass End at Km. 208.000 of NH- 530B Pkg-1C.,2026-04,0.1548569769458907,0
618866,"Four Lane Highway from Chandan Nagar Existing Km. 59.025 of NH 530B/Design Km. 179.5000 to Bareilly BypassStartExisting Km. 59.025 of NH 530B/Design Km. 218.000 Section of NH 530B, in the State of Uttar Pradesh on HAM Mode under NH0",2026-04,0.13962145712442775,0
618866,"Four Lane Highway from Chandan Nagar Existing Km. 59.025 of NH 530B/Design Km. 179.5000 to Bareilly BypassStartExisting Km. 59.025 of NH 530B/Design Km. 218.000 Section of NH 530B, in the State of Uttar Pradesh on HAM Mode under NH0",2026-05,0.0907374176058396,0
618866,"Four Lane Highway from Chandan Nagar Existing Km. 59.025 of NH 530B/Design Km. 179.5000 to Bareilly BypassStartExisting Km. 59.025 of NH 530B/Design Km. 218.000 Section of NH 530B, in the State of Uttar Pradesh on HAM Mode under NH0",2026-06,0.1341947989602541,0
618867,4L Kasganj-Badaun Section from Km. 123.100 to Km. 179.500 Pkg-III of NH530B,2026-04,0.2143007706690877,0
618867,4L Kasganj-Badaun Section from Km. 123.100 to Km. 179.500 Pkg-III of NH530B,2026-05,0.08916624243107918,0
618867,4L Kasganj-Badaun Section from Km. 123.100 to Km. 179.500 Pkg-III of NH530B,2026-06,0.16751099720525403,0
618868,4L from Devinagar Bypass End Existing Km. 208.000 of NH 530B/Design Km. 66.000 to Kasganj Bypass End Existing Km.150.100 of NH 530B/ Design Km. 123.100 of NH 530B,2026-04,0.1975453878676732,0
618868,4L from Devinagar Bypass End Existing Km. 208.000 of NH 530B/Design Km. 66.000 to Kasganj Bypass End Existing Km.150.100 of NH 530B/ Design Km. 123.100 of NH 530B,2026-05,0.12229324805686465,0
618868,4L from Devinagar Bypass End Existing Km. 208.000 of NH 530B/Design Km. 66.000 to Kasganj Bypass End Existing Km.150.100 of NH 530B/ Design Km. 123.100 of NH 530B,2026-06,0.21197836626344693,0
618869,"Construction of 4/6 lane Highway of Southern Bareilly Bypass, starting at Ch. 237000 of NH 530 near Jhumka chauraha, Dhantiya village and ending at Ch. 267000 of NH 30 near Invertis University including Trumpet Interchange",2026-04,0.1233526195279957,0
618869,"Construction of 4/6 lane Highway of Southern Bareilly Bypass, starting at Ch. 237000 of NH 530 near Jhumka chauraha, Dhantiya village and ending at Ch. 267000 of NH 30 near Invertis University including Trumpet Interchange",2026-05,0.060098920126151055,0
618869,"Construction of 4/6 lane Highway of Southern Bareilly Bypass, starting at Ch. 237000 of NH 530 near Jhumka chauraha, Dhantiya village and ending at Ch. 267000 of NH 30 near Invertis University including Trumpet Interchange",2026-06,0.13195640041021414,0
618870,4L PS from near Hemmige Village Periyapatna - Hassan Road Jn. to near Hunsur - KR Nagar Jn section from Km. 144.900 to Km. 169.000 of NH-275 Pkg. III,2026-04,0.19403386446805443,0
618870,4L PS from near Hemmige Village Periyapatna - Hassan Road Jn. to near Hunsur - KR Nagar Jn section from Km. 144.900 to Km. 169.000 of NH-275 Pkg. III,2026-05,0.08887758622540927,0
618870,4L PS from near Hemmige Village Periyapatna - Hassan Road Jn. to near Hunsur - KR Nagar Jn section from Km. 144.900 to Km. 169.000 of NH-275 Pkg. III,2026-06,0.18571897150049355,0
618871,4L PS from Near Guddehosur to Start of Kushalnagara Bypass to near Hemmige Village Periyapatna - Hassan Road Jn from Km. 122.200 to Km. 144.900 of NH-275 Pkg. II,2026-04,0.1585019504124542,0
618871,4L PS from Near Guddehosur to Start of Kushalnagara Bypass to near Hemmige Village Periyapatna - Hassan Road Jn from Km. 122.200 to Km. 144.900 of NH-275 Pkg. II,2026-05,0.04784479520792619,0
618871,4L PS from Near Guddehosur to Start of Kushalnagara Bypass to near Hemmige Village Periyapatna - Hassan Road Jn from Km. 122.200 to Km. 144.900 of NH-275 Pkg. II,2026-06,0.16280632498217304,0
618872,4L PS from near Hunsur - KR Nagar Junction to near Yalachahalli village KR Nagara - Yelawala Road Junction fcrom Km 169.000 to Km 195.550 of NH-275 Pkg-IV,2026-04,0.1849839828819777,0
618872,4L PS from near Hunsur - KR Nagar Junction to near Yalachahalli village KR Nagara - Yelawala Road Junction fcrom Km 169.000 to Km 195.550 of NH-275 Pkg-IV,2026-05,0.07576412414812424,0
618872,4L PS from near Hunsur - KR Nagar Junction to near Yalachahalli village KR Nagara - Yelawala Road Junction fcrom Km 169.000 to Km 195.550 of NH-275 Pkg-IV,2026-06,0.15586929651614656,0
618873,4L PS from near Yalachahalli village KR Nagara - Yelawala Road junction to Srirangapatna Bypass Near Paschima Vahini from km 195.550 to Km 214.535 of NH- 275 Pkg-V,2026-04,0.18817360754996904,0
618873,4L PS from near Yalachahalli village KR Nagara - Yelawala Road junction to Srirangapatna Bypass Near Paschima Vahini from km 195.550 to Km 214.535 of NH- 275 Pkg-V,2026-05,0.07849259373136969,0
618873,4L PS from near Yalachahalli village KR Nagara - Yelawala Road junction to Srirangapatna Bypass Near Paschima Vahini from km 195.550 to Km 214.535 of NH- 275 Pkg-V,2026-06,0.17087611503484018,0
618874,Four Laning of Trichy - Dindigul from km. 333.00 to km. 421.273 of NH-45,2026-04,0.16214416094903208,0
618875,4L of Haridwar Nagina section Design Ch. LME from km 13.829 to km 17.110 & km 26.077 to km 27.508 and Design Ch. RME from km 13.839 to km 17.120 & km 26.078 to km 27.509 of EUP mitigation measures on NH74,2026-04,0.2425742512411566,0
618875,4L of Haridwar Nagina section Design Ch. LME from km 13.829 to km 17.110 & km 26.077 to km 27.508 and Design Ch. RME from km 13.839 to km 17.120 & km 26.078 to km 27.509 of EUP mitigation measures on NH74,2026-05,0.18068233292180028,0
618875,4L of Haridwar Nagina section Design Ch. LME from km 13.829 to km 17.110 & km 26.077 to km 27.508 and Design Ch. RME from km 13.839 to km 17.120 & km 26.078 to km 27.509 of EUP mitigation measures on NH74,2026-06,0.23603966250262773,0
618878,Rehabilitation and Upgradation to 4L configuration & Strengthening of Sihuni to Rajol from Km 51.000 to Km 72.000 of NH-154 Package-IIA,2026-04,0.17963424141680076,0
618878,Rehabilitation and Upgradation to 4L configuration & Strengthening of Sihuni to Rajol from Km 51.000 to Km 72.000 of NH-154 Package-IIA,2026-05,0.0907934041370916,0
618878,Rehabilitation and Upgradation to 4L configuration & Strengthening of Sihuni to Rajol from Km 51.000 to Km 72.000 of NH-154 Package-IIA,2026-06,0.2031320318736438,0
618879,Rehabilitation and Upgradation to 2L PS configuration & Strengthening of Padhar to Bijni section from Km 180.000 to Km 202.815 of NH-154 Pkg-VA,2026-04,0.18001750707624697,0
618879,Rehabilitation and Upgradation to 2L PS configuration & Strengthening of Padhar to Bijni section from Km 180.000 to Km 202.815 of NH-154 Pkg-VA,2026-05,0.10497460400112113,0
618879,Rehabilitation and Upgradation to 2L PS configuration & Strengthening of Padhar to Bijni section from Km 180.000 to Km 202.815 of NH-154 Pkg-VA,2026-06,0.2079034523361419,0
618880,Rehabilitation and Up-gradation to 4L configuration & Strengthening of Thanpuri to Paror section from Km 85.135 to Km 100.840 of NH-154 Pkg-IIC,2026-04,0.23660784198250231,0
618880,Rehabilitation and Up-gradation to 4L configuration & Strengthening of Thanpuri to Paror section from Km 85.135 to Km 100.840 of NH-154 Pkg-IIC,2026-05,0.14543935802595132,0
618880,Rehabilitation and Up-gradation to 4L configuration & Strengthening of Thanpuri to Paror section from Km 85.135 to Km 100.840 of NH-154 Pkg-IIC,2026-06,0.21597101057594453,0
618881,4L PS bijni to mandi section from Km 202.815 to Km 208.000 of NH-20 New NH-154 of Pathankot-Mandi Package-VB,2026-04,0.21305491210580718,0
618881,4L PS bijni to mandi section from Km 202.815 to Km 208.000 of NH-20 New NH-154 of Pathankot-Mandi Package-VB,2026-05,0.11701064678542762,0
618881,4L PS bijni to mandi section from Km 202.815 to Km 208.000 of NH-20 New NH-154 of Pathankot-Mandi Package-VB,2026-06,0.1641097737965446,0
618882,Construction of additional 3-Lane Bridge over River Ganga for connection between Buxar and Bharauli on NH-922 in the State of Uttar Pradesh and Bihar on Hybrid Annuity Mode,2026-04,0.185469737206326,0
618882,Construction of additional 3-Lane Bridge over River Ganga for connection between Buxar and Bharauli on NH-922 in the State of Uttar Pradesh and Bihar on Hybrid Annuity Mode,2026-05,0.05235983509678221,0
618882,Construction of additional 3-Lane Bridge over River Ganga for connection between Buxar and Bharauli on NH-922 in the State of Uttar Pradesh and Bihar on Hybrid Annuity Mode,2026-06,0.10493536017270981,0
618883,Construction of Four Lane Highway form Ghazipur- Ballia-UP/Bihar State Border Greenfield section of NH-31 Package I [from Hridaipur km 0.000 to Shahapur km 42.500] on EPC Mode in the state of Uttar Pradesh.,2026-04,0.15822882513596975,0
618883,Construction of Four Lane Highway form Ghazipur- Ballia-UP/Bihar State Border Greenfield section of NH-31 Package I [from Hridaipur km 0.000 to Shahapur km 42.500] on EPC Mode in the state of Uttar Pradesh.,2026-05,0.11249443165559958,0
618883,Construction of Four Lane Highway form Ghazipur- Ballia-UP/Bihar State Border Greenfield section of NH-31 Package I [from Hridaipur km 0.000 to Shahapur km 42.500] on EPC Mode in the state of Uttar Pradesh.,2026-06,0.23458715091874846,0
618884,Construction of Four Lane Highway from Ghazipur- Ballia-UP/Bihar State Border Greenfield section of NH-31 Package II [from Shahapur km 42.500 to Pindari km 78.150] on EPC Mode in the state of Uttar Pradesh.,2026-04,0.1549126852563434,0
618884,Construction of Four Lane Highway from Ghazipur- Ballia-UP/Bihar State Border Greenfield section of NH-31 Package II [from Shahapur km 42.500 to Pindari km 78.150] on EPC Mode in the state of Uttar Pradesh.,2026-05,0.12105215240866112,0
618884,Construction of Four Lane Highway from Ghazipur- Ballia-UP/Bihar State Border Greenfield section of NH-31 Package II [from Shahapur km 42.500 to Pindari km 78.150] on EPC Mode in the state of Uttar Pradesh.,2026-06,0.17264116322992157,0
618885,Construction of Four Lane Highway from Ghazipur- Ballia-UP/Bihar State Border Greenfield section of NH-31 Package IV [from Buxur Spur of length km 17.270 on EPC Mode in the state of Uttar Pradesh.,2026-04,0.17927102825968935,0
618885,Construction of Four Lane Highway from Ghazipur- Ballia-UP/Bihar State Border Greenfield section of NH-31 Package IV [from Buxur Spur of length km 17.270 on EPC Mode in the state of Uttar Pradesh.,2026-05,0.15819713203768385,0
618885,Construction of Four Lane Highway from Ghazipur- Ballia-UP/Bihar State Border Greenfield section of NH-31 Package IV [from Buxur Spur of length km 17.270 on EPC Mode in the state of Uttar Pradesh.,2026-06,0.14411228319995617,0
618886,Road Safety Improvement of Critical Junctions on MuzaffarnagarHaridwar Section of NH-334 from Km 143000 to Km 196000,2026-04,0.19390977400639473,0
618886,Road Safety Improvement of Critical Junctions on MuzaffarnagarHaridwar Section of NH-334 from Km 143000 to Km 196000,2026-05,0.0690768376031003,0
618886,Road Safety Improvement of Critical Junctions on MuzaffarnagarHaridwar Section of NH-334 from Km 143000 to Km 196000,2026-06,0.09815168599949953,0
618887,4L of Bettadahalli- Shivamogga section from Km.170.415 to km. 226.750 of NH-206 Tumkur- Shivamogga Pkg-IV,2026-04,0.31276717638657053,0
618887,4L of Bettadahalli- Shivamogga section from Km.170.415 to km. 226.750 of NH-206 Tumkur- Shivamogga Pkg-IV,2026-05,0.15557875802663612,0
618887,4L of Bettadahalli- Shivamogga section from Km.170.415 to km. 226.750 of NH-206 Tumkur- Shivamogga Pkg-IV,2026-06,0.3225716897750473,0
618888,Rehabilitation and Up-gradation of existing road to 2L PS from End of Hamirpur Bypass near Chilbahal to Bhangbar section from Km. 138.295 to Km.175.270 of NH- 88 Pkg-IV,2026-04,0.17382595791130726,0
618888,Rehabilitation and Up-gradation of existing road to 2L PS from End of Hamirpur Bypass near Chilbahal to Bhangbar section from Km. 138.295 to Km.175.270 of NH- 88 Pkg-IV,2026-05,0.08487566090408417,0
618888,Rehabilitation and Up-gradation of existing road to 2L PS from End of Hamirpur Bypass near Chilbahal to Bhangbar section from Km. 138.295 to Km.175.270 of NH- 88 Pkg-IV,2026-06,0.30693229042359343,0
618889,"4L of Bhangbar Near Ranital to Kangra Bypass Section of Old NH-88 New NH- 303,503 up to Intersection with NH-154 from Km 175.270 to Km 193.400 Pkg-VB",2026-04,0.17930686326431733,0
618889,"4L of Bhangbar Near Ranital to Kangra Bypass Section of Old NH-88 New NH- 303,503 up to Intersection with NH-154 from Km 175.270 to Km 193.400 Pkg-VB",2026-05,0.15004224249483825,0
618889,"4L of Bhangbar Near Ranital to Kangra Bypass Section of Old NH-88 New NH- 303,503 up to Intersection with NH-154 from Km 175.270 to Km 193.400 Pkg-VB",2026-06,0.25975383833079807,0
618890,2L PS of Hamirpur Bypass from Km 121.175 to Km.138.295 of NH-103&3,2026-04,0.1650009252118618,0
618890,2L PS of Hamirpur Bypass from Km 121.175 to Km.138.295 of NH-103&3,2026-05,0.09338710884583686,0
618890,2L PS of Hamirpur Bypass from Km 121.175 to Km.138.295 of NH-103&3,2026-06,0.1982701887288602,0
618891,4L PS from Kalar Bala Village to Nauni Chowk of NH 205 from Km 41.000 to Km 58.450,2026-04,0.23595469472590197,0
618891,4L PS from Kalar Bala Village to Nauni Chowk of NH 205 from Km 41.000 to Km 58.450,2026-05,0.06934692027796117,0
618891,4L PS from Kalar Bala Village to Nauni Chowk of NH 205 from Km 41.000 to Km 58.450,2026-06,0.1698611071402252,0
618892,"4 Lane with Paved Shoulder from Dareota Village to Kalar Bala NH 205, Design Chainage -Km 33185 to Km 41000, Design Length-7.815 Km Package-IIB",2026-06,0.1897434702470269,0
618893,Varanasi Gorakhpur Section Packege IV from km. 149.540 to km. 215.160 Mau- Gorakhpur,2026-04,0.20196657667258827,0
618893,Varanasi Gorakhpur Section Packege IV from km. 149.540 to km. 215.160 Mau- Gorakhpur,2026-05,0.14369388601880262,0
618893,Varanasi Gorakhpur Section Packege IV from km. 149.540 to km. 215.160 Mau- Gorakhpur,2026-06,0.37452709368443027,0
618894,4L of Madathukulam - Pollachi from km. 74.38 to km. 116.95 of old NH-209 New NH- 83,2026-04,0.2322176537149824,0
618894,4L of Madathukulam - Pollachi from km. 74.38 to km. 116.95 of old NH-209 New NH- 83,2026-05,0.1276336672457597,0
618894,4L of Madathukulam - Pollachi from km. 74.38 to km. 116.95 of old NH-209 New NH- 83,2026-06,0.29716214990132545,0
618895,Kamalapuram to Oddanchatram from km. 0.00 to km. 35.822,2026-04,0.22405069203368655,0
618895,Kamalapuram to Oddanchatram from km. 0.00 to km. 35.822,2026-05,0.12110248282274388,0
618895,Kamalapuram to Oddanchatram from km. 0.00 to km. 35.822,2026-06,0.26042602384713925,0
618896,4L of Sannur to Bikarnakatte section from Km 691.350 to Km 736.362 of NH-169 Karkala - Mangalore Package-III,2026-04,0.2668386812322417,0
618896,4L of Sannur to Bikarnakatte section from Km 691.350 to Km 736.362 of NH-169 Karkala - Mangalore Package-III,2026-05,0.16972974415632558,0
618896,4L of Sannur to Bikarnakatte section from Km 691.350 to Km 736.362 of NH-169 Karkala - Mangalore Package-III,2026-06,0.3829732688981021,0
618897,4L of Sethiyathope -Cholapuram section from Km. 65.960 to Km. 116.440 section of NH45 C Pkg-II,2026-04,0.23320413037759508,0
618898,Balance Works for Four laning of Vikravandi to Sethiyathope section from Km 0.0 to Km 65.96 of NH-45C in Tamil Nadu under NHDP Phase-IV on EPC mode,2026-04,0.19628514962518231,0
618898,Balance Works for Four laning of Vikravandi to Sethiyathope section from Km 0.0 to Km 65.96 of NH-45C in Tamil Nadu under NHDP Phase-IV on EPC mode,2026-05,0.08129304166136218,0
618898,Balance Works for Four laning of Vikravandi to Sethiyathope section from Km 0.0 to Km 65.96 of NH-45C in Tamil Nadu under NHDP Phase-IV on EPC mode,2026-06,0.14012968271720141,0
618899,Kallagam km.38.700 to Meensurutti Km.98.433 of NH-227 in Tamil Nadu,2026-04,0.2065665478941508,0
618899,Kallagam km.38.700 to Meensurutti Km.98.433 of NH-227 in Tamil Nadu,2026-05,0.13603275588559746,0
618899,Kallagam km.38.700 to Meensurutti Km.98.433 of NH-227 in Tamil Nadu,2026-06,0.27041569297152096,0
618901,4L PS Divided Carriageway from Patan Near Rajpur to Gojariya From Km 52.000 to Km 128.940 of NH-68,2026-04,0.18948568634974958,0
618901,4L PS Divided Carriageway from Patan Near Rajpur to Gojariya From Km 52.000 to Km 128.940 of NH-68,2026-05,0.15685731260289487,0
618901,4L PS Divided Carriageway from Patan Near Rajpur to Gojariya From Km 52.000 to Km 128.940 of NH-68,2026-06,0.17875463919663465,0
618902,Maheshkunt-Saharsa-Purnea Pkg I km 0.00 to km. 90.00 of NH-107,2026-04,0.24121739086239505,0
618902,Maheshkunt-Saharsa-Purnea Pkg I km 0.00 to km. 90.00 of NH-107,2026-05,0.17094926826912474,0
618902,Maheshkunt-Saharsa-Purnea Pkg I km 0.00 to km. 90.00 of NH-107,2026-06,0.3387514775609037,0
618903,Maheshkunt -Saharsa-Purnea Pkg II,2026-04,0.1804160315696589,0
618903,Maheshkunt -Saharsa-Purnea Pkg II,2026-05,0.1468118478781644,0
618903,Maheshkunt -Saharsa-Purnea Pkg II,2026-06,0.3486653462119767,0
618904,Chhapra - Hajipur from km. 143.200 to km. 209.200,2026-04,0.17171944159234445,0
618904,Chhapra - Hajipur from km. 143.200 to km. 209.200,2026-05,0.1252104010175384,0
618905,Widening with additional 3L abetting Chhapra Bypass Section of NH-19 from Km. 143.200 to Km. 159.255 Pkg-1,2026-04,0.386643797313886,0
618905,Widening with additional 3L abetting Chhapra Bypass Section of NH-19 from Km. 143.200 to Km. 159.255 Pkg-1,2026-05,0.1456356584820323,0
618905,Widening with additional 3L abetting Chhapra Bypass Section of NH-19 from Km. 143.200 to Km. 159.255 Pkg-1,2026-06,0.19754652689607113,0
618906,4L of Amritsar-Ghoman - Tanda - Una Section from Km 8.270 to Km 54.000 of NH- 503A Package-I,2026-04,0.27703527583227205,0
618906,4L of Amritsar-Ghoman - Tanda - Una Section from Km 8.270 to Km 54.000 of NH- 503A Package-I,2026-05,0.1836149851350781,0
618906,4L of Amritsar-Ghoman - Tanda - Una Section from Km 8.270 to Km 54.000 of NH- 503A Package-I,2026-06,0.3691460303649958,0
618907,2L/4L of Hoshiarpur to Una section including Hoshiarpur Bypass of NH 503A,2026-04,0.2320198739136192,0
618907,2L/4L of Hoshiarpur to Una section including Hoshiarpur Bypass of NH 503A,2026-05,0.07963807715599072,0
618907,2L/4L of Hoshiarpur to Una section including Hoshiarpur Bypass of NH 503A,2026-06,0.17934459205904038,0
618908,3L Major Bridge over River Brahmani at Km. 401.250 Duburi - Chandikhole Section of NH-200 New NH -53,2026-04,0.2546021283266756,0
618908,3L Major Bridge over River Brahmani at Km. 401.250 Duburi - Chandikhole Section of NH-200 New NH -53,2026-05,0.1709383583388597,0
618908,3L Major Bridge over River Brahmani at Km. 401.250 Duburi - Chandikhole Section of NH-200 New NH -53,2026-06,0.19390325228733582,0
618909,2L PS of JH / WB Border km. 70.524 - Purulia km.84.400 & Purulia km. 94.30 - Chandil Junction with NH-33 km. 153.705 of Old NH-32,2026-04,0.21506335490620268,0
618909,2L PS of JH / WB Border km. 70.524 - Purulia km.84.400 & Purulia km. 94.30 - Chandil Junction with NH-33 km. 153.705 of Old NH-32,2026-05,0.13370745919667024,0
618909,2L PS of JH / WB Border km. 70.524 - Purulia km.84.400 & Purulia km. 94.30 - Chandil Junction with NH-33 km. 153.705 of Old NH-32,2026-06,0.3950903850813878,0
618910,4L of Purulia Bypass section from Km 84.030 to Km 94.345 of NH-32,2026-04,0.17964795909474965,0
618910,4L of Purulia Bypass section from Km 84.030 to Km 94.345 of NH-32,2026-05,0.1517388707688564,0
618911,4L Greenfield Western Side spur of Rampur-Rudrapur Section from Km 0.000 to Km 13.700 connecting NH-24 to NH-87 bypassing rampur town,2026-04,0.21726814139001685,0
618911,4L Greenfield Western Side spur of Rampur-Rudrapur Section from Km 0.000 to Km 13.700 connecting NH-24 to NH-87 bypassing rampur town,2026-05,0.1291466781761046,0
618911,4L Greenfield Western Side spur of Rampur-Rudrapur Section from Km 0.000 to Km 13.700 connecting NH-24 to NH-87 bypassing rampur town,2026-06,0.2071572285135597,0
618912,Construction of Rudrapur Bypass Section from Km. 0.000 to 20.640 in the state of Uttar Pradesh & Uttarakhand,2026-04,0.15500912379184503,0
618913,4-L of Rajamunda to Barkote Section of NH-23 from km. 287.200 to km. 337.185,2026-04,0.16141503937640173,0
618914,"4L Elevated Corridor and at-grade improvements from Design Ch0000 to Design Ch 19870 of Danapur Bihta Section, Design Ch0000 to Design Ch0231 connecting the existing RoB near Danapur station ,1.35 Km ramps and at-grade improvements to 4- lane section on Danapur side and Upgradation of existing Two lane carriageway to Four Lane carriageway from Design Ch19870 to Design Ch23500 of Bihta - Koilwar section",2026-04,0.2823930978274597,0
618914,"4L Elevated Corridor and at-grade improvements from Design Ch0000 to Design Ch 19870 of Danapur Bihta Section, Design Ch0000 to Design Ch0231 connecting the existing RoB near Danapur station ,1.35 Km ramps and at-grade improvements to 4- lane section on Danapur side and Upgradation of existing Two lane carriageway to Four Lane carriageway from Design Ch19870 to Design Ch23500 of Bihta - Koilwar section",2026-05,0.15299309082314502,0
618914,"4L Elevated Corridor and at-grade improvements from Design Ch0000 to Design Ch 19870 of Danapur Bihta Section, Design Ch0000 to Design Ch0231 connecting the existing RoB near Danapur station ,1.35 Km ramps and at-grade improvements to 4- lane section on Danapur side and Upgradation of existing Two lane carriageway to Four Lane carriageway from Design Ch19870 to Design Ch23500 of Bihta - Koilwar section",2026-06,0.19223731440511643,0
618915,4L of Bal. works of Patna - Gaya -Dobhi Pkg-II from km. 39.00 to km. 83.00 of Old NH- 83,2026-04,0.20106400940483124,0
618916,4L of Bal. works of Patna - Gaya -Dobhi Pkg-III from km. 83.00 to km. 127.217 of Old NH-83,2026-04,0.1788283498748669,0
618917,4L Greenfield starting from NH-30 near Saristabad Patna to Nathupur Project end point of Patna-Gaya-Dobhi Section of NH-83,2026-04,0.19713914519789982,0
618917,4L Greenfield starting from NH-30 near Saristabad Patna to Nathupur Project end point of Patna-Gaya-Dobhi Section of NH-83,2026-05,0.12113317052676464,0
618917,4L Greenfield starting from NH-30 near Saristabad Patna to Nathupur Project end point of Patna-Gaya-Dobhi Section of NH-83,2026-06,0.19991143146561402,0
618919,4L PS from Mandlem Existing Km. 38.000/Design Km.30.600 to Atmakur Existing Km.73.000/Design Km 66.115 of NH340C Package2,2026-04,0.1276675949905438,0
618920,Access Controlled Highway of 4 Lane with Paved Shoulders from TN/AP Border Design Chainage Km 6151 to Puttur Design Chainage Km 81540 of NH-716 & 6 Lane with Paved Shoulders from Mallavaram to Renigunta,2026-04,0.20338216901956124,0
618920,Access Controlled Highway of 4 Lane with Paved Shoulders from TN/AP Border Design Chainage Km 6151 to Puttur Design Chainage Km 81540 of NH-716 & 6 Lane with Paved Shoulders from Mallavaram to Renigunta,2026-05,0.06839499691243471,0
618920,Access Controlled Highway of 4 Lane with Paved Shoulders from TN/AP Border Design Chainage Km 6151 to Puttur Design Chainage Km 81540 of NH-716 & 6 Lane with Paved Shoulders from Mallavaram to Renigunta,2026-06,0.1352070274277052,0
618921,4L of Kathlighat to Shakral Village from Km 128.835 to Km 146.300 of NH- 5 Shimla Bypass - Pkg I,2026-04,0.45176251337980944,0
618921,4L of Kathlighat to Shakral Village from Km 128.835 to Km 146.300 of NH- 5 Shimla Bypass - Pkg I,2026-05,0.2026258976897344,0
618921,4L of Kathlighat to Shakral Village from Km 128.835 to Km 146.300 of NH- 5 Shimla Bypass - Pkg I,2026-06,0.34495038338993345,0
618922,4L of Shakral Village to Dhalli Section from Km 146.300 to Km 156.560 Shimla Bypass - Pkg II and Shimla connectivity from Km 0.000 to Km 0.725 of NH-5,2026-04,0.30040490930811253,0
618922,4L of Shakral Village to Dhalli Section from Km 146.300 to Km 156.560 Shimla Bypass - Pkg II and Shimla connectivity from Km 0.000 to Km 0.725 of NH-5,2026-05,0.21001574934643397,0
618922,4L of Shakral Village to Dhalli Section from Km 146.300 to Km 156.560 Shimla Bypass - Pkg II and Shimla connectivity from Km 0.000 to Km 0.725 of NH-5,2026-06,0.3041219405774352,0
618923,4L Behsuma at Km 39.250 Ex. Km 39240 To Bijnor at Km 78.810 Ex. Km 86590 Design Length 39.560 Km of NH-119 Pkg-II,2026-04,0.22048394479130987,0
618923,4L Behsuma at Km 39.250 Ex. Km 39240 To Bijnor at Km 78.810 Ex. Km 86590 Design Length 39.560 Km of NH-119 Pkg-II,2026-05,0.150701957352603,0
618923,4L Behsuma at Km 39.250 Ex. Km 39240 To Bijnor at Km 78.810 Ex. Km 86590 Design Length 39.560 Km of NH-119 Pkg-II,2026-06,0.2195061596979259,0
618924,2L PS of Najibabad Kotdwar section from 112.575 to Km. 138.635 of NH 119,2026-04,0.20522382092136426,0
618924,2L PS of Najibabad Kotdwar section from 112.575 to Km. 138.635 of NH 119,2026-05,0.21561573488175378,0
618924,2L PS of Najibabad Kotdwar section from 112.575 to Km. 138.635 of NH 119,2026-06,0.2068435930906092,0
618925,Bijnor-Kotawali,2026-04,0.19693995567389927,0
618925,Bijnor-Kotawali,2026-05,0.19610708972197752,0
618925,Bijnor-Kotawali,2026-06,0.27887189671233303,0
618926,4L of Siwan- Masrakh section of Ram Janki Marg from Km 230.385 to Km 281.391 of NH-227A,2026-04,0.22084265731838315,0
618926,4L of Siwan- Masrakh section of Ram Janki Marg from Km 230.385 to Km 281.391 of NH-227A,2026-05,0.08120906319570807,0
618926,4L of Siwan- Masrakh section of Ram Janki Marg from Km 230.385 to Km 281.391 of NH-227A,2026-06,0.16554515445780116,0
618927,4L of Moradabad-Thakurdwara-Kashipur Section from Km. 0.000 to Km. 38.77 of NH- 734 Pkg-II,2026-04,0.2624573050236645,0
618927,4L of Moradabad-Thakurdwara-Kashipur Section from Km. 0.000 to Km. 38.77 of NH- 734 Pkg-II,2026-05,0.17819673653499718,0
618927,4L of Moradabad-Thakurdwara-Kashipur Section from Km. 0.000 to Km. 38.77 of NH- 734 Pkg-II,2026-06,0.18950591019445598,0
618928,"Improvement & Up-gradation of NH-734 Section of Moradabad-Thakurdwara Kashipur including Moradabad & Kashipur Bypasse Package-III Kashipur Bypass Length 14.490 Km., Starts from Ch. 38770 and ends at Ch. 53260 existing Ch. 05560",2026-04,0.2331986602555109,0
618928,"Improvement & Up-gradation of NH-734 Section of Moradabad-Thakurdwara Kashipur including Moradabad & Kashipur Bypasse Package-III Kashipur Bypass Length 14.490 Km., Starts from Ch. 38770 and ends at Ch. 53260 existing Ch. 05560",2026-05,0.21462818724741203,0
618928,"Improvement & Up-gradation of NH-734 Section of Moradabad-Thakurdwara Kashipur including Moradabad & Kashipur Bypasse Package-III Kashipur Bypass Length 14.490 Km., Starts from Ch. 38770 and ends at Ch. 53260 existing Ch. 05560",2026-06,0.17699983349196236,0
618929,4L of Moradabad western side spur connecting NH-734 & NH-24 from Km. 0.000 to Km. 33.200 Pkg-I,2026-04,0.2466861642992239,0
618929,4L of Moradabad western side spur connecting NH-734 & NH-24 from Km. 0.000 to Km. 33.200 Pkg-I,2026-05,0.13468784903881573,0
618929,4L of Moradabad western side spur connecting NH-734 & NH-24 from Km. 0.000 to Km. 33.200 Pkg-I,2026-06,0.2213213699893204,0
618930,4L PS from Ch. 94.030 in Jabugam Village to Ch. 132.320 in Dhamasiya Village of NH-56 Pkg-III,2026-04,0.143262268693742,0
618930,4L PS from Ch. 94.030 in Jabugam Village to Ch. 132.320 in Dhamasiya Village of NH-56 Pkg-III,2026-05,0.04208108684817036,0
618930,4L PS from Ch. 94.030 in Jabugam Village to Ch. 132.320 in Dhamasiya Village of NH-56 Pkg-III,2026-06,0.13750692444768967,0
618931,4L PS from Ch. 179.780 in Bitada/Movi Village to Ch. 208.900 in Nasarpore Village of NH-56 Pkg-V,2026-04,0.14878297454219322,0
618931,4L PS from Ch. 179.780 in Bitada/Movi Village to Ch. 208.900 in Nasarpore Village of NH-56 Pkg-V,2026-05,0.04144123653526638,0
618931,4L PS from Ch. 179.780 in Bitada/Movi Village to Ch. 208.900 in Nasarpore Village of NH-56 Pkg-V,2026-06,0.11562830472130162,0
618932,Construction of 6 lane Indore western bypass from km 0000 to Km 34000 Pkg -l in the State of Madhya Pradesh on Hybrid Annuity Mode under NHO,2026-04,0.18325061757056132,0
618932,Construction of 6 lane Indore western bypass from km 0000 to Km 34000 Pkg -l in the State of Madhya Pradesh on Hybrid Annuity Mode under NHO,2026-05,0.0748566542087458,0
618932,Construction of 6 lane Indore western bypass from km 0000 to Km 34000 Pkg -l in the State of Madhya Pradesh on Hybrid Annuity Mode under NHO,2026-06,0.14127940042622866,0
618933,Construction of 6 lane Indore western bypass from km 34000 to Km 64000 Pkg-II in the state of Madhya Pradesh on Hybrid Annuity Mode under NHO,2026-04,0.15947607879816927,0
618933,Construction of 6 lane Indore western bypass from km 34000 to Km 64000 Pkg-II in the state of Madhya Pradesh on Hybrid Annuity Mode under NHO,2026-05,0.050486364643588445,0
618933,Construction of 6 lane Indore western bypass from km 34000 to Km 64000 Pkg-II in the state of Madhya Pradesh on Hybrid Annuity Mode under NHO,2026-06,0.1687673652468849,0
618934,Guwahati Ring Road in the State of Assam,2026-04,0.13529669322238044,0
618934,Guwahati Ring Road in the State of Assam,2026-05,0.048480797770726274,0
618934,Guwahati Ring Road in the State of Assam,2026-06,0.11557212703560897,0
618935,4L Ambala - Kalaamb from Km. -0.800 to Km. 33.015 of old NH-72,2026-04,0.14786054359582265,0
618936,Jagadhari - Tajewala from Km -0.175 to 32.337 km of NH-344,2026-04,0.27991379663291727,0
618936,Jagadhari - Tajewala from Km -0.175 to 32.337 km of NH-344,2026-05,0.1295266863791187,0
618936,Jagadhari - Tajewala from Km -0.175 to 32.337 km of NH-344,2026-06,0.23943863439393057,0
618937,4L of Nagpur-Katol Section from Km. 13.00 to Km. 62.900 of NH-353J,2026-04,0.3250061471884751,0
618937,4L of Nagpur-Katol Section from Km. 13.00 to Km. 62.900 of NH-353J,2026-05,0.23351863749960014,0
618937,4L of Nagpur-Katol Section from Km. 13.00 to Km. 62.900 of NH-353J,2026-06,0.4061954117452184,0
618938,4L of Rajura-Korpana-Adilabad Road upto M.S. Border from km 32.910 to km 89.090 of NH-353B,2026-04,0.14052416311352106,0
618939,Construction of Standalone Flyover cum ROB from Design Ch.66.600 to Design Ch.68.800 in Gadchandur Town on NH-353B,2026-04,0.20574138004054365,0
618939,Construction of Standalone Flyover cum ROB from Design Ch.66.600 to Design Ch.68.800 in Gadchandur Town on NH-353B,2026-05,0.09265987708576168,0
618939,Construction of Standalone Flyover cum ROB from Design Ch.66.600 to Design Ch.68.800 in Gadchandur Town on NH-353B,2026-06,0.13106637338573113,0
618941,4L of Bamni - Rajura - Warur - Devada upto M.S. Border of NH - 930D from km 19.000 to km 51.985,2026-04,0.22250422661219532,0
618941,4L of Bamni - Rajura - Warur - Devada upto M.S. Border of NH - 930D from km 19.000 to km 51.985,2026-05,0.11932565849527153,0
618941,4L of Bamni - Rajura - Warur - Devada upto M.S. Border of NH - 930D from km 19.000 to km 51.985,2026-06,0.2138565504477343,0
618942,Balance work of 2L PS from Km 30.800 to Km 70.800 and 2L with Rigid Carriageway from Km 70.800 to km 84.120 of Khanapur- KA/GOA Border section of NH-4A,2026-04,0.23922436349570964,0
618942,Balance work of 2L PS from Km 30.800 to Km 70.800 and 2L with Rigid Carriageway from Km 70.800 to km 84.120 of Khanapur- KA/GOA Border section of NH-4A,2026-05,0.1367151908189219,0
618942,Balance work of 2L PS from Km 30.800 to Km 70.800 and 2L with Rigid Carriageway from Km 70.800 to km 84.120 of Khanapur- KA/GOA Border section of NH-4A,2026-06,0.15609738339304,0
618943,Salem - Ulundurpet section from km 0.313 to km 136.670 of NH-68,2026-04,0.17373467254150904,0
618944,Hyderabad - Maneguda,2026-04,0.285438135428359,0
618944,Hyderabad - Maneguda,2026-05,0.12515104518601083,0
618944,Hyderabad - Maneguda,2026-06,0.1993128345377977,0
618945,4L of Kodad Design Km 0.00/Existing Km 185.00 of NH-65 to Khammam Design Km 31.800/Existing Km 29.400 of NH-365A,2026-04,0.1543574064561999,0
618945,4L of Kodad Design Km 0.00/Existing Km 185.00 of NH-65 to Khammam Design Km 31.800/Existing Km 29.400 of NH-365A,2026-05,0.09614838502420286,0
618945,4L of Kodad Design Km 0.00/Existing Km 185.00 of NH-65 to Khammam Design Km 31.800/Existing Km 29.400 of NH-365A,2026-06,0.20916857566322442,0
618946,4L of Mehgama - Hansdiha from km. 41.900 to km. 93.000 of NH -133A Pkg-II,2026-04,0.19080050049281488,0
618947,4L of NH-80 from km 215.00 to km 260.00 Mirza Chauki to Farkka Pkg-I,2026-04,0.27702696782873776,0
618947,4L of NH-80 from km 215.00 to km 260.00 Mirza Chauki to Farkka Pkg-I,2026-05,0.17191532470091506,0
618947,4L of NH-80 from km 215.00 to km 260.00 Mirza Chauki to Farkka Pkg-I,2026-06,0.3377993387441688,0
618948,4L of NH-80 section of Mirza Chauki to Farakka section from existing km 190.00 to design km 200.75 junction at km 3.100 of NH 133 B and from existing km 260.00 to existing km 283.00 design km 274.133 in the state of Jharkhand package - II,2026-04,0.16061791880413467,0
618948,4L of NH-80 section of Mirza Chauki to Farakka section from existing km 190.00 to design km 200.75 junction at km 3.100 of NH 133 B and from existing km 260.00 to existing km 283.00 design km 274.133 in the state of Jharkhand package - II,2026-05,0.05104458678573907,0
618948,4L of NH-80 section of Mirza Chauki to Farakka section from existing km 190.00 to design km 200.75 junction at km 3.100 of NH 133 B and from existing km 260.00 to existing km 283.00 design km 274.133 in the state of Jharkhand package - II,2026-06,0.13021067269173864,0
618949,4L of Basukinath- Deoghar Section of NH-114A,2026-04,0.21448986169346132,0
618949,4L of Basukinath- Deoghar Section of NH-114A,2026-05,0.13685666162119134,0
618949,4L of Basukinath- Deoghar Section of NH-114A,2026-06,0.22971181980577293,0
618950,Construction of Bypass to NH-114A Connecting NH-333 and NH-133 Deoghar Bypass from design km 0.000 to design Km 49.000,2026-04,0.1714034052396198,0
618950,Construction of Bypass to NH-114A Connecting NH-333 and NH-133 Deoghar Bypass from design km 0.000 to design Km 49.000,2026-05,0.042677903970495916,0
618950,Construction of Bypass to NH-114A Connecting NH-333 and NH-133 Deoghar Bypass from design km 0.000 to design Km 49.000,2026-06,0.09838214606004568,0
618951,Hariharganj to Parwa Mode section from km 23.284 to km 57.049 of NH-98,2026-04,0.19846997822640935,0
618951,Hariharganj to Parwa Mode section from km 23.284 to km 57.049 of NH-98,2026-05,0.12130883448976007,0
618951,Hariharganj to Parwa Mode section from km 23.284 to km 57.049 of NH-98,2026-06,0.26825892891653114,0
618952,4L of Sahibganj - Manihari Ganga Bridge including Manihari Bypass,2026-04,0.2987225186251998,0
618952,4L of Sahibganj - Manihari Ganga Bridge including Manihari Bypass,2026-05,0.3347181742919338,0
618952,4L of Sahibganj - Manihari Ganga Bridge including Manihari Bypass,2026-06,0.435465242615014,0
618953,Umagaon-Saharsa Package-IV Koshi Bridge & approach Road - Bheja-Bakaur,2026-04,0.31916992958332374,0
618953,Umagaon-Saharsa Package-IV Koshi Bridge & approach Road - Bheja-Bakaur,2026-05,0.3844967172753351,0
618953,Umagaon-Saharsa Package-IV Koshi Bridge & approach Road - Bheja-Bakaur,2026-06,0.37160565903023995,0
618954,Umagaon - Saharsa Package - I Combined Umagaon-Kaluahi0.000KM to 21.609Km of NH227LSaharghat-Rahika0.000 Km to 26.130KM of NH227JRahika-Rampatti 0.00 KM to 15.00KM of NH527ABideshwarsthan-Bheja0.000KM to 25.915KM of NH527A.,2026-04,0.24937437710358012,0
618954,Umagaon - Saharsa Package - I Combined Umagaon-Kaluahi0.000KM to 21.609Km of NH227LSaharghat-Rahika0.000 Km to 26.130KM of NH227JRahika-Rampatti 0.00 KM to 15.00KM of NH527ABideshwarsthan-Bheja0.000KM to 25.915KM of NH527A.,2026-05,0.09759332055682977,0
618954,Umagaon - Saharsa Package - I Combined Umagaon-Kaluahi0.000KM to 21.609Km of NH227LSaharghat-Rahika0.000 Km to 26.130KM of NH227JRahika-Rampatti 0.00 KM to 15.00KM of NH527ABideshwarsthan-Bheja0.000KM to 25.915KM of NH527A.,2026-06,0.16283856884543313,0
618955,2L PS of Majhauli to Charout section from km. 0.00 to km. 63.655,2026-04,0.24139197452037792,0
618955,2L PS of Majhauli to Charout section from km. 0.00 to km. 63.655,2026-05,0.2565444407951125,0
618955,2L PS of Majhauli to Charout section from km. 0.00 to km. 63.655,2026-06,0.32546717752369325,0
618956,Construction of Major Bridge over Baghmati and Lakhandei River along with Approaches from Design km.16.500 to km.21.500,2026-04,0.2688168257122993,0
618956,Construction of Major Bridge over Baghmati and Lakhandei River along with Approaches from Design km.16.500 to km.21.500,2026-05,0.11127207792960689,0
618956,Construction of Major Bridge over Baghmati and Lakhandei River along with Approaches from Design km.16.500 to km.21.500,2026-06,0.14666926965766477,0
618957,4 laning of Champa - Korba from km 0.00 to km 38.2,2026-04,0.17560363915736774,0
618957,4 laning of Champa - Korba from km 0.00 to km 38.2,2026-05,0.12543635999208755,0
618957,4 laning of Champa - Korba from km 0.00 to km 38.2,2026-06,0.31509860576522786,0
618958,2L with ES of Yagyi - Kalewa section from Milepost 40/0 to Milepost 115/5 in Myanmar,2026-04,0.3182357365256189,0
618958,2L with ES of Yagyi - Kalewa section from Milepost 40/0 to Milepost 115/5 in Myanmar,2026-05,0.1692974098643334,0
618958,2L with ES of Yagyi - Kalewa section from Milepost 40/0 to Milepost 115/5 in Myanmar,2026-06,0.227522137490997,0
618959,4L Prayagraj Greenfield By-pass from design Km 50860 near Nibi Kala Uperhar to design Km 64763 on NH-19 near Khodaypur Kasgaon including Interchange loop at NH-19,2026-04,0.12732614697509592,0
618960,4 Lane Inner Ring Road around Allahabad City Pkg-2 Prayagraj Southern Bypass 43.200 - 50.860,2026-04,0.21534222642293532,0
618960,4 Lane Inner Ring Road around Allahabad City Pkg-2 Prayagraj Southern Bypass 43.200 - 50.860,2026-05,0.13653720445998654,0
618960,4 Lane Inner Ring Road around Allahabad City Pkg-2 Prayagraj Southern Bypass 43.200 - 50.860,2026-06,0.1681080285327171,0
618961,4 Lane Inner Ring Road around Allahabad City Pkg-1 Prayagraj Southern Bypass 34.400 43.200,2026-04,0.13697565431679634,0
618961,4 Lane Inner Ring Road around Allahabad City Pkg-1 Prayagraj Southern Bypass 34.400 43.200,2026-05,0.04472329716776439,0
618961,4 Lane Inner Ring Road around Allahabad City Pkg-1 Prayagraj Southern Bypass 34.400 43.200,2026-06,0.10765555370303422,0
618962,4L of Budhni to Shahganj Bypass End Package-III of NH-146B from Km. 73.750 to Km. 102.000,2026-04,0.1750301955188699,0
618962,4L of Budhni to Shahganj Bypass End Package-III of NH-146B from Km. 73.750 to Km. 102.000,2026-05,0.057631348695577365,0
618962,4L of Budhni to Shahganj Bypass End Package-III of NH-146B from Km. 73.750 to Km. 102.000,2026-06,0.12674785460480878,0
618963,Construction work of 4-laning of Shahganj bypass end to Badi Package-IV of NH-146B from design km 102.000 to design km 142.357 Design length 40.357 km,2026-04,0.23219605317474895,0
618963,Construction work of 4-laning of Shahganj bypass end to Badi Package-IV of NH-146B from design km 102.000 to design km 142.357 Design length 40.357 km,2026-05,0.10679906800877476,0
618963,Construction work of 4-laning of Shahganj bypass end to Badi Package-IV of NH-146B from design km 102.000 to design km 142.357 Design length 40.357 km,2026-06,0.16746738347013196,0
618964,4 Laning of Sandalpur to Nasrullaganj Pkg-1 section of NH-146B Length 43.2 Km.,2026-04,0.1581643624231603,0
618964,4 Laning of Sandalpur to Nasrullaganj Pkg-1 section of NH-146B Length 43.2 Km.,2026-05,0.04541157325722217,0
618964,4 Laning of Sandalpur to Nasrullaganj Pkg-1 section of NH-146B Length 43.2 Km.,2026-06,0.11855099458705105,0
618966,Six laning with both sides Service Road of Ayodhya Bypass from Design Km 0000 near Ashram Tiraha on NH-46 to Km 16439 end at Ratnagiri Tiraha on Nh-146,2026-04,0.1782747166169565,0
618966,Six laning with both sides Service Road of Ayodhya Bypass from Design Km 0000 near Ashram Tiraha on NH-46 to Km 16439 end at Ratnagiri Tiraha on Nh-146,2026-05,0.056011457341283905,0
618966,Six laning with both sides Service Road of Ayodhya Bypass from Design Km 0000 near Ashram Tiraha on NH-46 to Km 16439 end at Ratnagiri Tiraha on Nh-146,2026-06,0.10274334889132306,0
618967,Upgradation and Strengthening of Chenani to Nashri Section via Patnitop of NH244 from Km 0.000 to Km 39.100,2026-04,0.27236056341544845,0
618967,Upgradation and Strengthening of Chenani to Nashri Section via Patnitop of NH244 from Km 0.000 to Km 39.100,2026-05,0.10423437740120434,0
618967,Upgradation and Strengthening of Chenani to Nashri Section via Patnitop of NH244 from Km 0.000 to Km 39.100,2026-06,0.15047385546401634,0
618968,6L access control Greenfield highway of Vill-Khyawari to Vill-Latifpur at Saharanpur Bypass from Km. 82.000 to Km. 119.790 Pkg-4,2026-04,0.20412002781423425,0
618968,6L access control Greenfield highway of Vill-Khyawari to Vill-Latifpur at Saharanpur Bypass from Km. 82.000 to Km. 119.790 Pkg-4,2026-05,0.2277263370911104,0
618968,6L access control Greenfield highway of Vill-Khyawari to Vill-Latifpur at Saharanpur Bypass from Km. 82.000 to Km. 119.790 Pkg-4,2026-06,0.3094927089295216,0
618969,4/6L of Spur to Haridwar Greenfield from Km. 0.000 to Km. 50.70,2026-04,0.20361462054696242,0
618969,4/6L of Spur to Haridwar Greenfield from Km. 0.000 to Km. 50.70,2026-05,0.15474812507803543,0
618969,4/6L of Spur to Haridwar Greenfield from Km. 0.000 to Km. 50.70,2026-06,0.23779575754875146,0
618970,6L access control Greenfield highway of Vill-Lohadda to Vill-Karaunda Mahajan from Km. 27.000 to Km. 56.500 Pkg-2,2026-04,0.16840331511756051,0
618970,6L access control Greenfield highway of Vill-Lohadda to Vill-Karaunda Mahajan from Km. 27.000 to Km. 56.500 Pkg-2,2026-05,0.14729168203708234,0
618970,6L access control Greenfield highway of Vill-Lohadda to Vill-Karaunda Mahajan from Km. 27.000 to Km. 56.500 Pkg-2,2026-06,0.3386606634567305,0
618971,Pune Metro Rail Project Phase-2 Corridor 2A Vanaz to Chandani Chowk and Corridor 2B Ramwadi to Wagholi/Vitthalwadi,2026-04,0.1706303168221392,0
618971,Pune Metro Rail Project Phase-2 Corridor 2A Vanaz to Chandani Chowk and Corridor 2B Ramwadi to Wagholi/Vitthalwadi,2026-05,0.059032367113223266,0
618971,Pune Metro Rail Project Phase-2 Corridor 2A Vanaz to Chandani Chowk and Corridor 2B Ramwadi to Wagholi/Vitthalwadi,2026-06,0.09323182772885298,0
618972,Devbhumi Dwarka [Okha] - Kanalus Doubling,2026-04,0.17120651109082477,0
618972,Devbhumi Dwarka [Okha] - Kanalus Doubling,2026-05,0.06114326403070657,0
618976,"Gadarwara Super Thermal Power Project, Stage-II [2x800 MW]",2026-04,0.2089074070498023,0
618976,"Gadarwara Super Thermal Power Project, Stage-II [2x800 MW]",2026-05,0.11056213632356818,0
618976,"Gadarwara Super Thermal Power Project, Stage-II [2x800 MW]",2026-06,0.13968898885643882,0
618977,"Development of New Greenfield Airport at Bundi, Kota Rajasthan.",2026-04,0.17280861343483475,0
618977,"Development of New Greenfield Airport at Bundi, Kota Rajasthan.",2026-05,0.049705284163648465,0
618977,"Development of New Greenfield Airport at Bundi, Kota Rajasthan.",2026-06,0.09268964742518328,0
618978,Gondia - Dongargarh 4th line [84 Km],2026-04,0.19667070356207209,0
618978,Gondia - Dongargarh 4th line [84 Km],2026-05,0.0745645818071664,0
618981,810 MW Solar Power Project - Rajasthan,2026-04,0.17330304766232418,0
618981,810 MW Solar Power Project - Rajasthan,2026-05,0.06718487563112353,0
618981,810 MW Solar Power Project - Rajasthan,2026-06,0.11731015906856399,0
618982,Talabira II & III OCP - FMC,2026-04,0.23211252730171442,0
618982,Talabira II & III OCP - FMC,2026-05,0.1467189287438296,0
618982,Talabira II & III OCP - FMC,2026-06,0.17162926449301696,0
618985,Pune Metro Rail Project Phase-2 Line-4 Kharadi to Khadakwasla with Spur Line 4A Nal Stop - Warje - Manikbaug,2026-04,0.20255070728265287,0
618985,Pune Metro Rail Project Phase-2 Line-4 Kharadi to Khadakwasla with Spur Line 4A Nal Stop - Warje - Manikbaug,2026-05,0.06429470457351674,0
618985,Pune Metro Rail Project Phase-2 Line-4 Kharadi to Khadakwasla with Spur Line 4A Nal Stop - Warje - Manikbaug,2026-06,0.1089450985637142,0
618986,Furkating-New Tinsukia[194 Km],2026-04,0.1550297862162849,0
618986,Furkating-New Tinsukia[194 Km],2026-05,0.05805748739796744,0
618991,200 MW SPP part of 510 MW CPSU scheme,2026-04,0.19300582350859632,0
618991,200 MW SPP part of 510 MW CPSU scheme,2026-05,0.12744631964568062,0
618991,200 MW SPP part of 510 MW CPSU scheme,2026-06,0.15570131849680094,0
618992,100 MW SPP part of SECI 150 MW Hybrid,2026-04,0.1975117029210531,0
618992,100 MW SPP part of SECI 150 MW Hybrid,2026-05,0.1051401048879464,0
618992,100 MW SPP part of SECI 150 MW Hybrid,2026-06,0.13389079546523444,0
618995,New Line between Junagarh - Nabarangpur [116.21 Km],2026-04,0.20669231485261325,0
618995,New Line between Junagarh - Nabarangpur [116.21 Km],2026-05,0.08414303466303433,0
619003,Solan - Kaithlighat Section of NH-22 Now NH-5 from Km. 106.139 to Km.129.05,2026-04,0.19200781829023986,0
619003,Solan - Kaithlighat Section of NH-22 Now NH-5 from Km. 106.139 to Km.129.05,2026-05,0.19707032205535766,0
619003,Solan - Kaithlighat Section of NH-22 Now NH-5 from Km. 106.139 to Km.129.05,2026-06,0.4031563318168269,0
619004,"Construction of Dubrajpur Bypass with 4-lane configuration of length 5.676 km on NH- 60 new NH-14 from design chainage 0.00 existing km 316.135 on NH-60 to design chainage 5.676 existing km 320.980 on NH-60 in the district of Birbhum, West Bengal under Annual Plan 2022-23 in EPC Mode- reg. Job. No. 014-WB-2022- 23/518 .",2026-04,0.20986034934554806,0
619004,"Construction of Dubrajpur Bypass with 4-lane configuration of length 5.676 km on NH- 60 new NH-14 from design chainage 0.00 existing km 316.135 on NH-60 to design chainage 5.676 existing km 320.980 on NH-60 in the district of Birbhum, West Bengal under Annual Plan 2022-23 in EPC Mode- reg. Job. No. 014-WB-2022- 23/518 .",2026-05,0.07481033316652098,0
619004,"Construction of Dubrajpur Bypass with 4-lane configuration of length 5.676 km on NH- 60 new NH-14 from design chainage 0.00 existing km 316.135 on NH-60 to design chainage 5.676 existing km 320.980 on NH-60 in the district of Birbhum, West Bengal under Annual Plan 2022-23 in EPC Mode- reg. Job. No. 014-WB-2022- 23/518 .",2026-06,0.1045871732237444,0
619005,Construction of bypass around Chatra Town on NH-22 old NH-99 in the state of Jharkhand under EPC Mode,2026-04,0.2334489571032987,0
619005,Construction of bypass around Chatra Town on NH-22 old NH-99 in the state of Jharkhand under EPC Mode,2026-05,0.0749862695941209,0
619005,Construction of bypass around Chatra Town on NH-22 old NH-99 in the state of Jharkhand under EPC Mode,2026-06,0.10978219590289297,0
619007,Upgradation of Sarvardewla to Pal MP/MH Border Road section of NH-347 C from Design Chainge km 81.600 to 137.400 Total length 55.80 km to two lane with paved shoulder configuration along with One time improvement of 1 .95 km in the State of Madhya Pradesh on EPC mode.,2026-04,0.22128110477378532,0
619007,Upgradation of Sarvardewla to Pal MP/MH Border Road section of NH-347 C from Design Chainge km 81.600 to 137.400 Total length 55.80 km to two lane with paved shoulder configuration along with One time improvement of 1 .95 km in the State of Madhya Pradesh on EPC mode.,2026-05,0.06886514058261668,0
619007,Upgradation of Sarvardewla to Pal MP/MH Border Road section of NH-347 C from Design Chainge km 81.600 to 137.400 Total length 55.80 km to two lane with paved shoulder configuration along with One time improvement of 1 .95 km in the State of Madhya Pradesh on EPC mode.,2026-06,0.09519652251924199,0
619008,Rehabilitation and Up gradation of Charthana Jintur Section of NH 752 I Km 25100 to 47100 to 2 Lane with Paved Shoulder configuration Flexible Pavement in the state of Maharashtra on EPC mode. Reg- Resubmission of Annual Plan Estimate.,2026-04,0.1921720663285794,0
619008,Rehabilitation and Up gradation of Charthana Jintur Section of NH 752 I Km 25100 to 47100 to 2 Lane with Paved Shoulder configuration Flexible Pavement in the state of Maharashtra on EPC mode. Reg- Resubmission of Annual Plan Estimate.,2026-05,0.140711867138666,0
619008,Rehabilitation and Up gradation of Charthana Jintur Section of NH 752 I Km 25100 to 47100 to 2 Lane with Paved Shoulder configuration Flexible Pavement in the state of Maharashtra on EPC mode. Reg- Resubmission of Annual Plan Estimate.,2026-06,0.1299793800783944,0
619009,Upgradation to Two Lane with Paved Shoulders from Km 0.000 to Km 41.920 Green Field Alignment of Gowrelly to Valigonda Section of NH-930P in the State of Telangana on EPC Mode under Annual Plan 2022-23,2026-04,0.2151408148437199,0
619009,Upgradation to Two Lane with Paved Shoulders from Km 0.000 to Km 41.920 Green Field Alignment of Gowrelly to Valigonda Section of NH-930P in the State of Telangana on EPC Mode under Annual Plan 2022-23,2026-05,0.09057564983385974,0
619009,Upgradation to Two Lane with Paved Shoulders from Km 0.000 to Km 41.920 Green Field Alignment of Gowrelly to Valigonda Section of NH-930P in the State of Telangana on EPC Mode under Annual Plan 2022-23,2026-06,0.12769548324552857,0
619010,Up-gradation to 2 lane with paved shoutders of Pawlrang - Rulchawm section- of NH- 102B of Aizawl - Imphal Economic Corridor from Existing Chainage km 72.030 to km 104.129 including 2.459 km re-alignment section from Tuivai River to Rulchawm connecting km 48.150 of NH-6 [Design Chainage km 68.170 to km 98.579] in the State of Mizoram under Bharatmala Pariyojna on EPC mode under NHO-NE Package-3 Keifang- Tuivai Pkg-3,2026-04,0.23591089222611145,0
619010,Up-gradation to 2 lane with paved shoutders of Pawlrang - Rulchawm section- of NH- 102B of Aizawl - Imphal Economic Corridor from Existing Chainage km 72.030 to km 104.129 including 2.459 km re-alignment section from Tuivai River to Rulchawm connecting km 48.150 of NH-6 [Design Chainage km 68.170 to km 98.579] in the State of Mizoram under Bharatmala Pariyojna on EPC mode under NHO-NE Package-3 Keifang- Tuivai Pkg-3,2026-05,0.16151859360735435,0
619010,Up-gradation to 2 lane with paved shoutders of Pawlrang - Rulchawm section- of NH- 102B of Aizawl - Imphal Economic Corridor from Existing Chainage km 72.030 to km 104.129 including 2.459 km re-alignment section from Tuivai River to Rulchawm connecting km 48.150 of NH-6 [Design Chainage km 68.170 to km 98.579] in the State of Mizoram under Bharatmala Pariyojna on EPC mode under NHO-NE Package-3 Keifang- Tuivai Pkg-3,2026-06,0.2807905833238275,0
619013,"Construction of Balance Work of 4-Laning of the Section from Jhanji to Demow of NH- 37 Old from Km 501.800 to Km 514.800 13.000 Km, under SARDP- NE under EPC Mode in the state of Assam Pkg-II Road Works",2026-04,0.25039679595080266,0
619013,"Construction of Balance Work of 4-Laning of the Section from Jhanji to Demow of NH- 37 Old from Km 501.800 to Km 514.800 13.000 Km, under SARDP- NE under EPC Mode in the state of Assam Pkg-II Road Works",2026-05,0.18089829322383502,0
619013,"Construction of Balance Work of 4-Laning of the Section from Jhanji to Demow of NH- 37 Old from Km 501.800 to Km 514.800 13.000 Km, under SARDP- NE under EPC Mode in the state of Assam Pkg-II Road Works",2026-06,0.2817839546467403,0
619014,"lmprovement and Widening to 2 lane with paved Shoulder of NH-15 old NH-52 from Existing Km 770.600 Design Km 24.819 to Existing km 805.750 Design Km 59.885 Kamlang T-Junction to Chowkham, Existing Length 35.150 Km, Design Length-35.066 Km in the state of Arunachal Pradesh on EPC mode Pkg-2",2026-04,0.1847936869661223,0
619014,"lmprovement and Widening to 2 lane with paved Shoulder of NH-15 old NH-52 from Existing Km 770.600 Design Km 24.819 to Existing km 805.750 Design Km 59.885 Kamlang T-Junction to Chowkham, Existing Length 35.150 Km, Design Length-35.066 Km in the state of Arunachal Pradesh on EPC mode Pkg-2",2026-05,0.06439852060782712,0
619014,"lmprovement and Widening to 2 lane with paved Shoulder of NH-15 old NH-52 from Existing Km 770.600 Design Km 24.819 to Existing km 805.750 Design Km 59.885 Kamlang T-Junction to Chowkham, Existing Length 35.150 Km, Design Length-35.066 Km in the state of Arunachal Pradesh on EPC mode Pkg-2",2026-06,0.09193052882297098,0
619022,"Metro connectivity from Millennium City Centre to Cyber City with Spur to Dwarka Expressway, Gurugram.",2026-04,0.2214559755653698,0
619022,"Metro connectivity from Millennium City Centre to Cyber City with Spur to Dwarka Expressway, Gurugram.",2026-05,0.11107769085266234,0
619022,"Metro connectivity from Millennium City Centre to Cyber City with Spur to Dwarka Expressway, Gurugram.",2026-06,0.11738784636431401,0
619024,Mahan Transmission Limited,2026-04,0.23216770781711144,0
619024,Mahan Transmission Limited,2026-05,0.08876140337640337,0
619024,Mahan Transmission Limited,2026-06,0.1324435124883053,0
619025,RAJASTHAN PART I POWER TRANSMISSION LIMITED,2026-04,0.17527740570076336,0
619025,RAJASTHAN PART I POWER TRANSMISSION LIMITED,2026-05,0.085560201606451,0
619025,RAJASTHAN PART I POWER TRANSMISSION LIMITED,2026-06,0.10937606420608574,0
619026,KPSIII HVDC Transmission Limited,2026-04,0.247308623417884,0
619026,KPSIII HVDC Transmission Limited,2026-05,0.08566088578633219,0
619026,KPSIII HVDC Transmission Limited,2026-06,0.14151407044914194,0
619027,WRNES Talegaon Power Transmission Limited,2026-04,0.2827721915194847,0
619027,WRNES Talegaon Power Transmission Limited,2026-05,0.10648236807378679,0
619027,WRNES Talegaon Power Transmission Limited,2026-06,0.1590182511049197,0
619028,Augmentation of 1x500 MVA 400/220kV ICT [3rd] at Thrissur VSC HVDC Station in Kerala,2026-04,0.15545092705513414,0
619028,Augmentation of 1x500 MVA 400/220kV ICT [3rd] at Thrissur VSC HVDC Station in Kerala,2026-05,0.054177487316466814,0
619028,Augmentation of 1x500 MVA 400/220kV ICT [3rd] at Thrissur VSC HVDC Station in Kerala,2026-06,0.0686501019302476,0
619029,Transmission System for Reliable Power Supply to Dholera,2026-04,0.15321422026291656,0
619029,Transmission System for Reliable Power Supply to Dholera,2026-05,0.13556775468343937,0
619029,Transmission System for Reliable Power Supply to Dholera,2026-06,0.2526172865870032,0
619030,Inter-Regional Strengthening between SR Grid and ER Grid,2026-04,0.1760897629767473,0
619030,Inter-Regional Strengthening between SR Grid and ER Grid,2026-05,0.04353468542764897,0
619030,Inter-Regional Strengthening between SR Grid and ER Grid,2026-06,0.09233818198391716,0
619031,Delhi Metro Rail Phase V A,2026-04,0.19837428525895404,0
619031,Delhi Metro Rail Phase V A,2026-05,0.08164435123026687,0
619031,Delhi Metro Rail Phase V A,2026-06,0.09949928511206388,0
619032,JAYANT EXPN. [20 TO 38 MTPA],2026-04,0.24145656161613396,0
619032,JAYANT EXPN. [20 TO 38 MTPA],2026-05,0.08643702574301844,0
619032,JAYANT EXPN. [20 TO 38 MTPA],2026-06,0.12876402795098169,0
619033,"1000 seater Boys hostel, 500 seater Girls hostel, 1.5 MLD Sewage Treatment Plant and Faculty Residence - 72 nos. Flats",2026-04,0.22608312640460562,0
619033,"1000 seater Boys hostel, 500 seater Girls hostel, 1.5 MLD Sewage Treatment Plant and Faculty Residence - 72 nos. Flats",2026-05,0.15904453373714128,0
619033,"1000 seater Boys hostel, 500 seater Girls hostel, 1.5 MLD Sewage Treatment Plant and Faculty Residence - 72 nos. Flats",2026-06,0.1972237725673677,0
619038,Construction/upgradation to 2-lane with paved shoulder from Design Km 95.55 Bandarkoot to Km. 111.06 Chattroo of 15.52 Km length on Khellani-Kishtwar-Chattroo section on NH-244 in UT of Jammu and Kashmir on EPC Mode Pkg-5,2026-04,0.21557820687865253,0
619038,Construction/upgradation to 2-lane with paved shoulder from Design Km 95.55 Bandarkoot to Km. 111.06 Chattroo of 15.52 Km length on Khellani-Kishtwar-Chattroo section on NH-244 in UT of Jammu and Kashmir on EPC Mode Pkg-5,2026-05,0.20018959902767905,0
619038,Construction/upgradation to 2-lane with paved shoulder from Design Km 95.55 Bandarkoot to Km. 111.06 Chattroo of 15.52 Km length on Khellani-Kishtwar-Chattroo section on NH-244 in UT of Jammu and Kashmir on EPC Mode Pkg-5,2026-06,0.198010251204594,0
619039,"Balance Works of Rehabilitation and Up gradation of NH-43 New NH-30 from Krn 162120 to Krn 173500 Length 11.380 Km. Keshkal Bypass 4-Lane with Paved shoulder in the State Of Chhattisgarh under NHDP-IV through Engineering, Procurement & Construction EPC Basis",2026-06,0.19121902600394824,0
619042,"Construction of six lane Flyover at Katraj junction at Km, 3/880 of NH 548-DD Vadgaon - Katraj - Kondhwa - Mantarwadi Chowk - Loni Kalbhor - Theur Phata - Lonikand Road in Pune Dist of the State of Maharashtra. On Engineering Procurement and construction EPC Basis mode L.1.326 Km,",2026-04,0.2813610391490251,0
619042,"Construction of six lane Flyover at Katraj junction at Km, 3/880 of NH 548-DD Vadgaon - Katraj - Kondhwa - Mantarwadi Chowk - Loni Kalbhor - Theur Phata - Lonikand Road in Pune Dist of the State of Maharashtra. On Engineering Procurement and construction EPC Basis mode L.1.326 Km,",2026-05,0.17999690237831892,0
619042,"Construction of six lane Flyover at Katraj junction at Km, 3/880 of NH 548-DD Vadgaon - Katraj - Kondhwa - Mantarwadi Chowk - Loni Kalbhor - Theur Phata - Lonikand Road in Pune Dist of the State of Maharashtra. On Engineering Procurement and construction EPC Basis mode L.1.326 Km,",2026-06,0.21591715433170966,0
619045,Construction of New Double Tier 4L Elevated Corridor from Chennai Port to Maduravoyal in Chennai District from km -0.342 to Km 20.593 and Package IV from Km 14.185 to Km 20.593,2026-04,0.18562633908967133,0
619045,Construction of New Double Tier 4L Elevated Corridor from Chennai Port to Maduravoyal in Chennai District from km -0.342 to Km 20.593 and Package IV from Km 14.185 to Km 20.593,2026-05,0.1064811322551428,0
619045,Construction of New Double Tier 4L Elevated Corridor from Chennai Port to Maduravoyal in Chennai District from km -0.342 to Km 20.593 and Package IV from Km 14.185 to Km 20.593,2026-06,0.16822623443554932,0
619049,Khavda IVA Power Transmission Limited,2026-04,0.266782693278801,0
619049,Khavda IVA Power Transmission Limited,2026-05,0.13229288118423996,0
619049,Khavda IVA Power Transmission Limited,2026-06,0.20313669832886996,0
619051,"Nabinagar Super Thermal Power Project, Stage-II [3x800 MW]",2026-04,0.204354106802159,0
619051,"Nabinagar Super Thermal Power Project, Stage-II [3x800 MW]",2026-05,0.1075004526515347,0
619051,"Nabinagar Super Thermal Power Project, Stage-II [3x800 MW]",2026-06,0.13431624772156325,0
619052,LUCKNOW METRO RAIL PROJECT PHASE-1B EAST WEST CORRIDOR,2026-04,0.20750773885412951,0
619052,LUCKNOW METRO RAIL PROJECT PHASE-1B EAST WEST CORRIDOR,2026-05,0.05404404297160673,0
619052,LUCKNOW METRO RAIL PROJECT PHASE-1B EAST WEST CORRIDOR,2026-06,0.08188253497778258,0
619053,RPR FOR RAMPUR BATURA OCP,2026-04,0.194111749865581,0
619053,RPR FOR RAMPUR BATURA OCP,2026-05,0.08671973790762379,0
619053,RPR FOR RAMPUR BATURA OCP,2026-06,0.11849633019383693,0
619054,Development of Keshod Airport.,2026-04,0.24415551805902344,0
619054,Development of Keshod Airport.,2026-05,0.13655203837980617,0
619054,Development of Keshod Airport.,2026-06,0.13991306552750185,0
619055,SAONER-III EXPN UG MINE 1.54,2026-04,0.21133184151315526,0
619055,SAONER-III EXPN UG MINE 1.54,2026-05,0.0849412240531168,0
619055,SAONER-III EXPN UG MINE 1.54,2026-06,0.12288441469011284,0
619056,"Darlipali Super Thermal Power Project, Stage-II [1x800 MW]",2026-04,0.22138117537893914,0
619056,"Darlipali Super Thermal Power Project, Stage-II [1x800 MW]",2026-05,0.08252508393747038,0
619056,"Darlipali Super Thermal Power Project, Stage-II [1x800 MW]",2026-06,0.12692682457194854,0
619057,Construction of 4-Lane Badarpur Bypass from Design Chainage km 27300 at crossing with NH-6 Old NH-44 Near Siddeswar Pt.-I Village to Design Chainage km 38600 on NH-37 Old NH-44 at Kandigram Chaita Village on Silchar - Churaibari stretch in the State of Assam on EPC Mode under Bharatmala Pariyojana in Economic Corridors Silchar- Churaibari Pkg-3,2026-04,0.221407133532857,0
619057,Construction of 4-Lane Badarpur Bypass from Design Chainage km 27300 at crossing with NH-6 Old NH-44 Near Siddeswar Pt.-I Village to Design Chainage km 38600 on NH-37 Old NH-44 at Kandigram Chaita Village on Silchar - Churaibari stretch in the State of Assam on EPC Mode under Bharatmala Pariyojana in Economic Corridors Silchar- Churaibari Pkg-3,2026-05,0.10607409634143071,0
619057,Construction of 4-Lane Badarpur Bypass from Design Chainage km 27300 at crossing with NH-6 Old NH-44 Near Siddeswar Pt.-I Village to Design Chainage km 38600 on NH-37 Old NH-44 at Kandigram Chaita Village on Silchar - Churaibari stretch in the State of Assam on EPC Mode under Bharatmala Pariyojana in Economic Corridors Silchar- Churaibari Pkg-3,2026-06,0.14612280792955673,0
619059,Construction of 2-Lane with hard shoulders of Merangkong-Tamlu-Mon Road on EPC Basis from existing road Km. 76.640 to Km 98.065 Design chainage Km. 63.800 to Km. 86.835 Design Length-23.035 Km in the state of Nagaland under SARDP-NE PKG-IV Balance work,2026-04,0.2435490940656883,0
619059,Construction of 2-Lane with hard shoulders of Merangkong-Tamlu-Mon Road on EPC Basis from existing road Km. 76.640 to Km 98.065 Design chainage Km. 63.800 to Km. 86.835 Design Length-23.035 Km in the state of Nagaland under SARDP-NE PKG-IV Balance work,2026-05,0.20216223122084365,0
619059,Construction of 2-Lane with hard shoulders of Merangkong-Tamlu-Mon Road on EPC Basis from existing road Km. 76.640 to Km 98.065 Design chainage Km. 63.800 to Km. 86.835 Design Length-23.035 Km in the state of Nagaland under SARDP-NE PKG-IV Balance work,2026-06,0.2348946607087126,0
619060,"Construction of Balance Work of 4-Laning of the Section from Jhanji to Demow of NH- 37 Old from Km 514.800 to Km 534.800 20.000 Km, under SARDP- NE under EPC Mode in the state of Assam Pkg-III Road Works",2026-04,0.22987099131074767,0
619060,"Construction of Balance Work of 4-Laning of the Section from Jhanji to Demow of NH- 37 Old from Km 514.800 to Km 534.800 20.000 Km, under SARDP- NE under EPC Mode in the state of Assam Pkg-III Road Works",2026-05,0.18202154526109043,0
619060,"Construction of Balance Work of 4-Laning of the Section from Jhanji to Demow of NH- 37 Old from Km 514.800 to Km 534.800 20.000 Km, under SARDP- NE under EPC Mode in the state of Assam Pkg-III Road Works",2026-06,0.27396911670325613,0
619061,Construction of 4 lane with PS Idar-Badoli bypass section from design km 81/300 to km 95/500 of NH 168G in the State of Gujarat,2026-05,0.14764534389954884,0
619061,Construction of 4 lane with PS Idar-Badoli bypass section from design km 81/300 to km 95/500 of NH 168G in the State of Gujarat,2026-06,0.08199103107320914,0
619063,4L Greenfield spur from Delhi-Vadodara Greenfield expressway near Bandikui to Jaipur,2026-04,0.1786903400807326,0
619064,Vadodara Mumbai Expressway Talsari to Karvad Phase IB - Pkg X [Km 103.400 to Km 128.000],2026-04,0.34207275450652574,0
619064,Vadodara Mumbai Expressway Talsari to Karvad Phase IB - Pkg X [Km 103.400 to Km 128.000],2026-05,0.18434181700978974,0
619064,Vadodara Mumbai Expressway Talsari to Karvad Phase IB - Pkg X [Km 103.400 to Km 128.000],2026-06,0.3196193851037753,0
619065,4L Expressway from Km 26.400 to km 53.500 of Malur to Bangarpet section of Bangalore-Chennai Expressway Phase-I Package-II,2026-06,0.2308523257785189,0
619066,Delhi-Amritsar-Katra Expressway Phase-II Pkg-XIV from Junction with Pathankot- Gurdaspur road NH-54 near Balsua to Junction with Hiranagar Road near village Gurha Baildaran km 423500 to km 468100,2026-04,0.3038240780714923,0
619066,Delhi-Amritsar-Katra Expressway Phase-II Pkg-XIV from Junction with Pathankot- Gurdaspur road NH-54 near Balsua to Junction with Hiranagar Road near village Gurha Baildaran km 423500 to km 468100,2026-05,0.1702018228477507,0
619066,Delhi-Amritsar-Katra Expressway Phase-II Pkg-XIV from Junction with Pathankot- Gurdaspur road NH-54 near Balsua to Junction with Hiranagar Road near village Gurha Baildaran km 423500 to km 468100,2026-06,0.29554052291631844,0
619067,6L of Chiloda-Naroda section from Km. 540.595 to Km. 555.595 of NH-8Package-VII,2026-04,0.16182842922655188,0
619068,Construction of Greenfield Connectivity to Jewar International Airport from DND- Faridabad-Ballabhgarh Bypass KMP Link - Spur to Delhi Mumbai Expressway,2026-04,0.28519826474288235,0
619068,Construction of Greenfield Connectivity to Jewar International Airport from DND- Faridabad-Ballabhgarh Bypass KMP Link - Spur to Delhi Mumbai Expressway,2026-05,0.21030144224394012,0
619068,Construction of Greenfield Connectivity to Jewar International Airport from DND- Faridabad-Ballabhgarh Bypass KMP Link - Spur to Delhi Mumbai Expressway,2026-06,0.24222715299263972,0
619069,Satara Km 725.000 to Pune Km 865.350 of NH - 4 New NH - 48 in Maharashtra,2026-04,0.3134346937782233,0
619069,Satara Km 725.000 to Pune Km 865.350 of NH - 4 New NH - 48 in Maharashtra,2026-05,0.18736532370141698,0
619069,Satara Km 725.000 to Pune Km 865.350 of NH - 4 New NH - 48 in Maharashtra,2026-06,0.3646856207264579,0
619071,Tumkur - Nelamangala 6L,2026-04,0.29149514267822274,0
619071,Tumkur - Nelamangala 6L,2026-05,0.20053925752457333,0
619071,Tumkur - Nelamangala 6L,2026-06,0.34247519079245875,0
619072,Bangalore/TN border to Hoskote,2026-04,0.14581536342053705,0
619072,Bangalore/TN border to Hoskote,2026-05,0.08670930779246129,0
619072,Bangalore/TN border to Hoskote,2026-06,0.3056283970974702,0
619073,4L of 42.000 to km 80.00 of Dodaballapur Bypass to Hoskote section of NH-648 Old NH-207 [Bangalore Ring Road Pkg 2],2026-04,0.19764765227987166,0
619073,4L of 42.000 to km 80.00 of Dodaballapur Bypass to Hoskote section of NH-648 Old NH-207 [Bangalore Ring Road Pkg 2],2026-05,0.18646322815935198,0
619073,4L of 42.000 to km 80.00 of Dodaballapur Bypass to Hoskote section of NH-648 Old NH-207 [Bangalore Ring Road Pkg 2],2026-06,0.3931186897794538,0
619074,6-laning of Krishnagiri Km.0.000 to Walajahpet Km.148.300 section on NH-46 under NHDP-V,2026-04,0.18332604387224138,0
619074,6-laning of Krishnagiri Km.0.000 to Walajahpet Km.148.300 section on NH-46 under NHDP-V,2026-05,0.12068024037776243,0
619074,6-laning of Krishnagiri Km.0.000 to Walajahpet Km.148.300 section on NH-46 under NHDP-V,2026-06,0.23103912681337757,0
619075,6L of Bhubaneswar - Jagatpur - Chandikhole Section of NH-16,2026-04,0.16896707027853258,0
619076,Six Laning of Vijayawada Bypass from Chinna Avutapalli to Gollapudi in Vijayawada - Gundugolanu Section from km. 0.00 to km. 30.00 Pkg-III,2026-04,0.15061425482531185,0
619076,Six Laning of Vijayawada Bypass from Chinna Avutapalli to Gollapudi in Vijayawada - Gundugolanu Section from km. 0.00 to km. 30.00 Pkg-III,2026-05,0.1179828297948918,0
619076,Six Laning of Vijayawada Bypass from Chinna Avutapalli to Gollapudi in Vijayawada - Gundugolanu Section from km. 0.00 to km. 30.00 Pkg-III,2026-06,0.23659391623880888,0
619077,6 laning of Balance Work of Chennai - Tada from km. 21.40 to km. 54.40,2026-04,0.20012531256176147,0
619077,6 laning of Balance Work of Chennai - Tada from km. 21.40 to km. 54.40,2026-05,0.1167076843174307,0
619077,6 laning of Balance Work of Chennai - Tada from km. 21.40 to km. 54.40,2026-06,0.2840887737209865,0
619078,Six Laning of Bihar - Jharkhand Border Chordaha - Gorhar section of NH-2 from km 249.525 to km 320.810,2026-04,0.28963927998735867,0
619078,Six Laning of Bihar - Jharkhand Border Chordaha - Gorhar section of NH-2 from km 249.525 to km 320.810,2026-05,0.2026298935829285,0
619078,Six Laning of Bihar - Jharkhand Border Chordaha - Gorhar section of NH-2 from km 249.525 to km 320.810,2026-06,0.3595533677395051,0
619080,4L PS of Ambala Ring Road of New NH-44,2026-04,0.20339923720027295,0
619080,4L PS of Ambala Ring Road of New NH-44,2026-05,0.11198031721673092,0
619080,4L PS of Ambala Ring Road of New NH-44,2026-06,0.21249903349859955,0
619083,Thumbipadi-Namakkal from km. 180.00 to km. 248.625 Package No. NS-2/BOT/TN- 02,2026-04,0.18713573985456422,0
619084,Start of Karur Bypass - Dindigul from km. 292.600 to km. 305.600 Contract Package No. NS2/BOT/TN-4,2026-04,0.1847275842425648,0
619086,Chengapalli km 102.035 to Neelambur Km144.680 and Madukkarai Km 170.880 to Walayar K183.010 Package No. NS-2/BOT/TN-08,2026-04,0.16182313044010457,0
619086,Chengapalli km 102.035 to Neelambur Km144.680 and Madukkarai Km 170.880 to Walayar K183.010 Package No. NS-2/BOT/TN-08,2026-05,0.11154030684575443,0
619086,Chengapalli km 102.035 to Neelambur Km144.680 and Madukkarai Km 170.880 to Walayar K183.010 Package No. NS-2/BOT/TN-08,2026-06,0.1895796486387198,0
619087,Widening to 6L of Existing 4L Jetpur - Gondal - Rajkot Section from Km. 117.600 to Km. 185.00 on NH-27,2026-04,0.2462249292789153,0
619087,Widening to 6L of Existing 4L Jetpur - Gondal - Rajkot Section from Km. 117.600 to Km. 185.00 on NH-27,2026-05,0.20217133848192642,0
619087,Widening to 6L of Existing 4L Jetpur - Gondal - Rajkot Section from Km. 117.600 to Km. 185.00 on NH-27,2026-06,0.2757837287621912,0
619089,Balance work of 4L of NarimbangloJatinga Junction- Harangajoroad section from Km 0.000 to Km 49.230 of NH-27,2026-04,0.2176017395318903,0
619089,Balance work of 4L of NarimbangloJatinga Junction- Harangajoroad section from Km 0.000 to Km 49.230 of NH-27,2026-05,0.19896044781410485,0
619089,Balance work of 4L of NarimbangloJatinga Junction- Harangajoroad section from Km 0.000 to Km 49.230 of NH-27,2026-06,0.22128774267928572,0
619090,8L of Dwarka Expressway Pkg-II RuB near Dwarka Sector 21-DL/HR Border from 5.300 Km.to 9.500 Km. of NH-248BB,2026-04,0.24333340198387926,0
619090,8L of Dwarka Expressway Pkg-II RuB near Dwarka Sector 21-DL/HR Border from 5.300 Km.to 9.500 Km. of NH-248BB,2026-05,0.26494899249952025,0
619090,8L of Dwarka Expressway Pkg-II RuB near Dwarka Sector 21-DL/HR Border from 5.300 Km.to 9.500 Km. of NH-248BB,2026-06,0.37711879882756755,0
619092,4L of Jind-Gohana road Package-1 from km. 0.00 to km. 40.601 of NH-352 A under NHO,2026-04,0.1684860706512298,0
619092,4L of Jind-Gohana road Package-1 from km. 0.00 to km. 40.601 of NH-352 A under NHO,2026-05,0.10810293729586426,0
619092,4L of Jind-Gohana road Package-1 from km. 0.00 to km. 40.601 of NH-352 A under NHO,2026-06,0.3453647353534187,0
619093,4L Ismailabad to Ambala Section of NH-152 Lot-4/Package-1,2026-04,0.20033768419150189,0
619093,4L Ismailabad to Ambala Section of NH-152 Lot-4/Package-1,2026-05,0.15045674038944115,0
619093,4L Ismailabad to Ambala Section of NH-152 Lot-4/Package-1,2026-06,0.1997237279666965,0
619094,Thorapalli - Agraharam - Jittandahalli Section from km 23.350 to km 60.100 [Hosur to Dhamrapuri Pkg-2],2026-04,0.43938279304082783,0
619094,Thorapalli - Agraharam - Jittandahalli Section from km 23.350 to km 60.100 [Hosur to Dhamrapuri Pkg-2],2026-05,0.21209420444689064,0
619094,Thorapalli - Agraharam - Jittandahalli Section from km 23.350 to km 60.100 [Hosur to Dhamrapuri Pkg-2],2026-06,0.318106512093809,0
619095,Balance works of 4L Panvel Indapur section of NH66 old NH17 from km 42.300 kasu to km 84.600 Indapur,2026-04,0.23733946982981394,0
619095,Balance works of 4L Panvel Indapur section of NH66 old NH17 from km 42.300 kasu to km 84.600 Indapur,2026-05,0.09917488806063682,0
619095,Balance works of 4L Panvel Indapur section of NH66 old NH17 from km 42.300 kasu to km 84.600 Indapur,2026-06,0.14550405701591185,0
619096,Goa / Karnataka Km.93.700 to Kundapur Km.283.30,2026-04,0.16599520757005196,0
619096,Goa / Karnataka Km.93.700 to Kundapur Km.283.30,2026-05,0.10994390508393802,0
619096,Goa / Karnataka Km.93.700 to Kundapur Km.283.30,2026-06,0.4010449586827578,0
619097,Thalassery Mahe Bypass Km 170.600 to Km 189.200 of NH-17New NH-66 in Kerala,2026-04,0.15005407913283955,0
619097,Thalassery Mahe Bypass Km 170.600 to Km 189.200 of NH-17New NH-66 in Kerala,2026-05,0.1052282657344353,0
619097,Thalassery Mahe Bypass Km 170.600 to Km 189.200 of NH-17New NH-66 in Kerala,2026-06,0.3526950037194873,0
619098,Kozhikode Bypass Calicut Bypass Vengalam Jn. to Ramanattukara Jn.,2026-04,0.2091240119758613,0
619098,Kozhikode Bypass Calicut Bypass Vengalam Jn. to Ramanattukara Jn.,2026-05,0.15797183061175812,0
619098,Kozhikode Bypass Calicut Bypass Vengalam Jn. to Ramanattukara Jn.,2026-06,0.28772706141823545,0
619099,6L Amritsar-Bathinda Greenfield section from Jn. with Moga Jalandhar road NH-703 near Dharamkot to Jn. with Bhagta Bhai Ka-Bhadaur Road near Dyalpura Bhai Ka from km 39.000 to km 93.000 of NH-754A Pkg-2,2026-04,0.28174579955697454,0
619099,6L Amritsar-Bathinda Greenfield section from Jn. with Moga Jalandhar road NH-703 near Dharamkot to Jn. with Bhagta Bhai Ka-Bhadaur Road near Dyalpura Bhai Ka from km 39.000 to km 93.000 of NH-754A Pkg-2,2026-05,0.1790545377993081,0
619099,6L Amritsar-Bathinda Greenfield section from Jn. with Moga Jalandhar road NH-703 near Dharamkot to Jn. with Bhagta Bhai Ka-Bhadaur Road near Dyalpura Bhai Ka from km 39.000 to km 93.000 of NH-754A Pkg-2,2026-06,0.2806545483972224,0
619100,Dhangaon - Borgaon section km 81.000 to km 139.000 [Indore - Edlabad Pkg IV],2026-04,0.15755905810594578,0
619100,Dhangaon - Borgaon section km 81.000 to km 139.000 [Indore - Edlabad Pkg IV],2026-05,0.10219339296187994,0
619100,Dhangaon - Borgaon section km 81.000 to km 139.000 [Indore - Edlabad Pkg IV],2026-06,0.3301355985787891,0
619101,4L Shahpur to Muktainagar from Km. 186.000 to km 216.278 of NH 753L Pkg II of Boregaon Buzurg to Muktainagar,2026-04,0.19498663172037065,0
619101,4L Shahpur to Muktainagar from Km. 186.000 to km 216.278 of NH 753L Pkg II of Boregaon Buzurg to Muktainagar,2026-05,0.11626387030628642,0
619101,4L Shahpur to Muktainagar from Km. 186.000 to km 216.278 of NH 753L Pkg II of Boregaon Buzurg to Muktainagar,2026-06,0.14947976201945423,0
619102,4 L of China Orampadu-Renigunta section of NH-716 Package-II of Kadapa- Renigunta section,2026-04,0.13988268176678206,0
619102,4 L of China Orampadu-Renigunta section of NH-716 Package-II of Kadapa- Renigunta section,2026-05,0.041103537184692535,0
619102,4 L of China Orampadu-Renigunta section of NH-716 Package-II of Kadapa- Renigunta section,2026-06,0.12438480066295701,0
619103,4/6 Laning of Raipur-Simga Pkg-I from km. 0.00 to km. 48.58,2026-04,0.15520017502660488,0
619103,4/6 Laning of Raipur-Simga Pkg-I from km. 0.00 to km. 48.58,2026-05,0.10504147683585206,0
619103,4/6 Laning of Raipur-Simga Pkg-I from km. 0.00 to km. 48.58,2026-06,0.25171333548349484,0
619104,4L/2L PS of Govindpur Raiganj - Chas - WB border section of from km. 0.00 to km. 56.889 of Old NH-32,2026-04,0.18359286339343375,0
619105,6L Access Controlled Ludhiana-Bathinda Greenfield highway from Jn. with Moga- Barnala Road NH-703 near village Tallewal to Jn. with Delhi-Katra Expressway NE-5 near Ludhiana village Ballowal from Km 30.300 to Km 75.543 of NH-754AD Pkg-2,2026-04,0.223352345908431,0
619105,6L Access Controlled Ludhiana-Bathinda Greenfield highway from Jn. with Moga- Barnala Road NH-703 near village Tallewal to Jn. with Delhi-Katra Expressway NE-5 near Ludhiana village Ballowal from Km 30.300 to Km 75.543 of NH-754AD Pkg-2,2026-05,0.07995691183897591,0
619105,6L Access Controlled Ludhiana-Bathinda Greenfield highway from Jn. with Moga- Barnala Road NH-703 near village Tallewal to Jn. with Delhi-Katra Expressway NE-5 near Ludhiana village Ballowal from Km 30.300 to Km 75.543 of NH-754AD Pkg-2,2026-06,0.23459303627780018,0
619106,4 Lane with PS from Des. Ch 182.300 to Des. Ch. 228.500 of Belgaum-Hungund- Raichur Section of NH 748 A Package-5,2026-04,0.2102780337209369,0
619106,4 Lane with PS from Des. Ch 182.300 to Des. Ch. 228.500 of Belgaum-Hungund- Raichur Section of NH 748 A Package-5,2026-05,0.08808683006691073,0
619106,4 Lane with PS from Des. Ch 182.300 to Des. Ch. 228.500 of Belgaum-Hungund- Raichur Section of NH 748 A Package-5,2026-06,0.17499341962880846,0
619107,4 Lane with PS from Des. Ch 136.100 to Des. Ch. 182.300 of Belgaum-Hungund- Raichur Section of NH-748A Package-4,2026-04,0.165030877927943,0
619107,4 Lane with PS from Des. Ch 136.100 to Des. Ch. 182.300 of Belgaum-Hungund- Raichur Section of NH-748A Package-4,2026-05,0.04928051815689572,0
619107,4 Lane with PS from Des. Ch 136.100 to Des. Ch. 182.300 of Belgaum-Hungund- Raichur Section of NH-748A Package-4,2026-06,0.1244734458871581,0
619108,4 Lane with PS from Des. Ch 0.000 to Des. Ch. 43.800 of Belgaum-Hungund-Raichur Section of NH-748A Package-1,2026-04,0.18529756007400616,0
619108,4 Lane with PS from Des. Ch 0.000 to Des. Ch. 43.800 of Belgaum-Hungund-Raichur Section of NH-748A Package-1,2026-05,0.0735269272078105,0
619108,4 Lane with PS from Des. Ch 0.000 to Des. Ch. 43.800 of Belgaum-Hungund-Raichur Section of NH-748A Package-1,2026-06,0.1849298838577103,0
619109,6L of Badakumari - Karki Section from Km 179.000 to km 226.500 of NH-130-CD Package OD-3,2026-04,0.1668189014117025,0
619109,6L of Badakumari - Karki Section from Km 179.000 to km 226.500 of NH-130-CD Package OD-3,2026-05,0.09861977629342128,0
619109,6L of Badakumari - Karki Section from Km 179.000 to km 226.500 of NH-130-CD Package OD-3,2026-06,0.20556296739798438,0
619111,6L Jakkuva Korlam Section of NH-130CD Road from km 396.800 to km 421.100 Pkg 2,2026-04,0.13335478902993878,0
619111,6L Jakkuva Korlam Section of NH-130CD Road from km 396.800 to km 421.100 Pkg 2,2026-05,0.09559459922279005,0
619111,6L Jakkuva Korlam Section of NH-130CD Road from km 396.800 to km 421.100 Pkg 2,2026-06,0.15246849939375284,0
619112,6L Kantakapalle Sabbavaram Section of NH-130CD Road from Km 445.100 to Km 464.662 Pkg-4,2026-04,0.2082152582337431,0
619112,6L Kantakapalle Sabbavaram Section of NH-130CD Road from Km 445.100 to Km 464.662 Pkg-4,2026-05,0.11429379843311703,0
619112,6L Kantakapalle Sabbavaram Section of NH-130CD Road from Km 445.100 to Km 464.662 Pkg-4,2026-06,0.19861979539795635,0
619114,Indore - Harda Pkg-II [Raghavgarh to Nanasa from km. 29.30 to km. 92.30],2026-04,0.20829054850214057,0
619114,Indore - Harda Pkg-II [Raghavgarh to Nanasa from km. 29.30 to km. 92.30],2026-05,0.11994928902989145,0
619114,Indore - Harda Pkg-II [Raghavgarh to Nanasa from km. 29.30 to km. 92.30],2026-06,0.1571092323896696,0
619117,Hassan km 184.912 to Maranahally km 230.060 of NH - 75 in Karnataka,2026-04,0.17631021223239093,0
619117,Hassan km 184.912 to Maranahally km 230.060 of NH - 75 in Karnataka,2026-05,0.13444815042620642,0
619117,Hassan km 184.912 to Maranahally km 230.060 of NH - 75 in Karnataka,2026-06,0.36305049575369647,0
619118,Four Laning of Angul to Sambalpur from Km.112.000 to Km.265.000,2026-04,0.22478218930553875,0
619118,Four Laning of Angul to Sambalpur from Km.112.000 to Km.265.000,2026-05,0.1712096456256282,0
619118,Four Laning of Angul to Sambalpur from Km.112.000 to Km.265.000,2026-06,0.35902707652875077,0
619119,Cuttack-Angul Section of NH-42 New NH-55 from km 0.400 to km 60.200 Pkg-I in the State of Odisha,2026-04,0.1763979310737917,0
619119,Cuttack-Angul Section of NH-42 New NH-55 from km 0.400 to km 60.200 Pkg-I in the State of Odisha,2026-05,0.12814712654421348,0
619119,Cuttack-Angul Section of NH-42 New NH-55 from km 0.400 to km 60.200 Pkg-I in the State of Odisha,2026-06,0.3334167795495342,0
619120,Nidagatta-Mysore Pkg II,2026-04,0.18258114168086784,0
619120,Nidagatta-Mysore Pkg II,2026-05,0.1634024565323431,0
619120,Nidagatta-Mysore Pkg II,2026-06,0.3300930259735342,0
619121,4L of Hubli - Hospet Section of NH-63 from Km 128.850 to Km 272.571,2026-04,0.20961403450919425,0
619122,Akshardham - DL/UP Border Pkg-01,2026-04,0.21084873808915477,0
619123,6L Access Controlled Greenfield Highway from Narayanmpet Ch. 203500 to Chandrasekharpuram Ch. 228000Package-10,2026-04,0.15717713231896077,0
619123,6L Access Controlled Greenfield Highway from Narayanmpet Ch. 203500 to Chandrasekharpuram Ch. 228000Package-10,2026-05,0.08362602200057094,0
619123,6L Access Controlled Greenfield Highway from Narayanmpet Ch. 203500 to Chandrasekharpuram Ch. 228000Package-10,2026-06,0.14331197372442686,0
619124,6L Access Controlled Greenfield Highway from Polavaram Ch. 260000 to Marripudi Ch. 285500 of [NH-544G]Package-12,2026-04,0.16973758412836548,0
619124,6L Access Controlled Greenfield Highway from Polavaram Ch. 260000 to Marripudi Ch. 285500 of [NH-544G]Package-12,2026-05,0.0950316230237963,0
619124,6L Access Controlled Greenfield Highway from Polavaram Ch. 260000 to Marripudi Ch. 285500 of [NH-544G]Package-12,2026-06,0.1448230526189408,0
619125,6L Access Controlled Greenfield Highway from Somavarappadu Ch.314.600 to Muppavaram Ch.343240 of [NH-544G] Package-14,2026-04,0.1545343760042191,0
619125,6L Access Controlled Greenfield Highway from Somavarappadu Ch.314.600 to Muppavaram Ch.343240 of [NH-544G] Package-14,2026-05,0.09560883351830893,0
619125,6L Access Controlled Greenfield Highway from Somavarappadu Ch.314.600 to Muppavaram Ch.343240 of [NH-544G] Package-14,2026-06,0.1853243692066283,0
619126,6L Access Controlled Greenfield Highway from Marripudi Ch. 285500 to Somavarappadu Ch. 314600 of [NH-544G] Package-13,2026-04,0.16328072370503532,0
619126,6L Access Controlled Greenfield Highway from Marripudi Ch. 285500 to Somavarappadu Ch. 314600 of [NH-544G] Package-13,2026-05,0.13993401131803038,0
619126,6L Access Controlled Greenfield Highway from Marripudi Ch. 285500 to Somavarappadu Ch. 314600 of [NH-544G] Package-13,2026-06,0.1762608556331616,0
619127,4L of Greenfield Alignment from Km. 47.000 to Km. 89.210 of Balbhadarpur to Bela Nawda Section of NH-119D,2026-04,0.2206401517389611,0
619127,4L of Greenfield Alignment from Km. 47.000 to Km. 89.210 of Balbhadarpur to Bela Nawda Section of NH-119D,2026-05,0.16946712127555302,0
619127,4L of Greenfield Alignment from Km. 47.000 to Km. 89.210 of Balbhadarpur to Bela Nawda Section of NH-119D,2026-06,0.2179062619281537,0
619128,Khammam-Devarapalle Pkg II [4L Access Controlled Greenfield from Somavaram village to Chintagudem village Design Chainage 33604 to 63117],2026-04,0.14513666377690784,0
619128,Khammam-Devarapalle Pkg II [4L Access Controlled Greenfield from Somavaram village to Chintagudem village Design Chainage 33604 to 63117],2026-05,0.08641501576920652,0
619128,Khammam-Devarapalle Pkg II [4L Access Controlled Greenfield from Somavaram village to Chintagudem village Design Chainage 33604 to 63117],2026-06,0.3052338362825516,0
619129,Mahabalipuram - Pondicherry Pkg-I [Mamallapuram to Mugaiyur],2026-04,0.3503965296851369,0
619129,Mahabalipuram - Pondicherry Pkg-I [Mamallapuram to Mugaiyur],2026-05,0.16558548250669244,0
619129,Mahabalipuram - Pondicherry Pkg-I [Mamallapuram to Mugaiyur],2026-06,0.2760317832215466,0
619130,Mahabalipuram - Pondicherry Pkg-II [Mugaiyur to Marakkanam],2026-04,0.3314282209384707,0
619130,Mahabalipuram - Pondicherry Pkg-II [Mugaiyur to Marakkanam],2026-05,0.20101388417828367,0
619130,Mahabalipuram - Pondicherry Pkg-II [Mugaiyur to Marakkanam],2026-06,0.24841244359485828,0
619131,Four Laning of Chettikulam to Natham section of NH-785,2026-04,0.17962704624823958,0
619131,Four Laning of Chettikulam to Natham section of NH-785,2026-05,0.1100126532909559,0
619131,Four Laning of Chettikulam to Natham section of NH-785,2026-06,0.24364581427335086,0
619132,4/6L of Gurgaon - Pataudi - Rewari from km. 0.00 to km.43.87 of NH-352W,2026-04,0.3032423009138846,0
619132,4/6L of Gurgaon - Pataudi - Rewari from km. 0.00 to km.43.87 of NH-352W,2026-05,0.24519364151837494,0
619132,4/6L of Gurgaon - Pataudi - Rewari from km. 0.00 to km.43.87 of NH-352W,2026-06,0.3556864254397951,0
619134,6L of Ambala-Chandigarh greenfield section from Km. 0.000 to Km. 25.000 with 4L spur to Lalru from Km. 0.000 to Km. 5.828 & spur to PR-7 road from Km. 0.000 to Km. 11.157,2026-04,0.2411965207432002,0
619134,6L of Ambala-Chandigarh greenfield section from Km. 0.000 to Km. 25.000 with 4L spur to Lalru from Km. 0.000 to Km. 5.828 & spur to PR-7 road from Km. 0.000 to Km. 11.157,2026-05,0.16135032983245373,0
619134,6L of Ambala-Chandigarh greenfield section from Km. 0.000 to Km. 25.000 with 4L spur to Lalru from Km. 0.000 to Km. 5.828 & spur to PR-7 road from Km. 0.000 to Km. 11.157,2026-06,0.24119043197090312,0
619136,Rehabilitation and Upgradation of Chorma - Bairgania Section of National Highway No 227F to 2 lane with paved shoulders from Design Ch.0.000 to Ch. 34.566,2026-04,0.17980443256039882,0
619136,Rehabilitation and Upgradation of Chorma - Bairgania Section of National Highway No 227F to 2 lane with paved shoulders from Design Ch.0.000 to Ch. 34.566,2026-05,0.10203328964182792,0
619136,Rehabilitation and Upgradation of Chorma - Bairgania Section of National Highway No 227F to 2 lane with paved shoulders from Design Ch.0.000 to Ch. 34.566,2026-06,0.14869525821494287,0
619138,Yekkambi-Haveri,2026-04,0.25777286414435446,0
619138,Yekkambi-Haveri,2026-05,0.1881559807175159,0
619138,Yekkambi-Haveri,2026-06,0.22849520262997905,0
619139,Construction of New Double Tier 4L Elevated Corridor from Chennai Port to Maduravoyal in Chennai District from km -0.342 to Km 20.593 and Package III from Km 9.700 to Km 14.185,2026-04,0.19433594860577555,0
619139,Construction of New Double Tier 4L Elevated Corridor from Chennai Port to Maduravoyal in Chennai District from km -0.342 to Km 20.593 and Package III from Km 9.700 to Km 14.185,2026-05,0.11549944232591981,0
619139,Construction of New Double Tier 4L Elevated Corridor from Chennai Port to Maduravoyal in Chennai District from km -0.342 to Km 20.593 and Package III from Km 9.700 to Km 14.185,2026-06,0.18011112068680052,0
619140,6L of Naidupeta Junction - Turpukanupur Section from km 57.046 to km 91.927,2026-04,0.19451166374620582,0
619140,6L of Naidupeta Junction - Turpukanupur Section from km 57.046 to km 91.927,2026-05,0.18293140526489995,0
619140,6L of Naidupeta Junction - Turpukanupur Section from km 57.046 to km 91.927,2026-06,0.19136950061641322,0
619141,Construction of four lane access controlled highway from Chillakuru cross road to Turpu KanupurPart 1 of Package - II km 0.000 131.500 of NH - 16 to km 23.770 on New NH-516W including sixlane flyover and approaches on NH-16 length km 1.050 and six lane access controlled from TurpuKanupur to Port South Gate Part 2 of Package - II km 23.770 to km 35.015 on New NH-516W inthe state of Andhra Pradesh on HAM Mode under Bharatmala Pariyojana Phase I,2026-04,0.21162479327887823,0
619141,Construction of four lane access controlled highway from Chillakuru cross road to Turpu KanupurPart 1 of Package - II km 0.000 131.500 of NH - 16 to km 23.770 on New NH-516W including sixlane flyover and approaches on NH-16 length km 1.050 and six lane access controlled from TurpuKanupur to Port South Gate Part 2 of Package - II km 23.770 to km 35.015 on New NH-516W inthe state of Andhra Pradesh on HAM Mode under Bharatmala Pariyojana Phase I,2026-05,0.11638889289854912,0
619141,Construction of four lane access controlled highway from Chillakuru cross road to Turpu KanupurPart 1 of Package - II km 0.000 131.500 of NH - 16 to km 23.770 on New NH-516W including sixlane flyover and approaches on NH-16 length km 1.050 and six lane access controlled from TurpuKanupur to Port South Gate Part 2 of Package - II km 23.770 to km 35.015 on New NH-516W inthe state of Andhra Pradesh on HAM Mode under Bharatmala Pariyojana Phase I,2026-06,0.1901378613960175,0
619142,Construction of 4-lane connectivity to Banbasa ICP at India Nepal border from NH-09 old NH-125 Sitarganj-Tanakpur at Km 40.00 near Jagbuda bridge under Bharatmala Priyojana of NH-109D on EPC mode in the State of Uttarakhand,2026-04,0.18228802897720306,0
619142,Construction of 4-lane connectivity to Banbasa ICP at India Nepal border from NH-09 old NH-125 Sitarganj-Tanakpur at Km 40.00 near Jagbuda bridge under Bharatmala Priyojana of NH-109D on EPC mode in the State of Uttarakhand,2026-05,0.1308630728365181,0
619142,Construction of 4-lane connectivity to Banbasa ICP at India Nepal border from NH-09 old NH-125 Sitarganj-Tanakpur at Km 40.00 near Jagbuda bridge under Bharatmala Priyojana of NH-109D on EPC mode in the State of Uttarakhand,2026-06,0.22209911807676155,0
619143,4L Access Controlled Greenfield Highway section on NH-163G Khammam Vijayawada from BrahmanapalliK village at Design Ch. 250.400 Km to Remidicherla village at Design Ch. 280.200 KmPackage-II,2026-04,0.22573757739798234,0
619143,4L Access Controlled Greenfield Highway section on NH-163G Khammam Vijayawada from BrahmanapalliK village at Design Ch. 250.400 Km to Remidicherla village at Design Ch. 280.200 KmPackage-II,2026-05,0.07857199371316408,0
619143,4L Access Controlled Greenfield Highway section on NH-163G Khammam Vijayawada from BrahmanapalliK village at Design Ch. 250.400 Km to Remidicherla village at Design Ch. 280.200 KmPackage-II,2026-06,0.1486637980121168,0
619144,Hospet - Chitradurga from km. 299.00 to km. 418.750,2026-04,0.1335369808390093,0
619145,Four Laning of Una to Kodinar from km. 180.478 to km. 221.610 Package-V,2026-04,0.15280881137260188,0
619145,Four Laning of Una to Kodinar from km. 180.478 to km. 221.610 Package-V,2026-05,0.11078673129932372,0
619145,Four Laning of Una to Kodinar from km. 180.478 to km. 221.610 Package-V,2026-06,0.3285680405303274,0
619146,Kagvadar - Una Package-IV,2026-04,0.17551014142084986,0
619146,Kagvadar - Una Package-IV,2026-05,0.10477138886830209,0
619147,4L of Bal Works of Mahuva to Kagvadar from 100.450 Km. to 140.470 Km. of NH-8E Pkg- III,2026-04,0.19133217824282545,0
619148,4L of Bhavnagar - Talaja Package-I from Km. 6.945 to Km. 54.990 of Old NH-8E,2026-04,0.1440391187182237,0
619149,4L of Ratnagiri - Kolhapur section of NH-166 from km 0.000 to km 19.769 and km 31.000 to km 67.140 Pkg I,2026-04,0.22748182000445022,0
619149,4L of Ratnagiri - Kolhapur section of NH-166 from km 0.000 to km 19.769 and km 31.000 to km 67.140 Pkg I,2026-05,0.1601285774798814,0
619149,4L of Ratnagiri - Kolhapur section of NH-166 from km 0.000 to km 19.769 and km 31.000 to km 67.140 Pkg I,2026-06,0.24132794076850356,0
619150,BRT Tiger Reserve Boundary Km.287.500 to Bangalore Section Km.458.420 of NH- 209 in Karnataka,2026-04,0.18872486743518702,0
619150,BRT Tiger Reserve Boundary Km.287.500 to Bangalore Section Km.458.420 of NH- 209 in Karnataka,2026-05,0.103811672343951,0
619150,BRT Tiger Reserve Boundary Km.287.500 to Bangalore Section Km.458.420 of NH- 209 in Karnataka,2026-06,0.32333925288064447,0
619152,Bakhtiyarpur Km 153.300 to Mokama Km 197.900,2026-04,0.16436654329257686,0
619152,Bakhtiyarpur Km 153.300 to Mokama Km 197.900,2026-05,0.10499460617340146,0
619152,Bakhtiyarpur Km 153.300 to Mokama Km 197.900,2026-06,0.3150407132464076,0
619153,4L of HP/Punjab Border - Mo from km. 11.00 to km. 42.00 of Old NH-20 New NH-154 Package-IA,2026-04,0.31347857353786474,0
619153,4L of HP/Punjab Border - Mo from km. 11.00 to km. 42.00 of Old NH-20 New NH-154 Package-IA,2026-05,0.20481607655501974,0
619153,4L of HP/Punjab Border - Mo from km. 11.00 to km. 42.00 of Old NH-20 New NH-154 Package-IA,2026-06,0.34683618671543665,0
619154,Construction of Four Lane Highway from Ghazipur- Ballia-UP/Bihar State Border Greenfield section of NH-31 Package III [from Pindari km 78.150 to Rawalganj Bypass Km 117.120] on EPC Mode in the state of Uttar Pradesh.,2026-04,0.23346163297629113,0
619154,Construction of Four Lane Highway from Ghazipur- Ballia-UP/Bihar State Border Greenfield section of NH-31 Package III [from Pindari km 78.150 to Rawalganj Bypass Km 117.120] on EPC Mode in the state of Uttar Pradesh.,2026-05,0.41495374699667764,0
619154,Construction of Four Lane Highway from Ghazipur- Ballia-UP/Bihar State Border Greenfield section of NH-31 Package III [from Pindari km 78.150 to Rawalganj Bypass Km 117.120] on EPC Mode in the state of Uttar Pradesh.,2026-06,0.26359509775816165,0
619155,Upgradation and 4L of Haridwar Bypass from Km 0.000 Km 188.100 of NH-58 to Km. 15.100 Km 5.100 of NH 74 PKg-1,2026-04,0.27103070727199763,0
619155,Upgradation and 4L of Haridwar Bypass from Km 0.000 Km 188.100 of NH-58 to Km. 15.100 Km 5.100 of NH 74 PKg-1,2026-05,0.15861464072623613,0
619155,Upgradation and 4L of Haridwar Bypass from Km 0.000 Km 188.100 of NH-58 to Km. 15.100 Km 5.100 of NH 74 PKg-1,2026-06,0.2593738182154625,0
619156,4 Laning of Paramakudi to Ramanathapuram Section of NH-87 Old NH-49,2026-05,0.14222254290038697,0
619156,4 Laning of Paramakudi to Ramanathapuram Section of NH-87 Old NH-49,2026-06,0.11751849841389432,0
619157,4 Laning of Talcher to end of Kamakhyanagar Bypass km 8.844 - km 15.725 of NH- 149 and km 301.875 - km 335.946 of NH-53 Pkg-I,2026-04,0.16825378569370136,0
619157,4 Laning of Talcher to end of Kamakhyanagar Bypass km 8.844 - km 15.725 of NH- 149 and km 301.875 - km 335.946 of NH-53 Pkg-I,2026-05,0.1283296601525527,0
619157,4 Laning of Talcher to end of Kamakhyanagar Bypass km 8.844 - km 15.725 of NH- 149 and km 301.875 - km 335.946 of NH-53 Pkg-I,2026-06,0.3173847270421799,0
619158,4 Laning of Duburi Chandikhole from km 388.376 to km 428.074 Pkg-III,2026-04,0.19342955708738033,0
619158,4 Laning of Duburi Chandikhole from km 388.376 to km 428.074 Pkg-III,2026-05,0.18093550747149797,0
619158,4 Laning of Duburi Chandikhole from km 388.376 to km 428.074 Pkg-III,2026-06,0.35201500270419955,0
619160,Balance works in AP Portion and punch list items in TN & AP portion of NH-205,2026-04,0.11955910810572261,0
619160,Balance works in AP Portion and punch list items in TN & AP portion of NH-205,2026-05,0.07370778758233336,0
619160,Balance works in AP Portion and punch list items in TN & AP portion of NH-205,2026-06,0.10213210157544453,0
619161,Access Controlled Highway of 4 Lane with Paved Shoulders from Tiruvallur Design Chainage Km 1756 to TN/AP Broder Design Chainage Km 6151 of NH-716 Chennai- Tirupati Package-1,2026-04,0.25090698326406,0
619161,Access Controlled Highway of 4 Lane with Paved Shoulders from Tiruvallur Design Chainage Km 1756 to TN/AP Broder Design Chainage Km 6151 of NH-716 Chennai- Tirupati Package-1,2026-05,0.08575059525800341,0
619161,Access Controlled Highway of 4 Lane with Paved Shoulders from Tiruvallur Design Chainage Km 1756 to TN/AP Broder Design Chainage Km 6151 of NH-716 Chennai- Tirupati Package-1,2026-06,0.18201913854883228,0
619162,4L of Najibabad Bypass from Km. 105.423 to Km. 118.373 excluding 2.45 Km. of NH- 74 Bypass of NH-119,2026-04,0.12508572828742254,0
619162,4L of Najibabad Bypass from Km. 105.423 to Km. 118.373 excluding 2.45 Km. of NH- 74 Bypass of NH-119,2026-05,0.07255230079253415,0
619162,4L of Najibabad Bypass from Km. 105.423 to Km. 118.373 excluding 2.45 Km. of NH- 74 Bypass of NH-119,2026-06,0.14654257339798843,0
619163,4L of Baramati to Indapur Pkg-II from km. 41.400 to km. 84.550 of NH-965G Saint Tukaram Marg,2026-04,0.23677517032314335,0
619163,4L of Baramati to Indapur Pkg-II from km. 41.400 to km. 84.550 of NH-965G Saint Tukaram Marg,2026-05,0.12778295232444128,0
619163,4L of Baramati to Indapur Pkg-II from km. 41.400 to km. 84.550 of NH-965G Saint Tukaram Marg,2026-06,0.2983815435311026,0
619164,Belgaum-Khanapur Pkg I Km 0.000-Km 30.800 of NH-4A,2026-04,0.2647015131325398,0
619164,Belgaum-Khanapur Pkg I Km 0.000-Km 30.800 of NH-4A,2026-05,0.21772537142162912,0
619164,Belgaum-Khanapur Pkg I Km 0.000-Km 30.800 of NH-4A,2026-06,0.3030461524987183,0
619165,Thanamcherla-Jamandlapally 2LPS,2026-04,0.2595191086441183,0
619165,Thanamcherla-Jamandlapally 2LPS,2026-05,0.15309989578042707,0
619165,Thanamcherla-Jamandlapally 2LPS,2026-06,0.20011277455470605,0
619166,Umagaon-Saharsa Package-V Bakaur-Parsarma-Bangaon-Bariyahi & Spur to Mahishi,2026-04,0.19075710651928393,0
619166,Umagaon-Saharsa Package-V Bakaur-Parsarma-Bangaon-Bariyahi & Spur to Mahishi,2026-05,0.12934927591553086,0
619166,Umagaon-Saharsa Package-V Bakaur-Parsarma-Bangaon-Bariyahi & Spur to Mahishi,2026-06,0.17715482457795861,0
619167,4 Laning with PS of Pathrapalli-Katghora km 53.3 to km 92.6 Pkg-II of Bilaspur Kathghora,2026-04,0.18088028777158638,0
619167,4 Laning with PS of Pathrapalli-Katghora km 53.3 to km 92.6 Pkg-II of Bilaspur Kathghora,2026-05,0.13580625186257353,0
619167,4 Laning with PS of Pathrapalli-Katghora km 53.3 to km 92.6 Pkg-II of Bilaspur Kathghora,2026-06,0.35414416480444205,0
619168,6L access controlled Greenfield highway of Junction of EPE Vill.-Mavikalan to Vill.- Lohadda from Km. 0.000 to Km. 27.000 Pkg-1,2026-04,0.15471493421799315,0
619168,6L access controlled Greenfield highway of Junction of EPE Vill.-Mavikalan to Vill.- Lohadda from Km. 0.000 to Km. 27.000 Pkg-1,2026-05,0.09629420695873753,0
619168,6L access controlled Greenfield highway of Junction of EPE Vill.-Mavikalan to Vill.- Lohadda from Km. 0.000 to Km. 27.000 Pkg-1,2026-06,0.31286228449184494,0
619171,RPR FOR DURGAPUR OCP 10 MTY,2026-04,0.22357570287074224,0
619171,RPR FOR DURGAPUR OCP 10 MTY,2026-05,0.08145954062586755,0
619171,RPR FOR DURGAPUR OCP 10 MTY,2026-06,0.12078981858334596,0
619172,MADANNAGAR OCP 12 MTY - MDO,2026-04,0.19175367800839596,0
619172,MADANNAGAR OCP 12 MTY - MDO,2026-05,0.08284720181195249,0
619172,MADANNAGAR OCP 12 MTY - MDO,2026-06,0.12043227049060552,0
619181,Rehabilitation and Up gradation from 4 to 8 laning of Chandikhole Paradip Section of NH-53 Old NH 5A from Km.60.000 to Km.76.646 Package-4,2026-04,0.2268210108871303,0
619181,Rehabilitation and Up gradation from 4 to 8 laning of Chandikhole Paradip Section of NH-53 Old NH 5A from Km.60.000 to Km.76.646 Package-4,2026-05,0.10608318268124878,0
619181,Rehabilitation and Up gradation from 4 to 8 laning of Chandikhole Paradip Section of NH-53 Old NH 5A from Km.60.000 to Km.76.646 Package-4,2026-06,0.1785239344210311,0
619183,Widening of Existing Road from Intermediate Lane 2-lane to 4-lane Between Km 19.994 to Km 35.180 of NH-848A Rakholi-Khadoli-Velugam Section in U.T. of Dadra and Nagar Haveli and Daman and Diu,2026-04,0.2255375727703982,0
619183,Widening of Existing Road from Intermediate Lane 2-lane to 4-lane Between Km 19.994 to Km 35.180 of NH-848A Rakholi-Khadoli-Velugam Section in U.T. of Dadra and Nagar Haveli and Daman and Diu,2026-05,0.1430757817995685,0
619183,Widening of Existing Road from Intermediate Lane 2-lane to 4-lane Between Km 19.994 to Km 35.180 of NH-848A Rakholi-Khadoli-Velugam Section in U.T. of Dadra and Nagar Haveli and Daman and Diu,2026-06,0.23714316044315234,0
619184,"Rehabilitation and up-gradation of section to Intermediate/2-Lane with hard shoulder from Km 107.760 to Km 129.445 After Middle strait to Humphrey, Km 130.600 to Km 138.00 After Humphrey to Kadamtala & Km 155.00 to Km 181.0 End of Jarwa to Rangat of NH-04 in UT of A&N on EPC Package-IIIA",2026-04,0.2275543206359829,0
619184,"Rehabilitation and up-gradation of section to Intermediate/2-Lane with hard shoulder from Km 107.760 to Km 129.445 After Middle strait to Humphrey, Km 130.600 to Km 138.00 After Humphrey to Kadamtala & Km 155.00 to Km 181.0 End of Jarwa to Rangat of NH-04 in UT of A&N on EPC Package-IIIA",2026-05,0.16572447882171779,0
619184,"Rehabilitation and up-gradation of section to Intermediate/2-Lane with hard shoulder from Km 107.760 to Km 129.445 After Middle strait to Humphrey, Km 130.600 to Km 138.00 After Humphrey to Kadamtala & Km 155.00 to Km 181.0 End of Jarwa to Rangat of NH-04 in UT of A&N on EPC Package-IIIA",2026-06,0.16314151778392333,0
619185,Rehabilitation and up-gradation and completion of balance work of section from Km 155.00 to Km 181.00 End of Jarwa to Rangat of NH -4 Total length 26 Km to Intermediate Lane/2-lane with hard shoulders in the UT of A&N Islands on EPC basis - Package-III.B Balance work,2026-04,0.23398817473649516,0
619185,Rehabilitation and up-gradation and completion of balance work of section from Km 155.00 to Km 181.00 End of Jarwa to Rangat of NH -4 Total length 26 Km to Intermediate Lane/2-lane with hard shoulders in the UT of A&N Islands on EPC basis - Package-III.B Balance work,2026-05,0.16380188823784694,0
619185,Rehabilitation and up-gradation and completion of balance work of section from Km 155.00 to Km 181.00 End of Jarwa to Rangat of NH -4 Total length 26 Km to Intermediate Lane/2-lane with hard shoulders in the UT of A&N Islands on EPC basis - Package-III.B Balance work,2026-06,0.15813114511401585,0
619186,Construction of Balance works of Major Bridge over Middle Strait Creek between Km.106.590 to km108.553 of NH-04 connecting South Andaman & Baratang Island in the Union Territory of Andaman & Nicobar Islands on EPC basis,2026-04,0.2378395516366126,0
619186,Construction of Balance works of Major Bridge over Middle Strait Creek between Km.106.590 to km108.553 of NH-04 connecting South Andaman & Baratang Island in the Union Territory of Andaman & Nicobar Islands on EPC basis,2026-05,0.17223825790684513,0
619186,Construction of Balance works of Major Bridge over Middle Strait Creek between Km.106.590 to km108.553 of NH-04 connecting South Andaman & Baratang Island in the Union Territory of Andaman & Nicobar Islands on EPC basis,2026-06,0.17267119824127222,0
619187,"Slope protection and landslide mitigation at 4 vulnerable locations km 1.950 to Km 2.100, km 11.100 to 11.450, km 22.435 to km 22.485 and km 22.610 to km 22.680 within Sevoke-Rangpo section of NH-10 old NH-31A in Darjeeling & Kalimpong district in the State of West Bengal on EPC mode",2026-04,0.191073412026555,0
619187,"Slope protection and landslide mitigation at 4 vulnerable locations km 1.950 to Km 2.100, km 11.100 to 11.450, km 22.435 to km 22.485 and km 22.610 to km 22.680 within Sevoke-Rangpo section of NH-10 old NH-31A in Darjeeling & Kalimpong district in the State of West Bengal on EPC mode",2026-05,0.08720736907705526,0
619187,"Slope protection and landslide mitigation at 4 vulnerable locations km 1.950 to Km 2.100, km 11.100 to 11.450, km 22.435 to km 22.485 and km 22.610 to km 22.680 within Sevoke-Rangpo section of NH-10 old NH-31A in Darjeeling & Kalimpong district in the State of West Bengal on EPC mode",2026-06,0.10994695732858344,0
619191,Kanpur LPG Bottling Plant,2026-04,0.22494338028442168,0
619191,Kanpur LPG Bottling Plant,2026-05,0.11955001920886862,0
619191,Kanpur LPG Bottling Plant,2026-06,0.13038577441265775,0
619193,Rehabilitation and upgradation of NH-221 from km 121/0 to 165/0 Rudrampur to Bhadrachalam section to two lane with paved shoulder under NHDPIV in the state of Telangana through EPC mode,2026-04,0.34141528205232263,0
619193,Rehabilitation and upgradation of NH-221 from km 121/0 to 165/0 Rudrampur to Bhadrachalam section to two lane with paved shoulder under NHDPIV in the state of Telangana through EPC mode,2026-05,0.2975235345275382,0
619193,Rehabilitation and upgradation of NH-221 from km 121/0 to 165/0 Rudrampur to Bhadrachalam section to two lane with paved shoulder under NHDPIV in the state of Telangana through EPC mode,2026-06,0.303593634904775,0
619194,"Construction of Four Lane Gola Flyover at Km 99.850 of NH 730 Major Junction with State Highways -93 of Engineering, Procurement and Construction EPC mode in the State of Uttar Pradesh.",2026-05,0.1541312848720095,0
619194,"Construction of Four Lane Gola Flyover at Km 99.850 of NH 730 Major Junction with State Highways -93 of Engineering, Procurement and Construction EPC mode in the State of Uttar Pradesh.",2026-06,0.08605340157513318,0
619196,Change of service of existing Mundra-Panipat Pipeline [Panipat - Churwa section] from Crude oil to Product,2026-04,0.25831542538976665,0
619196,Change of service of existing Mundra-Panipat Pipeline [Panipat - Churwa section] from Crude oil to Product,2026-05,0.10608414650390673,0
619196,Change of service of existing Mundra-Panipat Pipeline [Panipat - Churwa section] from Crude oil to Product,2026-06,0.14304842509125434,0
619197,Delhi-Vadodara Greenfield Alignment NH-148N Pkg-27 Ch.729.700 to Ch.756.052,2026-04,0.20972541350862803,0
619197,Delhi-Vadodara Greenfield Alignment NH-148N Pkg-27 Ch.729.700 to Ch.756.052,2026-05,0.5293612344389345,1
619197,Delhi-Vadodara Greenfield Alignment NH-148N Pkg-27 Ch.729.700 to Ch.756.052,2026-06,0.4622667800938492,0
619198,Vadodara Mumbai Expressway Phase II - Pkg XII [Km. 50.700 to Km. 77.000] Masvan - Ganjad,2026-04,0.21986710395881778,0
619198,Vadodara Mumbai Expressway Phase II - Pkg XII [Km. 50.700 to Km. 77.000] Masvan - Ganjad,2026-05,0.09927735366875962,0
619198,Vadodara Mumbai Expressway Phase II - Pkg XII [Km. 50.700 to Km. 77.000] Masvan - Ganjad,2026-06,0.18573401110534923,0
619199,Bangalore Chennai Expressway Phase-II Pkg-I from km.71.000 to Km 96.000 Bethamangala in the state of Karnataka to Byreddypalli,2026-04,0.1540132155657632,0
619199,Bangalore Chennai Expressway Phase-II Pkg-I from km.71.000 to Km 96.000 Bethamangala in the state of Karnataka to Byreddypalli,2026-05,0.08139152417034397,0
619199,Bangalore Chennai Expressway Phase-II Pkg-I from km.71.000 to Km 96.000 Bethamangala in the state of Karnataka to Byreddypalli,2026-06,0.1944676728809668,0
619200,Delhi-Amritsar-Katra Expressway Phase-I Spur-III from Junction with Amritsar- Jalandhar road NH-3 near Bhishambarpura to Junction with Amritsar-Anjala road NH- 354 near Amritsar Airport [Km 71000 to Km 99000 of Amritsar connectivity],2026-04,0.3304574589850339,0
619200,Delhi-Amritsar-Katra Expressway Phase-I Spur-III from Junction with Amritsar- Jalandhar road NH-3 near Bhishambarpura to Junction with Amritsar-Anjala road NH- 354 near Amritsar Airport [Km 71000 to Km 99000 of Amritsar connectivity],2026-05,0.22038610757036692,0
619200,Delhi-Amritsar-Katra Expressway Phase-I Spur-III from Junction with Amritsar- Jalandhar road NH-3 near Bhishambarpura to Junction with Amritsar-Anjala road NH- 354 near Amritsar Airport [Km 71000 to Km 99000 of Amritsar connectivity],2026-06,0.28832930503332516,0
619201,Karnal ring road Lot-4/Pkg-1,2026-04,0.17174108720537734,0
619201,Karnal ring road Lot-4/Pkg-1,2026-05,0.1198722926941881,0
619201,Karnal ring road Lot-4/Pkg-1,2026-06,0.22749000010980364,0
619202,Dwarka Expressway from Km -0.600 to Km 5.300 - Pkg-I Shivmurti Chowk-RuB near Dwarka Sector 21,2026-04,0.2697194037534498,0
619202,Dwarka Expressway from Km -0.600 to Km 5.300 - Pkg-I Shivmurti Chowk-RuB near Dwarka Sector 21,2026-05,0.25975776403405637,0
619202,Dwarka Expressway from Km -0.600 to Km 5.300 - Pkg-I Shivmurti Chowk-RuB near Dwarka Sector 21,2026-06,0.3768663520223925,0
619203,Vadape to Thane from km 539.202 to km 563.000 section of NH-3 new NH-848,2026-04,0.31235357388296664,0
619203,Vadape to Thane from km 539.202 to km 563.000 section of NH-3 new NH-848,2026-05,0.14985450489673768,0
619203,Vadape to Thane from km 539.202 to km 563.000 section of NH-3 new NH-848,2026-06,0.24547828078900177,0
619204,"Capacity Augmentation in the stretch of Pimpri Sado Vadape section of NH848 Km. 460900 to Km. 537000 by Construction of Slip/Service Road on either side at various locations total length 25.140 Km LHSRHS, Flyover 2 x 25m at Borivali Junction Km. 528550 & LVUP 1 x 15m at Sherekarpada Km. 528800",2026-06,0.21461834213823697,0
619205,Six Laning of KT/KL Border Thalapaddy -Chengala from Km. 17.200 to Km. 57.20,2026-04,0.19805907195988154,0
619205,Six Laning of KT/KL Border Thalapaddy -Chengala from Km. 17.200 to Km. 57.20,2026-05,0.12020535681335337,0
619205,Six Laning of KT/KL Border Thalapaddy -Chengala from Km. 17.200 to Km. 57.20,2026-06,0.3817718489430497,0
619206,6L of Perole Nileshwar town to Taliparamba from Km 94.248 to Km 134.650 of NH-66,2026-04,0.24617949549942153,0
619206,6L of Perole Nileshwar town to Taliparamba from Km 94.248 to Km 134.650 of NH-66,2026-05,0.23038112638827363,0
619206,6L of Perole Nileshwar town to Taliparamba from Km 94.248 to Km 134.650 of NH-66,2026-06,0.32036240079341805,0
619207,Start of Kollam Bypass - Kadambattukonam,2026-04,0.2618159374768425,0
619207,Start of Kollam Bypass - Kadambattukonam,2026-05,0.19432908728514997,0
619207,Start of Kollam Bypass - Kadambattukonam,2026-06,0.2517092685346285,0
619208,Kadambattukonam-Kazhakuttom,2026-04,0.3006393611143683,0
619208,Kadambattukonam-Kazhakuttom,2026-05,0.16641660031289707,0
619208,Kadambattukonam-Kazhakuttom,2026-06,0.29295430345919893,0
619209,4L of existing 2/4L stretch from Lonand to Dive Ghat Km 166.400 to Km 220.900 of Mohol Alandi section of NH-965 Pkg - V,2026-04,0.22844854851288848,0
619210,Dharampuri-Lonand from km. 117.00 to 166.40 Pkg-IV on Mohol-Alandi Section,2026-04,0.24849791615455005,0
619210,Dharampuri-Lonand from km. 117.00 to 166.40 Pkg-IV on Mohol-Alandi Section,2026-05,0.17181042388029527,0
619210,Dharampuri-Lonand from km. 117.00 to 166.40 Pkg-IV on Mohol-Alandi Section,2026-06,0.4343867747410576,0
619211,6L of MH/KN Border Nimbal Village to KN/TS Border Singnodi Village from Km. 97.000 to Km. 162.500 in Yadgir of NH-150C Pkg-III,2026-04,0.2611119432631323,0
619211,6L of MH/KN Border Nimbal Village to KN/TS Border Singnodi Village from Km. 97.000 to Km. 162.500 in Yadgir of NH-150C Pkg-III,2026-05,0.1623086257260006,0
619211,6L of MH/KN Border Nimbal Village to KN/TS Border Singnodi Village from Km. 97.000 to Km. 162.500 in Yadgir of NH-150C Pkg-III,2026-06,0.27089550081992236,0
619212,6L Access Controlled Greenfield Highway of Julekal village to Dinnedevarapadu village from Km 242.200 to Km 280.400 Pkg-2,2026-04,0.30599626304488037,0
619212,6L Access Controlled Greenfield Highway of Julekal village to Dinnedevarapadu village from Km 242.200 to Km 280.400 Pkg-2,2026-05,0.16149332223748167,0
619212,6L Access Controlled Greenfield Highway of Julekal village to Dinnedevarapadu village from Km 242.200 to Km 280.400 Pkg-2,2026-06,0.21682188601386462,0
619213,6L of Hatibena - Badakumari Section from Km 146.50 to km 179.00 of NH-130-CD Package OD-2,2026-04,0.20205754824164443,0
619213,6L of Hatibena - Badakumari Section from Km 146.50 to km 179.00 of NH-130-CD Package OD-2,2026-05,0.185032942195148,0
619213,6L of Hatibena - Badakumari Section from Km 146.50 to km 179.00 of NH-130-CD Package OD-2,2026-06,0.31848364266795376,0
619214,4L of Channarayapatna Bypass and Hassan Bypass with structures in Devihalli - Hassan section,2026-04,0.27653648386459656,0
619214,4L of Channarayapatna Bypass and Hassan Bypass with structures in Devihalli - Hassan section,2026-05,0.23758546932737667,0
619214,4L of Channarayapatna Bypass and Hassan Bypass with structures in Devihalli - Hassan section,2026-06,0.3441807682755098,0
619215,Cuttack-Angul Section of NH-42 New NH-55 from Km.60.200 to Km. 112.000 Pkg-II in the State of Odisha,2026-04,0.16876079690705367,0
619215,Cuttack-Angul Section of NH-42 New NH-55 from Km.60.200 to Km. 112.000 Pkg-II in the State of Odisha,2026-05,0.13962537401279326,0
619215,Cuttack-Angul Section of NH-42 New NH-55 from Km.60.200 to Km. 112.000 Pkg-II in the State of Odisha,2026-06,0.34694772234561805,0
619216,6L access Controlled Greenfield Highway from Adhoya Musalmana to Sadopur section of Shamli -Ambala Package-III Design Ch. Form km 84.400 to km 121.786,2026-04,0.24867092460861112,0
619216,6L access Controlled Greenfield Highway from Adhoya Musalmana to Sadopur section of Shamli -Ambala Package-III Design Ch. Form km 84.400 to km 121.786,2026-05,0.19495689758276288,0
619216,6L access Controlled Greenfield Highway from Adhoya Musalmana to Sadopur section of Shamli -Ambala Package-III Design Ch. Form km 84.400 to km 121.786,2026-06,0.21262373944388088,0
619217,4L of Haridwar-Nagina section from km. 0.00 to km. 71.614 of NH-74,2026-04,0.22766622195504518,0
619217,4L of Haridwar-Nagina section from km. 0.00 to km. 71.614 of NH-74,2026-05,0.14803013128230438,0
619217,4L of Haridwar-Nagina section from km. 0.00 to km. 71.614 of NH-74,2026-06,0.3347850645550968,0
619218,4L Tumkur-Shimoga Pkg-I from Mallasandra to Karadi village of NH-206 from Km. 12.300 to Km. 65.195,2026-04,0.15931023569704675,0
619218,4L Tumkur-Shimoga Pkg-I from Mallasandra to Karadi village of NH-206 from Km. 12.300 to Km. 65.195,2026-05,0.15540310711706418,0
619218,4L Tumkur-Shimoga Pkg-I from Mallasandra to Karadi village of NH-206 from Km. 12.300 to Km. 65.195,2026-06,0.3495251654791596,0
619219,4L of Tumkur-Shimoga Pkg-II from Km 65.195 Karadi to Km 121.900 Banawara of NH-206,2026-04,0.16441877908864697,0
619219,4L of Tumkur-Shimoga Pkg-II from Km 65.195 Karadi to Km 121.900 Banawara of NH-206,2026-05,0.10246727740022661,0
619219,4L of Tumkur-Shimoga Pkg-II from Km 65.195 Karadi to Km 121.900 Banawara of NH-206,2026-06,0.345016699355271,0
619220,Tumkur-Shimoga Pkg-III from Km 121.900 Banawara to Km 170.415 Bettadahalli of Old NH-206,2026-04,0.17612457082530392,0
619220,Tumkur-Shimoga Pkg-III from Km 121.900 Banawara to Km 170.415 Bettadahalli of Old NH-206,2026-05,0.10667347226177498,0
619220,Tumkur-Shimoga Pkg-III from Km 121.900 Banawara to Km 170.415 Bettadahalli of Old NH-206,2026-06,0.21307746733871472,0
619222,"Balance works of four lane from km 43.950 Thiruvallur Bypass to km 61.470 Veppampattu Bypass passing through Thannerkulam, Thozur and Sevapet Bypass 17.520 kms of Tirupathi- Tiruttani- Chennai section of NH 205",2026-04,0.17378199942507025,0
619222,"Balance works of four lane from km 43.950 Thiruvallur Bypass to km 61.470 Veppampattu Bypass passing through Thannerkulam, Thozur and Sevapet Bypass 17.520 kms of Tirupathi- Tiruttani- Chennai section of NH 205",2026-05,0.1603213264063431,0
619222,"Balance works of four lane from km 43.950 Thiruvallur Bypass to km 61.470 Veppampattu Bypass passing through Thannerkulam, Thozur and Sevapet Bypass 17.520 kms of Tirupathi- Tiruttani- Chennai section of NH 205",2026-06,0.2872545672171154,0
619223,Petro Resid Fluidized Catalytic Cracking [PRFCC] Unit and its associated facilities at Mumbai Refinery,2026-04,0.1673984324476518,0
619223,Petro Resid Fluidized Catalytic Cracking [PRFCC] Unit and its associated facilities at Mumbai Refinery,2026-05,0.07250678390215719,0
619223,Petro Resid Fluidized Catalytic Cracking [PRFCC] Unit and its associated facilities at Mumbai Refinery,2026-06,0.09782165504255701,0
619224,Augmentation of DUPL-DPPL Pipeline,2026-04,0.1814855237665936,0
619224,Augmentation of DUPL-DPPL Pipeline,2026-05,0.05749709112848786,0
619224,Augmentation of DUPL-DPPL Pipeline,2026-06,0.07904856718796101,0
619225,Installation of Compression facility at GAIL Usar,2026-04,0.2636095104509152,0
619225,Installation of Compression facility at GAIL Usar,2026-05,0.13242773467469784,0
619225,Installation of Compression facility at GAIL Usar,2026-06,0.16315984658617125,0
619226,Provision of four bitumen tanks with capacity of 5 TMT each at Visakh Refinery,2026-04,0.1554798402968283,0
619226,Provision of four bitumen tanks with capacity of 5 TMT each at Visakh Refinery,2026-05,0.04481527636135983,0
619226,Provision of four bitumen tanks with capacity of 5 TMT each at Visakh Refinery,2026-06,0.06748210768025847,0
619227,Network Expansion Scheme in Maharashtra for removal of Transmission constraints in Pune Region-I [765/400kV AIS Pune East],2026-04,0.18140716918898592,0
619227,Network Expansion Scheme in Maharashtra for removal of Transmission constraints in Pune Region-I [765/400kV AIS Pune East],2026-05,0.04938188486619397,0
619227,Network Expansion Scheme in Maharashtra for removal of Transmission constraints in Pune Region-I [765/400kV AIS Pune East],2026-06,0.09372522038379211,0
619228,Transmission System Strengthening for integration of additional RE Potential at Davanagere [0.25 GW] and Bellary [2.75 GW],2026-04,0.1779268931563808,0
619228,Transmission System Strengthening for integration of additional RE Potential at Davanagere [0.25 GW] and Bellary [2.75 GW],2026-05,0.06237951234210839,0
619228,Transmission System Strengthening for integration of additional RE Potential at Davanagere [0.25 GW] and Bellary [2.75 GW],2026-06,0.09516699870645894,0
619229,"Integrated development of Outer Container Terminal and berth No. 1 though 5 NSD at KDS, SMPK on DBFOT basis through PPP mode",2026-05,0.1951088380265608,0
619248,"lmprovement and Widening to 2-lane with Paved Shoulder of NH-13 & 15 Old NH-52 from Existing Km 745.60 Design Km 0.000 to Existing km 770.600 Design Km 24.819 Brahmakund T-junction to Kamlang T-Junction, Existing Length 25.00 Km, Design Length 24.819 Km in the state of Arunachal Pradesh on EPC mode Pkg-1",2026-06,0.18129064573149448,0
619251,Construction of two lane with paved shoulder of Ghatol Bypass from km 133.250 to km 140.950 of NH-56 old NH No. 113 on EPC mode in the State of Rajasthan.,2026-04,0.17329646251624686,0
619251,Construction of two lane with paved shoulder of Ghatol Bypass from km 133.250 to km 140.950 of NH-56 old NH No. 113 on EPC mode in the State of Rajasthan.,2026-05,0.07740798545618334,0
619251,Construction of two lane with paved shoulder of Ghatol Bypass from km 133.250 to km 140.950 of NH-56 old NH No. 113 on EPC mode in the State of Rajasthan.,2026-06,0.11700697128356112,0
619253,Construction of 4 lane Bypass to Nalgonda Town lrorn Km 000 Existing Ch. 181590 to Km 14.00 Existing Ch. 28/685 ol Nakrekal to Nagarjunsagar Section of NH -565 in the State of Telangara on EPC under Annual Plan 2024 -25,2026-04,0.2563144048452802,0
619253,Construction of 4 lane Bypass to Nalgonda Town lrorn Km 000 Existing Ch. 181590 to Km 14.00 Existing Ch. 28/685 ol Nakrekal to Nagarjunsagar Section of NH -565 in the State of Telangara on EPC under Annual Plan 2024 -25,2026-05,0.07695820147071226,0
619253,Construction of 4 lane Bypass to Nalgonda Town lrorn Km 000 Existing Ch. 181590 to Km 14.00 Existing Ch. 28/685 ol Nakrekal to Nagarjunsagar Section of NH -565 in the State of Telangara on EPC under Annual Plan 2024 -25,2026-06,0.10685730206296853,0
619270,"Upgradation of 6 laned Jaipur- Kishangarh section of NH-48 from km 274100 to 363885 involving construction of flyovers and Service road in Rajasthan On Engineering, Procurement & Construction EPC Mode",2026-06,0.18074919784580495,0
619271,Construction of Elevated Corridor at Kherwara Town on Udaipur Ratanpur Shamlaji Section of NH-48 in Udaipur District in the State of Rajasthan on EPC mode,2026-06,0.18364991158240918,0
619289,4L of Munger Mirzachauki section from Munger to Kharia village junction from Km 69520 to Km 95580 Pkg-1,2026-04,0.3144752849113105,0
619289,4L of Munger Mirzachauki section from Munger to Kharia village junction from Km 69520 to Km 95580 Pkg-1,2026-05,0.2439894156434051,0
619289,4L of Munger Mirzachauki section from Munger to Kharia village junction from Km 69520 to Km 95580 Pkg-1,2026-06,0.27236439004770474,0
619291,4L Poanta SahebMednipur from Km. 435.65 to km. 458.65 of NH-07Pkg-1,2026-04,0.18613755119616773,0
619291,4L Poanta SahebMednipur from Km. 435.65 to km. 458.65 of NH-07Pkg-1,2026-05,0.15268449419827437,0
619292,4L Medinipur to Ballupur from Km. 458.65 to Km. 487.65 of NH-07Pkg-2,2026-04,0.18665098738078267,0
619292,4L Medinipur to Ballupur from Km. 458.65 to Km. 487.65 of NH-07Pkg-2,2026-05,0.16289060080125212,0
619292,4L Medinipur to Ballupur from Km. 458.65 to Km. 487.65 of NH-07Pkg-2,2026-06,0.17021181633768576,0
619293,Construction of 4 Lane Access Controlled Bypass for Dehradun on NH307 from Design Chainage km 0050 Jhajra on NH-07 to Design Chainage km 12220 Asharori on EPC Mode in the State of Uttarakhand under NHO,2026-04,0.22533059344699458,0
619293,Construction of 4 Lane Access Controlled Bypass for Dehradun on NH307 from Design Chainage km 0050 Jhajra on NH-07 to Design Chainage km 12220 Asharori on EPC Mode in the State of Uttarakhand under NHO,2026-05,0.14477568094939455,0
619293,Construction of 4 Lane Access Controlled Bypass for Dehradun on NH307 from Design Chainage km 0050 Jhajra on NH-07 to Design Chainage km 12220 Asharori on EPC Mode in the State of Uttarakhand under NHO,2026-06,0.1519284418861522,0
619294,Road Safety Improvement of existing four lane section of Dehradun-Lal Tappar-Nepali Farm Section of NH-7 and Nepali Farm-Motichur NH-34 on EPC Mode in Uttarakhand under NHO.,2026-04,0.19566847614834829,0
619294,Road Safety Improvement of existing four lane section of Dehradun-Lal Tappar-Nepali Farm Section of NH-7 and Nepali Farm-Motichur NH-34 on EPC Mode in Uttarakhand under NHO.,2026-05,0.07991453739329339,0
619294,Road Safety Improvement of existing four lane section of Dehradun-Lal Tappar-Nepali Farm Section of NH-7 and Nepali Farm-Motichur NH-34 on EPC Mode in Uttarakhand under NHO.,2026-06,0.09571514124509181,0
619295,Four/Six laning of Bhaniyawala-Jollygrant-Rishikesh spur section of NH-07 from Km. 0.000 to Km 19.780,2026-04,0.20517299711802853,0
619295,Four/Six laning of Bhaniyawala-Jollygrant-Rishikesh spur section of NH-07 from Km. 0.000 to Km 19.780,2026-05,0.07788416204423262,0
619295,Four/Six laning of Bhaniyawala-Jollygrant-Rishikesh spur section of NH-07 from Km. 0.000 to Km 19.780,2026-06,0.11047658514498954,0
619298,Construction of 6 Lane Elevated corridor from KM 612582 to KM 617540 including construction of Service Roads in Kolhapur City on NH -48 in the State of Maharashtra on EPC mode under NHO,2026-06,0.1908441555736737,0
619299,Construction of a 6-Lane Elevated Corridor from Km 593766 to Km 596620 Including Construction of Service Roads in Kagal City on NH-48 in the State of Maharashtra on EPC Mode.,2026-06,0.22044572275838795,0
619300,Construction of Four Lane Nagpur-Katol section of NH-353J including Mitigation Structures from Design Ch. 37000 to Ch. 45990 Tiger Corridor-I Mitigation Structures from Design Ch. 37000 to Ch. 45990 Tiger Corridor-I in the State of Maharashtra on EPC Mode,2026-06,0.219258824845029,0
619301,Construction of Approach Road to Rail-cum- Road Bridge across river Ganga at Munger Ghat NH-333 B,2026-04,0.19709067679775105,0
619301,Construction of Approach Road to Rail-cum- Road Bridge across river Ganga at Munger Ghat NH-333 B,2026-05,0.16643834383612435,0
619301,Construction of Approach Road to Rail-cum- Road Bridge across river Ganga at Munger Ghat NH-333 B,2026-06,0.3044713871241644,0
619305,4L of Munger Mirzachauki section from start of existing Bhagalpur bypass to Rasulpur from Km 125000 to Km 157350 Pkg-3,2026-04,0.3289515555414095,0
619305,4L of Munger Mirzachauki section from start of existing Bhagalpur bypass to Rasulpur from Km 125000 to Km 157350 Pkg-3,2026-05,0.2016176867110589,0
619305,4L of Munger Mirzachauki section from start of existing Bhagalpur bypass to Rasulpur from Km 125000 to Km 157350 Pkg-3,2026-06,0.2694031788474432,0
619306,4L of Munger Mirzachauki section from Km 95580 to Km 125000 Pkg-2,2026-04,0.22636536081011138,0
619306,4L of Munger Mirzachauki section from Km 95580 to Km 125000 Pkg-2,2026-05,0.1813020015762805,0
619306,4L of Munger Mirzachauki section from Km 95580 to Km 125000 Pkg-2,2026-06,0.21342080441640182,0
619307,4L of Munger Mirzachauki section from Km 157350 to Km 193931 Pkg-4,2026-04,0.21949716487740417,0
619307,4L of Munger Mirzachauki section from Km 157350 to Km 193931 Pkg-4,2026-05,0.17632285737010678,0
619307,4L of Munger Mirzachauki section from Km 157350 to Km 193931 Pkg-4,2026-06,0.2231165995074601,0
619308,6L access-controlled highway from Ganeshpur tonear Mohand of Ganeshpur Dehradun section from Km.0 to Km.8.3 of NH-72A Package-1,2026-04,0.2519651751360034,0
619308,6L access-controlled highway from Ganeshpur tonear Mohand of Ganeshpur Dehradun section from Km.0 to Km.8.3 of NH-72A Package-1,2026-05,0.25204907693301615,0
619308,6L access-controlled highway from Ganeshpur tonear Mohand of Ganeshpur Dehradun section from Km.0 to Km.8.3 of NH-72A Package-1,2026-06,0.285721732520866,0
619311,Kalai-II Hydro Electric Project [1200 MW],2026-04,0.22899290167783037,0
619311,Kalai-II Hydro Electric Project [1200 MW],2026-05,0.10425927906027901,0
619311,Kalai-II Hydro Electric Project [1200 MW],2026-06,0.13972923503567058,0
619312,Bulk Loading Hub- Kanpur,2026-04,0.21124625322324672,0
619312,Bulk Loading Hub- Kanpur,2026-05,0.11308350032040794,0
619312,Bulk Loading Hub- Kanpur,2026-06,0.10808117048352268,0
619313,Setting up of 50 MW [plus/minus 5 percent] Wind Power Plant for Captive Consumption at MR,2026-04,0.2816271025933299,0
619313,Setting up of 50 MW [plus/minus 5 percent] Wind Power Plant for Captive Consumption at MR,2026-05,0.15379515383140238,0
619313,Setting up of 50 MW [plus/minus 5 percent] Wind Power Plant for Captive Consumption at MR,2026-06,0.16351294683750342,0
619314,Pipeline Replacement Project- PRP-IX,2026-04,0.20848631736168002,0
619314,Pipeline Replacement Project- PRP-IX,2026-05,0.09712988675236654,0
619314,Pipeline Replacement Project- PRP-IX,2026-06,0.16022223340412486,0
619316,"Group Gathering Station, Lakwagaon",2026-04,0.17336836209566517,0
619316,"Group Gathering Station, Lakwagaon",2026-05,0.04875266374674452,0
619316,"Group Gathering Station, Lakwagaon",2026-06,0.07834605931150965,0
619317,4L of Hajipur-Muzaffarpur Section of the existing NH-77 from Km. 0000 Ramashish Chowk to Km. 46300 and new bypass starting at Km. 46300 and connecting NH-28 of E-W Corridor at Km. 515045,2026-04,0.18527435877153653,0
619317,4L of Hajipur-Muzaffarpur Section of the existing NH-77 from Km. 0000 Ramashish Chowk to Km. 46300 and new bypass starting at Km. 46300 and connecting NH-28 of E-W Corridor at Km. 515045,2026-05,0.22059375848294044,0
619317,4L of Hajipur-Muzaffarpur Section of the existing NH-77 from Km. 0000 Ramashish Chowk to Km. 46300 and new bypass starting at Km. 46300 and connecting NH-28 of E-W Corridor at Km. 515045,2026-06,0.28352309344600096,0
619318,4/6L Greenfield Ludhiana Rupnagar highway from Jn. with NE-5 village near to ManewalLudhiana to Jn. with NH-205 near Bheora Village Rupnagar from Km. 0.00 to Km. 37.7 including spur to Kharar with Ludhiana bypass of NH-205K Pkg-1,2026-04,0.2584512977681769,0
619318,4/6L Greenfield Ludhiana Rupnagar highway from Jn. with NE-5 village near to ManewalLudhiana to Jn. with NH-205 near Bheora Village Rupnagar from Km. 0.00 to Km. 37.7 including spur to Kharar with Ludhiana bypass of NH-205K Pkg-1,2026-05,0.13137786746378205,0
619318,4/6L Greenfield Ludhiana Rupnagar highway from Jn. with NE-5 village near to ManewalLudhiana to Jn. with NH-205 near Bheora Village Rupnagar from Km. 0.00 to Km. 37.7 including spur to Kharar with Ludhiana bypass of NH-205K Pkg-1,2026-06,0.20149241064387216,0
619320,Muzaffarpur - Sonbarsa Section of NH-77 from km 2.800 to km 89.000,2026-04,0.2121462509969214,0
619321,Balance work of widening to two laning/re-alignment and geometric improvement from Km. 11000 to Km. 114618 with rectification of damaged stretches and provision of protection works in vulnerable location of NH-44 in the State of Mizoram.,2026-05,0.16015202501993334,0
619321,Balance work of widening to two laning/re-alignment and geometric improvement from Km. 11000 to Km. 114618 with rectification of damaged stretches and provision of protection works in vulnerable location of NH-44 in the State of Mizoram.,2026-06,0.08424778614218117,0
619326,Nidadavolu-Duvvada 3rd & 4th Lines,2026-05,0.14548162275140616,0
619328,ONGC-BP Redevelopment Phase-1 Scheme of Mumbai High Field,2026-05,0.25029130704146707,0
619328,ONGC-BP Redevelopment Phase-1 Scheme of Mumbai High Field,2026-06,0.18044807565641746,0
619341,"Telangana Super Thermal Power Project , Stage-II [3 x 800 MW]",2026-05,0.2026818870548554,0
619341,"Telangana Super Thermal Power Project , Stage-II [3 x 800 MW]",2026-06,0.13692477034663295,0
619347,Balance Work Estimate of Rehabilitation and Up-gradation of NH- 43 from Km. 468.600 to Km. 531.250 Pathalgaon to kunkuri Section to two-lane with paved shoulder in the State of Chhattisgarh on SBD mode under NHO under Annual plan 2025-26,2026-06,0.17391170977766357,0
701101,"Construction of New Domestic Terminal Building [Phase-I and II] and other allied structures at JPNI Airport, Patna",2026-04,0.3828355060893219,0
701101,"Construction of New Domestic Terminal Building [Phase-I and II] and other allied structures at JPNI Airport, Patna",2026-05,0.3653624104774532,0
701101,"Construction of New Domestic Terminal Building [Phase-I and II] and other allied structures at JPNI Airport, Patna",2026-06,0.33147538279853567,0
701105,Goa Airport Terminal Building Extension Project,2026-04,0.20295523046011962,0
701107,Construction of New Integrated Terminal Building and associated works including apron to park 3 code E type of aircraft or 6 code C type of aircraft at Vijayawada Airport.,2026-04,0.24013146919836384,0
701107,Construction of New Integrated Terminal Building and associated works including apron to park 3 code E type of aircraft or 6 code C type of aircraft at Vijayawada Airport.,2026-05,0.24459523004555786,0
701107,Construction of New Integrated Terminal Building and associated works including apron to park 3 code E type of aircraft or 6 code C type of aircraft at Vijayawada Airport.,2026-06,0.2373249530617935,0
701113,"Development of Lal Bahadur Shastri International airport, Varanasi including C/o New Terminal Building, Apron Extension, Runway Extension, PTT and allied works.",2026-04,0.22001899252130888,0
701113,"Development of Lal Bahadur Shastri International airport, Varanasi including C/o New Terminal Building, Apron Extension, Runway Extension, PTT and allied works.",2026-05,0.1033333148232707,0
701113,"Development of Lal Bahadur Shastri International airport, Varanasi including C/o New Terminal Building, Apron Extension, Runway Extension, PTT and allied works.",2026-06,0.13348137395918194,0
701121,Construction of New Domestic Terminal Building at Rajahmundry Airport.,2026-04,0.1406750237437504,0
701121,Construction of New Domestic Terminal Building at Rajahmundry Airport.,2026-05,0.11694427494042567,0
701121,Construction of New Domestic Terminal Building at Rajahmundry Airport.,2026-06,0.09904220768864624,0
701122,Development of New Integrated Civil Enclave at Agra Airport,2026-04,0.240593273084662,0
701122,Development of New Integrated Civil Enclave at Agra Airport,2026-05,0.15120999746192956,0
701122,Development of New Integrated Civil Enclave at Agra Airport,2026-06,0.1676509021584161,0
701126,"Development of Dholera International Greenfield Airport , Gujarat",2026-04,0.2360792782535751,0
701126,"Development of Dholera International Greenfield Airport , Gujarat",2026-05,0.19055897789323573,0
701126,"Development of Dholera International Greenfield Airport , Gujarat",2026-06,0.1855228598072312,0
701127,Construction of New Passenger Terminal Building for Domestic Operations at Jodhpur Airport.,2026-04,0.1541759543400101,0
701127,Construction of New Passenger Terminal Building for Domestic Operations at Jodhpur Airport.,2026-05,0.11334674549062754,0
701127,Construction of New Passenger Terminal Building for Domestic Operations at Jodhpur Airport.,2026-06,0.1068291838363515,0
701128,Construction of New Integrated Passenger Terminal Building at Udaipur Airport,2026-04,0.21566037752590161,0
701128,Construction of New Integrated Passenger Terminal Building at Udaipur Airport,2026-05,0.11807811962151542,0
701128,Construction of New Integrated Passenger Terminal Building at Udaipur Airport,2026-06,0.14311329753237265,0
701167,AIIMS Kashmir at Awantipora Jammu & Kashmir,2026-04,0.5130724161679554,1
701167,AIIMS Kashmir at Awantipora Jammu & Kashmir,2026-05,0.4210566145111529,0
701167,AIIMS Kashmir at Awantipora Jammu & Kashmir,2026-06,0.44079182569170683,0
701168,ALL India Institute of Medical Sciences-AIIMS Madurai,2026-04,0.3658428925069839,0
701168,ALL India Institute of Medical Sciences-AIIMS Madurai,2026-05,0.23452737926512243,0
701168,ALL India Institute of Medical Sciences-AIIMS Madurai,2026-06,0.26861496562745474,0
701170,AIIMS Rajkot,2026-04,0.3423483087112353,0
701170,AIIMS Rajkot,2026-05,0.23127827870113635,0
701170,AIIMS Rajkot,2026-06,0.26301838279820694,0
701171,AIIMS Bibinagar,2026-04,0.31350230398490114,0
701171,AIIMS Bibinagar,2026-05,0.2920285229070237,0
701171,AIIMS Bibinagar,2026-06,0.30202692404138487,0
701172,AIIMS Darbhanga,2026-04,0.25434823487895125,0
701172,AIIMS Darbhanga,2026-05,0.2139987050228548,0
701172,AIIMS Darbhanga,2026-06,0.1988902565758384,0
701173,AIIMS Majra Rewari Haryana,2026-04,0.5386272966293983,1
701173,AIIMS Majra Rewari Haryana,2026-05,0.28120541360928236,0
701173,AIIMS Majra Rewari Haryana,2026-06,0.32362083398821034,0
701228,Kochi - Koottanad - Bangalore - Mangalore Pipeline Phase-II,2026-04,0.3873058841506336,0
701228,Kochi - Koottanad - Bangalore - Mangalore Pipeline Phase-II,2026-05,0.42767753909416095,0
701228,Kochi - Koottanad - Bangalore - Mangalore Pipeline Phase-II,2026-06,0.4288885859286839,0
701263,Rajasthan Refinery Project,2026-04,0.4340069649221211,0
701289,Capacity Expansion of Panipat Refinery from 15 to 25 MMTPA,2026-04,0.2719063366472695,0
701289,Capacity Expansion of Panipat Refinery from 15 to 25 MMTPA,2026-05,0.2399392301861476,0
701289,Capacity Expansion of Panipat Refinery from 15 to 25 MMTPA,2026-06,0.2969994720057903,0
701324,Barauni Refinery Capacity Expansion from 6.0 to 9.0 MMTPA,2026-04,0.2796361616910253,0
701324,Barauni Refinery Capacity Expansion from 6.0 to 9.0 MMTPA,2026-05,0.3492032957864085,0
701324,Barauni Refinery Capacity Expansion from 6.0 to 9.0 MMTPA,2026-06,0.3401709680943837,0
701329,Petrochemical and Lube Integration Project at Gujarat Refinery,2026-04,0.24074386034762468,0
701329,Petrochemical and Lube Integration Project at Gujarat Refinery,2026-05,0.3849902920896305,0
701329,Petrochemical and Lube Integration Project at Gujarat Refinery,2026-06,0.36561645329437564,0
701330,Mehsana-Bhatinda & Bhatinda-Jammu Natural Gas Pipeline,2026-04,0.4936018967251426,0
701330,Mehsana-Bhatinda & Bhatinda-Jammu Natural Gas Pipeline,2026-05,0.5032188242222566,1
701330,Mehsana-Bhatinda & Bhatinda-Jammu Natural Gas Pipeline,2026-06,0.5014180745671833,1
701338,City Gas Distribution Maharashtra Natural Gas Limited,2026-04,0.5119638749171829,1
701338,City Gas Distribution Maharashtra Natural Gas Limited,2026-05,0.4094953550947915,0
701338,City Gas Distribution Maharashtra Natural Gas Limited,2026-06,0.4329808802951383,0
701343,Srikakulam Angul Gas Pipeline Project,2026-04,0.32627039988751305,0
701343,Srikakulam Angul Gas Pipeline Project,2026-05,0.3461832319927833,0
701344,Dhamra Haldia Pipeline Project,2026-04,0.2715435797897448,0
701344,Dhamra Haldia Pipeline Project,2026-05,0.3073368005227737,0
701344,Dhamra Haldia Pipeline Project,2026-06,0.30468336066869367,0
701346,North East Gas Grid,2026-04,0.27226725182427186,0
701346,North East Gas Grid,2026-05,0.27210509615767486,0
701346,North East Gas Grid,2026-06,0.2660384558784608,0
701349,Paradip-Numaligarh Crude Oil Pipeline [PNCPL] & Crude Oil Import Terminal [COIT] at Paradip,2026-04,0.36471729282347204,0
701349,Paradip-Numaligarh Crude Oil Pipeline [PNCPL] & Crude Oil Import Terminal [COIT] at Paradip,2026-05,0.41153854645460086,0
701349,Paradip-Numaligarh Crude Oil Pipeline [PNCPL] & Crude Oil Import Terminal [COIT] at Paradip,2026-06,0.4047818918906148,0
701370,Borolia Irrigation Project,2026-04,0.3804630199293214,0
701370,Borolia Irrigation Project,2026-05,0.2339098445866766,0
701370,Borolia Irrigation Project,2026-06,0.26817168817768083,0
701372,Sardar Sarovar Project,2026-04,0.4230827396552895,0
701372,Sardar Sarovar Project,2026-05,0.425909950153143,0
701372,Sardar Sarovar Project,2026-06,0.4031556094238613,0
701376,"Subernarekha Multipurpose Project, Jharkhand",2026-04,0.6060158401881024,1
701376,"Subernarekha Multipurpose Project, Jharkhand",2026-05,0.536710588793616,1
701376,"Subernarekha Multipurpose Project, Jharkhand",2026-06,0.5142098447555116,1
701377,Upper Tunga Irrigation Project,2026-04,0.3996652786012438,0
701377,Upper Tunga Irrigation Project,2026-05,0.3261327146386815,0
701377,Upper Tunga Irrigation Project,2026-06,0.34337365948929116,0
701383,Waghur Project,2026-04,0.49756594577769514,0
701383,Waghur Project,2026-05,0.4347571253051393,0
701383,Waghur Project,2026-06,0.4224443798029398,0
701386,Gosikhurd Project,2026-04,0.5375923391450864,1
701386,Gosikhurd Project,2026-05,0.49689315933200373,0
701386,Gosikhurd Project,2026-06,0.49701320109250957,0
701391,Aruna Medium Irrigation Project,2026-04,0.4321180130266773,0
701391,Aruna Medium Irrigation Project,2026-05,0.34200952858660205,0
701391,Aruna Medium Irrigation Project,2026-06,0.34102050206715034,0
701395,Morna [Gureghar] Irrigation Project,2026-04,0.39415412923234644,0
701395,Morna [Gureghar] Irrigation Project,2026-05,0.24728882630499147,0
701396,Lower Pedhi Project,2026-04,0.4512085221452575,0
701396,Lower Pedhi Project,2026-05,0.35448498911009146,0
701396,Lower Pedhi Project,2026-06,0.41215013279721335,0
701398,Nardave Medium Irrigation Project,2026-04,0.4152500055646174,0
701398,Nardave Medium Irrigation Project,2026-05,0.34316817440312547,0
701398,Nardave Medium Irrigation Project,2026-06,0.3310760053696292,0
701399,Kudali Irrigation Project,2026-04,0.3590793767240438,0
701399,Kudali Irrigation Project,2026-05,0.23788340441185118,0
701399,Kudali Irrigation Project,2026-06,0.26312740729270445,0
701400,Thoubal Multipurpose Project,2026-04,0.41446059332657076,0
701400,Thoubal Multipurpose Project,2026-05,0.35886829697540357,0
701400,Thoubal Multipurpose Project,2026-06,0.3556374597326077,0
701402,"Subernarekha Project, Odisha",2026-04,0.48396934586651214,0
701402,"Subernarekha Project, Odisha",2026-05,0.5043362356666948,1
701402,"Subernarekha Project, Odisha",2026-06,0.46298213687785034,0
701404,Kanupur Irrigation Project,2026-04,0.480167829212043,0
701404,Kanupur Irrigation Project,2026-05,0.39474238888539903,0
701404,Kanupur Irrigation Project,2026-06,0.41458425099032997,0
701405,J. Chokka Rao Devadula Lift Irrigation Scheme,2026-04,0.4146566271584668,0
701405,J. Chokka Rao Devadula Lift Irrigation Scheme,2026-05,0.32973473707720263,0
701405,J. Chokka Rao Devadula Lift Irrigation Scheme,2026-06,0.3885962751555778,0
701406,Rajiv Bhima Lift Irrigation Scheme,2026-04,0.4417680200574992,0
701406,Rajiv Bhima Lift Irrigation Scheme,2026-05,0.3746633519477686,0
701408,Madhya Ganga canal Phase-II,2026-04,0.43133629812807084,0
701408,Madhya Ganga canal Phase-II,2026-05,0.3377058552983952,0
701408,Madhya Ganga canal Phase-II,2026-06,0.35477030171865237,0
701410,Relining of Rajasthan feeder and Sirhind Feeder canal,2026-04,0.36667439795161794,0
701410,Relining of Rajasthan feeder and Sirhind Feeder canal,2026-05,0.40299033027738657,0
701410,Relining of Rajasthan feeder and Sirhind Feeder canal,2026-06,0.42465726913553486,0
701411,Shahpur Kandi Dam Project,2026-04,0.3598231169356755,0
701411,Shahpur Kandi Dam Project,2026-05,0.3865809609693062,0
701411,Shahpur Kandi Dam Project,2026-06,0.37578606689364186,0
701412,North Koel Reservoir Project,2026-04,0.33321738905999143,0
701412,North Koel Reservoir Project,2026-05,0.27133296172555965,0
701412,North Koel Reservoir Project,2026-06,0.24328690921274704,0
701415,Polavaram Irrigation Project,2026-04,0.442782747404621,0
701415,Polavaram Irrigation Project,2026-05,0.42974306457934014,0
701415,Polavaram Irrigation Project,2026-06,0.4423792637071306,0
701530,Ken-Betwa Linking Development Project,2026-04,0.4427526162715439,0
701530,Ken-Betwa Linking Development Project,2026-05,0.22742016100280557,0
701530,Ken-Betwa Linking Development Project,2026-06,0.2865457286001913,0
701565,Jal Marg Vikas Project,2026-04,0.4603459310191813,0
701565,Jal Marg Vikas Project,2026-05,0.3156479294542943,0
701565,Jal Marg Vikas Project,2026-06,0.36829407096926065,0
701570,"Replacement and revamping of pipeline projects in oil jetty area, Kandla",2026-04,0.20703769298110306,0
701570,"Replacement and revamping of pipeline projects in oil jetty area, Kandla",2026-05,0.20538385539002657,0
701570,"Replacement and revamping of pipeline projects in oil jetty area, Kandla",2026-06,0.1854734470021498,0
701574,Deepening and Optimization of Inner Harbour facilities including development of Western Dock on BOT basis to handle Cape size vessels,2026-04,0.30234404194887005,0
701574,Deepening and Optimization of Inner Harbour facilities including development of Western Dock on BOT basis to handle Cape size vessels,2026-05,0.2155431010415153,0
701574,Deepening and Optimization of Inner Harbour facilities including development of Western Dock on BOT basis to handle Cape size vessels,2026-06,0.23419371240992992,0
701593,4G Services by BSNL,2026-04,0.28726585006901667,0
701593,4G Services by BSNL,2026-05,0.21601494377587707,0
701593,4G Services by BSNL,2026-06,0.28345130598242957,0
701597,Provision of 4G Mobile Services in Uncovered Villages of Arunachal Pradesh and 2 Districts of Assam,2026-04,0.2503906760157899,0
701597,Provision of 4G Mobile Services in Uncovered Villages of Arunachal Pradesh and 2 Districts of Assam,2026-05,0.14457813765206423,0
701597,Provision of 4G Mobile Services in Uncovered Villages of Arunachal Pradesh and 2 Districts of Assam,2026-06,0.14828915835062148,0
701598,Provision of 4G based Mobile Services in Uncovered Villages and National Highways of Meghalaya,2026-04,0.25093186686085667,0
701598,Provision of 4G based Mobile Services in Uncovered Villages and National Highways of Meghalaya,2026-05,0.16274742928631997,0
701598,Provision of 4G based Mobile Services in Uncovered Villages and National Highways of Meghalaya,2026-06,0.1760446947660078,0
701599,Mobile connectivity in Left Wing Extremism [LWE] affected areas-Phase2,2026-04,0.29346669725853647,0
701599,Mobile connectivity in Left Wing Extremism [LWE] affected areas-Phase2,2026-05,0.17528189907037756,0
701599,Mobile connectivity in Left Wing Extremism [LWE] affected areas-Phase2,2026-06,0.19462733018768444,0
701602,"Provision of 4G based mobile services in 7,287 uncovered villages of 44 Aspirational District across 5 states of Andhra Pradesh, Chhattisgarh, Jharkhand, Maharashtra & Odisha",2026-04,0.5076205200263757,1
701602,"Provision of 4G based mobile services in 7,287 uncovered villages of 44 Aspirational District across 5 states of Andhra Pradesh, Chhattisgarh, Jharkhand, Maharashtra & Odisha",2026-05,0.27466238156765016,0
701602,"Provision of 4G based mobile services in 7,287 uncovered villages of 44 Aspirational District across 5 states of Andhra Pradesh, Chhattisgarh, Jharkhand, Maharashtra & Odisha",2026-06,0.32025646334230456,0
701657,Tumakuru Node - Phase 1 - Roads and Services Development,2026-04,0.32594821136020175,0
701657,Tumakuru Node - Phase 1 - Roads and Services Development,2026-05,0.17294316584211258,0
701657,Tumakuru Node - Phase 1 - Roads and Services Development,2026-06,0.21231909642556476,0
701658,Krishnapatnam Node - Phase 1 - Roads and Services Development,2026-04,0.3326775402513443,0
701658,Krishnapatnam Node - Phase 1 - Roads and Services Development,2026-05,0.16777593669061822,0
701658,Krishnapatnam Node - Phase 1 - Roads and Services Development,2026-06,0.23609712810487377,0
701668,Development of Palakkad Node under extension of CBIC to Kochi,2026-04,0.1937326953346351,0
701668,Development of Palakkad Node under extension of CBIC to Kochi,2026-05,0.053543994429717794,0
701668,Development of Palakkad Node under extension of CBIC to Kochi,2026-06,0.08211953743950992,0
701719,Rehablitation in Junavadaj Area Smart City Project,2026-04,0.36584946836286075,0
701719,Rehablitation in Junavadaj Area Smart City Project,2026-05,0.31863062115963725,0
701719,Rehablitation in Junavadaj Area Smart City Project,2026-06,0.30695222990843357,0
701745,New Suburba Station Development Project,2026-04,0.29735473706137544,0
701745,New Suburba Station Development Project,2026-05,0.21365823200576065,0
701745,New Suburba Station Development Project,2026-06,0.23352292183871873,0
701766,Green Building Development Project,2026-04,0.29191616663816383,0
701766,Green Building Development Project,2026-05,0.2242440284288558,0
701766,Green Building Development Project,2026-06,0.24165986920375385,0
701991,Kalyan Station Precinct Imporvement Project,2026-04,0.3368738905530435,0
701991,Kalyan Station Precinct Imporvement Project,2026-05,0.29873410055652727,0
701991,Kalyan Station Precinct Imporvement Project,2026-06,0.2792708515071872,0
702625,Bhopal Metro Rail Project,2026-04,0.3904641982730764,0
702625,Bhopal Metro Rail Project,2026-05,0.2960676970389962,0
702625,Bhopal Metro Rail Project,2026-06,0.3248606062315675,0
702626,Indore Metro Rail Project,2026-04,0.3827730599144922,0
702626,Indore Metro Rail Project,2026-05,0.30631289950702995,0
702626,Indore Metro Rail Project,2026-06,0.3312821209940533,0
702627,Patna Metro Rail Project,2026-04,0.46381411998991023,0
702627,Patna Metro Rail Project,2026-05,0.25890464394180124,0
702627,Patna Metro Rail Project,2026-06,0.2819520583234913,0
702628,Kanpur Metro Rail Project,2026-04,0.3201554833196508,0
702628,Kanpur Metro Rail Project,2026-05,0.25709663282705314,0
702628,Kanpur Metro Rail Project,2026-06,0.2814527525117283,0
702629,Agra Metro Rail Project,2026-04,0.34424574291666615,0
702629,Agra Metro Rail Project,2026-05,0.25599755465956364,0
702629,Agra Metro Rail Project,2026-06,0.24137872715307537,0
702630,Surat Metro Rail Project,2026-04,0.3362834553508945,0
702630,Surat Metro Rail Project,2026-05,0.28689913575292375,0
702630,Surat Metro Rail Project,2026-06,0.3067513895603304,0
702632,DMRTS Phase - IV [3 Priority Corridors],2026-04,0.4192408723882266,0
702632,DMRTS Phase - IV [3 Priority Corridors],2026-05,0.31122652432541914,0
702632,DMRTS Phase - IV [3 Priority Corridors],2026-06,0.36352060074550835,0
702635,Construction of Bangalore Metro Rail Project Phase 2.,2026-04,0.4090436898081942,0
702635,Construction of Bangalore Metro Rail Project Phase 2.,2026-05,0.44153646794500045,0
702635,Construction of Bangalore Metro Rail Project Phase 2.,2026-06,0.4213410560818973,0
702637,Mumbai Metro Line 3,2026-04,0.4836290678658943,0
702637,Mumbai Metro Line 3,2026-05,0.44770868445924206,0
702637,Mumbai Metro Line 3,2026-06,0.41719730258559,0
702658,Nagpur Metro Rail Phase II Development Project,2026-04,0.3610881379229043,0
702658,Nagpur Metro Rail Phase II Development Project,2026-05,0.16612352989109805,0
702658,Nagpur Metro Rail Phase II Development Project,2026-06,0.23212935970277954,0
702664,Kochi Metro Rail Phase 2 Development Project,2026-04,0.3096657376461343,0
702664,Kochi Metro Rail Phase 2 Development Project,2026-05,0.13734863755657248,0
702664,Kochi Metro Rail Phase 2 Development Project,2026-06,0.18313025419745635,0
702665,Construction Bangalore Metro Rail Project Phase-2A & 2B,2026-04,0.4800328068408669,0
702665,Construction Bangalore Metro Rail Project Phase-2A & 2B,2026-05,0.3190913038289184,0
702665,Construction Bangalore Metro Rail Project Phase-2A & 2B,2026-06,0.32353300024089543,0
702668,Chennai Metro Rail Phase-II Development Project,2026-04,0.42665805089860875,0
702668,Chennai Metro Rail Phase-II Development Project,2026-05,0.2507714159530432,0
702668,Chennai Metro Rail Phase-II Development Project,2026-06,0.28174246477241527,0
702674,"ESR - 8 nos., distribution system - 216 Km, new house service connections - 38760 nos. upgrading of feeder mains, pumping station etc. - Phase II",2026-04,0.24825930351651893,0
702674,"ESR - 8 nos., distribution system - 216 Km, new house service connections - 38760 nos. upgrading of feeder mains, pumping station etc. - Phase II",2026-05,0.16469488601951307,0
702674,"ESR - 8 nos., distribution system - 216 Km, new house service connections - 38760 nos. upgrading of feeder mains, pumping station etc. - Phase II",2026-06,0.18510124695104954,0
702699,Muzaffarpur Storm Water Drainage Phase-I Project,2026-04,0.25788861226377324,0
702699,Muzaffarpur Storm Water Drainage Phase-I Project,2026-05,0.22372596762874664,0
702699,Muzaffarpur Storm Water Drainage Phase-I Project,2026-06,0.23978103944912793,0
702734,Sewerage Management Scheme Part-3 Implementation,2026-04,0.3127334185067243,0
702734,Sewerage Management Scheme Part-3 Implementation,2026-05,0.21092698069774954,0
702734,Sewerage Management Scheme Part-3 Implementation,2026-06,0.2320797483935613,0
702741,Dhanbad Water Supply Infrastructure Project,2026-04,0.382749170996899,0
702741,Dhanbad Water Supply Infrastructure Project,2026-05,0.2583829463385573,0
702741,Dhanbad Water Supply Infrastructure Project,2026-06,0.29517580218458356,0
702742,SAAP-3 Water Supply Infrastructure SAAP-3 Project,2026-04,0.41733357904922275,0
702742,SAAP-3 Water Supply Infrastructure SAAP-3 Project,2026-05,0.2779753030423338,0
702742,SAAP-3 Water Supply Infrastructure SAAP-3 Project,2026-06,0.31596340945535095,0
702746,Augmentation and Strenghthning of Urban Water Supply Phase 1 - SAAP 3,2026-04,0.3870075613026328,0
702746,Augmentation and Strenghthning of Urban Water Supply Phase 1 - SAAP 3,2026-05,0.24389837299156014,0
702746,Augmentation and Strenghthning of Urban Water Supply Phase 1 - SAAP 3,2026-06,0.28321059410201843,0
702760,Belgavi Improvement in Sewerage System Project,2026-04,0.3967178028504747,0
702760,Belgavi Improvement in Sewerage System Project,2026-05,0.22636305688465388,0
702760,Belgavi Improvement in Sewerage System Project,2026-06,0.2667230300040114,0
702793,Indore Water Supply Infrastructure Project,2026-04,0.33590475201163333,0
702793,Indore Water Supply Infrastructure Project,2026-05,0.27089326904250577,0
702793,Indore Water Supply Infrastructure Project,2026-06,0.2762782783341246,0
702808,Satna Sewerage Management and Treatment Infrastructure Project,2026-04,0.40199400425543097,0
702808,Satna Sewerage Management and Treatment Infrastructure Project,2026-05,0.3027538457160168,0
702808,Satna Sewerage Management and Treatment Infrastructure Project,2026-06,0.3097664015599156,0
702810,Singrauli Sewerage Management and Treatment Infrastructure Project,2026-04,0.36042427665996757,0
702810,Singrauli Sewerage Management and Treatment Infrastructure Project,2026-05,0.301670745651406,0
702810,Singrauli Sewerage Management and Treatment Infrastructure Project,2026-06,0.27440511810701723,0
702833,Kalyan-Dombivali Water Supply Infrastructure Project,2026-04,0.2960519070342244,0
702833,Kalyan-Dombivali Water Supply Infrastructure Project,2026-05,0.24367499866677553,0
702833,Kalyan-Dombivali Water Supply Infrastructure Project,2026-06,0.2554421906225215,0
702851,Pune Water Supply Infrastructure Project,2026-04,0.3604491193276479,0
702851,Pune Water Supply Infrastructure Project,2026-05,0.26047730573963634,0
702949,Jhansi Water Supply Infrastructure Phase-II Project,2026-04,0.26181566346964147,0
702949,Jhansi Water Supply Infrastructure Phase-II Project,2026-05,0.27321577094378463,0
702949,Jhansi Water Supply Infrastructure Phase-II Project,2026-06,0.2477142602861366,0
702958,Lucknow Sewerage Management Infrastructure Project,2026-04,0.19923995564307448,0
702958,Lucknow Sewerage Management Infrastructure Project,2026-05,0.1923562683395963,0
702958,Lucknow Sewerage Management Infrastructure Project,2026-06,0.18683975856392437,0
703021,Jalandhar Water Supply Infrastructure Project,2026-04,0.3253734759965497,0
703021,Jalandhar Water Supply Infrastructure Project,2026-05,0.2160674688014916,0
703021,Jalandhar Water Supply Infrastructure Project,2026-06,0.1749937824840369,0
703057,Patiala Water Supply Infrastructure Part-2 Project,2026-04,0.21567035793751832,0
703057,Patiala Water Supply Infrastructure Part-2 Project,2026-05,0.23477995218614814,0
703057,Patiala Water Supply Infrastructure Part-2 Project,2026-06,0.19572827850618202,0
703585,Yeshvanthpur - Channasandra Doubling Project [21.70 Km],2026-04,0.3257795549503674,0
703585,Yeshvanthpur - Channasandra Doubling Project [21.70 Km],2026-05,0.22806950273210835,0
703586,Baiyyappanahalli - Hosur Doubling Project [48 km],2026-04,0.34934146008273104,0
703586,Baiyyappanahalli - Hosur Doubling Project [48 km],2026-05,0.28509188060747076,0
703586,Baiyyappanahalli - Hosur Doubling Project [48 km],2026-06,0.2598953223046833,0
704495,"502 Aspirational District Scheme in Four states - Bihar, Madhya Pradesh, Rajastha and Uttar Pradesh",2026-04,0.23067300052808218,0
704495,"502 Aspirational District Scheme in Four states - Bihar, Madhya Pradesh, Rajastha and Uttar Pradesh",2026-05,0.1467473357800753,0
704495,"502 Aspirational District Scheme in Four states - Bihar, Madhya Pradesh, Rajastha and Uttar Pradesh",2026-06,0.2006852442429253,0
705237,Western Dedicated Freight Corridor,2026-04,0.4725786239920306,0
705237,Western Dedicated Freight Corridor,2026-05,0.4334091252896494,0
705237,Western Dedicated Freight Corridor,2026-06,0.4455878686421093,0
705244,Coach Production Factory Upgradation Project,2026-04,0.30555038749495805,0
705244,Coach Production Factory Upgradation Project,2026-05,0.21556413262479449,0
705244,Coach Production Factory Upgradation Project,2026-06,0.23989432763765325,0
705252,Kazipet Wagon Overhauling Project,2026-04,0.29747035771825864,0
705252,Kazipet Wagon Overhauling Project,2026-05,0.210070282414269,0
705253,Kurnool Coach Midlife Rehabilitation Project,2026-04,0.48922876502689006,0
705253,Kurnool Coach Midlife Rehabilitation Project,2026-05,0.38032391403258176,0
705253,Kurnool Coach Midlife Rehabilitation Project,2026-06,0.4017568785384056,0
705298,North Region Video Surveillance Project,2026-04,0.26574483111214636,0
705298,North Region Video Surveillance Project,2026-05,0.1757652782673708,0
705298,North Region Video Surveillance Project,2026-06,0.18872738113449183,0
705356,Ahmednagar - Beed - Parli - Vaijnath New Broad Gauge Line Railway Project [261.3 km],2026-04,0.6303102573446308,1
705356,Ahmednagar - Beed - Parli - Vaijnath New Broad Gauge Line Railway Project [261.3 km],2026-05,0.49383925760781683,0
705356,Ahmednagar - Beed - Parli - Vaijnath New Broad Gauge Line Railway Project [261.3 km],2026-06,0.5408440041858062,1
705357,Baramati Lonand New Line Project,2026-04,0.495917423372195,0
705357,Baramati Lonand New Line Project,2026-05,0.3808189695401065,0
705357,Baramati Lonand New Line Project,2026-06,0.40107375913440274,0
705358,Khurda-Bolangir New Broad Gauge Rail Link [301km],2026-04,0.5789050308409684,1
705358,Khurda-Bolangir New Broad Gauge Rail Link [301km],2026-05,0.5848634646335898,1
705358,Khurda-Bolangir New Broad Gauge Rail Link [301km],2026-06,0.5956618973563592,1
705359,Talcher-Bimlagarh New Railway Line,2026-04,0.5776925309568279,1
705359,Talcher-Bimlagarh New Railway Line,2026-05,0.47510632439215406,0
705359,Talcher-Bimlagarh New Railway Line,2026-06,0.4960352752989824,0
705362,"Jaynagar-Bijalpura, incl. extn. Bet, Bijalpura-Bardibas [Nepal]",2026-04,0.48680271398653713,0
705362,"Jaynagar-Bijalpura, incl. extn. Bet, Bijalpura-Bardibas [Nepal]",2026-05,0.31289970917250837,0
705364,Khagaria-Kusheshwar Asthan [42Km] new line project,2026-04,0.39776392937916055,0
705364,Khagaria-Kusheshwar Asthan [42Km] new line project,2026-05,0.25065836847454387,0
705366,Hajipur-Sagauli New line,2026-04,0.47400710702313753,0
705366,Hajipur-Sagauli New line,2026-05,0.4691954968432777,0
705366,Hajipur-Sagauli New line,2026-06,0.4738597342708482,0
705368,Araria Supaul New BG Line,2026-04,0.4696395063675087,0
705368,Araria Supaul New BG Line,2026-05,0.3718405471283779,0
705368,Araria Supaul New BG Line,2026-06,0.36634793699262147,0
705373,"Fatuha-Islampur incl. MM for extn.of NL from Neora to Daniawan , Daniawan to Biharsharif, Biharsharif to Barbigha , Barbigha to Shekhpura",2026-04,0.45791717402523263,0
705373,"Fatuha-Islampur incl. MM for extn.of NL from Neora to Daniawan , Daniawan to Biharsharif, Biharsharif to Barbigha , Barbigha to Shekhpura",2026-05,0.3761458062295338,0
705373,"Fatuha-Islampur incl. MM for extn.of NL from Neora to Daniawan , Daniawan to Biharsharif, Biharsharif to Barbigha , Barbigha to Shekhpura",2026-06,0.36903609169058554,0
705375,Koderma-Tilaiya New Line,2026-04,0.524205715555092,1
705375,Koderma-Tilaiya New Line,2026-05,0.4883329690900202,0
705375,Koderma-Tilaiya New Line,2026-06,0.479439503954322,0
705385,Pirpainti - Jasidih [100.52 Km] New BG line,2026-04,0.5257681618213348,1
705385,Pirpainti - Jasidih [100.52 Km] New BG line,2026-05,0.32226151989734964,0
705385,Pirpainti - Jasidih [100.52 Km] New BG line,2026-06,0.34629530825579147,0
705391,Jiribam-Imphal new line project,2026-04,0.52236738279242,1
705391,Jiribam-Imphal new line project,2026-05,0.47513117485473827,0
705391,Jiribam-Imphal new line project,2026-06,0.49370828682919227,0
705392,Dimapur [Dhansiri]-Sukhobi Kohima [Zubza] NL [82.5 Km],2026-04,0.4930626348432924,0
705392,Dimapur [Dhansiri]-Sukhobi Kohima [Zubza] NL [82.5 Km],2026-05,0.38112385321931047,0
705392,Dimapur [Dhansiri]-Sukhobi Kohima [Zubza] NL [82.5 Km],2026-06,0.3936607949727781,0
705394,Tetlia-Byrnihat New Railway Line,2026-04,0.4471770357183103,0
705394,Tetlia-Byrnihat New Railway Line,2026-05,0.5235301607803898,1
705394,Tetlia-Byrnihat New Railway Line,2026-06,0.48588053563076955,0
705396,Byrnihat-Shillong New Rail Line- 108 km,2026-04,0.40464052781666,0
705396,Byrnihat-Shillong New Rail Line- 108 km,2026-05,0.23546244477311878,0
705401,Murkongselek-Pasighat,2026-04,0.33206920251557825,0
705401,Murkongselek-Pasighat,2026-05,0.22669998566980218,0
705401,Murkongselek-Pasighat,2026-06,0.22695714977996398,0
705410,Nangal Dam-Talwara New Broad Gauge Line [84 KM] and Taking Over Siding Mukerian-Talwara [29 KM],2026-04,0.48078114655356036,0
705410,Nangal Dam-Talwara New Broad Gauge Line [84 KM] and Taking Over Siding Mukerian-Talwara [29 KM],2026-05,0.4232820266375322,0
705410,Nangal Dam-Talwara New Broad Gauge Line [84 KM] and Taking Over Siding Mukerian-Talwara [29 KM],2026-06,0.4357992495281785,0
705419,Gwalior - Seopurkala with extension to Kota [Gauge Conversion],2026-04,0.4170270372174397,0
705419,Gwalior - Seopurkala with extension to Kota [Gauge Conversion],2026-05,0.39639775432663643,0
705419,Gwalior - Seopurkala with extension to Kota [Gauge Conversion],2026-06,0.39937217457354623,0
705424,Chandigarh-Baddi New Rail Line- 36 km,2026-04,0.5460599951096727,1
705424,Chandigarh-Baddi New Rail Line- 36 km,2026-05,0.2518926030066319,0
705424,Chandigarh-Baddi New Rail Line- 36 km,2026-06,0.29635675700698755,0
705428,Bhanupalli-Bilaspur-Beri New Railway Line Project,2026-04,0.5345252307084992,1
705428,Bhanupalli-Bilaspur-Beri New Railway Line Project,2026-05,0.40856011871201536,0
705429,Rishikesh-Karnaprayag New Rail Line- 125 km,2026-04,0.4937050206247225,0
705429,Rishikesh-Karnaprayag New Rail Line- 125 km,2026-05,0.3663858129390197,0
705432,Sivok-Rangpo New Rail Line,2026-04,0.5240848175746933,1
705432,Sivok-Rangpo New Rail Line,2026-05,0.668065379524769,1
705432,Sivok-Rangpo New Rail Line,2026-06,0.6031944393659536,1
705433,Dallirajhra- Rowghat New Railway Line - Phase I [95 km],2026-04,0.5002334837819477,1
705433,Dallirajhra- Rowghat New Railway Line - Phase I [95 km],2026-05,0.4408523748485654,0
705433,Dallirajhra- Rowghat New Railway Line - Phase I [95 km],2026-06,0.4567841026460712,0
705434,New Railway Line between Ginigera and Raichur [165.57 km],2026-04,0.5666699763060461,1
705434,New Railway Line between Ginigera and Raichur [165.57 km],2026-05,0.5453500543079369,1
705436,Kotapalli - Narasapur New Line,2026-04,0.5013944122899984,1
705436,Kotapalli - Narasapur New Line,2026-05,0.3146534035876796,0
705437,Manoharabad-Kothapalli New Rail Line [151 km],2026-04,0.5827989521745347,1
705437,Manoharabad-Kothapalli New Rail Line [151 km],2026-05,0.4794250583066302,0
705444,Gevra Road-Pendra Road New Railway Line [135 km],2026-04,0.5806395812206373,1
705444,Gevra Road-Pendra Road New Railway Line [135 km],2026-05,0.5558105787174995,1
705444,Gevra Road-Pendra Road New Railway Line [135 km],2026-06,0.5777857536402063,1
705450,Jogbani-Biratnagar New Rail Line project,2026-04,0.38149603956946737,0
705450,Jogbani-Biratnagar New Rail Line project,2026-05,0.3163754332835801,0
705450,Jogbani-Biratnagar New Rail Line project,2026-06,0.3110173205989476,0
705453,"New line Dahod-Indore via Sardarpur, Jabuwa and Dhar",2026-04,0.5477290785200669,1
705453,"New line Dahod-Indore via Sardarpur, Jabuwa and Dhar",2026-05,0.4463170059981556,0
705453,"New line Dahod-Indore via Sardarpur, Jabuwa and Dhar",2026-06,0.41597710876659794,0
705454,Chhota Udaipur - Dhar New Line Project [157 km],2026-04,0.555054335961404,1
705454,Chhota Udaipur - Dhar New Line Project [157 km],2026-05,0.528732823539078,1
705454,Chhota Udaipur - Dhar New Line Project [157 km],2026-06,0.5401363554709714,1
705457,Ratlam-Mhow-Khandwa-Akola Gauge Conversion,2026-04,0.577044123270958,1
705457,Ratlam-Mhow-Khandwa-Akola Gauge Conversion,2026-05,0.5094173549535908,1
705457,Ratlam-Mhow-Khandwa-Akola Gauge Conversion,2026-06,0.5220431278052993,1
705458,Miyagam-Karjan-Dabhoi-Samlaya [GC],2026-04,0.3457289313807874,0
705458,Miyagam-Karjan-Dabhoi-Samlaya [GC],2026-05,0.2617307271685678,0
705458,Miyagam-Karjan-Dabhoi-Samlaya [GC],2026-06,0.2709676174187062,0
705464,Bangalore-Satyamanglam New Line Project [260 Km] - Part Hejjala - Chamarajanagar [142 Km],2026-04,0.36156368601968564,0
705464,Bangalore-Satyamanglam New Line Project [260 Km] - Part Hejjala - Chamarajanagar [142 Km],2026-05,0.2634337182253729,0
705479,Wadsa-Gadchiroli,2026-04,0.5347752634516386,1
705479,Wadsa-Gadchiroli,2026-05,0.2684465251106962,0
705479,Wadsa-Gadchiroli,2026-06,0.36749583372940137,0
705480,"Lalitpur-Satna, Rewa-Singrauli & Mahoba-Khajuraho",2026-04,0.49335611350811337,0
705480,"Lalitpur-Satna, Rewa-Singrauli & Mahoba-Khajuraho",2026-05,0.42173158457617804,0
705480,"Lalitpur-Satna, Rewa-Singrauli & Mahoba-Khajuraho",2026-06,0.4123471107297752,0
705481,Ramganjmandi-Bhopal New Line Project [276.50 km],2026-04,0.5135779141243194,1
705482,Dholpur - Sirmuttra Gauge Conversion,2026-04,0.3027829763746358,0
705482,Dholpur - Sirmuttra Gauge Conversion,2026-05,0.23175810345423717,0
705489,Madurai- Tuticorin New Line,2026-04,0.41148960755380565,0
705490,Gadag-Wadi New Railway Line [257 km],2026-04,0.597640681585441,1
705490,Gadag-Wadi New Railway Line [257 km],2026-05,0.6022293984460321,1
705490,Gadag-Wadi New Railway Line [257 km],2026-06,0.4641071986508369,0
705491,Marikuppam - Kuppam New Line Project [23.70 Km],2026-04,0.44306299633818197,0
705491,Marikuppam - Kuppam New Line Project [23.70 Km],2026-05,0.26613575827346,0
705491,Marikuppam - Kuppam New Line Project [23.70 Km],2026-06,0.29034653909086033,0
705492,Kadur - Chickamagalur - Sakleshpur [93km],2026-04,0.4976578107754385,0
705492,Kadur - Chickamagalur - Sakleshpur [93km],2026-05,0.43408162950931617,0
705492,Kadur - Chickamagalur - Sakleshpur [93km],2026-06,0.4519500503121536,0
705493,Hubli-Ankola New Line Project [164.44 km],2026-04,0.37564370863448737,0
705493,Hubli-Ankola New Line Project [164.44 km],2026-05,0.2830297268885111,0
705493,Hubli-Ankola New Line Project [164.44 km],2026-06,0.3031494041748436,0
705494,Rayadurg-Tumkur via Kalyandurg New Line [207 km],2026-04,0.5338010300152402,1
705494,Rayadurg-Tumkur via Kalyandurg New Line [207 km],2026-05,0.48556783288439515,0
705494,Rayadurg-Tumkur via Kalyandurg New Line [207 km],2026-06,0.4920052226410298,0
705495,Bagalkot-Kudachi New Railway Line [142 km],2026-04,0.5344870465861067,1
705495,Bagalkot-Kudachi New Railway Line [142 km],2026-05,0.3779922053666436,0
705495,Bagalkot-Kudachi New Railway Line [142 km],2026-06,0.3975600835935071,0
705496,Tumkur-Chitradurga-Davangere New Rail Line Project [191 km],2026-04,0.36879399895332554,0
705496,Tumkur-Chitradurga-Davangere New Rail Line Project [191 km],2026-05,0.29523323176866595,0
705496,Tumkur-Chitradurga-Davangere New Rail Line Project [191 km],2026-06,0.27757701284276304,0
705497,Wardha - Yavatmal Nanded Railway Line Project,2026-04,0.5468992593297963,1
705497,Wardha - Yavatmal Nanded Railway Line Project,2026-05,0.42890103423055026,0
705497,Wardha - Yavatmal Nanded Railway Line Project,2026-06,0.43932037579600036,0
705498,3rd Line Kalyan - Kasara [67.35 Kilometres],2026-04,0.5907074876250032,1
705498,3rd Line Kalyan - Kasara [67.35 Kilometres],2026-05,0.4511141204724669,0
705498,3rd Line Kalyan - Kasara [67.35 Kilometres],2026-06,0.47975355881011034,0
705500,3rd Line Wardha - Sewagram - Nagpur,2026-04,0.5099372788444131,1
705500,3rd Line Wardha - Sewagram - Nagpur,2026-05,0.37387578151486345,0
705500,3rd Line Wardha - Sewagram - Nagpur,2026-06,0.4152118215152964,0
705502,3rd Line Wardha - Ballarshah [132 Kilometres],2026-04,0.6313791610544156,1
705502,3rd Line Wardha - Ballarshah [132 Kilometres],2026-05,0.4629893204947667,0
705502,3rd Line Wardha - Ballarshah [132 Kilometres],2026-06,0.5129911521128687,1
705504,Doubling of Daund Manmad Line [247.6 km],2026-04,0.5313613917012558,1
705504,Doubling of Daund Manmad Line [247.6 km],2026-05,0.434288229455838,0
705504,Doubling of Daund Manmad Line [247.6 km],2026-06,0.44974451426545686,0
705505,4th Line Wardha - Nagpur [78.7 Kilometres],2026-04,0.515820483627311,1
705505,4th Line Wardha - Nagpur [78.7 Kilometres],2026-05,0.3879986979535454,0
705505,4th Line Wardha - Nagpur [78.7 Kilometres],2026-06,0.4287630968647612,0
705506,3rd Line Manmad - Jalgaon [160 Kilometres],2026-04,0.4821659582873716,0
705506,3rd Line Manmad - Jalgaon [160 Kilometres],2026-05,0.3507291517019015,0
705506,3rd Line Manmad - Jalgaon [160 Kilometres],2026-06,0.3923539396890504,0
705507,Itarsi - Nagpur Third Railway Line [280 km],2026-04,0.7341873966328375,1
705507,Itarsi - Nagpur Third Railway Line [280 km],2026-05,0.5239003955909893,1
705507,Itarsi - Nagpur Third Railway Line [280 km],2026-06,0.5717397650437315,1
705510,Bhadrak-Nergundi Third Line,2026-04,0.6159396347932754,1
705510,Bhadrak-Nergundi Third Line,2026-05,0.5837257496736723,1
705510,Bhadrak-Nergundi Third Line,2026-06,0.5696916702262856,1
705511,Jagdalpur-Koraput,2026-04,0.6082478120327732,1
705511,Jagdalpur-Koraput,2026-05,0.6831468172332356,1
705511,Jagdalpur-Koraput,2026-06,0.634921911155283,1
705512,Doubling of Kottavalasa-Koraput Rail Line [189 KM],2026-04,0.6098989244119278,1
705512,Doubling of Kottavalasa-Koraput Rail Line [189 KM],2026-05,0.5768068767406477,1
705512,Doubling of Kottavalasa-Koraput Rail Line [189 KM],2026-06,0.5554249529118099,1
705513,Koraput - Singapur Railway Doubling,2026-04,0.6732441890608871,1
705513,Koraput - Singapur Railway Doubling,2026-05,0.7121680750340338,1
705513,Koraput - Singapur Railway Doubling,2026-06,0.660951624616419,1
705514,Jarapada- Budhapank with flyover at Talcher road 3rd and 4th Line,2026-04,0.399697679360309,0
705514,Jarapada- Budhapank with flyover at Talcher road 3rd and 4th Line,2026-05,0.3222341124618978,0
705514,Jarapada- Budhapank with flyover at Talcher road 3rd and 4th Line,2026-06,0.3367187587107988,0
705515,3rd & 4th Railway Line Project from Salegaon to Budhapank via Rajathgarh.,2026-04,0.5885583412198707,1
705515,3rd & 4th Railway Line Project from Salegaon to Budhapank via Rajathgarh.,2026-05,0.5263774165783976,1
705515,3rd & 4th Railway Line Project from Salegaon to Budhapank via Rajathgarh.,2026-06,0.5196077433869319,1
705526,Samastipur-Darbhanga Doubling Railway Project,2026-04,0.32031952789161217,0
705526,Samastipur-Darbhanga Doubling Railway Project,2026-05,0.22873693306162002,0
705526,Samastipur-Darbhanga Doubling Railway Project,2026-06,0.2498808956552998,0
705527,Sagauli-Valmiknagar,2026-04,0.4505728104058693,0
705527,Sagauli-Valmiknagar,2026-05,0.37172701077304554,0
705527,Sagauli-Valmiknagar,2026-06,0.3571867294962936,0
705528,Muzaffarpur-Sugauli,2026-04,0.40840171894403693,0
705528,Muzaffarpur-Sugauli,2026-05,0.3841234002737324,0
705528,Muzaffarpur-Sugauli,2026-06,0.3972745306731206,0
705562,Chhapra-Ballia Patch Doubling,2026-04,0.49553980417928445,0
705562,Chhapra-Ballia Patch Doubling,2026-05,0.4302863697359674,0
705562,Chhapra-Ballia Patch Doubling,2026-06,0.39790888963082166,0
705567,Burhwal Gonda 3rd line,2026-04,0.346277721116656,0
705567,Burhwal Gonda 3rd line,2026-05,0.3555707378017385,0
705567,Burhwal Gonda 3rd line,2026-06,0.3212676054418469,0
705572,Doubling of New Bonggigaon to Kamakhya via Goalpara - 176 km,2026-04,0.5001920492513089,1
705572,Doubling of New Bonggigaon to Kamakhya via Goalpara - 176 km,2026-05,0.4470077570590315,0
705572,Doubling of New Bonggigaon to Kamakhya via Goalpara - 176 km,2026-06,0.41651336347738294,0
705583,Anand Vihar-Tilak Bridge 3rd & 4th line,2026-04,0.4865551287717862,0
705583,Anand Vihar-Tilak Bridge 3rd & 4th line,2026-05,0.24898495433572512,0
705583,Anand Vihar-Tilak Bridge 3rd & 4th line,2026-06,0.3000402427873183,0
705588,Janghai-Pratapgarh- Amethi,2026-04,0.43308323947777155,0
705588,Janghai-Pratapgarh- Amethi,2026-05,0.3327451120790855,0
705588,Janghai-Pratapgarh- Amethi,2026-06,0.3129901758056671,0
705598,Jhansi - Bina Third Railway Line [153 Km],2026-04,0.3584666849874247,0
705598,Jhansi - Bina Third Railway Line [153 Km],2026-05,0.4102560410976878,0
705598,Jhansi - Bina Third Railway Line [153 Km],2026-06,0.3885420905031634,0
705608,Jhansi-Khairar-Manikpur & Khirar-Bhimsen,2026-04,0.4926886609431501,0
705608,Jhansi-Khairar-Manikpur & Khirar-Bhimsen,2026-05,0.3443157351484142,0
705608,Jhansi-Khairar-Manikpur & Khirar-Bhimsen,2026-06,0.3632845367835222,0
705610,"Renigunta, Wadi & Gooty Bypass Railway Project",2026-04,0.4913806028678319,0
705610,"Renigunta, Wadi & Gooty Bypass Railway Project",2026-05,0.34323100288636665,0
705610,"Renigunta, Wadi & Gooty Bypass Railway Project",2026-06,0.35202466188900117,0
705612,Kazipet-Vijayawada 3rd line with electrification [220 km],2026-04,0.5896342194816506,1
705612,Kazipet-Vijayawada 3rd line with electrification [220 km],2026-05,0.5636997902417005,1
705613,Third Line [new] between Kazipet - Balharshah with electrification [201.04 Km],2026-04,0.5783493561761146,1
705613,Third Line [new] between Kazipet - Balharshah with electrification [201.04 Km],2026-05,0.5215394396675881,1
705616,Jharsuguda-Bilaspur Fourth Railway Line [206 km],2026-04,0.5615082769673215,1
705616,Jharsuguda-Bilaspur Fourth Railway Line [206 km],2026-05,0.5064277409986249,1
705616,Jharsuguda-Bilaspur Fourth Railway Line [206 km],2026-06,0.5235427945710364,1
705617,Rajnandgaon - Nagpur [Kalumna] Third Railway Line [228.30 km],2026-04,0.5008918215310465,1
705617,Rajnandgaon - Nagpur [Kalumna] Third Railway Line [228.30 km],2026-05,0.4510198067216482,0
705617,Rajnandgaon - Nagpur [Kalumna] Third Railway Line [228.30 km],2026-06,0.4694384132493742,0
705628,Doubling of Hatia [Ranchi]-Bondamunda Rail Line - 159 km,2026-04,0.5023194683206369,1
705628,Doubling of Hatia [Ranchi]-Bondamunda Rail Line - 159 km,2026-05,0.4348429782337601,0
705628,Doubling of Hatia [Ranchi]-Bondamunda Rail Line - 159 km,2026-06,0.4209423624306664,0
705629,Narayangarh-Bhadrak 3rd line,2026-04,0.5061342330535796,1
705629,Narayangarh-Bhadrak 3rd line,2026-05,0.3893768613746164,0
705629,Narayangarh-Bhadrak 3rd line,2026-06,0.38225270585706805,0
705632,Vijayawada - Kazipet Byepass line,2026-04,0.6400753901715601,1
705632,Vijayawada - Kazipet Byepass line,2026-05,0.4922275402684711,0
705632,Vijayawada - Kazipet Byepass line,2026-06,0.4855362044543184,0
705633,Guntur-Guntakal Doubling Project,2026-04,0.4706591794293248,0
705633,Guntur-Guntakal Doubling Project,2026-05,0.419153667809675,0
705635,Trivandrum- Kanyakumari,2026-04,0.5198173003951845,1
705635,Trivandrum- Kanyakumari,2026-05,0.3529147221291342,0
705635,Trivandrum- Kanyakumari,2026-06,0.3474462322876256,0
705638,Kumbalam-Turavur doubling project [15.59 Km],2026-04,0.26968723156745833,0
705638,Kumbalam-Turavur doubling project [15.59 Km],2026-05,0.10671716535596344,0
705638,Kumbalam-Turavur doubling project [15.59 Km],2026-06,0.1519218489442938,0
705639,Ernakulam-Kumbalam doubling project [7.71 Km],2026-04,0.2818391441094405,0
705639,Ernakulam-Kumbalam doubling project [7.71 Km],2026-05,0.11405585480471439,0
705639,Ernakulam-Kumbalam doubling project [7.71 Km],2026-06,0.1544571742356929,0
705648,Vijaywada-Gudur 3rd Line,2026-04,0.45816494464004703,0
705648,Vijaywada-Gudur 3rd Line,2026-05,0.4347554261106121,0
705650,Hospet - Tinaighat - Vasco Rail Doubling Project,2026-04,0.6197413789021987,1
705650,Hospet - Tinaighat - Vasco Rail Doubling Project,2026-05,0.7163268093232315,1
705659,Satna-Rewa Railway Line Doubling Project,2026-04,0.4140525428475708,0
705659,Satna-Rewa Railway Line Doubling Project,2026-05,0.28575196433353556,0
705659,Satna-Rewa Railway Line Doubling Project,2026-06,0.2941377615148799,0
705660,Doubling of Katni - Singrauli Railway Line [261 km],2026-04,0.5609008615207774,1
705660,Doubling of Katni - Singrauli Railway Line [261 km],2026-05,0.45618256902527105,0
705661,Katni Grade Separator/Bye Pass,2026-04,0.5248478957543231,1
705661,Katni Grade Separator/Bye Pass,2026-05,0.4534411186640425,0
705661,Katni Grade Separator/Bye Pass,2026-06,0.4319181337355229,0
705663,Bangalore-Whitefield-Bangalore City-Krishnarajapuram [23.08 km] - Quadrupling,2026-04,0.2583707601488595,0
705663,Bangalore-Whitefield-Bangalore City-Krishnarajapuram [23.08 km] - Quadrupling,2026-05,0.22583429682006595,0
705663,Bangalore-Whitefield-Bangalore City-Krishnarajapuram [23.08 km] - Quadrupling,2026-06,0.20540077263783957,0
705667,Mathura-Jhansi Third Railway Line [274 Km],2026-04,0.5053683255703938,1
705667,Mathura-Jhansi Third Railway Line [274 Km],2026-05,0.4476110253036409,0
705667,Mathura-Jhansi Third Railway Line [274 Km],2026-06,0.4926653724692182,0
705668,KHARAGPUR-ADITYAPUR THIRD RAIL LINE- 132 KM,2026-04,0.4519059041400396,0
705668,KHARAGPUR-ADITYAPUR THIRD RAIL LINE- 132 KM,2026-05,0.3662714646647234,0
705668,KHARAGPUR-ADITYAPUR THIRD RAIL LINE- 132 KM,2026-06,0.40622567404805354,0
705728,Mumbai-Ahmedabad High Speed Rail Project- 508 km,2026-04,0.5721823651043779,1
705728,Mumbai-Ahmedabad High Speed Rail Project- 508 km,2026-05,0.4112373049510737,0
705728,Mumbai-Ahmedabad High Speed Rail Project- 508 km,2026-06,0.4178405389250148,0
705730,Joka-BBD Bag new metro project,2026-04,0.5367663986764287,1
705730,Joka-BBD Bag new metro project,2026-05,0.4745802169623078,0
705735,Solapur-tuljapur-Osmanabad,2026-04,0.5807826260029325,1
705735,Solapur-tuljapur-Osmanabad,2026-05,0.32286227395745687,0
705735,Solapur-tuljapur-Osmanabad,2026-06,0.37277992092481954,0
705741,Jeypore-Navarangpur New Rail Line Project,2026-04,0.3911983735066723,0
705741,Jeypore-Navarangpur New Rail Line Project,2026-05,0.20539769543987818,0
705741,Jeypore-Navarangpur New Rail Line Project,2026-06,0.24068024013692105,0
705742,Jeypore-Malkanagiri New Railway Line Project,2026-04,0.6144957269037749,1
705747,Parasnath-Madhuban-Giridih new line,2026-04,0.3975120058389785,0
705747,Parasnath-Madhuban-Giridih new line,2026-05,0.26027630204528873,0
705752,Gudha-Thatha Mithri Construction of Railway Track Project,2026-04,0.4041171594247084,0
705752,Gudha-Thatha Mithri Construction of Railway Track Project,2026-05,0.21863148911726227,0
705752,Gudha-Thatha Mithri Construction of Railway Track Project,2026-06,0.22938792533862193,0
705761,SHIMOGA - SHIKARIPURA - RANEBENNUR [96 Km],2026-04,0.410884364687579,0
705761,SHIMOGA - SHIKARIPURA - RANEBENNUR [96 Km],2026-05,0.2334968610992549,0
705761,SHIMOGA - SHIKARIPURA - RANEBENNUR [96 Km],2026-06,0.2876609540746894,0
705762,Construction of New BG line between Hassan [Alur] to Belur [ Km 27.34],2026-04,0.37357368577198335,0
705762,Construction of New BG line between Hassan [Alur] to Belur [ Km 27.34],2026-05,0.48175483640219285,0
705763,Indore - Budni New Railway Line [198 kms],2026-04,0.5308410745442292,1
705763,Indore - Budni New Railway Line [198 kms],2026-05,0.3277308824140663,0
705764,Nimach-Badi Sadri New Rail Line Project,2026-04,0.3162805443971492,0
705764,Nimach-Badi Sadri New Rail Line Project,2026-05,0.20792033702479135,0
705764,Nimach-Badi Sadri New Rail Line Project,2026-06,0.22791973240713637,0
705765,Gomoh - Flyover for DN trains,2026-04,0.5931227136258765,1
705765,Gomoh - Flyover for DN trains,2026-05,0.42213099643639895,0
705765,Gomoh - Flyover for DN trains,2026-06,0.43518334703002814,0
705766,Lalitpur-Birari with flyover at Lalitpur- 16 Km,2026-04,0.35557211987596804,0
705766,Lalitpur-Birari with flyover at Lalitpur- 16 Km,2026-05,0.30322364058012213,0
705766,Lalitpur-Birari with flyover at Lalitpur- 16 Km,2026-06,0.31051722019395805,0
705771,Allahabad-Bamhrauli Flyover Construction & 4th Railway Line Project,2026-04,0.33607109281417014,0
705771,Allahabad-Bamhrauli Flyover Construction & 4th Railway Line Project,2026-05,0.23483033816840765,0
705772,"Mughalsarai-Allahabad, 3rd line",2026-04,0.533468417897953,1
705772,"Mughalsarai-Allahabad, 3rd line",2026-05,0.4235936087645703,0
705772,"Mughalsarai-Allahabad, 3rd line",2026-06,0.42670386140333977,0
705774,Aligarh -Daud Khan Flyover Construction & 3rd Railway Line Project,2026-04,0.321103255957308,0
705774,Aligarh -Daud Khan Flyover Construction & 3rd Railway Line Project,2026-05,0.21564343052637133,0
705774,Aligarh -Daud Khan Flyover Construction & 3rd Railway Line Project,2026-06,0.21496685870398666,0
705777,Bhandai - Flyover for Etawah bound down train- 10 Km,2026-04,0.27280127846213714,0
705777,Bhandai - Flyover for Etawah bound down train- 10 Km,2026-05,0.20182009508628218,0
705777,Bhandai - Flyover for Etawah bound down train- 10 Km,2026-06,0.21408932576970557,0
705780,Bhatni-Aurnihar with electrification excluding Indara-Mau,2026-04,0.44764711509465227,0
705780,Bhatni-Aurnihar with electrification excluding Indara-Mau,2026-05,0.4053794397607607,0
705780,Bhatni-Aurnihar with electrification excluding Indara-Mau,2026-06,0.4222274028216033,0
705782,Barabanki-Malhaur 3rd & 4th Railway Line Project,2026-04,0.3771734785310752,0
705782,Barabanki-Malhaur 3rd & 4th Railway Line Project,2026-05,0.2669407755995801,0
705782,Barabanki-Malhaur 3rd & 4th Railway Line Project,2026-06,0.2922966943674321,0
705783,Ludhiana- Killa Raipur Railway Doubling Project,2026-04,0.27302373080276904,0
705783,Ludhiana- Killa Raipur Railway Doubling Project,2026-05,0.17057343307844056,0
705783,Ludhiana- Killa Raipur Railway Doubling Project,2026-06,0.17373270888431172,0
705785,Lodhma - Piska - Link Line bypassing Hatia/Ranchi with Y connection,2026-04,0.5031725270679072,1
705785,Lodhma - Piska - Link Line bypassing Hatia/Ranchi with Y connection,2026-05,0.25057019626095967,0
705785,Lodhma - Piska - Link Line bypassing Hatia/Ranchi with Y connection,2026-06,0.2909293328614916,0
705793,Raising of speed to 160 kmph/200 kmph on existing New Delhi-Mumbai route incl. Vadodara-Ahmedabad,2026-04,0.3965207561493309,0
705793,Raising of speed to 160 kmph/200 kmph on existing New Delhi-Mumbai route incl. Vadodara-Ahmedabad,2026-05,0.3618831951293511,0
705793,Raising of speed to 160 kmph/200 kmph on existing New Delhi-Mumbai route incl. Vadodara-Ahmedabad,2026-06,0.36861356662729755,0
705794,New Delhi- Howrah Speed Booster[160Kmph] Project,2026-04,0.2876018072117802,0
705794,New Delhi- Howrah Speed Booster[160Kmph] Project,2026-05,0.18653754032045738,0
705799,Nagpur- Nagbhir Railway Line Gauge Conversion Project,2026-04,0.4751001013072827,0
705799,Nagpur- Nagbhir Railway Line Gauge Conversion Project,2026-05,0.3563362309716407,0
705912,Sawai Madhopur-Jaipur Railway Line Project,2026-04,0.25337795348913245,0
705912,Sawai Madhopur-Jaipur Railway Line Project,2026-05,0.1351123609701838,0
705918,Allahabad division - Aligarh - Harduaganj Flyover,2026-04,0.432727415724309,0
705918,Allahabad division - Aligarh - Harduaganj Flyover,2026-05,0.2102661760350353,0
705919,Agra Fort-Bandikui Doubling Line Project,2026-04,0.44683598581577316,0
705919,Agra Fort-Bandikui Doubling Line Project,2026-05,0.22408071045602412,0
705919,Agra Fort-Bandikui Doubling Line Project,2026-06,0.23550941789972996,0
705933,Nimach-Ratlam Doubling [133 Km],2026-04,0.4417065168264702,0
705933,Nimach-Ratlam Doubling [133 Km],2026-05,0.31865278791302437,0
705933,Nimach-Ratlam Doubling [133 Km],2026-06,0.34723586832821546,0
705941,Bangalore Suburban Railway Project,2026-04,0.4156485039521648,0
705941,Bangalore Suburban Railway Project,2026-05,0.2578201745444884,0
705941,Bangalore Suburban Railway Project,2026-06,0.29245445036957285,0
706718,C/o NITB Imphal Airport,2026-04,0.3327774600877745,0
706718,C/o NITB Imphal Airport,2026-05,0.21235586681735752,0
706718,C/o NITB Imphal Airport,2026-06,0.23663377841361974,0
706724,Guwahati Airport New Integrated Terminal Building Construction Project,2026-04,0.41854842085583677,0
706724,Guwahati Airport New Integrated Terminal Building Construction Project,2026-05,0.32275418508154424,0
706724,Guwahati Airport New Integrated Terminal Building Construction Project,2026-06,0.3135669933497862,0
706757,Modasa-Shamlaji Road Railway Line Project,2026-04,0.39851646627495996,0
706757,Modasa-Shamlaji Road Railway Line Project,2026-05,0.285413861131318,0
706759,Rampur Dumra-Tal-Rajendrapul Additional Bridge and Railway Line Doubling,2026-04,0.3913882148445074,0
706759,Rampur Dumra-Tal-Rajendrapul Additional Bridge and Railway Line Doubling,2026-05,0.27558731670861936,0
706759,Rampur Dumra-Tal-Rajendrapul Additional Bridge and Railway Line Doubling,2026-06,0.2964589867460109,0
706763,Rajkot - Kanalus Doubling Project [111.2 Kms],2026-04,0.3692866762551246,0
706763,Rajkot - Kanalus Doubling Project [111.2 Kms],2026-05,0.3003450926806535,0
706763,Rajkot - Kanalus Doubling Project [111.2 Kms],2026-06,0.3148206923957908,0
706775,BharatNet,2026-04,0.49263942991473386,0
706775,BharatNet,2026-05,0.3304769708408818,0
706775,BharatNet,2026-06,0.38508649680882645,0
706776,Noapara-Barasat via Bimanbandar - Construction of Metro railway [18 km],2026-04,0.4836802517338822,0
706776,Noapara-Barasat via Bimanbandar - Construction of Metro railway [18 km],2026-05,0.3258403232284665,0
706777,Baranagar-Barrackpore and Dakshineshwar- Construction of Metro Railway,2026-04,0.41141956347815006,0
706777,Baranagar-Barrackpore and Dakshineshwar- Construction of Metro Railway,2026-05,0.25797761514858525,0
706779,Mumbai Urban Transport Project [MUTP] - PHASE II,2026-04,0.44371106433475577,0
706779,Mumbai Urban Transport Project [MUTP] - PHASE II,2026-05,0.4543452022966626,0
706780,Mumbai Urban Transport Project [MUTP] Phase-IIIA,2026-04,0.47070344694752586,0
706780,Mumbai Urban Transport Project [MUTP] Phase-IIIA,2026-05,0.24533756530007764,0
706781,Mumbai Urban Transport Project Phase-III,2026-04,0.4595511652952245,0
706781,Mumbai Urban Transport Project Phase-III,2026-05,0.3169469009840036,0
706811,NMDC Slurry Pipeline Project Phase-1,2026-04,0.33957515394950816,0
706811,NMDC Slurry Pipeline Project Phase-1,2026-05,0.3944238460957949,0
706811,NMDC Slurry Pipeline Project Phase-1,2026-06,0.3861735516415465,0
706835,Belgaum-Dharwad via Kittur [73.10Km],2026-04,0.3291981328497799,0
706835,Belgaum-Dharwad via Kittur [73.10Km],2026-05,0.19112728332581957,0
706836,Dedicated Test Track for RDSO /Phase-II Project,2026-04,0.2671218485820289,0
706836,Dedicated Test Track for RDSO /Phase-II Project,2026-05,0.2649675253803133,0
706836,Dedicated Test Track for RDSO /Phase-II Project,2026-06,0.2362035078333257,0
706837,Pradhan Kuntha Jn Line Doubling Project,2026-04,0.32652491450430854,0
706837,Pradhan Kuntha Jn Line Doubling Project,2026-05,0.15531341380461852,0
706837,Pradhan Kuntha Jn Line Doubling Project,2026-06,0.174173256336789,0
706854,Boridand - Ambikapur Doubling Line Project,2026-04,0.4308842864067922,0
706854,Boridand - Ambikapur Doubling Line Project,2026-05,0.15708000603745223,0
706854,Boridand - Ambikapur Doubling Line Project,2026-06,0.23845593708422755,0
706860,Barauni-Bachwara [16 km] - 3rd & 4th line incl. Barauni yard remodelling [32 km],2026-04,0.2231844835370544,0
706860,Barauni-Bachwara [16 km] - 3rd & 4th line incl. Barauni yard remodelling [32 km],2026-05,0.16112538707468074,0
706860,Barauni-Bachwara [16 km] - 3rd & 4th line incl. Barauni yard remodelling [32 km],2026-06,0.1618159584351713,0
706865,Chandargaon - Cansaulium Rail Flyover Project [16 Km],2026-04,0.360657220456102,0
706865,Chandargaon - Cansaulium Rail Flyover Project [16 Km],2026-05,0.1960026708308436,0
706865,Chandargaon - Cansaulium Rail Flyover Project [16 Km],2026-06,0.2409649347787797,0
706866,Sawaimadhopur Bye Pass Line Project,2026-04,0.19158459880321746,0
706866,Sawaimadhopur Bye Pass Line Project,2026-05,0.1406366231875343,0
706866,Sawaimadhopur Bye Pass Line Project,2026-06,0.14553721178426482,0
706898,Khurda Road - Balangir Electrification of Railway Track Project,2026-04,0.26635964658538996,0
706898,Khurda Road - Balangir Electrification of Railway Track Project,2026-05,0.23868007930865967,0
706922,Guwahati-Dibrugarh via Tinsukia & Simaluguri-Dibrugarh,2026-04,0.23250209978190345,0
706922,Guwahati-Dibrugarh via Tinsukia & Simaluguri-Dibrugarh,2026-05,0.1637117412872021,0
706940,"Mariani-Jorhat, Tinsukia-Dangri and Makum -TirapTrack Electrification Project",2026-04,0.20898160270661517,0
706940,"Mariani-Jorhat, Tinsukia-Dangri and Makum -TirapTrack Electrification Project",2026-05,0.18231628391790367,0
706942,Harmuty-Murkongselek Branch Line Electrification Project,2026-04,0.21619933965781135,0
706942,Harmuty-Murkongselek Branch Line Electrification Project,2026-05,0.18813573695393876,0
706950,Hospet-Hubli-Vasco da Gama Line Electrification Project,2026-04,0.32863511613291213,0
706950,Hospet-Hubli-Vasco da Gama Line Electrification Project,2026-05,0.311515478148574,0
706965,Establishment of new GMC Saran [Chhapara],2026-05,0.17589499327217564,0
706965,Establishment of new GMC Saran [Chhapara],2026-06,0.2039991772392802,0
706966,Establishment of new GMC Samastipur,2026-05,0.17589499327217564,0
706966,Establishment of new GMC Samastipur,2026-06,0.2039991772392802,0
706988,Establishment of new GMC Gondia,2026-05,0.20847388073857223,0
706988,Establishment of new GMC Gondia,2026-06,0.22244566073316954,0
706989,Establishment of new GMC West Garo Hills [Tura],2026-05,0.19025241437376658,0
706989,Establishment of new GMC West Garo Hills [Tura],2026-06,0.24714197366432297,0
707016,Establishment of new GMC Sitamarhi,2026-05,0.19977901186741942,0
707016,Establishment of new GMC Sitamarhi,2026-06,0.21679130720188566,0
707017,Establishment of new GMC Jhanjharpur,2026-05,0.19977901186741942,0
707017,Establishment of new GMC Jhanjharpur,2026-06,0.21679130720188566,0
707018,Establishment of new GMC Siwan,2026-05,0.19977901186741942,0
707018,Establishment of new GMC Siwan,2026-06,0.21679130720188566,0
707019,Establishment of new GMC Buxar,2026-05,0.19977901186741942,0
707019,Establishment of new GMC Buxar,2026-06,0.21679130720188566,0
707020,Establishment of new GMC Jamui,2026-04,0.28604288833373537,0
707020,Establishment of new GMC Jamui,2026-05,0.18120110496352862,0
707020,Establishment of new GMC Jamui,2026-06,0.19887472029059927,0
707021,Establishment of new GMC Koderma,2026-04,0.31498177957053175,0
707021,Establishment of new GMC Koderma,2026-05,0.17921128548756426,0
707021,Establishment of new GMC Koderma,2026-06,0.20459942377398113,0
707022,Establishment of new GMC Chaibasa [Singhbhum],2026-04,0.33617852201409854,0
707022,Establishment of new GMC Chaibasa [Singhbhum],2026-05,0.22314533919144708,0
707022,Establishment of new GMC Chaibasa [Singhbhum],2026-06,0.2365691100601553,0
707039,Establishment of new GMC Gangtok,2026-04,0.41456858459352397,0
707039,Establishment of new GMC Gangtok,2026-05,0.31055928495914015,0
707039,Establishment of new GMC Gangtok,2026-06,0.2955670036015212,0
707044,Establishment of new GMC Korba,2026-04,0.23507961374077746,0
707044,Establishment of new GMC Korba,2026-05,0.1220162878810803,0
707044,Establishment of new GMC Korba,2026-06,0.13205283529970704,0
707045,Establishment of new GMC Mahasamund,2026-04,0.22742005231471757,0
707045,Establishment of new GMC Mahasamund,2026-05,0.18387560397886046,0
707045,Establishment of new GMC Mahasamund,2026-06,0.16215593430266845,0
707046,Establishment of new GMC Kanker,2026-04,0.3255658400810012,0
707046,Establishment of new GMC Kanker,2026-05,0.1671178544121178,0
707046,Establishment of new GMC Kanker,2026-06,0.19391838006154288,0
707049,Establishment of new GMC Panchmahal,2026-04,0.17299616636055554,0
707049,Establishment of new GMC Panchmahal,2026-05,0.1580668998242351,0
707049,Establishment of new GMC Panchmahal,2026-06,0.15771915201575637,0
707050,Establishment of new GMC Porbandar,2026-04,0.22777971552217674,0
707050,Establishment of new GMC Porbandar,2026-05,0.1923587077877269,0
707050,Establishment of new GMC Porbandar,2026-06,0.18933791680403447,0
707051,Establishment of new GMc Udhampur,2026-05,0.3768093093081699,0
707051,Establishment of new GMc Udhampur,2026-06,0.2830822181750328,0
707052,Establishment of new GMC Handwara [Distt. Kupwara],2026-05,0.2030491212816712,0
707052,Establishment of new GMC Handwara [Distt. Kupwara],2026-06,0.21988873151251975,0
707057,Establishment of new GMC Leh,2026-05,0.20339557898924657,0
707057,Establishment of new GMC Leh,2026-06,0.2166973397472638,0
707058,Establishment of new GMC Rajgarh,2026-04,0.23452055968792848,0
707058,Establishment of new GMC Rajgarh,2026-05,0.16012400698378587,0
707058,Establishment of new GMC Rajgarh,2026-06,0.14445428235247837,0
707059,Establishment of new GMC Mandla,2026-04,0.2425062101615641,0
707059,Establishment of new GMC Mandla,2026-05,0.1576116606276625,0
707059,Establishment of new GMC Mandla,2026-06,0.16111827900865555,0
707067,Establishment of new GMC Mon,2026-05,0.21902608043492805,0
707067,Establishment of new GMC Mon,2026-06,0.23074247515229734,0
707069,Establishment of new GMC Kapurthala,2026-04,0.2413354572132058,0
707069,Establishment of new GMC Kapurthala,2026-05,0.1444383784184549,0
707069,Establishment of new GMC Kapurthala,2026-06,0.16113149127876697,0
707070,Establishment of new GMC Hoshiarpur,2026-04,0.30484772296299256,0
707070,Establishment of new GMC Hoshiarpur,2026-05,0.12946021232058838,0
707070,Establishment of new GMC Hoshiarpur,2026-06,0.16584452408721972,0
707086,Establishment of new GMC Rudrapur,2026-04,0.28252548105413683,0
707086,Establishment of new GMC Rudrapur,2026-05,0.1608960295111962,0
707086,Establishment of new GMC Rudrapur,2026-06,0.17551665144005282,0
707087,Establishment of new GMC Pithoragarh,2026-04,0.2907330083894669,0
707087,Establishment of new GMC Pithoragarh,2026-05,0.22833775813827675,0
707087,Establishment of new GMC Pithoragarh,2026-06,0.20829676392388108,0
707215,National Maritime Heritage Complex [NMHC] Phase-I,2026-04,0.3161907683324823,0
707215,National Maritime Heritage Complex [NMHC] Phase-I,2026-05,0.2574824918676171,0
707215,National Maritime Heritage Complex [NMHC] Phase-I,2026-06,0.2791177494249573,0
707229,"Integrated Command control Center [ICCC] - Construction and Development of Integrated Command Control Center with Security, Surveillance, ITMS, Connecting Port, Ship Service, Smart Solid Waste Management, Smart Public Transport System",2026-04,0.29040932726914703,0
707229,"Integrated Command control Center [ICCC] - Construction and Development of Integrated Command Control Center with Security, Surveillance, ITMS, Connecting Port, Ship Service, Smart Solid Waste Management, Smart Public Transport System",2026-05,0.2496965564555708,0
707229,"Integrated Command control Center [ICCC] - Construction and Development of Integrated Command Control Center with Security, Surveillance, ITMS, Connecting Port, Ship Service, Smart Solid Waste Management, Smart Public Transport System",2026-06,0.1599112470572362,0
707410,Integrated Multi Modal Logistics Hub at Nangal Chaudhary in Haryana - Other Trunk Infrastructure Development Phase 1,2026-04,0.3824767529829855,0
707410,Integrated Multi Modal Logistics Hub at Nangal Chaudhary in Haryana - Other Trunk Infrastructure Development Phase 1,2026-05,0.21549203679969414,0
707410,Integrated Multi Modal Logistics Hub at Nangal Chaudhary in Haryana - Other Trunk Infrastructure Development Phase 1,2026-06,0.25031707633099304,0
707419,IMC at Prayagraj,2026-04,0.19217801781671592,0
707419,IMC at Prayagraj,2026-05,0.0934483158050604,0
707419,IMC at Prayagraj,2026-06,0.14652878050237433,0
708687,Amended BharatNet Program - UP (West),2026-06,0.1794423209521749,0
709747,Bagodara Solar Power Project,2026-04,0.3407104133803493,0
709747,Bagodara Solar Power Project,2026-05,0.2646321884624912,0
709747,Bagodara Solar Power Project,2026-06,0.2826412243243659,0
709750,Laying of new 28 inch Desal Water Pipeline and 10 inch Reject Water Pipeline between CPCL Manali Refinery and CPCL Desalination plant at Ennore,2026-04,0.2461930334825353,0
709750,Laying of new 28 inch Desal Water Pipeline and 10 inch Reject Water Pipeline between CPCL Manali Refinery and CPCL Desalination plant at Ennore,2026-05,0.17956521052748042,0
709750,Laying of new 28 inch Desal Water Pipeline and 10 inch Reject Water Pipeline between CPCL Manali Refinery and CPCL Desalination plant at Ennore,2026-06,0.1736634097095716,0
709752,HP-COAT [Crude to Olefins and Aromatics Technology] demo unit at Visakh Refinery,2026-04,0.1960558153087501,0
709752,HP-COAT [Crude to Olefins and Aromatics Technology] demo unit at Visakh Refinery,2026-05,0.21832764925895115,0
709752,HP-COAT [Crude to Olefins and Aromatics Technology] demo unit at Visakh Refinery,2026-06,0.1938253577312052,0
709753,Haldia Panagarh Pipeline Project,2026-04,0.18867343007869702,0
709753,Haldia Panagarh Pipeline Project,2026-05,0.16606684322562906,0
709753,Haldia Panagarh Pipeline Project,2026-06,0.20658547058679577,0
709754,"Construction of LPG Facilities at Kamardanga, Assam",2026-04,0.19502221413009943,0
709754,"Construction of LPG Facilities at Kamardanga, Assam",2026-05,0.09840783862491483,0
709754,"Construction of LPG Facilities at Kamardanga, Assam",2026-06,0.11271993940771238,0
709755,"Setting up of new rail fed POL facility at Kamardanga, Assam",2026-04,0.21727154980917546,0
709755,"Setting up of new rail fed POL facility at Kamardanga, Assam",2026-05,0.10122591053686117,0
709755,"Setting up of new rail fed POL facility at Kamardanga, Assam",2026-06,0.11159892225440736,0
709759,"Petrochemical evacuation marketing terminal at Barmer, Rajasthan",2026-04,0.19926426185310578,0
709759,"Petrochemical evacuation marketing terminal at Barmer, Rajasthan",2026-05,0.12097923117762759,0
709759,"Petrochemical evacuation marketing terminal at Barmer, Rajasthan",2026-06,0.1290354681164656,0
709760,HP TDAE Unit in Mumbai Refinery,2026-04,0.25012719842741366,0
709770,City Gas Distribution Project at Pathankot District,2026-04,0.26050665051340494,0
709770,City Gas Distribution Project at Pathankot District,2026-05,0.1269675608427383,0
709770,City Gas Distribution Project at Pathankot District,2026-06,0.1964699816424623,0
709771,"City Gas Distribution Project at Beed, Jalgaon and Jalna Districts",2026-04,0.33447940054241376,0
709771,"City Gas Distribution Project at Beed, Jalgaon and Jalna Districts",2026-05,0.13653492977478118,0
709771,"City Gas Distribution Project at Beed, Jalgaon and Jalna Districts",2026-06,0.2320148034126433,0
709772,"City Gas Distribution Project at East Mednipore, West Mednipore & Jhargram Districts",2026-04,0.31646355902951606,0
709772,"City Gas Distribution Project at East Mednipore, West Mednipore & Jhargram Districts",2026-05,0.13271427876201444,0
709772,"City Gas Distribution Project at East Mednipore, West Mednipore & Jhargram Districts",2026-06,0.22289952280868827,0
709773,"City Gas Distribution Project at Jammu, Udhampur, Reasi, Samba and Kathua Districts",2026-04,0.29678830567813075,0
709773,"City Gas Distribution Project at Jammu, Udhampur, Reasi, Samba and Kathua Districts",2026-05,0.12602717938596678,0
709773,"City Gas Distribution Project at Jammu, Udhampur, Reasi, Samba and Kathua Districts",2026-06,0.20744329486755808,0
709774,Revamping/ Augmentation of facilities at existing port terminal at Mangalore,2026-04,0.2782515613640357,0
709774,Revamping/ Augmentation of facilities at existing port terminal at Mangalore,2026-05,0.19137825943514178,0
709774,Revamping/ Augmentation of facilities at existing port terminal at Mangalore,2026-06,0.18866621319443092,0
709776,Augmentation/Revamping of Facilities at existing Guwahati Terminal at Betkuchi,2026-04,0.2398860317096398,0
709776,Augmentation/Revamping of Facilities at existing Guwahati Terminal at Betkuchi,2026-05,0.17551327237704994,0
709776,Augmentation/Revamping of Facilities at existing Guwahati Terminal at Betkuchi,2026-06,0.21601914716461243,0
709777,Installation of Bitumen Manufacturing Unit along with allied facilities at Barauni Refinery,2026-04,0.2934810879372792,0
709777,Installation of Bitumen Manufacturing Unit along with allied facilities at Barauni Refinery,2026-05,0.18545029218717352,0
709777,Installation of Bitumen Manufacturing Unit along with allied facilities at Barauni Refinery,2026-06,0.20177548092610745,0
709778,Installation of new Biturox Unit along with allied facilities at Gujarat Refinery,2026-04,0.24970988013797082,0
709778,Installation of new Biturox Unit along with allied facilities at Gujarat Refinery,2026-05,0.17987963660115544,0
709778,Installation of new Biturox Unit along with allied facilities at Gujarat Refinery,2026-06,0.18324915318503662,0
709779,Capacity Expansion of Digboi Refinery from 0.65 to 1.0 MMTPA,2026-04,0.21176596928721225,0
709779,Capacity Expansion of Digboi Refinery from 0.65 to 1.0 MMTPA,2026-05,0.1304148068067634,0
709779,Capacity Expansion of Digboi Refinery from 0.65 to 1.0 MMTPA,2026-06,0.17346425903299437,0
709780,Construction of Additional Tankages and Allied Facilities at JNPT Terminal,2026-04,0.31457119911427367,0
709780,Construction of Additional Tankages and Allied Facilities at JNPT Terminal,2026-05,0.21220425672880472,0
709780,Construction of Additional Tankages and Allied Facilities at JNPT Terminal,2026-06,0.2295337560418364,0
709781,Revamping / Augmentation of Facilities at Mathura Bitumen Plant,2026-04,0.3217615716592989,0
709781,Revamping / Augmentation of Facilities at Mathura Bitumen Plant,2026-05,0.16406087856658363,0
709781,Revamping / Augmentation of Facilities at Mathura Bitumen Plant,2026-06,0.23690684777865564,0
709782,ATF Pipeline from Jawaharlal Nehru Port Trust to Navi Mumbai International Airport,2026-04,0.18705162702366143,0
709783,"Installation of Multiple Effect Evaporator [MEE] for ETP-1, 2 & 4 of Panipat Refinery and Petrochemical Complex.",2026-04,0.22770642767153945,0
709783,"Installation of Multiple Effect Evaporator [MEE] for ETP-1, 2 & 4 of Panipat Refinery and Petrochemical Complex.",2026-05,0.24839909708949132,0
709783,"Installation of Multiple Effect Evaporator [MEE] for ETP-1, 2 & 4 of Panipat Refinery and Petrochemical Complex.",2026-06,0.2365640308224728,0
709785,Laying of Natural Gas Pipeline from Hazaribagh to Ranchi [HRPL],2026-04,0.2614735731056098,0
709785,Laying of Natural Gas Pipeline from Hazaribagh to Ranchi [HRPL],2026-05,0.15526849901147205,0
709785,Laying of Natural Gas Pipeline from Hazaribagh to Ranchi [HRPL],2026-06,0.18381580217186946,0
709786,"Augmentation/ Revamping of Dimapur Depot, Dimapur",2026-04,0.2719605708584005,0
709786,"Augmentation/ Revamping of Dimapur Depot, Dimapur",2026-05,0.14071780481403973,0
709786,"Augmentation/ Revamping of Dimapur Depot, Dimapur",2026-06,0.1638529200564331,0
709791,City Gas Distribution Projects at Alipurduar and Cooch Behar,2026-04,0.30122076573276046,0
709791,City Gas Distribution Projects at Alipurduar and Cooch Behar,2026-05,0.13841844467331654,0
709791,City Gas Distribution Projects at Alipurduar and Cooch Behar,2026-06,0.19804352876413492,0
709792,"City Gas Distribution Projects at Darbhanga, Madhubani, Supaul, Sitamarhi and Sheohar districts",2026-04,0.3091330946927128,0
709792,"City Gas Distribution Projects at Darbhanga, Madhubani, Supaul, Sitamarhi and Sheohar districts",2026-05,0.0881917269277865,0
709792,"City Gas Distribution Projects at Darbhanga, Madhubani, Supaul, Sitamarhi and Sheohar districts",2026-06,0.1563284201863106,0
709793,"City Gas Distribution Projects at Gopalganj, Siwan, West Champaran, East Champaran and Deoria districts",2026-04,0.3067836068038951,0
709793,"City Gas Distribution Projects at Gopalganj, Siwan, West Champaran, East Champaran and Deoria districts",2026-05,0.09208001831974112,0
709793,"City Gas Distribution Projects at Gopalganj, Siwan, West Champaran, East Champaran and Deoria districts",2026-06,0.16048182431196387,0
709794,"City Gas Distribution Projects at Fazilka [except area already authorized], Ganganagar and Hanumangarh districts",2026-04,0.33025207316353694,0
709794,"City Gas Distribution Projects at Fazilka [except area already authorized], Ganganagar and Hanumangarh districts",2026-05,0.0968002791472764,0
709794,"City Gas Distribution Projects at Fazilka [except area already authorized], Ganganagar and Hanumangarh districts",2026-06,0.17147673046279807,0
709795,"City Gas Distribution Projects at Lakhimpur Kheri , Sitapur, Bahraich, Shravasti,Balrampur, Siddharth Nagar & Maharajganj districts",2026-04,0.26526471811439023,0
709795,"City Gas Distribution Projects at Lakhimpur Kheri , Sitapur, Bahraich, Shravasti,Balrampur, Siddharth Nagar & Maharajganj districts",2026-05,0.07587764288177692,0
709795,"City Gas Distribution Projects at Lakhimpur Kheri , Sitapur, Bahraich, Shravasti,Balrampur, Siddharth Nagar & Maharajganj districts",2026-06,0.12895953928545859,0
709796,City Gas Distribution Projects at the Nilgiris and Erode districts,2026-04,0.3227465075902077,0
709796,City Gas Distribution Projects at the Nilgiris and Erode districts,2026-05,0.0904789715297063,0
709796,City Gas Distribution Projects at the Nilgiris and Erode districts,2026-06,0.1663535345688881,0
709797,POL & LOBS Installations with Receipt Pipelines at Rasayani,2026-04,0.31862889463950517,0
709797,POL & LOBS Installations with Receipt Pipelines at Rasayani,2026-05,0.231093367683854,0
709797,POL & LOBS Installations with Receipt Pipelines at Rasayani,2026-06,0.24538988703198328,0
709798,Ethylene Cracker Project at Bina Refinery including downstream Petrochemical Plants and expansion of Refinery,2026-04,0.3437850516800385,0
709798,Ethylene Cracker Project at Bina Refinery including downstream Petrochemical Plants and expansion of Refinery,2026-05,0.14008700876932348,0
709798,Ethylene Cracker Project at Bina Refinery including downstream Petrochemical Plants and expansion of Refinery,2026-06,0.1908557496274703,0
709799,Setting up Polypropylene Unit at Kochi Refinery,2026-04,0.2653094422743321,0
709799,Setting up Polypropylene Unit at Kochi Refinery,2026-05,0.09848152113955733,0
709799,Setting up Polypropylene Unit at Kochi Refinery,2026-06,0.16834175491077835,0
709800,"CUF POL Depot at Sadashibpur [Meramundali], Odisha",2026-04,0.28399791364963045,0
709800,"CUF POL Depot at Sadashibpur [Meramundali], Odisha",2026-05,0.20787606253322505,0
709800,"CUF POL Depot at Sadashibpur [Meramundali], Odisha",2026-06,0.20798498247275832,0
709811,GANDHAMARDAN IRON ORE MINES TO GOALDIH STATION/12.76kms,2026-04,0.20132974274427964,0
709811,GANDHAMARDAN IRON ORE MINES TO GOALDIH STATION/12.76kms,2026-05,0.1007240520362081,0
709812,NADIAD-PETLAD [37.26 KM],2026-04,0.26137226833748356,0
709812,NADIAD-PETLAD [37.26 KM],2026-05,0.09781083266607253,0
709812,NADIAD-PETLAD [37.26 KM],2026-06,0.15056020305407172,0
709813,NEW BG LINE INTERSECTION [5 NOS] BETWEEN GERATPUR-SANAND & BOTAD-AHMEDABAD [16.51 KM],2026-04,0.20858523273953178,0
709813,NEW BG LINE INTERSECTION [5 NOS] BETWEEN GERATPUR-SANAND & BOTAD-AHMEDABAD [16.51 KM],2026-05,0.07476578745730343,0
709813,NEW BG LINE INTERSECTION [5 NOS] BETWEEN GERATPUR-SANAND & BOTAD-AHMEDABAD [16.51 KM],2026-06,0.10920411419984695,0
709815,4TH LINE - BHATAPARA-HATHBAND [8.8 KM] [PB-72/NR/2022-23],2026-04,0.2701130963985381,0
709815,4TH LINE - BHATAPARA-HATHBAND [8.8 KM] [PB-72/NR/2022-23],2026-05,0.12040993926187364,0
709815,4TH LINE - BHATAPARA-HATHBAND [8.8 KM] [PB-72/NR/2022-23],2026-06,0.1340866715710169,0
709816,4TH LINE - BHILAI-BHILAI NAGAR [8.8 KM] [PB-72/NR/2022-23],2026-04,0.23057044871878493,0
709816,4TH LINE - BHILAI-BHILAI NAGAR [8.8 KM] [PB-72/NR/2022-23],2026-05,0.11683959815626425,0
709816,4TH LINE - BHILAI-BHILAI NAGAR [8.8 KM] [PB-72/NR/2022-23],2026-06,0.1455996893785347,0
709817,4TH LINE - DADHAPARA-BELHA [9.2 KM] [PB-72/NR/2022-23],2026-04,0.2228701211394665,0
709818,4TH LINE RAJNANDGAON-DONGARHGARH [31.2 KM] [PB-72/NR/2022-23],2026-04,0.31746966861170167,0
709818,4TH LINE RAJNANDGAON-DONGARHGARH [31.2 KM] [PB-72/NR/2022-23],2026-05,0.12260899015997019,0
709818,4TH LINE RAJNANDGAON-DONGARHGARH [31.2 KM] [PB-72/NR/2022-23],2026-06,0.15716540137496487,0
709819,3RD AND 4TH LINE - SARAGBUNDIA AND MADWARANI,2026-04,0.20751026537036915,0
709819,3RD AND 4TH LINE - SARAGBUNDIA AND MADWARANI,2026-05,0.11049354371171757,0
709819,3RD AND 4TH LINE - SARAGBUNDIA AND MADWARANI,2026-06,0.1267569368144442,0
709826,SCREENING PLANT-III AT KIRANDUL,2026-04,0.3974324050739693,0
709826,SCREENING PLANT-III AT KIRANDUL,2026-05,0.3341072827640499,0
709826,SCREENING PLANT-III AT KIRANDUL,2026-06,0.3432453003873912,0
709831,SOURCING OF BAUXITE ARRANGEMENT FOR 5TH STREAM ALUMINA REFINERY FROM SOUTH BLOCK MINING LEASE OF PANCHPATMAILI MINES,2026-04,0.356045522517435,0
709831,SOURCING OF BAUXITE ARRANGEMENT FOR 5TH STREAM ALUMINA REFINERY FROM SOUTH BLOCK MINING LEASE OF PANCHPATMAILI MINES,2026-05,0.26808625069950487,0
709831,SOURCING OF BAUXITE ARRANGEMENT FOR 5TH STREAM ALUMINA REFINERY FROM SOUTH BLOCK MINING LEASE OF PANCHPATMAILI MINES,2026-06,0.32893893297899895,0
709832,25.5 MW WIND POWER PROJECT AT KAYATHAR IN TAMILNADU,2026-04,0.3926879993023652,0
709832,25.5 MW WIND POWER PROJECT AT KAYATHAR IN TAMILNADU,2026-05,0.2301129917487497,0
709832,25.5 MW WIND POWER PROJECT AT KAYATHAR IN TAMILNADU,2026-06,0.27181241537639705,0
709837,"Creation of Gas Dehydration Facilities, Tripura Asset",2026-04,0.26888871754426313,0
709837,"Creation of Gas Dehydration Facilities, Tripura Asset",2026-05,0.21244476664396542,0
709837,"Creation of Gas Dehydration Facilities, Tripura Asset",2026-06,0.22241837292590882,0
709838,Commercial Polymer Flooding Project in Bechraji field,2026-04,0.2947456976907499,0
709838,Commercial Polymer Flooding Project in Bechraji field,2026-05,0.1979721332321127,0
709838,Commercial Polymer Flooding Project in Bechraji field,2026-06,0.2200063151071629,0
709839,Daman Upside Development Project,2026-04,0.2612586187704297,0
709839,Daman Upside Development Project,2026-05,0.27324667215461057,0
709839,Daman Upside Development Project,2026-06,0.30586759144879033,0
709840,"Restoration of Gas Terminal, Phase-I [Part-A], Hazira",2026-04,0.18641138015493414,0
709840,"Restoration of Gas Terminal, Phase-I [Part-A], Hazira",2026-05,0.25036761249729117,0
709840,"Restoration of Gas Terminal, Phase-I [Part-A], Hazira",2026-06,0.2526076406028965,0
709841,Old Pipe Line Replacement [OPRP] Group-A,2026-04,0.2160515668660143,0
709841,Old Pipe Line Replacement [OPRP] Group-A,2026-05,0.22020439861467841,0
709841,Old Pipe Line Replacement [OPRP] Group-A,2026-06,0.2542185152207817,0
709842,"Kalol Redevelopment Project, Ahmedabad Asset",2026-04,0.26084051657420143,0
709842,"Kalol Redevelopment Project, Ahmedabad Asset",2026-05,0.14752194977211344,0
709842,"Kalol Redevelopment Project, Ahmedabad Asset",2026-06,0.19663650271949837,0
709845,"Revamping of SV Stations, Gas Terminal & Kribhco Terminal",2026-04,0.2485417223662132,0
709845,"Revamping of SV Stations, Gas Terminal & Kribhco Terminal",2026-05,0.13944687515609555,0
709845,"Revamping of SV Stations, Gas Terminal & Kribhco Terminal",2026-06,0.1534017236636641,0
709847,Pipeline Network Project Rudrasagar,2026-04,0.24415027453542437,0
709847,Pipeline Network Project Rudrasagar,2026-05,0.10744774640291323,0
709847,Pipeline Network Project Rudrasagar,2026-06,0.14695872848371944,0
709848,MHN TCPP PGC BGC Project [MTPBP],2026-04,0.2203669081100416,0
709848,MHN TCPP PGC BGC Project [MTPBP],2026-05,0.25078484571446313,0
709848,MHN TCPP PGC BGC Project [MTPBP],2026-06,0.2474486850724312,0
709849,PRP-VIII Group B [NH & BS Asset],2026-04,0.22213389043260057,0
709849,PRP-VIII Group B [NH & BS Asset],2026-05,0.2376469813990061,0
709849,PRP-VIII Group B [NH & BS Asset],2026-06,0.1861548966029682,0
709850,Borholla GGS Life Extension Project [BLEP],2026-04,0.19969793951624878,0
709850,Borholla GGS Life Extension Project [BLEP],2026-05,0.1542177340627977,0
709850,Borholla GGS Life Extension Project [BLEP],2026-06,0.14247234063531894,0
709851,Integrated Development of 4 Contract Areas under DSF-II,2026-04,0.279309202354712,0
709851,Integrated Development of 4 Contract Areas under DSF-II,2026-05,0.16056889809652128,0
709851,Integrated Development of 4 Contract Areas under DSF-II,2026-06,0.18634296914367912,0
709856,MPLS-IP BASED ACCESS AND AGGREGATION NETWORK [MAAN] IN BSNL ALONG WITH TEST AND MEASURING EQUIPMENT,2026-04,0.17633064577929428,0
709856,MPLS-IP BASED ACCESS AND AGGREGATION NETWORK [MAAN] IN BSNL ALONG WITH TEST AND MEASURING EQUIPMENT,2026-05,0.10766364333865029,0
709856,MPLS-IP BASED ACCESS AND AGGREGATION NETWORK [MAAN] IN BSNL ALONG WITH TEST AND MEASURING EQUIPMENT,2026-06,0.13367805638114025,0
709857,"Planning, Engineering, Supply, Installation, Testing, Commissioning, Integration & Annual Maintenance of 4G mobile network at 1 Lakh sites on PAN India basis including Mumbai & Delhi LSA on turnkey basis under Phase IX.2 Project.",2026-04,0.22367397796323268,0
709857,"Planning, Engineering, Supply, Installation, Testing, Commissioning, Integration & Annual Maintenance of 4G mobile network at 1 Lakh sites on PAN India basis including Mumbai & Delhi LSA on turnkey basis under Phase IX.2 Project.",2026-05,0.15011480186307297,0
709857,"Planning, Engineering, Supply, Installation, Testing, Commissioning, Integration & Annual Maintenance of 4G mobile network at 1 Lakh sites on PAN India basis including Mumbai & Delhi LSA on turnkey basis under Phase IX.2 Project.",2026-06,0.20783389359325916,0
709859,SETTING UP OF PHYSICAL INFRASTRUCTURE FOR THE NATIONAL INSTITUTE OF COMMUNICATION FINANCE [NICF] AT GHITORNI,2026-04,0.28745248028116116,0
709859,SETTING UP OF PHYSICAL INFRASTRUCTURE FOR THE NATIONAL INSTITUTE OF COMMUNICATION FINANCE [NICF] AT GHITORNI,2026-05,0.2419337541468822,0
709859,SETTING UP OF PHYSICAL INFRASTRUCTURE FOR THE NATIONAL INSTITUTE OF COMMUNICATION FINANCE [NICF] AT GHITORNI,2026-06,0.2522246565614831,0
709864,DCU Revamp Project,2026-04,0.26665431065163125,0
709864,DCU Revamp Project,2026-05,0.18327333420029462,0
709864,DCU Revamp Project,2026-06,0.23233656044106119,0
709865,Power Recovery Turbine [PRT] in PFCCU unit as an Energy Conservation Scheme,2026-04,0.15729131330179097,0
709865,Power Recovery Turbine [PRT] in PFCCU unit as an Energy Conservation Scheme,2026-05,0.11241312538354627,0
709865,Power Recovery Turbine [PRT] in PFCCU unit as an Energy Conservation Scheme,2026-06,0.1110881262044569,0
900808,Transmission System for Kurnool Wind Energy Zone/ Solar Energy Zone Part-A and Part-B,2026-04,0.2011120837168236,0
900874,JHAJHA - BATIA,2026-04,0.25476655787384134,0
900874,JHAJHA - BATIA,2026-05,0.14737830666172894,0
900874,JHAJHA - BATIA,2026-06,0.17370991068395872,0
