Project Code,Project Name,Agency,State,Latest Report Month,Physical Progress,Expected Progress,Progress Gap,Cumulative Expenditure,Expenditure vs Expected Progress,ML Probability,Risk Band,Risk Trend,Top Warning Signal 1,Top Warning Signal 2,Top Warning Signal 3
108841,"Amended BharatNet Program - KTK, GOA, PY",Department of Telecommunications,PAN India,2026-06,0.0,33.333333333333336,-33.333333333333336,435.31,-21.700249420987,0.19848174419320674,MODERATE EARLY-WARNING SIGNAL,,Progress behind expected,No thresholded rule warning,No thresholded rule warning
222253,Amended BharatNet Program - UP (East),Department of Telecommunications,Uttar Pradesh,2026-06,0.0,44.44444444444444,-44.44444444444444,502.0,-34.42048278310259,0.19134420031790658,MODERATE EARLY-WARNING SIGNAL,,Progress behind expected,No thresholded rule warning,No thresholded rule warning
400006,Jharsuguda-Barpali-Sardega Ph II Works- Rail Connectivity for Coal Loading Bulb at Barpali.,South Eastern Railway [SER] - I,Odisha,2026-06,40.0,100.0,-60.0,743.46,-8.10022373576929,0.2655101106661444,MODERATE EARLY-WARNING SIGNAL,STABLE,Progress behind expected,Schedule pressure,No thresholded rule warning
400010,"Construction of Terminal Building & Associated works at Leh Airport, Ladakh",Airport Authority of India [AAI],Ladakh,2026-06,83.4,100.0,-16.599999999999994,509.41,6.127083333333331,0.27734942987178973,MODERATE EARLY-WARNING SIGNAL,STABLE,Long implementation duration,Schedule pressure,No thresholded rule warning
400012,Kandla Gorakhpur LPG Pipeline,Ministry of Petroleum & Natural Gas,"Multi-States (Gujarat, Madhya Pradesh, Uttar Pradesh)",2026-06,95.7,100.0,-4.299999999999997,8672.35,-14.03300951625694,0.36171355265663857,HIGH EARLY-WARNING SIGNAL,STABLE,Long implementation duration,No thresholded rule warning,No thresholded rule warning
400013,Saturation 4G mobile coverage of Uncovered Villages through USOF,Department of Telecommunications [DoT],PAN India,2026-06,85.0,100.0,-15.0,8553.1,-67.4984800121599,0.24183345962110592,MODERATE EARLY-WARNING SIGNAL,STABLE,Schedule pressure,No thresholded rule warning,No thresholded rule warning
400018,HURA C OCP,ECL - CIL,Jharkhand,2026-06,63.3,58.22784810126582,5.072151898734177,455.95,-5.174008839446664,0.2857954982343753,MODERATE EARLY-WARNING SIGNAL,WORSENING,No thresholded rule warning,No thresholded rule warning,No thresholded rule warning
400019,DHULE [BORVIHIR] - NARDANA NEW LINE [50.60 KMS],Central Railway,Maharashtra,2026-05,25.0,84.0909090909091,-59.09090909090909,542.26,25.954549144337278,0.24142992184160264,MODERATE EARLY-WARNING SIGNAL,IMPROVING,Progress behind expected,Expenditure ahead of progress,Schedule pressure
400022,Taranga Hill-Abu Road via Ambaji,North Western Railway [NWR],"Multi-States (Gujarat, Rajasthan)",2026-06,45.0,48.958333333333336,-3.9583333333333357,2616.51,44.5552477960448,0.34555222208539343,HIGH EARLY-WARNING SIGNAL,WORSENING,Expenditure ahead of progress,No thresholded rule warning,No thresholded rule warning
400023,Construction of New BG line between Hassan to Belur [27 Km],South Western Railway [SWR] - II,Karnataka,2026-06,0.5,21.428571428571427,-20.928571428571427,3.43,-20.97062750333778,0.22448860513679558,MODERATE EARLY-WARNING SIGNAL,STABLE,Progress behind expected,No thresholded rule warning,No thresholded rule warning
400033,BHATADI EXPANSION OC,WCL - CIL,Maharashtra,2026-06,33.91,70.0,-36.09,112.17,-50.68066344017499,0.2791653472745465,MODERATE EARLY-WARNING SIGNAL,WORSENING,Progress behind expected,No thresholded rule warning,No thresholded rule warning
400035,"Grass Root Rail-fed Depot at Sekerkote, Agartala as resitement of existing Dharmanagar Depot",Indian Oil Corporation Limited [IOCL],Tripura,2026-04,97.0,100.0,-3.0,537.17,-18.114329268292693,0.20297143239815363,MODERATE EARLY-WARNING SIGNAL,,No thresholded rule warning,No thresholded rule warning,No thresholded rule warning
400043,Laying of POL Pipelines in Common Corridor for proposed grass root terminal at Vallur [Chennai],Ministry of Petroleum & Natural Gas,Tamil Nadu,2026-06,79.6,100.0,-20.400000000000006,382.96,-53.80458383594692,0.2184658951927968,MODERATE EARLY-WARNING SIGNAL,STABLE,Progress behind expected,Schedule pressure,No thresholded rule warning
400045,Proposed 6 nos Road Over Bridge [ROB] at different locations under MCL Talcher Under Deposit Scheme.,East Coast Railway [ECoR] - II,Odisha,2026-06,82.0,100.0,-18.0,69.85,-58.501663498098864,0.21195823114959178,MODERATE EARLY-WARNING SIGNAL,STABLE,Schedule pressure,No thresholded rule warning,No thresholded rule warning
400047,Doubling of Lingaraj SILO connectivity of NTPC line and augmentation of NTPC exchange yard and NTPC Block Cabin.,East Coast Railway [ECoR] - II,Odisha,2026-06,53.0,100.0,-47.0,41.17,-80.3952380952381,0.231158453013409,MODERATE EARLY-WARNING SIGNAL,STABLE,Progress behind expected,Schedule pressure,No thresholded rule warning
400048,Doubling of lines connecting the loading spurs in Talcher Yard.,East Coast Railway [ECoR] - II,Odisha,2026-06,88.0,100.0,-12.0,105.07,-43.57445894420278,0.19191229022742373,MODERATE EARLY-WARNING SIGNAL,STABLE,Schedule pressure,No thresholded rule warning,No thresholded rule warning
400062,"Raghunathpur Thermal Power Station Phase II [2X660 MW] at Raghunathpur, Purulia, West Bengal",Damodar Valley Corporation,West Bengal,2026-06,11.5,30.76923076923077,-19.26923076923077,2120.39,-18.771324358321472,0.12828687582551548,MODERATE EARLY-WARNING SIGNAL,STABLE,No thresholded rule warning,No thresholded rule warning,No thresholded rule warning
400073,KONAR EXPANSION OCP,CCL - CIL,Jharkhand,2026-06,50.78,43.442622950819676,7.337377049180326,172.3,-17.903454493100856,0.31744812370797154,HIGH EARLY-WARNING SIGNAL,IMPROVING,No thresholded rule warning,No thresholded rule warning,No thresholded rule warning
400074,KARO EXPANSION OCP,CCL - CIL,Jharkhand,2026-06,23.28,61.627906976744185,-38.347906976744184,208.28,-37.10447030462211,0.32567336696894056,HIGH EARLY-WARNING SIGNAL,STABLE,Progress behind expected,No thresholded rule warning,No thresholded rule warning
400078,New Mundra Panipat Crude Oil Pipeline,Ministry of Petroleum & Natural Gas,"Multi-States (Gujarat, Haryana, Rajasthan)",2026-05,92.7,100.0,-7.299999999999997,7456.3,-17.409171466548514,0.25695764462247317,MODERATE EARLY-WARNING SIGNAL,STABLE,No thresholded rule warning,No thresholded rule warning,No thresholded rule warning
400081,"National Sports University [NSU], Imphal [Manipur]",Department of Sports & Youth Affairs,Manipur,2026-06,97.25,100.0,-2.75,576.37,-36.415987291361,0.19524681356429063,MODERATE EARLY-WARNING SIGNAL,STABLE,No thresholded rule warning,No thresholded rule warning,No thresholded rule warning
400087,Redevelopment of Sobhasan Complex,Oil and Natural Gas Corporation Limited [ONGC],Gujarat,2026-06,94.3,86.56716417910448,7.732835820895517,1037.37,30.566401757008776,0.4003455099396007,HIGH EARLY-WARNING SIGNAL,STABLE,Expenditure ahead of progress,No thresholded rule warning,No thresholded rule warning
400100,Sardar Gouthu Latchanna Thotapalli Barrage Project,Water Resources-AP,Andhra Pradesh,2026-06,95.88,100.0,-4.1200000000000045,879.15,149.01572015295284,0.30193782588879836,HIGH EARLY-WARNING SIGNAL,STABLE,Expenditure ahead of progress,Long implementation duration,No thresholded rule warning
400101,Gundlakamma project,Water Resources-AP,Andhra Pradesh,2026-06,98.3,100.0,-1.7000000000000028,624.78,57.21295387634936,0.25834908639041965,MODERATE EARLY-WARNING SIGNAL,STABLE,Expenditure ahead of progress,Long implementation duration,No thresholded rule warning
400102,Sri Ram Sagar Project Stage - II,Irrigation and CAD-TG,Telangana,2026-06,97.0,100.0,-3.0,971.47,31.96989662152066,0.36979139861288307,HIGH EARLY-WARNING SIGNAL,STABLE,Expenditure ahead of progress,Long implementation duration,No thresholded rule warning
400103,Indiramma Flood Flow Canal Project,Irrigation and CAD-TG,Telangana,2026-06,92.0,100.0,-8.0,4491.08,237.34545181401637,0.4227347188971887,HIGH EARLY-WARNING SIGNAL,STABLE,Expenditure ahead of progress,Long implementation duration,No thresholded rule warning
400111,Kelo Irrigation Project,Water Resources-CT,Chhattisgarh,2026-06,73.0,100.0,-27.0,620.15,34.824010261538774,0.3496834788793116,HIGH EARLY-WARNING SIGNAL,STABLE,Progress behind expected,Expenditure ahead of progress,Long implementation duration
400115,Bargi Diversion Project Phase - IV [km. 154 to km 197],Water Resources-MP,Madhya Pradesh,2026-06,75.0,100.0,-25.0,814.02,8.387148316312263,0.36306886341375716,HIGH EARLY-WARNING SIGNAL,STABLE,Progress behind expected,Long implementation duration,Schedule pressure
400116,Bargi Diversion Project Phase - III [km. 104 to km 154],Water Resources-MP,Madhya Pradesh,2026-06,81.52,100.0,-18.480000000000004,2240.05,82.24382703494285,0.44040025090715007,HIGH EARLY-WARNING SIGNAL,STABLE,Expenditure ahead of progress,Long implementation duration,Schedule pressure
400119,Life Extension of 48 well platforms of Mumbai High & Heera Fields,Oil and Natural Gas Corporation Limited [ONGC],Offshore,2026-06,90.0,100.0,-10.0,3123.2,-2.1152164578821555,0.4206300167886524,HIGH EARLY-WARNING SIGNAL,STABLE,Long implementation duration,No thresholded rule warning,No thresholded rule warning
400120,KG-DWN-98/2 Cluster - II Development Project - NELP Block,MinistryofPetroleumNaturalGas,Andhra Pradesh,2026-06,96.8,100.0,-3.200000000000003,33113.74,-2.6410090556274213,0.42309581895840526,HIGH EARLY-WARNING SIGNAL,WORSENING,Long implementation duration,No thresholded rule warning,No thresholded rule warning
400121,"Construction of Screening Plant-II for Donimalai and Kumaraswamy Iron Ore Mining Complex of NMDC Limited at Ballari Dt, Karnataka.",National Mineral Development Corporation Limited [NMDC],Karnataka,2026-06,65.0,92.3076923076923,-27.307692307692307,628.29,-32.105321735746315,0.2187656656911129,MODERATE EARLY-WARNING SIGNAL,STABLE,Progress behind expected,Schedule pressure,No thresholded rule warning
400136,SANGHMITRA OC,CCL - CIL,Jharkhand,2026-06,16.77,28.125,-11.355,17.4,-27.470864661654137,0.1404870207981249,MODERATE EARLY-WARNING SIGNAL,STABLE,No thresholded rule warning,No thresholded rule warning,No thresholded rule warning
400138,CHANDRAGUPT OCP,CCL - CIL,Jharkhand,2026-06,25.11,50.35971223021583,-25.249712230215827,772.12,28.95410389715962,0.4196986080321522,HIGH EARLY-WARNING SIGNAL,STABLE,Progress behind expected,Expenditure ahead of progress,Long implementation duration
400139,KOTRE BASANTPUR PACHMO OCP,Ministry of Coal,Jharkhand,2026-06,45.78,50.35971223021583,-4.579712230215826,456.48,2.654015036176766,0.5342438152939007,VERY HIGH EARLY-WARNING SIGNAL,WORSENING,Long implementation duration,No thresholded rule warning,No thresholded rule warning
400141,Expansion of Alumina Refinery Plant with addition of 5th Stream having capacity enhancement of 1.0 Million Tonee Per Annum,National Aluminium Company Limited [NALCO],Odisha,2026-06,95.2,100.0,-4.799999999999997,4985.07,21.498172069217645,0.42803038460080434,HIGH EARLY-WARNING SIGNAL,STABLE,Expenditure ahead of progress,Long implementation duration,No thresholded rule warning
400142,Pachwara South Coal Block,NLC India Limited,Jharkhand,2026-06,87.0,74.52830188679245,12.471698113207552,1422.51,-11.105501048591904,0.4468002801675384,HIGH EARLY-WARNING SIGNAL,STABLE,Long implementation duration,No thresholded rule warning,No thresholded rule warning
400144,PORDA CHIMTAPANI OCP [10 MTY],South Eastern Coalfields Limited [SECL],Chhattisgarh,2026-06,11.81,66.66666666666667,-54.85666666666667,117.37,-61.585978217581776,0.2810517565272262,MODERATE EARLY-WARNING SIGNAL,WORSENING,Progress behind expected,Long implementation duration,No thresholded rule warning
400148,AMADAND OCP[4.0MTY],SECL - CIL,Madhya Pradesh,2026-06,75.15,100.0,-24.849999999999994,324.92,-62.628818549871184,0.302788347935163,HIGH EARLY-WARNING SIGNAL,STABLE,Progress behind expected,Long implementation duration,Schedule pressure
400149,BAROUD OC EXPANSION [3.0-10.0M,South Eastern Coalfields Limited [SECL],Chhattisgarh,2026-06,55.95,67.96116504854369,-12.011165048543688,1007.09,-24.36042039532697,0.3780115540432376,HIGH EARLY-WARNING SIGNAL,WORSENING,Long implementation duration,No thresholded rule warning,No thresholded rule warning
400150,RPR MAGADH EXP OCP,Ministry of Coal,Jharkhand,2026-06,39.42,76.92307692307692,-37.50307692307692,2298.45,-43.919902174034306,0.5635166423307033,VERY HIGH EARLY-WARNING SIGNAL,WORSENING,Progress behind expected,Long implementation duration,No thresholded rule warning
400151,NORTH URIMARI EXPANSION OCP,Ministry of Coal,Jharkhand,2026-06,68.9,64.1304347826087,4.769565217391303,598.32,30.19717045150766,0.5820021711819737,VERY HIGH EARLY-WARNING SIGNAL,WORSENING,Expenditure ahead of progress,No thresholded rule warning,No thresholded rule warning
400153,EPR ROHINI - KARKETTA OCP,Ministry of Coal,Jharkhand,2026-06,24.02,75.5813953488372,-51.56139534883721,85.34,-67.00942150470772,0.40685663585486137,HIGH EARLY-WARNING SIGNAL,WORSENING,Progress behind expected,Long implementation duration,No thresholded rule warning
400154,EPR PUNDI OCP,Ministry of Coal,Jharkhand,2026-06,11.24,88.15789473684211,-76.91789473684211,236.58,-51.16915177248939,0.4049245096001876,HIGH EARLY-WARNING SIGNAL,WORSENING,Progress behind expected,Long implementation duration,Schedule pressure
400155,EPR ASHOK OC,Ministry of Coal,Jharkhand,2026-06,27.74,51.69491525423729,-23.95491525423729,186.02,-45.10096331401603,0.4683073640594705,HIGH EARLY-WARNING SIGNAL,WORSENING,Progress behind expected,Long implementation duration,No thresholded rule warning
400156,EPR AMRAPALI OCP,CCL - CIL,Jharkhand,2026-06,43.69,78.35051546391753,-34.660515463917534,1811.77,-41.99565338713322,0.43950537367765025,HIGH EARLY-WARNING SIGNAL,STABLE,Progress behind expected,Long implementation duration,No thresholded rule warning
400160,RAJRAPPA RCE OCP,CCL - CIL,Jharkhand,2026-06,75.61,100.0,-24.39,489.2,-4.238034648135468,0.5531512700031543,VERY HIGH EARLY-WARNING SIGNAL,IMPROVING,Progress behind expected,Long implementation duration,Schedule pressure
400162,BLOCK B EXPANSION [3.5 TO 8.0,NCL - CIL,Madhya Pradesh,2026-06,51.08,100.0,-48.92,684.46,-31.46559061188934,0.25760463584789134,MODERATE EARLY-WARNING SIGNAL,STABLE,Progress behind expected,Long implementation duration,Schedule pressure
400165,SUBHADRA OCP,Mahanadi Coalfields Limited [MCL],Odisha,2026-06,46.27,46.56488549618321,-0.2948854961832055,1331.36,32.036610539381584,0.3832647217931403,HIGH EARLY-WARNING SIGNAL,STABLE,Expenditure ahead of progress,Long implementation duration,No thresholded rule warning
400166,SIARMAL OCP,Mahanadi Coalfields Limited [MCL],Odisha,2026-06,60.66,65.97938144329896,-5.3193814432989655,3491.08,1.2220353172088352,0.3956542704923013,HIGH EARLY-WARNING SIGNAL,STABLE,Long implementation duration,No thresholded rule warning,No thresholded rule warning
400167,Redevelopment of Santhal Field [Onshore-Mehsana Asset],Oil and Natural Gas Corporation Limited [ONGC],Gujarat,2026-06,96.8,100.0,-3.200000000000003,1117.8,-3.8501238645747264,0.40825233009092265,HIGH EARLY-WARNING SIGNAL,STABLE,Long implementation duration,No thresholded rule warning,No thresholded rule warning
400168,"500 KTA PDHPP Project, Usar",Ministry of Petroleum & Natural Gas,Maharashtra,2026-06,91.6,100.0,-8.400000000000006,8741.88,-0.6265772422416802,0.3573544398067336,HIGH EARLY-WARNING SIGNAL,STABLE,Long implementation duration,No thresholded rule warning,No thresholded rule warning
400169,Redevelopment of Linch Field,MinistryofPetroleumNaturalGas,Gujarat,2026-06,92.1,100.0,-7.900000000000006,617.84,-2.090233427887739,0.2445560080344343,MODERATE EARLY-WARNING SIGNAL,STABLE,Long implementation duration,No thresholded rule warning,No thresholded rule warning
400171,2G Ethanol Biorefinery at Bathinda,MinistryofPetroleumNaturalGas,Punjab,2026-06,94.0,100.0,-6.0,1293.34,-9.01326804834467,0.47937013415448415,HIGH EARLY-WARNING SIGNAL,IMPROVING,Long implementation duration,No thresholded rule warning,No thresholded rule warning
400172,CHITRA EAST OC,ECL - CIL,Jharkhand,2026-06,53.03,100.0,-46.97,274.28,-46.63709410688925,0.3293844476160648,HIGH EARLY-WARNING SIGNAL,WORSENING,Progress behind expected,Long implementation duration,Schedule pressure
400173,MOHANPUR EXPANSION OC -PHASE I,ECL - CIL,West Bengal,2026-06,31.52,100.0,-68.48,143.29,-83.88170845566317,0.22248070490787034,MODERATE EARLY-WARNING SIGNAL,STABLE,Progress behind expected,Long implementation duration,Schedule pressure
400174,"New Sinter Plant at BSL, SAIL",Steel Authority of India Limited [SAIL],Jharkhand,2026-06,63.76,88.88888888888889,-25.128888888888888,1014.95,9.26780205220453,0.5994499687600283,VERY HIGH EARLY-WARNING SIGNAL,IMPROVING,Progress behind expected,Long implementation duration,Schedule pressure
400177,AMALGAMATED YEKONA I & YEKONA,WCL - CIL,Maharashtra,2026-06,80.77,100.0,-19.230000000000004,564.25,-22.416400835991638,0.3096144922792107,HIGH EARLY-WARNING SIGNAL,WORSENING,Long implementation duration,Schedule pressure,No thresholded rule warning
400178,DINESH[MAKARDHOKRA-III] OC,WCL - CIL,Maharashtra,2026-06,40.63,89.41176470588235,-48.781764705882345,791.48,6.772369068179486,0.3820575686055493,HIGH EARLY-WARNING SIGNAL,WORSENING,Progress behind expected,Long implementation duration,Schedule pressure
400180,BONJEMEHARI EXPANSION OCP,Eastern Coal Fields Limited [ECL],West Bengal,2026-06,17.13,100.0,-82.87,88.96,-84.39599375559102,0.19179873121277657,MODERATE EARLY-WARNING SIGNAL,STABLE,Progress behind expected,Schedule pressure,No thresholded rule warning
400181,NAKRAKONDA KUMARDIH- B OCP,ECL - CIL,West Bengal,2026-06,28.58,74.01574803149606,-45.43574803149606,88.9,-56.330540742564736,0.29787699156055236,MODERATE EARLY-WARNING SIGNAL,WORSENING,Progress behind expected,Long implementation duration,No thresholded rule warning
400183,BALARAM EXPANSION OCP,Mahanadi Coalfields Limited [MCL],Odisha,2026-06,58.23,67.96116504854369,-9.731165048543694,961.2,-40.53130211224706,0.3628125917861213,HIGH EARLY-WARNING SIGNAL,WORSENING,Long implementation duration,No thresholded rule warning,No thresholded rule warning
400185,GOPALJI KANIHA OCP [10 TO 30 M,MCL - CIL,Odisha,2026-06,35.69,52.63157894736842,-16.94157894736842,1776.83,-31.519531809649333,0.29594842662724674,MODERATE EARLY-WARNING SIGNAL,WORSENING,No thresholded rule warning,No thresholded rule warning,No thresholded rule warning
400186,TILABONI UG,ECL - CIL,West Bengal,2026-06,12.14,55.4054054054054,-43.2654054054054,53.97,-48.20056747087238,0.16647040961746096,MODERATE EARLY-WARNING SIGNAL,WORSENING,Progress behind expected,No thresholded rule warning,No thresholded rule warning
400187,INTEGRATED LAKHANPUR-BELPAHAR-,Mahanadi Coalfields Limited [MCL],Odisha,2026-06,82.5,91.50943396226415,-9.009433962264154,2030.9,-8.096352537066494,0.5376127369334657,VERY HIGH EARLY-WARNING SIGNAL,WORSENING,Long implementation duration,No thresholded rule warning,No thresholded rule warning
400188,Redevelopment of Seven General Pool Residential Accommodation [GPRA] Colonies in Delhi,National Buildings Construction Corporation [NBCC],Delhi,2026-06,46.7,100.0,-53.3,14370.45,-56.25433789954338,0.35434497170308876,HIGH EARLY-WARNING SIGNAL,STABLE,Progress behind expected,Long implementation duration,Schedule pressure
400192,Tubed Coal Mine,Damodar Valley Corporation,Jharkhand,2026-06,36.5,100.0,-63.5,616.91,-60.9797596457938,0.3601888488311856,HIGH EARLY-WARNING SIGNAL,WORSENING,Progress behind expected,Long implementation duration,Schedule pressure
400203,Dharamjaigarh-Korba,Railway,Chhattisgarh,2026-06,43.7,94.87179487179488,-51.17179487179487,792.73,-47.859542615268445,0.32351336604577297,HIGH EARLY-WARNING SIGNAL,WORSENING,Progress behind expected,Long implementation duration,Schedule pressure
400204,Bahraich-Shravasti-Balrampur-Siddharthnagar -Santkabir nagar,North Eastern Railway [NER],Uttar Pradesh,2026-06,13.1,68.09815950920246,-54.99815950920246,1086.23,-46.10871868390255,0.2781858344375312,MODERATE EARLY-WARNING SIGNAL,STABLE,Progress behind expected,Long implementation duration,No thresholded rule warning
400205,Sahjanwa-Dohrighat,North Eastern Railway [NER],Uttar Pradesh,2026-06,4.2,77.08333333333333,-72.88333333333333,544.89,-35.79596830207741,0.2531502279415238,MODERATE EARLY-WARNING SIGNAL,STABLE,Progress behind expected,Long implementation duration,No thresholded rule warning
400220,Kharsia-Dharamjaygarh with Spur line [East Corridor-Phase 1],Indian Railway Construction International Limited [IRCON],Chhattisgarh,2026-06,95.15,100.0,-4.849999999999994,2790.19,-8.668085106382975,0.4969533811626342,HIGH EARLY-WARNING SIGNAL,STABLE,Long implementation duration,No thresholded rule warning,No thresholded rule warning
400223,Nagapattinam-Tiruturaipundi and Karaikal-Peralam New Line,Ministry of Railways,"Multi-States (Puducherry, Tamil Nadu)",2026-06,81.0,90.81632653061224,-9.816326530612244,645.24,-0.3198328419726977,0.42927759759504547,HIGH EARLY-WARNING SIGNAL,STABLE,Long implementation duration,No thresholded rule warning,No thresholded rule warning
400231,NLC Talabira Thermal Power Project,NLC India Limited,Odisha,2026-06,3.54,39.189189189189186,-35.64918918918919,3518.17,-26.26090060904208,0.2006040586213259,MODERATE EARLY-WARNING SIGNAL,STABLE,Progress behind expected,No thresholded rule warning,No thresholded rule warning
400232,Brundamal-Jharsuguda- flyover connection for joining downline,East Coast Railway [ECoR] - II,Odisha,2026-06,67.0,96.12903225806451,-29.129032258064512,237.83,-16.051591180623433,0.47577480278500267,HIGH EARLY-WARNING SIGNAL,WORSENING,Progress behind expected,Long implementation duration,Schedule pressure
400247,Kalinarayanpur-Krishnanagar Doubling Alongwith Krishnanagar - Chapra New Line And Naihati-Ranaghat 3rd Line.,Eastern Railway [ER] - I,West Bengal,2026-06,76.0,96.86274509803921,-20.862745098039213,1066.85,9.822254901960775,0.4166265697170118,HIGH EARLY-WARNING SIGNAL,STABLE,Progress behind expected,Long implementation duration,Schedule pressure
400253,Vizianagaram - Titlagarh 3rd line [272 Km including By - pass line of 7.68 KM],RVNL - II,"Multi-States (Andhra Pradesh, Odisha)",2026-05,98.0,100.0,-2.0,6233.25,29.778263585259225,0.44474053825119675,HIGH EARLY-WARNING SIGNAL,IMPROVING,Expenditure ahead of progress,Long implementation duration,No thresholded rule warning
400254,Sakri -Hasanpur [via Harnagar - Kusheshwar Asthan] New Railway line,East Central Railway [ECR] - I,Bihar,2026-06,84.2,100.0,-15.799999999999997,589.37,-19.835418933623515,0.22281984813460448,MODERATE EARLY-WARNING SIGNAL,STABLE,Long implementation duration,Schedule pressure,No thresholded rule warning
400261,Patratu Thermal Power Station Expansion Project Phase-I [3x800 MW],National Thermal Power Corporation [NTPC],Jharkhand,2026-06,90.5,100.0,-9.5,19207.59,2.8904542532676203,0.4865255211301769,HIGH EARLY-WARNING SIGNAL,STABLE,Long implementation duration,No thresholded rule warning,No thresholded rule warning
400271,Wardha-Nanded Via Yavatmal New BG Line,Central Railway [CR] - II,Maharashtra,2026-05,50.0,100.0,-50.0,3002.93,-12.832220609579096,0.3583907518274428,HIGH EARLY-WARNING SIGNAL,IMPROVING,Progress behind expected,Long implementation duration,Schedule pressure
400273,Tarakeshwar-Bishnupur New Line [82.47 km],Eastern Railway [ER] - I,West Bengal,2026-06,96.9,100.0,-3.0999999999999943,1390.59,16.95458368376788,0.4177440437137203,HIGH EARLY-WARNING SIGNAL,STABLE,Long implementation duration,No thresholded rule warning,No thresholded rule warning
400275,Tindivanam-Nagari New Line Project [184.5 km],Ministry of Railways,"Multi-States (Andhra Pradesh, Tamil Nadu)",2026-06,16.85,100.0,-83.15,1335.29,-63.225282291379784,0.3315555870821536,HIGH EARLY-WARNING SIGNAL,STABLE,Progress behind expected,Long implementation duration,Schedule pressure
400277,Dum Dum Airport-New Garia via Rajarhat-Construction of Metro Railway,RVNL - II,West Bengal,2026-05,87.0,100.0,-13.0,8733.02,-2.5767514502454247,0.5140637012793848,VERY HIGH EARLY-WARNING SIGNAL,STABLE,Long implementation duration,Schedule pressure,No thresholded rule warning
400280,Phase II extension of MRTS from Velachery to St Thomas Mount,Ministry of Railways,Tamil Nadu,2026-06,99.9,100.0,-0.09999999999999432,486.53,-33.71525885558583,0.2468820300190049,MODERATE EARLY-WARNING SIGNAL,STABLE,Long implementation duration,No thresholded rule warning,No thresholded rule warning
400291,Doubling of Kirandul-Jagdalpur Line [150 km],East Coast Railway [ECoR] - II,Chhattisgarh,2026-06,96.17,100.0,-3.8299999999999983,1691.27,6.436123348017617,0.6276208397292958,VERY HIGH EARLY-WARNING SIGNAL,STABLE,Long implementation duration,No thresholded rule warning,No thresholded rule warning
400298,Nadikudi - Srikalahasti New Line,South Central Railway [SCR] - II,Andhra Pradesh,2026-06,55.02,91.2,-36.18,3119.31,43.718252595155704,0.4517551818142405,HIGH EARLY-WARNING SIGNAL,STABLE,Progress behind expected,Expenditure ahead of progress,Long implementation duration
400299,Pottangi Bauxite Mines Project,National Aluminium Company Limited [NALCO],Odisha,2026-06,52.2,100.0,-47.8,770.23,-44.22664735698769,0.2560548569596464,MODERATE EARLY-WARNING SIGNAL,STABLE,Progress behind expected,Long implementation duration,Schedule pressure
400301,Multi Product Pipeline from Irugur to Devangonthi,"Department of Water Resources, River Development & GR","Multi-States (Karnataka, Tamil Nadu)",2026-06,84.3,100.0,-15.700000000000003,1155.32,70.40117994100294,0.4576240970879823,HIGH EARLY-WARNING SIGNAL,STABLE,Expenditure ahead of progress,Long implementation duration,Schedule pressure
400312,JHANJRA EXPANSION UG,Eastern Coal Fields Limited [ECL],West Bengal,2026-06,52.04,69.1588785046729,-17.1188785046729,633.57,-16.80291380695696,0.3466480336210091,HIGH EARLY-WARNING SIGNAL,STABLE,Long implementation duration,No thresholded rule warning,No thresholded rule warning
400315,SONEPUR BAZARI EXPANSION OCP [,Eastern Coal Fields Limited [ECL],West Bengal,2026-06,18.5,64.1304347826087,-45.6304347826087,628.22,-52.422755893032345,0.27801214467492286,MODERATE EARLY-WARNING SIGNAL,WORSENING,Progress behind expected,No thresholded rule warning,No thresholded rule warning
400321,NIGAHI EXPANSION [15 TO 25 MTP,NCL - CIL,Madhya Pradesh,2026-06,53.73,100.0,-46.27,968.37,-44.01449979186902,0.28308053036134695,MODERATE EARLY-WARNING SIGNAL,STABLE,Progress behind expected,Long implementation duration,Schedule pressure
400352,JHARKHAND-LAIYO OCP,Ministry of Coal,Jharkhand,2026-06,32.45,55.118110236220474,-22.66811023622047,0.43,-55.052448349128376,0.43392895753944816,HIGH EARLY-WARNING SIGNAL,STABLE,Progress behind expected,Long implementation duration,No thresholded rule warning
400353,DHUPTALA OC [SASTI UG TO OC ],WCL - CIL,Maharashtra,2026-06,19.02,72.72727272727273,-53.70727272727274,174.66,-48.162217383466036,0.2612505121047457,MODERATE EARLY-WARNING SIGNAL,WORSENING,Progress behind expected,No thresholded rule warning,No thresholded rule warning
400354,DIPKA EXPANSION OCP [40 MTY],South Eastern Coalfields Limited [SECL],Chhattisgarh,2026-06,39.34,66.66666666666667,-27.326666666666668,2939.33,-10.587565663118,0.38773847187907584,HIGH EARLY-WARNING SIGNAL,WORSENING,Progress behind expected,Long implementation duration,No thresholded rule warning
400369,BINA KAKRI AMALGAMATION EXPANS,NCL - CIL,"Multi-States (Madhya Pradesh, Uttar Pradesh)",2026-06,92.05,100.0,-7.950000000000003,914.9,9.382845938643271,0.3042847457293179,HIGH EARLY-WARNING SIGNAL,STABLE,Long implementation duration,No thresholded rule warning,No thresholded rule warning
400382,Rewas Port Project,Reliance Industries Ltd,Maharashtra,2026-05,88.0,100.0,-12.0,5999.89,-0.0018333333333373503,0.31544708350325956,HIGH EARLY-WARNING SIGNAL,STABLE,Long implementation duration,Schedule pressure,No thresholded rule warning
400392,BHARATPUR RE-ORGANIZATION OCP,Mahanadi Coalfields Limited [MCL],Odisha,2026-06,53.04,73.38709677419355,-20.347096774193552,1713.38,-13.032588274302753,0.4307131611169338,HIGH EARLY-WARNING SIGNAL,STABLE,Progress behind expected,Long implementation duration,No thresholded rule warning
400416,Shivpur-Kathautia New Rail [BG] Line [49 km] [Package II of Tori-Shivpur-Kathautia line],Ministry of Coal,Jharkhand,2026-06,71.0,100.0,-29.0,1713.19,-4.803738525482885,0.47673090928358763,HIGH EARLY-WARNING SIGNAL,STABLE,Progress behind expected,Schedule pressure,No thresholded rule warning
400424,GEVRA OC [70 MTY],SECL - CIL,Chhattisgarh,2026-06,78.48,100.0,-21.519999999999996,6960.23,-41.096865373548624,0.40651866097872197,HIGH EARLY-WARNING SIGNAL,STABLE,Progress behind expected,Long implementation duration,Schedule pressure
400425,MOONIDIH XV SEAM UG,BCCL - CIL,Jharkhand,2026-06,84.02,100.0,-15.980000000000004,796.31,-35.273557836897595,0.44008432288730137,HIGH EARLY-WARNING SIGNAL,WORSENING,Long implementation duration,Schedule pressure,No thresholded rule warning
400426,Expansion of Malanjkhand Copper Project,Hindustan Copper Limited [HCL],Madhya Pradesh,2026-06,26.0,100.0,-74.0,1009.9,-45.597836626516404,0.34265986034326645,HIGH EARLY-WARNING SIGNAL,STABLE,Progress behind expected,Long implementation duration,Schedule pressure
601812,Development of Zaheerabad Node under Hyderabad Nagpur Industrial Corridor,National Industrial Corridor Development Corporation,Telangana,2026-06,3.58,11.11111111111111,-7.531111111111111,42.89,-9.293738229755178,0.0976336106820248,LOW EARLY-WARNING SIGNAL,STABLE,No thresholded rule warning,No thresholded rule warning,No thresholded rule warning
602096,Subansiri Lower HE Project [2000 MW],National Hydroelectric Power Corporation Limited [NHPC],"Multi-States (Arunachal Pradesh, Assam)",2026-06,97.84,100.0,-2.1599999999999966,26379.99,319.7073184701519,0.5232146819090578,VERY HIGH EARLY-WARNING SIGNAL,STABLE,Expenditure ahead of progress,Long implementation duration,No thresholded rule warning
602098,"Construction of Permanent Campus for IIM Jammu Phase-1 at Jagti, Nagrota, Jammu, J&K","Indian Institute of Management, Jammu",Jammu and Kashmir,2026-06,96.0,100.0,-4.0,484.52,14.023486221259972,0.2338565489422978,MODERATE EARLY-WARNING SIGNAL,STABLE,Long implementation duration,No thresholded rule warning,No thresholded rule warning
602099,Establishment of Permanent campus Phase 1 of IIM Sirmaur,"Indian Institute of Management, Sirmaur",Himachal Pradesh,2026-06,98.3,100.0,-1.7000000000000028,338.83,-13.676084685740491,0.2895456155821566,MODERATE EARLY-WARNING SIGNAL,STABLE,Long implementation duration,No thresholded rule warning,No thresholded rule warning
602181,"TEESTA-VI HE PROJECT, SIKKIM [500 MW], executed by LANCO TEESTA HYDRO POWER LIMITED [A wholly owned Subsidiary of NHPC LTD. acquired through NCLT]",National Hydroelectric Power Corporation Limited [NHPC],Sikkim,2026-06,73.48,100.0,-26.519999999999996,4519.87,-21.366761539585667,0.3437432155397306,HIGH EARLY-WARNING SIGNAL,STABLE,Progress behind expected,Long implementation duration,Schedule pressure
602182,Dibang Multipurpose Project,National Hydroelectric Power Corporation Limited [NHPC],Arunachal Pradesh,2026-06,17.78,37.03703703703704,-19.257037037037037,4749.66,-22.136792686908308,0.1564632077718045,MODERATE EARLY-WARNING SIGNAL,STABLE,No thresholded rule warning,No thresholded rule warning,No thresholded rule warning
602184,Rammam-III HEPP [3x40 MW],National Thermal Power Corporation [NTPC],West Bengal,2026-06,57.1,100.0,-42.9,1617.53,17.056243848781335,0.48346896041348997,HIGH EARLY-WARNING SIGNAL,STABLE,Progress behind expected,Long implementation duration,Schedule pressure
602185,Tapovan-Vishnugad HEP [4x130 MW],National Thermal Power Corporation [NTPC],Uttarakhand,2026-06,75.81,100.0,-24.189999999999998,7766.24,160.78710543989257,0.5957136372076988,VERY HIGH EARLY-WARNING SIGNAL,IMPROVING,Progress behind expected,Expenditure ahead of progress,Long implementation duration
602195,Vishnugad Pipalkoti Hydro Electric Project [444 MW],THDC India Limited,Uttarakhand,2026-06,81.0,100.0,-19.0,5700.11,47.65785485772017,0.5223166246587495,VERY HIGH EARLY-WARNING SIGNAL,STABLE,Expenditure ahead of progress,Long implementation duration,Schedule pressure
602223,Comprehensive Scheme for Strengthening of Transmission and Distribution [T&D] Systems [CSST&DS] in Arunachal Pradesh and Sikkim,Power Grid Corporation of India Limited [POWERGRID],"Multi-States (Arunachal Pradesh, Sikkim)",2026-06,83.8,100.0,-16.200000000000003,8128.74,70.97227422061997,0.4885927552220963,HIGH EARLY-WARNING SIGNAL,STABLE,Expenditure ahead of progress,Long implementation duration,Schedule pressure
602525,"Pakal Dul [Drangdhuran] Hydroelectric Project, 1000 MW",National Hydroelectric Power Corporation Limited [NHPC],Jammu and Kashmir,2026-06,82.05,100.0,-17.950000000000003,9313.54,14.810185253669829,0.39352676285287413,HIGH EARLY-WARNING SIGNAL,STABLE,Long implementation duration,Schedule pressure,No thresholded rule warning
602532,Kiru HE Project,National Hydroelectric Power Corporation Limited [NHPC],Jammu and Kashmir,2026-06,87.0,100.0,-13.0,3948.67,-7.904673721134714,0.36902682642754314,HIGH EARLY-WARNING SIGNAL,STABLE,Long implementation duration,Schedule pressure,No thresholded rule warning
602535,"Ratle HE Project - 850 MW, Ratle Hydroelectric Power Corporation Limited.",National Hydroelectric Power Corporation Limited [NHPC],Jammu and Kashmir,2026-06,31.29,100.0,-68.71000000000001,1639.83,-68.95402068179494,0.27231225093678385,MODERATE EARLY-WARNING SIGNAL,STABLE,Progress behind expected,Schedule pressure,No thresholded rule warning
602538,Installation of FGD for 4x210 & 2x250 MW MTPS U 1-6,Damodar Valley Corporation,West Bengal,2026-06,97.0,100.0,-3.0,1138.42,9.780135004821602,0.4006245145929512,HIGH EARLY-WARNING SIGNAL,WORSENING,Long implementation duration,No thresholded rule warning,No thresholded rule warning
602579,Buxar Thermal Power Project [1320 MW],Satluj Jal Vidyut Nigam [SJVN] Thermal Limited,Bihar,2026-06,94.94,100.0,-5.060000000000002,13606.72,30.34392844587029,0.3914026537667857,HIGH EARLY-WARNING SIGNAL,STABLE,Expenditure ahead of progress,Long implementation duration,No thresholded rule warning
602582,Dhaulasidh Hydro Electric Project [66 MW],Satluj Jal Vidyut Nigam [SJVN] Thermal Limited,Himachal Pradesh,2026-06,79.59,100.0,-20.409999999999997,1159.67,68.56403622250969,0.38692655306430396,HIGH EARLY-WARNING SIGNAL,STABLE,Progress behind expected,Expenditure ahead of progress,Long implementation duration
602593,Luhri Stage-I Hydro Electric Project [210 MW],Satluj Jal Vidyut Nigam [SJVN] Thermal Limited,Himachal Pradesh,2026-06,52.13,100.0,-47.87,1958.25,8.15714475079534,0.3951474255192372,HIGH EARLY-WARNING SIGNAL,STABLE,Progress behind expected,Long implementation duration,Schedule pressure
602792,Gauge Conversion of Kendri-Dhamtari including Abhanpur - Rajim Branch line 67.20 Kms - 2nd Material Modification to Raipur Titlagarh doubling.,SECR,Chhattisgarh,2026-06,100.0,100.0,0.0,448.77,-61.676345004269855,0.19104501322671985,MODERATE EARLY-WARNING SIGNAL,STABLE,Long implementation duration,No thresholded rule warning,No thresholded rule warning
602797,"Sainthia, Sitarampur, Mughalsarai, Allahabad & Etawah - Bypass Line Project",Eastern Railway [ER] - I,"Multi-States (Uttar Pradesh, West Bengal)",2026-06,33.0,91.89189189189189,-58.89189189189189,296.61,-27.64052719212583,0.28066060581445323,MODERATE EARLY-WARNING SIGNAL,STABLE,Progress behind expected,Long implementation duration,Schedule pressure
602961,Talcher Thermal Power Station Stage III [2 x 660 MW] Expansion,National Thermal Power Corporation [NTPC],Odisha,2026-06,53.5,80.35714285714286,-26.85714285714286,6779.45,-23.116404070863176,0.2387868172491372,MODERATE EARLY-WARNING SIGNAL,STABLE,Progress behind expected,Schedule pressure,No thresholded rule warning
603210,Development of Jodhpur Pali Marwar Industrial Area JPMIA in Rajasthan,National Industrial Corridor Development Corporation,Rajasthan,2026-06,4.67,16.666666666666668,-11.996666666666668,0.0,-16.666666666666668,0.07499513652024689,LOW EARLY-WARNING SIGNAL,IMPROVING,No thresholded rule warning,No thresholded rule warning,No thresholded rule warning
603293,Badam Coal Mining project of NTPC,National Thermal Power Corporation [NTPC],Jharkhand,2026-06,67.86,18.120805369127517,49.73919463087248,436.5,68.83138586593225,0.43024623482682034,HIGH EARLY-WARNING SIGNAL,WORSENING,Expenditure ahead of progress,Long implementation duration,No thresholded rule warning
603945,Integrated Anandpur Barrage Project,Water Resources-OR,Odisha,2026-06,62.85,100.0,-37.15,2776.23,389.6090153960108,0.3329628931301512,HIGH EARLY-WARNING SIGNAL,STABLE,Progress behind expected,Expenditure ahead of progress,Long implementation duration
604791,Numaligarh Refinery Expansion Project,Ministry of Petroleum & Natural Gas,Assam,2026-06,86.2,100.0,-13.799999999999997,20127.1,62.761604399158955,0.3139960542989377,HIGH EARLY-WARNING SIGNAL,STABLE,Expenditure ahead of progress,Long implementation duration,Schedule pressure
604795,CBR 9 MMTPA Project,Chennai Petroleum Corporation Limited [CPCL],Tamil Nadu,2026-06,10.2,100.0,-89.8,1590.07,-94.96494616846105,0.2369980651281323,MODERATE EARLY-WARNING SIGNAL,STABLE,Progress behind expected,Schedule pressure,No thresholded rule warning
604833,"Andheri Residential Towers, Mumbai",Ministry of Petroleum & Natural Gas,Maharashtra,2026-06,83.0,100.0,-17.0,279.72,-0.579349564599255,0.28655664744271464,MODERATE EARLY-WARNING SIGNAL,STABLE,Long implementation duration,Schedule pressure,No thresholded rule warning
604852,"Grass-root Terminal at Mirzapur, Uttar Pradesh",Ministry of Petroleum & Natural Gas,Uttar Pradesh,2026-06,76.5,90.0,-13.5,295.55,-59.85567851496762,0.15467849594100422,MODERATE EARLY-WARNING SIGNAL,WORSENING,Schedule pressure,No thresholded rule warning,No thresholded rule warning
604853,"Indian Oil Technology Development and Deployment Centre at R&D Campus-II, Faridabad",Ministry of Petroleum & Natural Gas,Haryana,2026-06,65.3,100.0,-34.7,1921.56,-15.792702700333933,0.3533220841838563,HIGH EARLY-WARNING SIGNAL,STABLE,Progress behind expected,Long implementation duration,Schedule pressure
604859,Integrated Para Xylene [PX] and Purified Terephthalic Acid [PTA] Project at Paradip Refinery,Ministry of Petroleum & Natural Gas,Odisha,2026-06,94.6,100.0,-5.400000000000006,70820.19,413.00391162622236,0.37053878296553977,HIGH EARLY-WARNING SIGNAL,STABLE,Expenditure ahead of progress,Long implementation duration,No thresholded rule warning
604863,Development of Surface Facilities for production and evacuation of Crude Oil and Natural Gas from Nadua and East Khagorija,Ministry of Petroleum & Natural Gas,Assam,2026-06,94.4,100.0,-5.599999999999994,599.83,-12.164299311758668,0.24138741815410195,MODERATE EARLY-WARNING SIGNAL,STABLE,Long implementation duration,No thresholded rule warning,No thresholded rule warning
605155,Kwar HE Project,National Hydroelectric Power Corporation Limited [NHPC],Jammu and Kashmir,2026-06,36.52,89.58333333333333,-53.063333333333325,1701.47,-51.99109097122185,0.23828092630192502,MODERATE EARLY-WARNING SIGNAL,STABLE,Progress behind expected,Schedule pressure,No thresholded rule warning
605156,Rangit-IV HE Project [120 MW] executed by Jal Power Corporation Ltd. [JPCL] - A wholly owned subsidiary of NHPC Ltd. acquired through NCLT,National Hydroelectric Power Corporation Limited [NHPC],Sikkim,2026-06,97.34,100.0,-2.6599999999999966,1691.2,80.24278208229865,0.40289459182660636,HIGH EARLY-WARNING SIGNAL,STABLE,Expenditure ahead of progress,No thresholded rule warning,No thresholded rule warning
605292,"Construction of Permanent Campus of Indian Institute of Management [IIM] Amritsar, Punjab, Phase-I","Indian intitue of Management, Amritsar",Punjab,2026-06,91.7,100.0,-8.299999999999997,293.24,-15.810628463150636,0.2175392982095769,MODERATE EARLY-WARNING SIGNAL,STABLE,Long implementation duration,No thresholded rule warning,No thresholded rule warning
606013,Additional Campus of NITPatna,NIT Patna,Bihar,2026-06,98.6,100.0,-1.4000000000000057,449.96,-9.865587628452957,0.15451190666600503,MODERATE EARLY-WARNING SIGNAL,STABLE,No thresholded rule warning,No thresholded rule warning,No thresholded rule warning
606112,Tezpur University Projects,Tezpur University,Assam,2026-06,97.97,100.0,-2.030000000000001,137.84,-10.324637304014061,0.22278130296641527,MODERATE EARLY-WARNING SIGNAL,STABLE,Long implementation duration,No thresholded rule warning,No thresholded rule warning
606431,CONSTRUCTION OF PERMANENT CAMPUS FOR IIT PALAKKAD UNDER PHASE 1A,INDIAN INSTITUTE OF TECHNOLOGY PALAKKAD,Kerala,2026-06,86.5,100.0,-13.5,686.2,-31.819762531670733,0.18963565876849284,MODERATE EARLY-WARNING SIGNAL,STABLE,Long implementation duration,Schedule pressure,No thresholded rule warning
606479,Banaras Hindu University [ Kayakalp of Institute of Medical Sciences],Banaras Hindu University,Uttar Pradesh,2026-06,99.0,100.0,-1.0,209.68,-14.764227642276424,0.2626857346804054,MODERATE EARLY-WARNING SIGNAL,STABLE,Long implementation duration,No thresholded rule warning,No thresholded rule warning
607653,Ludhiana Mullanpur 21Km Doubling Railway project,CAO/C/NR,Punjab,2026-06,99.0,100.0,-1.0,61.39,-73.85211687537269,0.16794575136287057,MODERATE EARLY-WARNING SIGNAL,IMPROVING,No thresholded rule warning,No thresholded rule warning,No thresholded rule warning
607709,NORTH EASTERN REGION POWER SYSTEM IMPROVEMENT PROJECT [NERPSIP],Power Grid Corporation of India Limited [POWERGRID],"Multi-States (Assam, Manipur, Meghalaya, Mizoram, Nagaland, Tripura)",2026-06,99.1,100.0,-0.9000000000000057,5577.75,9.125217898276972,0.35635386423939847,HIGH EARLY-WARNING SIGNAL,STABLE,Long implementation duration,No thresholded rule warning,No thresholded rule warning
609019,"HEFA projects on development of student hostels, playgrounds, departmental buildings, class room complex and other campus facilities in IIT Kharagpur","Indian Institute of Technology, Kharagpur",West Bengal,2026-06,97.0,100.0,-3.0,418.86,-16.227999999999994,0.24060794102881095,MODERATE EARLY-WARNING SIGNAL,STABLE,Long implementation duration,No thresholded rule warning,No thresholded rule warning
609424,"Development of Container Terminal at Tuna-Tekra, Deendayal Port on BOT Basis Under PPP Mode",Deendayal Port Trust,Gujarat,2026-06,60.0,75.0,-15.0,2481.0,-16.536039814875913,0.21773024276216935,MODERATE EARLY-WARNING SIGNAL,STABLE,No thresholded rule warning,No thresholded rule warning,No thresholded rule warning
609736,"Construction of Sikkim University Campus Phase-I Package-II at Yangang, South Sikkim",Sikkim University,Sikkim,2026-06,96.0,100.0,-4.0,292.0,-7.024135515506586,0.2577058583955145,MODERATE EARLY-WARNING SIGNAL,STABLE,No thresholded rule warning,No thresholded rule warning,No thresholded rule warning
609996,Construction of Precast housing and hostels at IIT Hyderabad,"Indian Institute of Technology, Hyderabad",Telangana,2026-06,89.11,100.0,-10.89,216.1,-17.519083969465655,0.12803880195007597,MODERATE EARLY-WARNING SIGNAL,STABLE,Schedule pressure,No thresholded rule warning,No thresholded rule warning
610315,IISER BERHAMPUR,"Indian Institutes of Science Education and Research, Behrampur",Odisha,2026-06,98.5,100.0,-1.5,874.09,-28.896463085282917,0.18570387784435782,MODERATE EARLY-WARNING SIGNAL,STABLE,Long implementation duration,No thresholded rule warning,No thresholded rule warning
610984,Development of Jharia CBM Block [Phase-1],Oil and Natural Gas Corporation Limited [ONGC],Jharkhand,2026-06,66.1,100.0,-33.900000000000006,267.59,-37.91415313225059,0.3515237912432165,HIGH EARLY-WARNING SIGNAL,WORSENING,Progress behind expected,Long implementation duration,Schedule pressure
611047,"Construction of NTB complex including apron, taxi track and other associated civil works and electrical & mechanical installations towards Tawi River side at CA Jammu.",Airport Authority of India [AAI],Jammu and Kashmir,2026-06,55.35,100.0,-44.65,353.54,-58.95608159095394,0.16159836186208115,MODERATE EARLY-WARNING SIGNAL,STABLE,Progress behind expected,Schedule pressure,No thresholded rule warning
611452,MUMBAI CENTRAL VIRAR VADODARA AHMEDABAAD TRAIN PROTECTION SYSTEM 500 RKM,Western Railway,"Multi-States (Gujarat, Maharashtra)",2026-05,93.0,100.0,-7.0,263.42,-15.299035369774913,0.20257799548305205,MODERATE EARLY-WARNING SIGNAL,STABLE,No thresholded rule warning,No thresholded rule warning,No thresholded rule warning
611495,Development of New Civil Enclave at Bagdogra Airport,Airport Authority of India [AAI],West Bengal,2026-06,39.68,70.0,-30.32,507.8,-37.21755971594577,0.19209750367248352,MODERATE EARLY-WARNING SIGNAL,STABLE,Progress behind expected,No thresholded rule warning,No thresholded rule warning
611509,"Koderma Thermal Power Station Phase II [2X800 MW] At Koderma, Jharkhand",Damodar Valley Corporation,Jharkhand,2026-06,13.5,36.53846153846154,-23.03846153846154,2114.29,-21.812942663966485,0.12754256376570902,MODERATE EARLY-WARNING SIGNAL,STABLE,Progress behind expected,No thresholded rule warning,No thresholded rule warning
611570,"SITC of ATM Automation System and ASMGCS [Including SMR & MLAT] for Mumbai, Navi Mumbai, Jewar [earlier MOPA, without ASMGCS], HIAL & BIAL",Airport Authority of India [AAI],"Multi-States (Karnataka, Maharashtra, Telangana, Uttar Pradesh)",2026-06,80.0,100.0,-20.0,398.75,-20.326486572890033,0.19364820685494416,MODERATE EARLY-WARNING SIGNAL,STABLE,Schedule pressure,No thresholded rule warning,No thresholded rule warning
611586,Sunni Dam Hydro Electric Project [382 MW],Satluj Jal Vidyut Nigam [SJVN] Thermal Limited,Himachal Pradesh,2026-06,34.58,65.07936507936508,-30.499365079365077,1115.87,-22.399474774872083,0.20915225220052605,MODERATE EARLY-WARNING SIGNAL,WORSENING,Progress behind expected,No thresholded rule warning,No thresholded rule warning
611602,"Modernization of Chennai Airport, Phase II, Part 2",Airport Authority of India [AAI],Tamil Nadu,2026-06,43.5,100.0,-56.5,314.15,-73.97265948632975,0.20627436495735638,MODERATE EARLY-WARNING SIGNAL,STABLE,Progress behind expected,Schedule pressure,No thresholded rule warning
611669,NER Provision of Automatic Block Signalling on Gorakhpur Cantt[Excl] Chhapra Gramin & Burhwal Jn [Excl] Sitapur Jn section of high density routes,North Eastern Railway [NER],"Multi-States (Bihar, Uttar Pradesh)",2026-06,25.0,80.0,-55.0,258.65,-12.018293163718567,0.2163352776016102,MODERATE EARLY-WARNING SIGNAL,WORSENING,Progress behind expected,Schedule pressure,No thresholded rule warning
611698,240MW Heo HE Project,North Eastern Electric Power Corporation Limited,Arunachal Pradesh,2026-06,6.33,26.0,-19.67,105.5,-20.558630115790287,0.09034874491173653,LOW EARLY-WARNING SIGNAL,STABLE,No thresholded rule warning,No thresholded rule warning,No thresholded rule warning
611699,186 MW Tato-I H E Project,North Eastern Electric Power Corporation Limited,Arunachal Pradesh,2026-06,5.1,26.0,-20.9,78.38,-21.521322004262686,0.09622456865318199,LOW EARLY-WARNING SIGNAL,STABLE,Progress behind expected,No thresholded rule warning,No thresholded rule warning
611716,700 MW Tato-II HE Project,North Eastern Electric Power Corporation Limited,Arunachal Pradesh,2026-06,6.54,12.5,-5.96,253.97,-9.382353879902434,0.10258265371298338,MODERATE EARLY-WARNING SIGNAL,STABLE,No thresholded rule warning,No thresholded rule warning,No thresholded rule warning
611735,Transmission system for evacuation of power from REZ in Rajasthan 20GW under Phase-III Part J,Power Grid Corporation of India Limited [POWERGRID],"Multi-States (Delhi, Rajasthan)",2026-06,67.5,100.0,-32.5,227.16,-31.37160120845921,0.21124091177033769,MODERATE EARLY-WARNING SIGNAL,WORSENING,Progress behind expected,Schedule pressure,No thresholded rule warning
611751,AURANGABAD-ANKAI - DOUBLING PROJECT 98.25 Km,South Central Railway [SCR] - II,Maharashtra,2026-06,2.03,80.43478260869566,-78.40478260869565,1375.55,62.756215059525545,0.2682551557049653,MODERATE EARLY-WARNING SIGNAL,STABLE,Progress behind expected,Expenditure ahead of progress,Schedule pressure
611752,GOOTY-PENDEKALLU DOUBLING 29.225 Km,South Central Railway [SCR] - II,Andhra Pradesh,2026-04,3.03,75.55555555555556,-72.52555555555556,330.25,18.310800354969416,0.26191099947201724,MODERATE EARLY-WARNING SIGNAL,,Progress behind expected,No thresholded rule warning,No thresholded rule warning
611754,GUNTAKAL WEST-MALLAPPA GATE RAIL OVER RAIL - ROR TRACK,South Central Railway [SCR] - II,Andhra Pradesh,2026-06,0.24,97.22222222222223,-96.98222222222223,272.72,-4.238928666136303,0.14160682092557825,MODERATE EARLY-WARNING SIGNAL,STABLE,Progress behind expected,Schedule pressure,No thresholded rule warning
611855,Devgarh Madariya - Nathdwara Gauge Conversion [82.54 Km] part of Marwar - Mavli Gauge Conversion [152 Km],North Western Railway [NWR],Rajasthan,2026-06,73.0,85.41666666666667,-12.416666666666671,745.15,-8.511452613906897,0.16879072134874684,MODERATE EARLY-WARNING SIGNAL,STABLE,Schedule pressure,No thresholded rule warning,No thresholded rule warning
611861,Rewari - Kathuwas Doubling Project [27.72 Km],North Western Railway [NWR],"Multi-States (Haryana, Rajasthan)",2026-05,80.0,75.92592592592592,4.074074074074076,325.79,16.628051346801357,0.17293180504996092,MODERATE EARLY-WARNING SIGNAL,IMPROVING,No thresholded rule warning,No thresholded rule warning,No thresholded rule warning
611864,AMALAGAMATED NTST KUJAMA OCP 8.5MTY,Bharat Coking Coal Limited (BCCL),Jharkhand,2026-06,30.92,47.674418604651166,-16.754418604651164,414.97,-37.33081154057848,0.17857026080587,MODERATE EARLY-WARNING SIGNAL,WORSENING,No thresholded rule warning,No thresholded rule warning,No thresholded rule warning
611884,Bhiwani - Dobh Bahali Doubling Project [42.30 Km],North Western Railway [NWR],Haryana,2026-06,73.0,66.66666666666667,6.333333333333329,273.41,-8.617834394904456,0.17018145255144898,MODERATE EARLY-WARNING SIGNAL,STABLE,No thresholded rule warning,No thresholded rule warning,No thresholded rule warning
611917,Poly Butadiene Rubber plant at Panipat,Indian Oil Corporation Limited [IOCL],Haryana,2026-06,88.7,100.0,-11.299999999999997,1643.7,12.659355723098017,0.30802205887069645,HIGH EARLY-WARNING SIGNAL,STABLE,Schedule pressure,No thresholded rule warning,No thresholded rule warning
611918,Kosamba Umarpada 70 Km,PCE/WR,Gujarat,2026-06,9.0,83.92857142857143,-74.92857142857143,44.62,-74.3943833943834,0.19528928721828376,MODERATE EARLY-WARNING SIGNAL,STABLE,Progress behind expected,Schedule pressure,No thresholded rule warning
611927,Kurnool - Setting up facilities for coach midlife rehabilitation workshop,WPO/Patna,Andhra Pradesh,2026-06,65.0,100.0,-35.0,276.66,-50.65986588671707,0.27636863564352976,MODERATE EARLY-WARNING SIGNAL,STABLE,Progress behind expected,Long implementation duration,Schedule pressure
611929,Maintenance cum workshop depot for Vande Bharat Sleeper Trains as per conditions under WTA 527,WPO/Patna,Rajasthan,2026-06,0.0,100.0,-100.0,0.0,-100.0,0.14943155922635196,MODERATE EARLY-WARNING SIGNAL,STABLE,Progress behind expected,Schedule pressure,No thresholded rule warning
611930,Lara Super Thermal Power Project Stage-II [2 x 800 MW],National Thermal Power Corporation [NTPC],Chhattisgarh,2026-06,32.3,58.62068965517241,-26.320689655172416,5279.03,-24.628223460710082,0.16830201939788278,MODERATE EARLY-WARNING SIGNAL,STABLE,Progress behind expected,No thresholded rule warning,No thresholded rule warning
611943,New Broad Gauge line between Naliya to Jakhau Port,Western Railway [WR] - II,Gujarat,2026-06,5.0,67.79661016949153,-62.79661016949153,11.3,-65.0422592700619,0.1411634763609449,MODERATE EARLY-WARNING SIGNAL,STABLE,Progress behind expected,No thresholded rule warning,No thresholded rule warning
611945,Petlad Bhadran 23 Kms,CAOCWR WR mor,Gujarat,2026-06,17.0,51.041666666666664,-34.041666666666664,18.9,-44.88751994399401,0.18920100090830297,MODERATE EARLY-WARNING SIGNAL,WORSENING,Progress behind expected,No thresholded rule warning,No thresholded rule warning
611948,Transmission system for evacuation of power from REZ in Rajasthan 20 GW under Phase-III part H,Power Grid Corporation of India Limited [POWERGRID],Rajasthan,2026-04,98.33,100.0,-1.6700000000000017,1851.81,-3.0465968586387504,0.19787486198215207,MODERATE EARLY-WARNING SIGNAL,,No thresholded rule warning,No thresholded rule warning,No thresholded rule warning
611949,Transmission system for evacuation of power from REZ in Rajasthan 20 GW under Phase-III part C1,Power Grid Corporation of India Limited [POWERGRID],Rajasthan,2026-06,99.67,100.0,-0.3299999999999983,1148.4,-0.9999999999999858,0.21252540914737886,MODERATE EARLY-WARNING SIGNAL,STABLE,No thresholded rule warning,No thresholded rule warning,No thresholded rule warning
611957,"Phase III A works at IIT Indore [03 Hostels, 01 Studio Apartment, 01 Housing, Heavy & Sophisticated lab complex, Academic POD and Infrastructure for center of excellence]","Indian Institute of Technology, Indore",Madhya Pradesh,2026-06,65.0,76.47058823529412,-11.470588235294116,97.35,-56.85464562225309,0.22465292924591207,MODERATE EARLY-WARNING SIGNAL,WORSENING,No thresholded rule warning,No thresholded rule warning,No thresholded rule warning
611961,Construction of IIT Bhubaneswar -Phase III,"Indian Institute of Technology, Bhubaneshwar",Odisha,2026-06,9.2,83.33333333333333,-74.13333333333333,101.36,-61.02061182409874,0.15515831034162567,MODERATE EARLY-WARNING SIGNAL,STABLE,Progress behind expected,Schedule pressure,No thresholded rule warning
611963,"Construction & Development of Infrastructural Facilities in the main campus of NIT Uttarakhand at Sumari, Pauri Garhwal",National Institute of Technology Uttarakhand,Uttarakhand,2026-06,62.0,63.41463414634146,-1.414634146341463,391.87,-3.2056766292484298,0.2348933130663751,MODERATE EARLY-WARNING SIGNAL,WORSENING,No thresholded rule warning,No thresholded rule warning,No thresholded rule warning
611966,Transmission System for Evacuation of power from Potential RE Zone in Khavda Area of Gujarat under phase IV 7GW-Part E4,Power Grid Corporation of India Limited [POWERGRID],Maharashtra,2026-05,99.6,100.0,-0.4000000000000057,215.43,-4.001604206586151,0.18296416501110757,MODERATE EARLY-WARNING SIGNAL,STABLE,No thresholded rule warning,No thresholded rule warning,No thresholded rule warning
611967,Transmission Scheme for Solar Energy Zone in Ananthpuram 2500MW and Kurnool 1000MW,Power Grid Corporation of India Limited [POWERGRID],Andhra Pradesh,2026-04,98.34,100.0,-1.6599999999999966,798.31,-3.0,0.15335872390583652,MODERATE EARLY-WARNING SIGNAL,,No thresholded rule warning,No thresholded rule warning,No thresholded rule warning
611970,Samlaya Timba Road 54 km,PCE/WR,Gujarat,2026-06,12.0,47.05882352941177,-35.05882352941177,47.46,-39.97703831073591,0.12198992697781239,MODERATE EARLY-WARNING SIGNAL,STABLE,Progress behind expected,No thresholded rule warning,No thresholded rule warning
611971,Samni Jambusar 24 km,PCE/WR,Gujarat,2026-06,31.0,52.12765957446808,-21.127659574468083,80.49,-29.13051671732523,0.20160922091403335,MODERATE EARLY-WARNING SIGNAL,WORSENING,Progress behind expected,No thresholded rule warning,No thresholded rule warning
611974,Western Railway Samakhiali Gandhidham Quadrupiling 53 Kms,Western Railway [WR] - II,Gujarat,2026-06,45.0,85.0,-40.0,582.1,-44.29370629370629,0.14232082073575938,MODERATE EARLY-WARNING SIGNAL,IMPROVING,Progress behind expected,Schedule pressure,No thresholded rule warning
611977,Dahod Creation of Infrastructure facilities for 9000 HP Electric locomotives Manufacturing at,PCE/WR,Gujarat,2026-05,53.0,100.0,-47.0,222.88,-54.234086242299796,0.13258506722500735,MODERATE EARLY-WARNING SIGNAL,IMPROVING,Progress behind expected,Schedule pressure,No thresholded rule warning
611978,Dahod Rolling Stock Workshop Provision of Infrastructure for CBS at,PCE/WR,Gujarat,2026-05,10.0,100.0,-90.0,51.87,-67.17088607594937,0.13380030134419352,MODERATE EARLY-WARNING SIGNAL,STABLE,Progress behind expected,Schedule pressure,No thresholded rule warning
611979,Sabarmati Setting up of Maintenance Facilities for Train Sets Phase ii,Western Railway [WR] - II,Gujarat,2026-05,88.0,100.0,-12.0,185.02,-25.992000000000004,0.1242105539842552,MODERATE EARLY-WARNING SIGNAL,STABLE,Schedule pressure,No thresholded rule warning,No thresholded rule warning
612066,Jaipur Metro Phase 1C from Badi Chaupar to Transport Nagar via Ramganj,Jaipur Metro Rail Corporation,Rajasthan,2026-06,0.0,76.74418604651163,-76.74418604651163,103.03,-66.23177889607493,0.17023682074816474,MODERATE EARLY-WARNING SIGNAL,IMPROVING,Progress behind expected,No thresholded rule warning,No thresholded rule warning
612068,Jaipur Metro Phase 1D Project from Mansarovar to Ajmer Road Chauraha,Jaipur Metro Rail Corporation,Rajasthan,2026-06,12.48,100.0,-87.52,23.34,-88.60407206679362,0.12362417544290638,MODERATE EARLY-WARNING SIGNAL,IMPROVING,Progress behind expected,Schedule pressure,No thresholded rule warning
612072,4th LINE BETWEEN BAREJADI NANDEJ-SANAND-AHMEDABAD BYPASS,Western Railway WR - II,Gujarat,2026-06,22.0,81.63265306122449,-59.63265306122449,524.6,-27.08171562946515,0.1661137828041995,MODERATE EARLY-WARNING SIGNAL,STABLE,Progress behind expected,Schedule pressure,No thresholded rule warning
612096,Construction of Balurghat-Hilli new BG Line,Northeast Frontier Railway [NFR],West Bengal,2026-06,18.0,95.38461538461539,-77.38461538461539,518.15,-52.52688172043011,0.2843412840925508,MODERATE EARLY-WARNING SIGNAL,STABLE,Progress behind expected,Long implementation duration,Schedule pressure
612128,Hostel blocks & dining hall block,"Indian Institute of Technology, Mandi",Himachal Pradesh,2026-06,84.0,100.0,-16.0,122.26,-26.641065642625705,0.10664335313420206,MODERATE EARLY-WARNING SIGNAL,STABLE,Schedule pressure,No thresholded rule warning,No thresholded rule warning
612132,Transmission Scheme for Evacuation of power from REZ in Rajasthan [20 GW] under Phase-III Part D Phase I [Sikar Khetri Transmission Ltd],Power Grid Corporation of India Limited [POWERGRID],"Multi-States (Delhi, Rajasthan)",2026-06,90.51,100.0,-9.489999999999995,2223.59,-8.229880313660757,0.24725771985223535,MODERATE EARLY-WARNING SIGNAL,STABLE,No thresholded rule warning,No thresholded rule warning,No thresholded rule warning
612133,Transmission System for Evacuation of power from Rajasthan REZ Ph-IV [Part-1] [Bikaner Complex] Part D [Neemrana Bareilly Transmission Ltd],Power Grid Corporation of India Limited [POWERGRID],"Multi-States (Rajasthan, Uttar Pradesh)",2026-06,73.17,100.0,-26.83,2731.29,-16.499847141546923,0.16192859981790106,MODERATE EARLY-WARNING SIGNAL,STABLE,Progress behind expected,Schedule pressure,No thresholded rule warning
612134,Transmission System for Evacuation of power from Rajasthan REZ Ph-IV [Part-1] [Bikaner Complex] Part A [Bikaner Neemrana Transmission Ltd],Power Grid Corporation of India Limited [POWERGRID],Rajasthan,2026-06,77.65,100.0,-22.349999999999994,3887.62,-18.0,0.19356283849524988,MODERATE EARLY-WARNING SIGNAL,WORSENING,Progress behind expected,Schedule pressure,No thresholded rule warning
612138,"Transmission Scheme for Solar Energy Zone in Bidar [2500 MW], Karnataka [Bidar Transmission Ltd]",Power Grid Corporation of India Limited [POWERGRID],"Multi-States (Karnataka, Telangana)",2026-06,93.76,100.0,-6.239999999999995,1231.2,-10.0,0.2267178058349669,MODERATE EARLY-WARNING SIGNAL,STABLE,No thresholded rule warning,No thresholded rule warning,No thresholded rule warning
612139,Transmission system for Evacuation of Additional 7 GW RE power from Khavda RE park under Phase-III Part B [Vataman Transmission Limited],Power Grid Corporation of India Limited [POWERGRID],Gujarat,2026-06,70.87,100.0,-29.129999999999995,3175.78,-24.940203261640278,0.19200439418731366,MODERATE EARLY-WARNING SIGNAL,STABLE,Progress behind expected,Schedule pressure,No thresholded rule warning
612140,Transmission Scheme for Integration of Renewable Energy Zone [Phase II] in Koppal II [Phase A&B] and gadag II[Phase A] in Karnataka [POWERGRID KOPPAL GADAG TRANSMISSION LIMITED],Power Grid Corporation of India Limited [POWERGRID],Karnataka,2026-06,92.35,100.0,-7.650000000000006,3958.72,-10.939932508436442,0.2386627869290398,MODERATE EARLY-WARNING SIGNAL,WORSENING,No thresholded rule warning,No thresholded rule warning,No thresholded rule warning
612142,"Singrauli Super Thermal Power Project, Stage-III [2x800 MW]",National Thermal Power Corporation [NTPC],Uttar Pradesh,2026-06,23.8,38.028169014084504,-14.228169014084504,3646.01,-16.824272532549173,0.15607797670624404,MODERATE EARLY-WARNING SIGNAL,STABLE,No thresholded rule warning,No thresholded rule warning,No thresholded rule warning
612167,"Construction of 350 beds + 50 Super Specialty beds ESIC Hospital Sheelanagar, Visakhapatnam, Andhra Pradesh",Employee's State Insurance Company [ESIC],Andhra Pradesh,2026-06,94.0,100.0,-6.0,253.37,-34.06459000182163,0.12419980628054512,MODERATE EARLY-WARNING SIGNAL,STABLE,No thresholded rule warning,No thresholded rule warning,No thresholded rule warning
612183,Development of New Civil Enclave at Bihta,Airport Authority of India [AAI],Bihar,2026-06,2.86,60.869565217391305,-58.009565217391305,9.56,-60.1929905535555,0.12910295481289832,MODERATE EARLY-WARNING SIGNAL,STABLE,Progress behind expected,No thresholded rule warning,No thresholded rule warning
612186,350 Bedded [Upgradable to 500 beds] ESI Hospital at Sanand,Employee's State Insurance Company [ESIC],Gujarat,2026-06,21.5,100.0,-78.5,55.81,-90.00035834587544,0.1250431691308519,MODERATE EARLY-WARNING SIGNAL,STABLE,Progress behind expected,Schedule pressure,No thresholded rule warning
612194,Development of New Civil Enclave and associated works at Darbhanga Airport,Airport Authority of India [AAI],Bihar,2026-06,69.8,95.83333333333333,-26.03333333333333,400.62,-51.88931911750725,0.15374335372444475,MODERATE EARLY-WARNING SIGNAL,STABLE,Progress behind expected,Schedule pressure,No thresholded rule warning
612211,"Demolition, Construction and upgradation of ESI Hospital, Kalol, Gujarat from 50 beds to 150 beds.",Employee's State Insurance Company [ESIC],Gujarat,2026-06,50.0,100.0,-50.0,51.74,-74.86763491523777,0.13767564721080006,MODERATE EARLY-WARNING SIGNAL,STABLE,Progress behind expected,Schedule pressure,No thresholded rule warning
612213,"Construction of 200 Bedded ESIC Hospital at Butibori, Nagpur, Maharashtra.",Employee's State Insurance Company [ESIC],Maharashtra,2026-06,67.0,100.0,-33.0,114.39,-41.317395988303495,0.2349056293498866,MODERATE EARLY-WARNING SIGNAL,STABLE,Progress behind expected,Schedule pressure,No thresholded rule warning
612259,CONSTRUCTION OF 300 BEDDED HOSPITAL AT HARIDWAR,Employee's State Insurance Company [ESIC],Uttarakhand,2026-06,89.0,100.0,-11.0,340.3,232.32421875,0.20722443455622921,MODERATE EARLY-WARNING SIGNAL,STABLE,Expenditure ahead of progress,Schedule pressure,No thresholded rule warning
612513,"Construction of 100 Bedded ESI Hospital at Duburi, Odisha.",Employee's State Insurance Company [ESIC],Odisha,2026-06,7.2,57.142857142857146,-49.94285714285714,16.44,-47.1550078111439,0.17053168923501158,MODERATE EARLY-WARNING SIGNAL,STABLE,Progress behind expected,No thresholded rule warning,No thresholded rule warning
612745,"Construction of 200 bed ESI Hospital at Bommasandra, Karnataka",Employee's State Insurance Company [ESIC],Karnataka,2026-06,34.0,74.07407407407408,-40.074074074074076,80.52,-45.11004529709566,0.25414704544001493,MODERATE EARLY-WARNING SIGNAL,WORSENING,Progress behind expected,No thresholded rule warning,No thresholded rule warning
612748,"Construction of 100 bed ESI Hospital and Staff Quarters [32 Nos.] at Harohalli, Karnataka",Employee's State Insurance Company [ESIC],Karnataka,2026-06,25.9,65.21739130434783,-39.31739130434783,31.05,-44.64357736318695,0.1694490566030427,MODERATE EARLY-WARNING SIGNAL,STABLE,Progress behind expected,No thresholded rule warning,No thresholded rule warning
612781,Rebuilding of COB 4 at Durgapur Steel Plant,Steel Authority of India Limited [SAIL],West Bengal,2026-06,35.36,84.61538461538461,-49.255384615384614,234.05,-59.085813725967306,0.22985325630410836,MODERATE EARLY-WARNING SIGNAL,STABLE,Progress behind expected,Schedule pressure,No thresholded rule warning
612786,"Construction of New Domestic Terminal Building Building and miscellaneous works including maintenance, operations and AICMC at Kadapa Airport",Airport Authority of India [AAI],Andhra Pradesh,2026-06,75.0,100.0,-25.0,153.62,-42.228573577526234,0.14107051845524454,MODERATE EARLY-WARNING SIGNAL,STABLE,Progress behind expected,Schedule pressure,No thresholded rule warning
612787,Construction of New Domestic Terminal Building and Miscellaneous works at Hubli Airport,Airport Authority of India [AAI],Karnataka,2026-06,85.0,100.0,-15.0,160.21,-50.00780104221924,0.1335420829952449,MODERATE EARLY-WARNING SIGNAL,STABLE,Schedule pressure,No thresholded rule warning,No thresholded rule warning
612788,Construction of New Domestic Terminal Building and Miscellaneous Works at Belagavi Airport.,Airport Authority of India [AAI],Karnataka,2026-06,95.0,100.0,-5.0,220.72,-31.549077376337408,0.11932280672997067,MODERATE EARLY-WARNING SIGNAL,STABLE,No thresholded rule warning,No thresholded rule warning,No thresholded rule warning
612789,"Development of additional RESA on either end on Runway 10-28 at Calicut Airport. Construction of embankment with slope protection, drainage system and associated works for additional RESA on either end on Runway 10-28",Airport Authority of India [AAI],Kerala,2026-06,64.5,100.0,-35.5,227.5,-53.05115875931238,0.1640954121375225,MODERATE EARLY-WARNING SIGNAL,STABLE,Progress behind expected,Schedule pressure,No thresholded rule warning
612790,Power System Upgradation Project,MinistryofPetroleumNaturalGas,Karnataka,2026-06,88.7,100.0,-11.299999999999997,268.2,-30.337662337662337,0.10532179749121627,MODERATE EARLY-WARNING SIGNAL,STABLE,Schedule pressure,No thresholded rule warning,No thresholded rule warning
612791,"Re-Construction of Rigid portions of Secondary Runway, K and A Taxiway and Strengthening of C Taxiway at NSCBI Airport Kolkata.",Airport Authority of India [AAI],West Bengal,2026-06,71.4,100.0,-28.599999999999994,148.75,-54.6908315565032,0.1760823425229243,MODERATE EARLY-WARNING SIGNAL,STABLE,Progress behind expected,Schedule pressure,No thresholded rule warning
612793,"Widening of basic strip at Western Side of Runway Chainage 80m to 920m i/c slope stabilization Measures [Balance work] of uphill and Improvement of Storm Water Drainage System at Pakyong Airport, Sikkim on design & build basis [EPC] with integrated 10 years maintenance.",Airport Authority of India [AAI],Sikkim,2026-06,36.12,100.0,-63.88,87.6,-72.90107034585164,0.16898460490218106,MODERATE EARLY-WARNING SIGNAL,STABLE,Progress behind expected,Schedule pressure,No thresholded rule warning
612815,4th line between Nipania Bhatapara 14.4 Km,South East Central Railway [SECR] - II,Chhattisgarh,2026-06,15.0,73.52941176470588,-58.529411764705884,9.98,-67.67569600425072,0.1397141713461591,MODERATE EARLY-WARNING SIGNAL,STABLE,Progress behind expected,No thresholded rule warning,No thresholded rule warning
612816,ITAPARA OCP,ECL - CIL,West Bengal,2026-06,8.41,40.0,-31.59,132.43,-25.74642126789366,0.1433285991103738,MODERATE EARLY-WARNING SIGNAL,WORSENING,Progress behind expected,No thresholded rule warning,No thresholded rule warning
612827,Flyover between Pendurthi and Simhachalam North to avoid surface crossing at Simhachalam 7.135 km PB 73 of 2023 24 NR,East Coast Railway [ECoR] - II,Andhra Pradesh,2026-06,16.0,71.42857142857143,-55.42857142857143,17.25,-62.03570456224962,0.16415119781052678,MODERATE EARLY-WARNING SIGNAL,STABLE,Progress behind expected,No thresholded rule warning,No thresholded rule warning
612834,3rd & 4th line between Sarla - Sason [8 km] [PB 73/2023-24/NR],East Coast Railway [ECoR] - II,Odisha,2026-06,92.0,100.0,-8.0,117.97,-53.18650793650794,0.18645325234931776,MODERATE EARLY-WARNING SIGNAL,STABLE,No thresholded rule warning,No thresholded rule warning,No thresholded rule warning
612845,Gauge Conversion of Pachora-Jamner with Extension upto Malkapur [Bodwad] [84.34 Kms],Central Railway [CR] - II,Maharashtra,2026-06,10.0,16.666666666666668,-6.666666666666668,13.99,-15.202343196670121,0.11655404621940832,MODERATE EARLY-WARNING SIGNAL,STABLE,No thresholded rule warning,No thresholded rule warning,No thresholded rule warning
612851,"Phase 1B - Construction of Academic Block, Hostel, Residential Tower, Directors Residence and External Development works at National Institute of Technology, Delhi Campus on Engineering, Procurement and Construction basis",National Institute of Technology Delhi,Delhi,2026-06,99.9,100.0,-0.09999999999999432,327.26,-1.8681219826681428,0.20892918138983105,MODERATE EARLY-WARNING SIGNAL,STABLE,No thresholded rule warning,No thresholded rule warning,No thresholded rule warning
612853,Gurdaspur Jammu Pipeline,Gas Authority of India Limited [GAIL],"Multi-States (Jammu and Kashmir, Punjab)",2026-06,84.6,97.22222222222223,-12.622222222222234,319.1,-36.08024099976581,0.12086838893227667,MODERATE EARLY-WARNING SIGNAL,STABLE,Schedule pressure,No thresholded rule warning,No thresholded rule warning
612855,Transmission System for Evacuation of Power from Potential Energy Renewable Zone in Khavda Area of Gujarat under Ph-IV [7GW] Part E2,Power Grid Corporation of India Limited [POWERGRID],Gujarat,2026-06,82.0,100.0,-18.0,573.07,-17.780487804878035,0.2556044605649439,MODERATE EARLY-WARNING SIGNAL,STABLE,Schedule pressure,No thresholded rule warning,No thresholded rule warning
612876,"Construction of Permanent Campus for NIT Mizoram at Lengpui, Aizawl",NIT Mizoram,Mizoram,2026-06,4.0,77.41935483870968,-73.41935483870968,167.55,-42.0883972864671,0.25256858577764446,MODERATE EARLY-WARNING SIGNAL,STABLE,Progress behind expected,Long implementation duration,No thresholded rule warning
612877,Establishment of NIT Puducherry Permanent Campus [Phase-I and Phase-II],"National Institute of Technology, Puducherry",Puducherry,2026-06,99.5,100.0,-0.5,543.74,-12.064559950836113,0.31439494115695965,HIGH EARLY-WARNING SIGNAL,STABLE,Long implementation duration,No thresholded rule warning,No thresholded rule warning
612878,Bangalore Metro Rail Project - PHASE-3,Bengaluru Metro Rail,Karnataka,2026-06,0.0,0.0,0.0,0.0,0.0,0.17700110728293522,MODERATE EARLY-WARNING SIGNAL,STABLE,No thresholded rule warning,No thresholded rule warning,No thresholded rule warning
612883,Establishment of Permanent Campus of NIT SIkkim at Khamdong-Gangtok District,NIT Sikkim,Sikkim,2026-06,37.6,57.4468085106383,-19.846808510638297,283.56,-16.097065160194994,0.1355884301035439,MODERATE EARLY-WARNING SIGNAL,STABLE,No thresholded rule warning,No thresholded rule warning,No thresholded rule warning
612885,Construction and Developement of National Institute of Technology Meghalaya Permanent Campus at Sohra,"National Institute of Technology, Meghalaya",Meghalaya,2026-06,96.0,100.0,-4.0,368.98,-25.386233114939742,0.2621487329639747,MODERATE EARLY-WARNING SIGNAL,STABLE,Long implementation duration,No thresholded rule warning,No thresholded rule warning
612894,"Construction of Permanent Campus of Central University of Himachal Pradesh at Dehra, District - Kangra, [H.P.] on Engineering. Procurement and Construction [EPC Mode 1] Basis.","Central University, Himachal Pradesh",Himachal Pradesh,2026-06,86.0,100.0,-14.0,223.6,-11.262798634812285,0.23654391162277136,MODERATE EARLY-WARNING SIGNAL,STABLE,Schedule pressure,No thresholded rule warning,No thresholded rule warning
612898,Construction of Permanent Campus of National Institute of Technology Arunachal Pradesh,"National Institute of Technology, Arunachal Pradesh",Arunachal Pradesh,2026-06,80.0,98.75776397515529,-18.757763975155285,551.3,-5.728621706209452,0.3662263934578523,HIGH EARLY-WARNING SIGNAL,STABLE,Long implementation duration,Schedule pressure,No thresholded rule warning
612916,"Construction of permanent campus of Central University of Gujarat at Village kundhela, Dist. Vadodara, Gujarat.",Central University of Gujarat,Gujarat,2026-06,86.0,100.0,-14.0,339.4,-30.82363491837026,0.18409987927775381,MODERATE EARLY-WARNING SIGNAL,STABLE,Long implementation duration,Schedule pressure,No thresholded rule warning
613002,Redevelopment of Chennai Egmore Station,Ministry of Railways,Tamil Nadu,2026-06,0.0,100.0,-100.0,340.0,-59.61995249406176,0.17705438416774152,MODERATE EARLY-WARNING SIGNAL,STABLE,Progress behind expected,Schedule pressure,No thresholded rule warning
613008,Construction of Permanent Campus of Central Tribal University of Andhra Pradesh Phase-1,Central Tribal University of Andhra Pradesh,Andhra Pradesh,2026-06,44.5,71.42857142857143,-26.92857142857143,67.73,-49.22201405152225,0.17327107659239763,MODERATE EARLY-WARNING SIGNAL,STABLE,Progress behind expected,No thresholded rule warning,No thresholded rule warning
613013,Establishment of NIT Nagaland,NIT Nagaland,Nagaland,2026-06,98.0,100.0,-2.0,263.25,-4.49152849834924,0.320810938627736,HIGH EARLY-WARNING SIGNAL,STABLE,Long implementation duration,No thresholded rule warning,No thresholded rule warning
613015,Redevelopment of Chhatrapati Shivaji Maharaj Terminus [CSMT] and construction of associated infrastructure,Rail Land Development Authority,Maharashtra,2026-06,25.0,79.54545454545455,-54.54545454545455,873.99,-31.33861505290077,0.15687659844951207,MODERATE EARLY-WARNING SIGNAL,STABLE,Progress behind expected,No thresholded rule warning,No thresholded rule warning
613785,Redevelopment of New Delhi Railway Station and construction of associated infrastructure,Rail Land Development Authority,Delhi,2026-05,5.0,42.592592592592595,-37.592592592592595,332.08,-35.592592592592595,0.07928325247326967,LOW EARLY-WARNING SIGNAL,IMPROVING,Progress behind expected,No thresholded rule warning,No thresholded rule warning
613786,"Redevelopment of Ahmedabad railway station and associated infrastructure on engineering, procurement and construction mode",Rail Land Development Authority,Gujarat,2026-05,32.5,57.69230769230769,-25.192307692307693,984.21,-16.32156368221942,0.11398552390105349,MODERATE EARLY-WARNING SIGNAL,IMPROVING,Progress behind expected,No thresholded rule warning,No thresholded rule warning
613787,Jamrani Dam Multipurpose Project,Irrigation-UK,Uttarakhand,2026-06,26.22,46.26865671641791,-20.04865671641791,1307.15,4.315685994777489,0.1870511567667887,MODERATE EARLY-WARNING SIGNAL,STABLE,Progress behind expected,No thresholded rule warning,No thresholded rule warning
613793,SHYAMSUNDARPUR UG INCLUDING SA,ECL - CIL,West Bengal,2026-06,16.79,100.0,-83.21000000000001,96.8,-79.98552672387056,0.21249573592139323,MODERATE EARLY-WARNING SIGNAL,STABLE,Progress behind expected,Long implementation duration,Schedule pressure
613794,PARASEA-BELBAID UG PROJECT,ECL - CIL,West Bengal,2026-06,22.26,66.12903225806451,-43.86903225806451,132.48,-32.08122963663044,0.16931285900360402,MODERATE EARLY-WARNING SIGNAL,STABLE,Progress behind expected,No thresholded rule warning,No thresholded rule warning
613798,AMERA OC RCE [1.0 MTY],SECL - CIL,Chhattisgarh,2026-06,42.47,100.0,-57.53,91.76,-72.68803762240677,0.23804219899892776,MODERATE EARLY-WARNING SIGNAL,STABLE,Progress behind expected,Long implementation duration,Schedule pressure
613799,AMGAON OC RCE [1.0 MTY],SECL - CIL,Chhattisgarh,2026-06,78.86,100.0,-21.14,192.9,-38.97693840751637,0.2807971694709909,MODERATE EARLY-WARNING SIGNAL,WORSENING,Progress behind expected,Long implementation duration,Schedule pressure
613800,JAGANNATHPUR OC RCE PROJECT,SECL - CIL,Chhattisgarh,2026-06,96.15,100.0,-3.8499999999999943,278.71,-39.34362010054627,0.25506396354491406,MODERATE EARLY-WARNING SIGNAL,STABLE,Long implementation duration,No thresholded rule warning,No thresholded rule warning
613801,MAHAMAYA OCP [1.50 MTY],SECL - CIL,Chhattisgarh,2026-06,54.6,100.0,-45.4,188.6,-54.02915224491785,0.24750834240190575,MODERATE EARLY-WARNING SIGNAL,STABLE,Progress behind expected,Long implementation duration,Schedule pressure
613802,KANCHAN OC EXP,SECL - CIL,Madhya Pradesh,2026-06,58.2,100.0,-41.8,150.83,-59.34939629150496,0.24790851647046613,MODERATE EARLY-WARNING SIGNAL,STABLE,Progress behind expected,Long implementation duration,Schedule pressure
613803,JHIRIA WEST OCP [1.5 MTY],SECL - CIL,Madhya Pradesh,2026-06,41.29,46.774193548387096,-5.484193548387097,36.68,-36.778008886044475,0.1493079581734511,MODERATE EARLY-WARNING SIGNAL,WORSENING,No thresholded rule warning,No thresholded rule warning,No thresholded rule warning
613804,RPR TAWA-III UG 0.84 MTY,WCL - CIL,Madhya Pradesh,2026-06,17.78,85.71428571428571,-67.9342857142857,17.9,-80.0152822439428,0.24754273105322583,MODERATE EARLY-WARNING SIGNAL,STABLE,Progress behind expected,Schedule pressure,No thresholded rule warning
613808,MURAIDIH UG PROJECT,BCCL - CIL,Jharkhand,2026-06,70.47,100.0,-29.53,191.14,-43.76084973666402,0.3175347146456972,HIGH EARLY-WARNING SIGNAL,STABLE,Progress behind expected,Long implementation duration,Schedule pressure
615183,KHADIA EXPANSION [10 TO 16 MTP,NCL - CIL,"Multi-States (Madhya Pradesh, Uttar Pradesh)",2026-06,57.12,100.0,-42.88,379.69,-22.775438810584333,0.25469656493292137,MODERATE EARLY-WARNING SIGNAL,WORSENING,Progress behind expected,Long implementation duration,Schedule pressure
615184,SAONER UG MINE -1 EXPANSION 1.,WCL - CIL,Maharashtra,2026-06,69.33,71.62162162162163,-2.29162162162163,157.02,-2.945974315813359,0.3004855041008375,HIGH EARLY-WARNING SIGNAL,WORSENING,No thresholded rule warning,No thresholded rule warning,No thresholded rule warning
615185,AMALGAMATED DHANKASA & JAMUNIA,WCL - CIL,Madhya Pradesh,2026-06,67.13,83.33333333333333,-16.203333333333333,117.0,-54.02471609886439,0.19869699174798244,MODERATE EARLY-WARNING SIGNAL,STABLE,Schedule pressure,No thresholded rule warning,No thresholded rule warning
615186,SASTI EXPANSION OPENCAST,WCL - CIL,Maharashtra,2026-06,32.21,100.0,-67.78999999999999,153.78,-51.79914744232698,0.2323588682578,MODERATE EARLY-WARNING SIGNAL,STABLE,Progress behind expected,Long implementation duration,Schedule pressure
615187,RPR OF VISHNUPURI UG TO OC,WCL - CIL,Madhya Pradesh,2026-06,11.2,56.578947368421055,-45.37894736842105,0.0,-56.578947368421055,0.150815828908685,MODERATE EARLY-WARNING SIGNAL,STABLE,Progress behind expected,No thresholded rule warning,No thresholded rule warning
615188,NEW MAJRI UG TO OC 3 MTY COST,WCL - CIL,Maharashtra,2026-06,24.17,83.33333333333333,-59.16333333333333,67.81,-66.47649588584781,0.2447458103616737,MODERATE EARLY-WARNING SIGNAL,STABLE,Progress behind expected,Schedule pressure,No thresholded rule warning
615189,MAKARDHOKRA EXPN OC 4.9 MTY,WCL - CIL,Maharashtra,2026-06,12.2,100.0,-87.8,104.17,-71.21341918368475,0.19243601018480097,MODERATE EARLY-WARNING SIGNAL,STABLE,Progress behind expected,Schedule pressure,No thresholded rule warning
615190,SINGHORI DEEP OC MIN 2.0 MTY,WCL - CIL,Maharashtra,2026-06,9.64,59.75609756097561,-50.11609756097561,53.34,-43.8692770099704,0.21803240169875746,MODERATE EARLY-WARNING SIGNAL,WORSENING,Progress behind expected,No thresholded rule warning,No thresholded rule warning
615191,KATKONA RO UG MINE,SECL - CIL,Chhattisgarh,2026-06,2.01,55.4054054054054,-53.395405405405405,62.01,-36.56940406887249,0.1426466942256796,MODERATE EARLY-WARNING SIGNAL,STABLE,Progress behind expected,No thresholded rule warning,No thresholded rule warning
615192,GOKUL EXTENSION OC MINE,WCL - CIL,Maharashtra,2026-06,8.44,100.0,-91.56,62.31,-79.87273079656308,0.22126441632878283,MODERATE EARLY-WARNING SIGNAL,STABLE,Progress behind expected,Long implementation duration,Schedule pressure
615194,URDHAN EXPANSION OC COST PLUS,WCL - CIL,Madhya Pradesh,2026-06,2.02,41.83673469387755,-39.81673469387755,50.69,-17.33460785706394,0.1630499416199005,MODERATE EARLY-WARNING SIGNAL,WORSENING,Progress behind expected,No thresholded rule warning,No thresholded rule warning
615195,SHARDA UG MINE,WCL - CIL,Madhya Pradesh,2026-06,9.39,61.111111111111114,-51.721111111111114,5.93,-57.54419381787803,0.11527503066217779,MODERATE EARLY-WARNING SIGNAL,STABLE,Progress behind expected,No thresholded rule warning,No thresholded rule warning
615199,KOLGAON EXPANSION DEEP OC MINE,WCL - CIL,Maharashtra,2026-06,2.82,78.57142857142857,-75.75142857142858,25.08,-65.95002048929884,0.15388461095744366,MODERATE EARLY-WARNING SIGNAL,STABLE,Progress behind expected,No thresholded rule warning,No thresholded rule warning
615202,Capacity expansion of Deposit-14 and 14 NMZ at Kirandul,National Mineral Development Corporation Limited [NMDC],Chhattisgarh,2026-06,18.3,61.03896103896104,-42.73896103896104,263.01,-45.56778456837281,0.2929374911703641,MODERATE EARLY-WARNING SIGNAL,WORSENING,Progress behind expected,No thresholded rule warning,No thresholded rule warning
615206,GANDHIGRAM UG MINE,WCL - CIL,Madhya Pradesh,2026-06,56.88,100.0,-43.12,22.16,-94.64928166123386,0.1997098274686467,MODERATE EARLY-WARNING SIGNAL,STABLE,Progress behind expected,Long implementation duration,Schedule pressure
615330,BALLARPUR NORTH WEST OC MINE,WCL - CIL,Maharashtra,2026-06,5.35,56.0,-50.65,26.97,-48.52515174191403,0.1599205434491293,MODERATE EARLY-WARNING SIGNAL,WORSENING,Progress behind expected,No thresholded rule warning,No thresholded rule warning
615331,GADEGAON OC 3 MTY,WCL - CIL,Maharashtra,2026-06,2.19,41.55844155844156,-39.36844155844156,86.72,-24.12413183406931,0.14153001584072,MODERATE EARLY-WARNING SIGNAL,WORSENING,Progress behind expected,No thresholded rule warning,No thresholded rule warning
615332,Transmission System for Evacuation of Power from Rajasthan REZ Ph-IV [Part-2 5.5 GW][Jaisalmer/Barmer Complex] Part B [SPV Name POWERGRID Sirohi Transmission Limited],Power Grid Corporation of India Limited [POWERGRID],Rajasthan,2026-06,52.83,91.66666666666667,-38.83666666666667,1790.99,-37.046660567246114,0.18655455251902298,MODERATE EARLY-WARNING SIGNAL,STABLE,Progress behind expected,Schedule pressure,No thresholded rule warning
615333,Transmission System for Evacuation of Power from Rajasthan REZ Ph-IV [Part-2 5.5 GW] [Jaisalmer/Barmer Complex] Part D [SPV Name POWERGRID Beawar Mandsaur Transmission Limited],Power Grid Corporation of India Limited [POWERGRID],"Multi-States (Madhya Pradesh, Rajasthan)",2026-06,46.71,91.66666666666667,-44.95666666666667,1024.42,-45.66666666666667,0.197401889350713,MODERATE EARLY-WARNING SIGNAL,STABLE,Progress behind expected,Schedule pressure,No thresholded rule warning
615334,Transmission System for Evacuation of Power from Rajasthan REZ Ph-IV [Part-2 5.5 GW] [Jaisalmer/Barmer Complex] Part E [SPV Name POWERGRID Mewar Transmission Limited],Power Grid Corporation of India Limited [POWERGRID],"Multi-States (Madhya Pradesh, Rajasthan)",2026-06,44.33,91.66666666666667,-47.33666666666667,2048.13,-28.66666666666667,0.18832626089332968,MODERATE EARLY-WARNING SIGNAL,WORSENING,Progress behind expected,Schedule pressure,No thresholded rule warning
615335,Transmission System Strengthening for Interconnections of Bhadla-III & Bikaner III Complex [SPV Name POWERGRID BHADLA BIKANER TRANSMISSION LIMITED],Power Grid Corporation of India Limited [POWERGRID],Rajasthan,2026-06,48.83,91.66666666666667,-42.83666666666667,590.11,-48.96695610226725,0.17407483420378544,MODERATE EARLY-WARNING SIGNAL,STABLE,Progress behind expected,Schedule pressure,No thresholded rule warning
615336,Transmission system for evacuation of Power from REZ in Rajasthan [20 GW] under phase-III Part-D Phase-II,Power Grid Corporation of India Limited [POWERGRID],Delhi,2026-06,33.63,100.0,-66.37,78.5,-72.35915492957747,0.29334278829812865,MODERATE EARLY-WARNING SIGNAL,STABLE,Progress behind expected,Schedule pressure,No thresholded rule warning
615337,Additional Transmission System for evacuation of Power from Bhadla-III PS as part of Rajasthan REZ Phase III Scheme [20 GW] [SPV Name POWERGRID Bhadla-III Power Transmission Limited],Power Grid Corporation of India Limited [POWERGRID],Rajasthan,2026-06,82.1,100.0,-17.900000000000006,228.78,-38.0,0.2089474834072102,MODERATE EARLY-WARNING SIGNAL,STABLE,Schedule pressure,No thresholded rule warning,No thresholded rule warning
615338,TRANSMISSION SYSTEM FOR EVACUATION OF POWER FROM RAJASTHAN REZ PH -IV [PART-2 5.5 GW] [JAISALMER/BARMER COMPLEX] PART F [SPV Name POWERGRID BARMER I TRANSMISSION LIMITED],Power Grid Corporation of India Limited [POWERGRID],Rajasthan,2026-06,43.0,79.16666666666667,-36.16666666666667,1100.29,-38.93668494820232,0.21036910044706325,MODERATE EARLY-WARNING SIGNAL,WORSENING,Progress behind expected,No thresholded rule warning,No thresholded rule warning
615339,Transmission system for evacuation of power from Rajasthan REZ Ph-IV [Part- 3/6GW] [Bikaner complex] Part A [SPV Name POWERGRID Bikaner IV Transmission Limited],Power Grid Corporation of India Limited [POWERGRID],"Multi-States (Haryana, Punjab, Rajasthan)",2026-06,30.6,79.16666666666667,-48.56666666666667,1880.23,-47.66675043279165,0.14977904963539207,MODERATE EARLY-WARNING SIGNAL,STABLE,Progress behind expected,No thresholded rule warning,No thresholded rule warning
615340,TRANSMISSION SYSTEM FOR EVACUATION OF POWER FROM RAJASTHAN REZ PH-IV [PART-3/ 6 GW] [BIKANER COMPLEX] PART B [SPV Name POWERGRID Siwani Transmission Limited],Power Grid Corporation of India Limited [POWERGRID],"Multi-States (Haryana, Rajasthan)",2026-06,34.01,79.16666666666667,-45.15666666666667,1812.81,-45.32664426606932,0.15143547980573252,MODERATE EARLY-WARNING SIGNAL,WORSENING,Progress behind expected,No thresholded rule warning,No thresholded rule warning
615342,Augmentation of Transformation Capacity at jam Khambhaliya PS [GIS] [SPV Name POWERGRID Jam Khambhaliya Transmission Limited],Power Grid Corporation of India Limited [POWERGRID],Gujarat,2026-06,18.0,95.23809523809524,-77.23809523809524,51.98,-79.4387031408308,0.14222871791134997,MODERATE EARLY-WARNING SIGNAL,STABLE,Progress behind expected,Schedule pressure,No thresholded rule warning
615343,Provision of Dynamic Reactive Compensation at Khavda pooling Station 1 [KPS1] and Khavda Pooling station 3 [KPS3],Power Grid Corporation of India Limited [POWERGRID],Gujarat,2026-06,8.67,79.16666666666667,-70.49666666666667,25.05,-74.16666666666667,0.10417524375494831,MODERATE EARLY-WARNING SIGNAL,STABLE,Progress behind expected,No thresholded rule warning,No thresholded rule warning
615344,Transmission System for Evacuation of Power from Rajasthan REZ Ph-IV [Part-2 5.5GW] [Jaisalmer/Barmer Complex] Part H1 [POWERGRID KURAWAR TRANSMISSION LIMITED],Power Grid Corporation of India Limited [POWERGRID],Madhya Pradesh,2026-06,45.5,83.33333333333333,-37.83333333333333,1637.5,-38.763382326256576,0.18233206754935713,MODERATE EARLY-WARNING SIGNAL,STABLE,Progress behind expected,Schedule pressure,No thresholded rule warning
615345,Transmission System for Evacuation of Power from Potential Renewable Energy Zone in Khavda area of Gujarat under Phase-IV [7GW] Part B [SPV Name POWERGRID South Olpad Transmission Limited],Power Grid Corporation of India Limited [POWERGRID],Gujarat,2026-06,36.57,83.33333333333333,-46.76333333333333,2111.34,-39.033291369422294,0.1966798553711446,MODERATE EARLY-WARNING SIGNAL,WORSENING,Progress behind expected,Schedule pressure,No thresholded rule warning
615346,Transmission System for Evacuation of Power from Rajasthan REZ Ph-IV [Part-2 5.5 GW] [Jaisalmer/Barmer Complex] Part C [SPV Name POWERGRID Mandsaur Transmission Limited],Power Grid Corporation of India Limited [POWERGRID],Madhya Pradesh,2026-06,70.96,91.66666666666667,-20.706666666666678,1570.64,-33.66666666666667,0.18815313205514594,MODERATE EARLY-WARNING SIGNAL,STABLE,Progress behind expected,Schedule pressure,No thresholded rule warning
615347,TRANSMISSION SYSTEM FOR EVACUATION OF POWER FROM POTENTIAL RENEWABLE ENERGY ZONE IN KHAVDA AREA OF GUJARAT UNDER PHASE-V [8 GW] PART A [SPV Name POWERGRID West Central Transmission Limited],Power Grid Corporation of India Limited [POWERGRID],"Multi-States (Gujarat, Maharashtra)",2026-06,18.11,35.18518518518518,-17.075185185185184,2978.28,-23.185185185185183,0.11886298187724191,MODERATE EARLY-WARNING SIGNAL,STABLE,No thresholded rule warning,No thresholded rule warning,No thresholded rule warning
615349,TAPIN SOUTH EXPN,CCL - CIL,Jharkhand,2026-06,23.67,76.13636363636364,-52.46636363636364,40.02,-58.767325834184916,0.3274589418384546,HIGH EARLY-WARNING SIGNAL,STABLE,Progress behind expected,Long implementation duration,No thresholded rule warning
615818,Jawahar Khani Open Cast Mine,Singareni Collieries Company Limited [SCCL],Telangana,2026-06,20.0,100.0,-80.0,50.39,-83.08379213105948,0.2045554749760537,MODERATE EARLY-WARNING SIGNAL,STABLE,Progress behind expected,Schedule pressure,No thresholded rule warning
615820,TIKAK EXTENSION OCP,INVALID CO.,Assam,2026-06,89.73,43.51851851851852,46.211481481481485,112.8,27.08297112284093,0.1815946150598476,MODERATE EARLY-WARNING SIGNAL,STABLE,Expenditure ahead of progress,No thresholded rule warning,No thresholded rule warning
615821,TIRAP OCP,INVALID CO.,Assam,2026-06,5.26,44.791666666666664,-39.531666666666666,105.66,-8.289213823441344,0.13431166091936952,MODERATE EARLY-WARNING SIGNAL,STABLE,Progress behind expected,No thresholded rule warning,No thresholded rule warning
615822,SIRKA OC,CCL - CIL,Jharkhand,2026-06,56.47,77.65957446808511,-21.189574468085112,280.03,48.01585861691622,0.40003864153457397,HIGH EARLY-WARNING SIGNAL,STABLE,Progress behind expected,Expenditure ahead of progress,Long implementation duration
615843,TETARIAKHAR OC,CCL - CIL,Jharkhand,2026-06,30.06,100.0,-69.94,50.82,-79.13107752956637,0.3229483842003044,HIGH EARLY-WARNING SIGNAL,STABLE,Progress behind expected,Long implementation duration,Schedule pressure
615857,Naini Coal Mine,Singareni Collieries Company Limited [SCCL],Odisha,2026-06,80.0,100.0,-20.0,491.33,-0.6008496864252493,0.30764448534600647,HIGH EARLY-WARNING SIGNAL,STABLE,Long implementation duration,Schedule pressure,No thresholded rule warning
615858,Kalyanikhani Opencast Project,Singareni Collieries Company Limited [SCCL],Telangana,2026-06,76.0,100.0,-24.0,301.56,-21.53413821815154,0.3192146518400926,HIGH EARLY-WARNING SIGNAL,WORSENING,Progress behind expected,Long implementation duration,Schedule pressure
615860,Godavarikhani Coal Mine - 5,Singareni Collieries Company Limited [SCCL],Telangana,2026-06,71.0,100.0,-29.0,200.83,-66.91651291512915,0.3087300071449262,HIGH EARLY-WARNING SIGNAL,WORSENING,Progress behind expected,Long implementation duration,Schedule pressure
615861,Indaram Opencast Project,Singareni Collieries Company Limited [SCCL],Telangana,2026-06,81.0,100.0,-19.0,408.29,-3.888797344695277,0.22695543484356567,MODERATE EARLY-WARNING SIGNAL,STABLE,Schedule pressure,No thresholded rule warning,No thresholded rule warning
615862,Goleti Opencast Mine,Singareni Collieries Company Limited [SCCL],Telangana,2026-06,33.0,100.0,-67.0,111.94,-67.6099537037037,0.211191195200582,MODERATE EARLY-WARNING SIGNAL,STABLE,Progress behind expected,Schedule pressure,No thresholded rule warning
615863,Venkatesh Khani Coal Mine,Singareni Collieries Company Limited [SCCL],Telangana,2026-06,97.0,100.0,-3.0,477.14,-1.5190918472652157,0.30208533182338615,HIGH EARLY-WARNING SIGNAL,STABLE,Long implementation duration,No thresholded rule warning,No thresholded rule warning
615865,Kakatiyakhani OC - 2 Project,Singareni Collieries Company Limited [SCCL],Telangana,2026-06,63.0,100.0,-37.0,253.39,-42.72636860901406,0.27237713110898193,MODERATE EARLY-WARNING SIGNAL,STABLE,Progress behind expected,Long implementation duration,Schedule pressure
615914,GHONSA EXPANSION DEEP OC MINE,WCL - CIL,Maharashtra,2026-06,12.98,65.26315789473684,-52.28315789473683,15.72,-56.752519596864495,0.22591567858739536,MODERATE EARLY-WARNING SIGNAL,WORSENING,Progress behind expected,Long implementation duration,No thresholded rule warning
615915,Rourkela-Bondamunda A-Cabin 5th line [9.6 km],CAO/C/SER,Odisha,2026-06,45.0,100.0,-55.0,146.07,-40.3771582513572,0.1445270566046226,MODERATE EARLY-WARNING SIGNAL,IMPROVING,Progress behind expected,Schedule pressure,No thresholded rule warning
615916,AMLG GAURI PAUNI EXPANSION OC,WCL - CIL,Maharashtra,2026-06,4.21,36.61971830985915,-32.40971830985915,91.83,-29.124676643532563,0.12090019910434861,MODERATE EARLY-WARNING SIGNAL,STABLE,Progress behind expected,No thresholded rule warning,No thresholded rule warning
615917,GAURIDEEP/GAURI CENTRAL OCP 7.,WCL - CIL,Maharashtra,2026-06,2.31,34.78260869565217,-32.47260869565217,1.55,-34.62331902481657,0.11661948930549845,MODERATE EARLY-WARNING SIGNAL,STABLE,Progress behind expected,No thresholded rule warning,No thresholded rule warning
615918,RPR OF BHANEGAON OC,WCL - CIL,Maharashtra,2026-06,16.06,68.18181818181819,-52.121818181818185,43.1,-57.54509557569775,0.24669764284885493,MODERATE EARLY-WARNING SIGNAL,WORSENING,Progress behind expected,No thresholded rule warning,No thresholded rule warning
615919,N. EXTN. MUNGOLI NIRGUDA D OCP,WCL - CIL,Maharashtra,2026-06,27.92,42.10526315789474,-14.185263157894738,218.36,-20.79997781576714,0.14038414876193003,MODERATE EARLY-WARNING SIGNAL,STABLE,No thresholded rule warning,No thresholded rule warning,No thresholded rule warning
615982,NILJAI EXPANSION DEEP OCP,WCL - CIL,Maharashtra,2026-06,79.83,100.0,-20.17,196.82,-38.445660672400315,0.25665241613165146,MODERATE EARLY-WARNING SIGNAL,WORSENING,Progress behind expected,Long implementation duration,Schedule pressure
616044,UKNI DEEP OC MINE -COST PLUS,WCL - CIL,Maharashtra,2026-06,94.57,100.0,-5.430000000000007,168.2,-29.04749852358053,0.17450573395476293,MODERATE EARLY-WARNING SIGNAL,STABLE,Long implementation duration,No thresholded rule warning,No thresholded rule warning
616050,AMALGAMATED INDER-KAMPTEE DEEP,WCL - CIL,Maharashtra,2026-06,98.97,100.0,-1.0300000000000011,128.23,-45.642221280203486,0.2228551086973004,MODERATE EARLY-WARNING SIGNAL,STABLE,Long implementation duration,No thresholded rule warning,No thresholded rule warning
616221,"Extension of Aqua Line Metro Corridor from Noida Sector-142 station to Botanical Garden, Noida of Noida Metro Rail Corporation",Noida Metro Rail Corporation Ltd. [NMRCL],Uttar Pradesh,2026-06,0.0,6.25,-6.25,0.0,-6.25,0.0779493666659639,LOW EARLY-WARNING SIGNAL,IMPROVING,No thresholded rule warning,No thresholded rule warning,No thresholded rule warning
616223,ADASA UG TO OC MINE,WCL - CIL,Maharashtra,2026-06,86.49,100.0,-13.510000000000005,209.29,-33.768987341772146,0.23386765519887684,MODERATE EARLY-WARNING SIGNAL,STABLE,Long implementation duration,Schedule pressure,No thresholded rule warning
616225,CHUPERBHITA SIMLONG OCP MDO 6,ECL - CIL,Jharkhand,2026-06,0.05,18.867924528301888,-18.817924528301887,0.0,-18.867924528301888,0.15265495729904552,MODERATE EARLY-WARNING SIGNAL,WORSENING,No thresholded rule warning,No thresholded rule warning,No thresholded rule warning
616226,INTEGRATED KULDA GARJANBAHAL O,MCL - CIL,Odisha,2026-06,10.24,31.932773109243698,-21.692773109243696,652.7,-13.616511007377554,0.16586327692671926,MODERATE EARLY-WARNING SIGNAL,STABLE,Progress behind expected,No thresholded rule warning,No thresholded rule warning
616227,Chandil - Anara - Damodar - 3rd line [121.26 km],CAO/C/SER,"Multi-States (Jharkhand, West Bengal)",2026-06,0.0,22.0,-22.0,3.97,-21.794514521146372,0.09710680467553585,LOW EARLY-WARNING SIGNAL,STABLE,Progress behind expected,No thresholded rule warning,No thresholded rule warning
616229,AMAL GONDEGAON GHATROHANA EXPN,WCL - CIL,Maharashtra,2026-06,2.55,38.888888888888886,-36.33888888888889,2.95,-38.44762882965533,0.10245538951841508,MODERATE EARLY-WARNING SIGNAL,STABLE,Progress behind expected,No thresholded rule warning,No thresholded rule warning
616230,PARASCOLE JAMBAD OCP,ECL - CIL,West Bengal,2026-06,0.23,12.837837837837839,-12.607837837837838,11.81,-11.848352688493446,0.1512644754210721,MODERATE EARLY-WARNING SIGNAL,WORSENING,No thresholded rule warning,No thresholded rule warning,No thresholded rule warning
616231,BHUBANESWARI EXPN OCP 50 MTY,MCL - CIL,Odisha,2026-06,33.96,25.0,8.96,477.43,-16.10313122522721,0.1460452528701492,MODERATE EARLY-WARNING SIGNAL,STABLE,No thresholded rule warning,No thresholded rule warning,No thresholded rule warning
616232,HINGULA II OC EXPN PH III 15 M,MCL - CIL,Odisha,2026-06,31.05,56.578947368421055,-25.528947368421054,279.32,-38.69502765782144,0.19098250831006053,MODERATE EARLY-WARNING SIGNAL,WORSENING,Progress behind expected,No thresholded rule warning,No thresholded rule warning
616233,BALABHADRA OCP,MCL - CIL,Odisha,2026-06,18.21,45.78313253012048,-27.573132530120482,251.55,-20.073840187207274,0.13260026996168944,MODERATE EARLY-WARNING SIGNAL,STABLE,Progress behind expected,No thresholded rule warning,No thresholded rule warning
616234,PELMA OC MDO,SECL - CIL,Chhattisgarh,2026-06,40.34,35.2,5.140000000000001,16.71,-34.23132680981311,0.1701788215957301,MODERATE EARLY-WARNING SIGNAL,WORSENING,No thresholded rule warning,No thresholded rule warning,No thresholded rule warning
616236,JARANGDIH EXPN. OCP 1.5 MTY,CCL - CIL,Jharkhand,2026-06,32.83,69.72477064220183,-36.894770642201834,85.6,-49.06690448393748,0.37111113102572035,HIGH EARLY-WARNING SIGNAL,WORSENING,Progress behind expected,Long implementation duration,No thresholded rule warning
616253,BLOCK E OCP,BCCL - CIL,Jharkhand,2026-06,4.18,45.0,-40.82,20.32,-44.652698847855774,0.13475986909000734,MODERATE EARLY-WARNING SIGNAL,STABLE,Progress behind expected,No thresholded rule warning,No thresholded rule warning
616254,Visakh Raipur Pipeline Project,Ministry of Petroleum and Natural Gas,"Multi-States (Andhra Pradesh, Chhattisgarh, Odisha)",2026-06,37.1,58.333333333333336,-21.233333333333334,549.21,-33.50467148884871,0.13571849211681028,MODERATE EARLY-WARNING SIGNAL,STABLE,Progress behind expected,No thresholded rule warning,No thresholded rule warning
616586,Bangriposi-Gorumahisani new line [ 85.60 km ],CAO/C/SER,Odisha,2026-06,0.0,17.647058823529413,-17.647058823529413,7.14,-17.33245069571215,0.0900023455923432,LOW EARLY-WARNING SIGNAL,STABLE,No thresholded rule warning,No thresholded rule warning,No thresholded rule warning
616587,Badampahar-Kendujhargarh new line [82.06 km],CAO/C/SER,Odisha,2026-05,0.0,15.686274509803921,-15.686274509803921,2.35,-15.560989285996529,0.06619705977481587,LOW EARLY-WARNING SIGNAL,IMPROVING,No thresholded rule warning,No thresholded rule warning,No thresholded rule warning
616588,Buramara-Chakulia new line [59.96 km],South Eastern Railway [SER] - I,"Multi-States (Jharkhand, Odisha, West Bengal)",2026-06,0.0,30.0,-30.0,9.16,-29.372228656802342,0.12162215681347592,MODERATE EARLY-WARNING SIGNAL,STABLE,Progress behind expected,No thresholded rule warning,No thresholded rule warning
616594,Interception & Diversion with Rehabilitation of sewerage scheme at Agra under Hybrid annuity based PPP model-Namami Gange Programme,National Mission for Clean Ganga,Uttar Pradesh,2026-06,84.0,100.0,-16.0,208.64,-75.22825764321757,0.14848747464273115,MODERATE EARLY-WARNING SIGNAL,STABLE,Schedule pressure,No thresholded rule warning,No thresholded rule warning
616600,Interception and Diversion and STP works in Bhagalpur under Hybrid annuity based PPP mode-Namami Gange Programme,National Mission for Clean Ganga,Bihar,2026-06,97.0,100.0,-3.0,126.67,-69.35081903747974,0.1532330916393123,MODERATE EARLY-WARNING SIGNAL,STABLE,No thresholded rule warning,No thresholded rule warning,No thresholded rule warning
616604,Pollution Abatement works for River Ganga at Hooghly Chinsurah- Municipal Town Interception & Diversion with STP,National Mission for Clean Ganga,West Bengal,2026-06,94.0,100.0,-6.0,102.04,-34.05286628320299,0.15540606408905344,MODERATE EARLY-WARNING SIGNAL,STABLE,No thresholded rule warning,No thresholded rule warning,No thresholded rule warning
616605,Pollution Abatement Works for River Kali Meerut under Meerut Municipality Interception & Diversion with STP,National Mission for Clean Ganga,Uttar Pradesh,2026-06,56.0,100.0,-44.0,34.79,-94.96315385617697,0.18133215107290113,MODERATE EARLY-WARNING SIGNAL,STABLE,Progress behind expected,Schedule pressure,No thresholded rule warning
616611,Sewage Treatment Plant 100MLD and Sewerage Network 288 km in Digha-Patna under Hybrid annuity based PPP mode-Namami Gange Programme,National Mission for Clean Ganga,Bihar,2026-06,59.0,100.0,-41.0,403.34,-51.050970873786405,0.2649572669733039,MODERATE EARLY-WARNING SIGNAL,WORSENING,Progress behind expected,Long implementation duration,Schedule pressure
616612,Sewage Treatment Plant 50MLD and Sewerage Network 150 km in Kankarbagh- Patna under Hybrid annuity based PPP mode-Namami Gange Programme,NMCG1,Bihar,2026-06,55.0,100.0,-45.0,171.79,-70.32424122026637,0.2562863083682357,MODERATE EARLY-WARNING SIGNAL,STABLE,Progress behind expected,Long implementation duration,Schedule pressure
616615,"Sewer Network, SPS and STP at Begusarai",National Mission for Clean Ganga,Bihar,2026-06,97.0,100.0,-3.0,261.82,13.805094323220032,0.2861417231548983,MODERATE EARLY-WARNING SIGNAL,STABLE,Long implementation duration,No thresholded rule warning,No thresholded rule warning
616616,"Sewer Networks, SPS and STP at Hajipur",National Mission for Clean Ganga,Bihar,2026-06,95.0,100.0,-5.0,346.46,13.522723549264398,0.2876279899496694,MODERATE EARLY-WARNING SIGNAL,STABLE,Long implementation duration,No thresholded rule warning,No thresholded rule warning
616670,Transmission System for evacuation of Power from Rajasthan REZ Ph-IV [Part-4 3.5 GW] Part A [SPV name POWERGRID Ghiror Transmission Limited],Power Grid Corporation of India Limited [POWERGRID],"Multi-States (Rajasthan, Uttar Pradesh)",2026-06,37.67,75.0,-37.33,1753.81,-44.99982894286691,0.13406694275672407,MODERATE EARLY-WARNING SIGNAL,STABLE,Progress behind expected,No thresholded rule warning,No thresholded rule warning
616671,Transmission System under ISTS for evacuation of Power from Kudankulam Unit-3&4 [2x1000 MW] [SPV Name POWERGRID Kudankulam Tarnsmission Limited],Power Grid Corporation of India Limited [POWERGRID],Tamil Nadu,2026-06,20.49,73.91304347826087,-53.42304347826088,208.24,-35.913043478260875,0.1442310165831505,MODERATE EARLY-WARNING SIGNAL,WORSENING,Progress behind expected,No thresholded rule warning,No thresholded rule warning
616672,System Strengthening at Koppal-II and GadagII for integration of RE generation projects [SPV Name POWERGRID Koppal Gadag Augmentation Transmission Limited],Power Grid Corporation of India Limited [POWERGRID],Karnataka,2026-06,34.6,58.62068965517241,-24.02068965517241,284.34,-37.62068965517241,0.15750714351813713,MODERATE EARLY-WARNING SIGNAL,WORSENING,Progress behind expected,No thresholded rule warning,No thresholded rule warning
616691,"Upgradation & Extension of ESIC Hospital and Construction of PG Hostel / Staff Housing for ESIC Hospital at Andheri, Mumbai",Employee's State Insurance Company [ESIC],Maharashtra,2026-06,89.0,100.0,-11.0,216.46,-16.787759966170754,0.28417061623758677,MODERATE EARLY-WARNING SIGNAL,STABLE,Long implementation duration,Schedule pressure,No thresholded rule warning
616694,Flyover between Siju and Paradeep coaching Yard to avoid Surface crossing of trains,East Coast Railway [ECoR] - II,Odisha,2026-06,5.5,24.242424242424242,-18.742424242424242,37.26,-5.683874658323031,0.14350523014205982,MODERATE EARLY-WARNING SIGNAL,STABLE,No thresholded rule warning,No thresholded rule warning,No thresholded rule warning
616695,Paradeep - Badabandha 3rd & 4th Line / 18.51kms,East Coast Railway [ECoR] - II,Odisha,2026-06,10.5,32.55813953488372,-22.058139534883722,2.47,-31.735217662486587,0.1296398183951199,MODERATE EARLY-WARNING SIGNAL,STABLE,Progress behind expected,No thresholded rule warning,No thresholded rule warning
616697,3rd & 4th line between Vadlapudi -Gate Jn. cabin and Tie line between Gate Junction to Gangavaram port,East Coast Railway [ECoR] - II,Andhra Pradesh,2026-06,80.0,100.0,-20.0,69.59,-54.893699766658024,0.15171898275954251,MODERATE EARLY-WARNING SIGNAL,STABLE,Schedule pressure,No thresholded rule warning,No thresholded rule warning
616699,Multi tracking of Son Nagar-Andal 374.53 rkm & 814.38 tkm,East Central Railway [ECR] - I,"Multi-States (Bihar, Jharkhand)",2026-06,18.0,61.81818181818182,-43.81818181818182,882.77,-54.660724569388485,0.13834512325151307,MODERATE EARLY-WARNING SIGNAL,STABLE,Progress behind expected,No thresholded rule warning,No thresholded rule warning
616701,Lumding Furkating Doubling Project 140 km,Northeast Frontier Railway [NFR],"Multi-States (Assam, Nagaland)",2026-06,12.5,45.945945945945944,-33.445945945945944,141.06,-39.30376484692066,0.10562881950672852,MODERATE EARLY-WARNING SIGNAL,STABLE,Progress behind expected,No thresholded rule warning,No thresholded rule warning
616839,Naupada-Gunupur - New line upto Theruvali [73.62 km],Indian Railway,Odisha,2026-06,0.0,4.545454545454546,-4.545454545454546,0.0,-4.545454545454546,0.09178912911954737,LOW EARLY-WARNING SIGNAL,STABLE,No thresholded rule warning,No thresholded rule warning,No thresholded rule warning
616841,PUSHKAR- MERTA CITY NEW LINE,North Western Railway [NWR],Rajasthan,2026-06,8.0,82.3529411764706,-74.3529411764706,224.71,-54.251545548437974,0.14649769863505577,MODERATE EARLY-WARNING SIGNAL,STABLE,Progress behind expected,Schedule pressure,No thresholded rule warning
616842,LUNI- SAMDARI- BHILDI DOUBLING,North Western Railway [NWR],"Multi-States (Gujarat, Rajasthan)",2026-06,36.0,68.29268292682927,-32.29268292682927,962.77,-37.09054654448424,0.16968298765247108,MODERATE EARLY-WARNING SIGNAL,STABLE,Progress behind expected,No thresholded rule warning,No thresholded rule warning
616843,AJMER- CHANDERIYA DOUBLING,North Western Railway [NWR],Rajasthan,2026-06,22.0,70.0,-48.0,489.56,-40.05364603404719,0.14493860127048486,MODERATE EARLY-WARNING SIGNAL,STABLE,Progress behind expected,No thresholded rule warning,No thresholded rule warning
616856,Doubling between Bhadrachalam Road and Dornakal,South Central Railway [SCR] - II,Telangana,2026-05,0.06,27.083333333333332,-27.023333333333333,87.94,-15.664333696913035,0.08382793399894138,LOW EARLY-WARNING SIGNAL,IMPROVING,Progress behind expected,No thresholded rule warning,No thresholded rule warning
616857,Doubling between Motumari Vishnupuram - 88.81 Km and Rail over Rail - RoR at Motumari - 10.877 Km,South Central Railway [SCR] - II,"Multi-States (Andhra Pradesh, Telangana)",2026-06,2.05,31.25,-29.2,264.89,-14.648201247218825,0.12089156159925053,MODERATE EARLY-WARNING SIGNAL,STABLE,Progress behind expected,No thresholded rule warning,No thresholded rule warning
616858,"Construction of Field Gas Gathering Station at Baghjan area for collection, processing & transportation of natural Gas to be produced from Baghjan Field",Ministry of Petroleum & Natural Gas,Assam,2026-06,94.5,100.0,-5.5,348.57,-19.080230290649084,0.17394704669512118,MODERATE EARLY-WARNING SIGNAL,STABLE,Long implementation duration,No thresholded rule warning,No thresholded rule warning
616879,Demo Bio-ATF Project,Ministry of Petroleum & Natural Gas,Karnataka,2026-06,51.1,79.41176470588235,-28.311764705882347,85.56,-55.90627020038784,0.16360933915728038,MODERATE EARLY-WARNING SIGNAL,STABLE,Progress behind expected,No thresholded rule warning,No thresholded rule warning
616886,Delhi University Eastern Campus at Surajmal Vihar,Delhi University,Delhi,2026-06,13.0,78.94736842105263,-65.94736842105263,30.13,-70.8696204317765,0.15693695214119116,MODERATE EARLY-WARNING SIGNAL,STABLE,Progress behind expected,No thresholded rule warning,No thresholded rule warning
616933,Lube Modernization & Bottom Upgradation Project at Mumbai Refinery,Ministry of Petroleum and Natural Gas,Maharashtra,2026-06,12.3,46.15384615384615,-33.85384615384615,288.53,-39.987357587913266,0.12096178307351292,MODERATE EARLY-WARNING SIGNAL,WORSENING,Progress behind expected,No thresholded rule warning,No thresholded rule warning
616950,PRP-VIII [Group-A],Ministry of Petroleum & Natural Gas,Offshore,2026-06,59.6,100.0,-40.4,618.99,-58.35643164693219,0.2132446422835856,MODERATE EARLY-WARNING SIGNAL,STABLE,Progress behind expected,Schedule pressure,No thresholded rule warning
616983,Kosamba Umarpada GC PROJECT,Ministry of Railways-,Gujarat,2026-06,16.0,74.46808510638297,-58.46808510638297,70.54,-59.381896646654155,0.1249935500496407,MODERATE EARLY-WARNING SIGNAL,STABLE,Progress behind expected,No thresholded rule warning,No thresholded rule warning
617068,"Augmentation of Transformation Capacity by 3x500 MVA, 400/220 KV ICTS [6th-8th] and 1x1500 MVA, 765/400 KV ICT [4th] at Bidar PS [SPV Name- POWERGRID Bidar Augmentation Transmission Limited]",Power Grid Corporation of India Limited [POWERGRID],Karnataka,2026-06,18.0,57.142857142857146,-39.142857142857146,20.16,-50.142857142857146,0.13686927549758904,MODERATE EARLY-WARNING SIGNAL,WORSENING,Progress behind expected,No thresholded rule warning,No thresholded rule warning
617069,Augmentation of Transformation Capacity at KPS1 [GIS] and KPS2 [GIS] [Phase-V Part B1 and Part B2 Scheme] [SPV Name- POWERGRID KPS1 and 2 Augmentation Transmission Limited],Power Grid Corporation of India Limited [POWERGRID],Gujarat,2026-06,37.0,66.66666666666667,-29.66666666666667,143.48,-35.87696709585123,0.18305909055620048,MODERATE EARLY-WARNING SIGNAL,WORSENING,Progress behind expected,No thresholded rule warning,No thresholded rule warning
617179,Transmission Scheme for evacuation of Power from Ratle HEP [850 MW] & kiru [624 MW] Part B,Power Grid Corporation of India Limited [POWERGRID],Jammu and Kashmir,2026-06,1.7,95.83333333333333,-94.13333333333333,3.72,-94.13159499847514,0.10896513188533272,MODERATE EARLY-WARNING SIGNAL,STABLE,Progress behind expected,Schedule pressure,No thresholded rule warning
617181,"Augmentation at Fatehgarh-II PS, Fatehgarh-IV PS [Section-II] and Barmer-I PS [POWERGRID Fatehgarh Barmer Augmentation Transmission Limited]",Power Grid Corporation of India Limited [POWERGRID],Rajasthan,2026-06,16.4,71.42857142857143,-55.02857142857143,29.61,-64.09936350777934,0.180514378746444,MODERATE EARLY-WARNING SIGNAL,WORSENING,Progress behind expected,No thresholded rule warning,No thresholded rule warning
617182,Augmentation of Banaskantha [Raghanesda] PS [GIS] [POWERGRID Banaskantha Transco Limited],Power Grid Corporation of India Limited [POWERGRID],Gujarat,2026-06,39.0,62.5,-23.5,58.48,-28.5,0.11254808405627015,MODERATE EARLY-WARNING SIGNAL,STABLE,Progress behind expected,No thresholded rule warning,No thresholded rule warning
617183,Transmission system strengthening at Kurnool- III PS for integration of additional RE generation projects [POWERGRID Kurnool III PS RE Transmission Limited],Power Grid Corporation of India Limited [POWERGRID],Andhra Pradesh,2026-06,41.68,45.45454545454545,-3.7745454545454535,739.68,-19.824607824607824,0.1378349930355528,MODERATE EARLY-WARNING SIGNAL,WORSENING,No thresholded rule warning,No thresholded rule warning,No thresholded rule warning
617184,Transmission Scheme for integration of Davanagere/ Chitradurga and Bellary REZ in Karnataka [POWERGRID Chitradurga Bellary REZ Transmission Limited],Power Grid Corporation of India Limited [POWERGRID],Karnataka,2026-06,21.31,50.0,-28.69,483.42,-36.0,0.10317204662215416,MODERATE EARLY-WARNING SIGNAL,STABLE,Progress behind expected,No thresholded rule warning,No thresholded rule warning
617185,Transmission System for Integration of Kurnool-IV REZ Phase-I [for 4.5 GW] [POWERGRID Kurnool-IV Transmission Limited],Power Grid Corporation of India Limited [POWERGRID],"Multi-States (Andhra Pradesh, Karnataka)",2026-06,24.88,62.5,-37.620000000000005,1595.07,-33.760000000000005,0.1561081150898735,MODERATE EARLY-WARNING SIGNAL,WORSENING,Progress behind expected,No thresholded rule warning,No thresholded rule warning
617186,Rajasthan REZ Ph-V [Part-1- 4 GW] [Sirohi/Nagaur] Complex [Rajasthan V Power Transmission Limited],Power Grid Corporation of India Limited [POWERGRID],"Multi-States (Madhya Pradesh, Rajasthan)",2026-06,31.49,62.5,-31.01,1263.53,-37.37012728719172,0.15082144927583813,MODERATE EARLY-WARNING SIGNAL,STABLE,Progress behind expected,No thresholded rule warning,No thresholded rule warning
617188,"Sipat Super Thermal Power Project, Stage-III [1x800 MW]",National Thermal Power Corporation [NTPC],Chhattisgarh,2026-06,21.3,35.0,-13.7,1795.82,-16.65846185272189,0.1530950333532091,MODERATE EARLY-WARNING SIGNAL,STABLE,No thresholded rule warning,No thresholded rule warning,No thresholded rule warning
617200,KHARSIA- NAYA RAIPUR-PARMALKASA 5th and 6th Line [278KM],CAO/C/SECR,Chhattisgarh,2026-05,0.0,18.309859154929576,-18.309859154929576,0.64,-18.301710274891278,0.0800223350973306,LOW EARLY-WARNING SIGNAL,IMPROVING,No thresholded rule warning,No thresholded rule warning,No thresholded rule warning
617201,Gondia-Balharshah [Chanda Fort] Doubling [240 Km],South East Central Railway,Maharashtra,2026-05,2.0,18.309859154929576,-16.309859154929576,1.79,-18.26892653139995,0.06924462912895285,LOW EARLY-WARNING SIGNAL,IMPROVING,No thresholded rule warning,No thresholded rule warning,No thresholded rule warning
617206,Delhi Metro Rail Phase-IV [Rithala - Kundli Corridor],Delhi Metro Rail Corporation Limited [DMRC],"Multi-States (Delhi, Haryana)",2026-06,3.02,35.416666666666664,-32.39666666666666,570.13,-26.266756299293263,0.11821956017922056,MODERATE EARLY-WARNING SIGNAL,STABLE,Progress behind expected,No thresholded rule warning,No thresholded rule warning
617207,Delhi Metro Rail Phase-IV [2 Corridors],Delhi Metro Rail Corporation Limited [DMRC],Delhi,2026-06,4.29,45.0,-40.71,156.69,-43.13460066358644,0.1474084723308211,MODERATE EARLY-WARNING SIGNAL,WORSENING,Progress behind expected,No thresholded rule warning,No thresholded rule warning
617210,Tiupati Katpadi 104.39 kms,South Central Railway [SCR] - II,Andhra Pradesh,2026-06,0.06,29.78723404255319,-29.727234042553192,62.2,-24.670250923661484,0.10473572011706778,MODERATE EARLY-WARNING SIGNAL,STABLE,Progress behind expected,No thresholded rule warning,No thresholded rule warning
617211,Doubling of Guntur Bibinagar 239 Km,South Central Railway [SCR] - II,"Multi-States (Andhra Pradesh, Telangana)",2026-05,2.6,49.25373134328358,-46.65373134328358,357.74,-36.715660455202354,0.09239388330391925,LOW EARLY-WARNING SIGNAL,IMPROVING,Progress behind expected,No thresholded rule warning,No thresholded rule warning
617212,Doubling between Mudkhed Medchal & Mahbubnagar Dhone section 417.88 Km,South Central Railway [SCR] - II,"Multi-States (Andhra Pradesh, Maharashtra, Telangana)",2026-05,21.0,49.25373134328358,-28.253731343283583,640.06,-35.59500946640969,0.12282552827829503,MODERATE EARLY-WARNING SIGNAL,IMPROVING,Progress behind expected,No thresholded rule warning,No thresholded rule warning
617213,Varanasi-Pt. Deen Dayal Upadhyaya multitracking 15km including construction of new Rail-cum-Road Bridge across Ganga River.,Northern Railways,Uttar Pradesh,2026-06,3.93,16.666666666666668,-12.736666666666668,96.98,-12.731524688302239,0.08181137262823557,LOW EARLY-WARNING SIGNAL,STABLE,No thresholded rule warning,No thresholded rule warning,No thresholded rule warning
617214,Rail Connectivity to Errupalem Amravati Namburu 57 Km,South Central Railway [SCR] - II,"Multi-States (Andhra Pradesh, Telangana)",2026-06,0.17,67.85714285714286,-67.68714285714286,208.57,-57.67007633374733,0.17032047687581553,MODERATE EARLY-WARNING SIGNAL,STABLE,Progress behind expected,No thresholded rule warning,No thresholded rule warning
617215,Doubling between Parbhani Parli Vaijanath stations 64.71 Km,South Central Railway [SCR] - II,Maharashtra,2026-06,0.2,58.8235294117647,-58.6235294117647,197.62,-33.15626095878846,0.1453259023389506,MODERATE EARLY-WARNING SIGNAL,STABLE,Progress behind expected,No thresholded rule warning,No thresholded rule warning
617216,3rd Line between Gudur Renigunta 83.17 Km,South Central Railway [SCR] - II,Andhra Pradesh,2026-06,0.17,68.96551724137932,-68.79551724137932,206.02,-45.4831728822939,0.15492053151433935,MODERATE EARLY-WARNING SIGNAL,STABLE,Progress behind expected,No thresholded rule warning,No thresholded rule warning
617221,"Construction of Girls Hostel 400 seater, Boys Hostel 600 seater, Academic Block, International Hostel 100 seater, VC Residence and Purchase of Equipment",Central University of Punjab,Punjab,2026-06,48.0,46.666666666666664,1.3333333333333357,81.06,-8.247784255177969,0.11462881261893218,MODERATE EARLY-WARNING SIGNAL,STABLE,No thresholded rule warning,No thresholded rule warning,No thresholded rule warning
617224,Gorakhpur-Valmikinagar Doubling project,NER,"Multi-States (Bihar, Uttar Pradesh)",2026-06,32.0,60.0,-28.0,442.7,-20.473214285714285,0.1864693121927307,MODERATE EARLY-WARNING SIGNAL,WORSENING,Progress behind expected,No thresholded rule warning,No thresholded rule warning
617225,PCMC To Nigdi- Extension Of North South Corridor Of Phase-1,Maharashtra Metro Rail Corporation Limited [MMRCL],Maharashtra,2026-06,47.17,82.05128205128206,-34.88128205128206,309.65,-48.03053890157541,0.15790025326479443,MODERATE EARLY-WARNING SIGNAL,STABLE,Progress behind expected,Schedule pressure,No thresholded rule warning
617226,Pune Metro Phase-1 Extension line towards south from Swargate to Katraj,Maharashtra Metro Rail Corporation Limited [MMRCL],Maharashtra,2026-06,6.2,38.888888888888886,-32.68888888888888,88.81,-35.8829962426812,0.12387002786079951,MODERATE EARLY-WARNING SIGNAL,WORSENING,Progress behind expected,No thresholded rule warning,No thresholded rule warning
617231,Construction of Bulb line at Nabinagar Ankorah of East Central Railway,East Central Railway [ECR] - I,Bihar,2026-06,0.0,50.0,-50.0,0.0,-50.0,0.11482392811815369,MODERATE EARLY-WARNING SIGNAL,STABLE,Progress behind expected,No thresholded rule warning,No thresholded rule warning
617233,WAGHODA UG MINE [1.02 MTY],WCL - CIL,Maharashtra,2026-06,0.11,27.419354838709676,-27.309354838709677,0.0,-27.419354838709676,0.1255915706346559,MODERATE EARLY-WARNING SIGNAL,STABLE,Progress behind expected,No thresholded rule warning,No thresholded rule warning
617239,Doubling of Narkatiaganj Raxaul Sitamarhi Darbhanga & Sitamarhi Muzaffarpur 256 KM,East Central Railway [ECR] - I,Bihar,2026-06,0.0,14.583333333333334,-14.583333333333334,9.93,-14.33994799772873,0.0969466447538484,LOW EARLY-WARNING SIGNAL,STABLE,No thresholded rule warning,No thresholded rule warning,No thresholded rule warning
617242,Installation of New Bar Mill at Durgapur Steel Plant,Steel Authority of India Limited [SAIL],West Bengal,2026-06,66.02,64.70588235294117,1.314117647058822,828.94,-25.520653748017374,0.2832537787288294,MODERATE EARLY-WARNING SIGNAL,STABLE,No thresholded rule warning,No thresholded rule warning,No thresholded rule warning
617243,Replacement of Hot Leveller No.1 of Plate Mill at Bhilai Steel Plant,Steel Authority of India Limited [SAIL],Chhattisgarh,2026-06,82.13,95.65217391304348,-13.522173913043488,129.24,-30.583197979099268,0.2025774362659295,MODERATE EARLY-WARNING SIGNAL,STABLE,Schedule pressure,No thresholded rule warning,No thresholded rule warning
617245,Katihar Kumedpur & Katihar Mukuria BG Doubling Project,Northeast Frontier Railway [NFR],"Multi-States (Bihar, West Bengal)",2026-06,66.0,95.83333333333333,-29.83333333333333,656.16,-26.22457495261534,0.20684288075054588,MODERATE EARLY-WARNING SIGNAL,STABLE,Progress behind expected,Schedule pressure,No thresholded rule warning
617246,Up-gradation of Blast Furnace No. 3 at Durgapur Steel Plant,Steel Authority of India Limited [SAIL],West Bengal,2026-06,41.68,100.0,-58.32,286.36,-62.226120909126884,0.33580249391641087,HIGH EARLY-WARNING SIGNAL,IMPROVING,Progress behind expected,Schedule pressure,No thresholded rule warning
617248,Third Ladle Furnace in Secondary Refinery Unit at IISCO Steel Plant,Steel Authority of India Limited [SAIL],West Bengal,2026-06,74.55,94.73684210526316,-20.186842105263167,103.97,-49.12796335460516,0.2701037996587578,MODERATE EARLY-WARNING SIGNAL,STABLE,Progress behind expected,Schedule pressure,No thresholded rule warning
617249,Replacement of existing Grinders in CRM-I & II at Bokaro Steel Plant,Steel Authority of India Limited [SAIL],Jharkhand,2026-06,50.4,69.56521739130434,-19.165217391304346,59.72,-41.387431225408335,0.20822944448193517,MODERATE EARLY-WARNING SIGNAL,STABLE,No thresholded rule warning,No thresholded rule warning,No thresholded rule warning
617250,Secondary Emission Control in Converters of SMS-II at Bokaro Steel Plant,Steel Authority of India Limited [SAIL],Jharkhand,2026-06,51.82,80.0,-28.18,86.62,-38.18085260464443,0.26911586620711186,MODERATE EARLY-WARNING SIGNAL,WORSENING,Progress behind expected,Schedule pressure,No thresholded rule warning
617251,Revamping of Air Pollution Control Systems of SP-1 at Durgapur Steel Plant,Steel Authority of India Limited [SAIL],West Bengal,2026-06,32.21,100.0,-67.78999999999999,65.5,-66.64969450101833,0.35289865897590605,HIGH EARLY-WARNING SIGNAL,IMPROVING,Progress behind expected,Schedule pressure,No thresholded rule warning
617252,Anandnagar - Ghugli via Maharajganj New line 52.7 km,Construction NER,Uttar Pradesh,2026-06,24.0,59.61538461538461,-35.61538461538461,640.17,7.189378134153614,0.12320585747711758,MODERATE EARLY-WARNING SIGNAL,STABLE,Progress behind expected,No thresholded rule warning,No thresholded rule warning
617253,Revamping of old sub-systems of Blast Furnace 3 at Bokaro Steel Plant,Steel Authority of India Limited [SAIL],Jharkhand,2026-04,97.3,100.0,-2.700000000000003,408.4,-20.516912537464492,0.25701228709286567,MODERATE EARLY-WARNING SIGNAL,,No thresholded rule warning,No thresholded rule warning,No thresholded rule warning
617254,Replacement of remaining 04 sets of Battery Cyclones with 04 Nos. of ESPs in Sinter Plant-1 at Bokaro Steel Plant,Steel Authority of India Limited [SAIL],Jharkhand,2026-06,50.16,100.0,-49.84,125.6,-51.760955563236934,0.24037207183197,MODERATE EARLY-WARNING SIGNAL,STABLE,Progress behind expected,Schedule pressure,No thresholded rule warning
617255,"Replacement of Converter Vessels, Trunnion Rings, Support System & Installation of Secondary Emission at Bhilai Steel Plant",Steel Authority of India Limited [SAIL],Chhattisgarh,2026-06,70.5,100.0,-29.5,257.18,-45.49308013479431,0.19561093124630888,MODERATE EARLY-WARNING SIGNAL,STABLE,Progress behind expected,Schedule pressure,No thresholded rule warning
617256,Rebuilding of Coke Oven Battery No.7 & 8 at Bhilai Steel Plant,Steel Authority of India Limited [SAIL],Chhattisgarh,2026-06,93.74,100.0,-6.260000000000005,618.87,-30.0,0.1793103060927465,MODERATE EARLY-WARNING SIGNAL,STABLE,No thresholded rule warning,No thresholded rule warning,No thresholded rule warning
617257,Rebuilding of Coke Oven Battery No.6 at Bokaro Steel Plant,Steel Authority of India Limited [SAIL],Jharkhand,2026-06,66.11,85.71428571428571,-19.60428571428571,342.26,-31.15433927632042,0.22021514887510454,MODERATE EARLY-WARNING SIGNAL,STABLE,Schedule pressure,No thresholded rule warning,No thresholded rule warning
617269,Transmission System for Strengthening to facilitate evacuation of power from Bhadla/Bikaner Complex,Power Grid Corporation of India Limited [POWERGRID],Uttar Pradesh,2026-06,11.17,100.0,-88.83,9.98,-95.31037075325408,0.2293256071354731,MODERATE EARLY-WARNING SIGNAL,WORSENING,Progress behind expected,Schedule pressure,No thresholded rule warning
617270,Eastern Region Expansion Scheme-44 [ERES-44],Power Grid Corporation of India Limited [POWERGRID],"Multi-States (Bihar, West Bengal)",2026-06,1.5,100.0,-98.5,6.13,-98.5010025920673,0.14450279104107047,MODERATE EARLY-WARNING SIGNAL,STABLE,Progress behind expected,Schedule pressure,No thresholded rule warning
617271,Eastern Region Expansion Scheme-43 [ERES-43],Power Grid Corporation of India Limited [POWERGRID],"Multi-States (Bihar, Odisha, West Bengal)",2026-06,29.73,100.0,-70.27,137.07,-60.001750853541104,0.177574794421608,MODERATE EARLY-WARNING SIGNAL,STABLE,Progress behind expected,Schedule pressure,No thresholded rule warning
617272,Implementation of LILO of both circuits of 400KV vindhyachal PS-Sasan D/C Line at Hindalco Switchyard,Power Grid Corporation of India Limited [POWERGRID],Madhya Pradesh,2026-06,52.14,80.0,-27.86,129.5,-45.0,0.18533980125269095,MODERATE EARLY-WARNING SIGNAL,STABLE,Progress behind expected,Schedule pressure,No thresholded rule warning
617278,KOLARPIMPRI EXPANSION OC [2.5,WCL - CIL,Maharashtra,2026-06,0.4,26.229508196721312,-25.829508196721314,0.61,-26.132739632227445,0.11889955607848876,MODERATE EARLY-WARNING SIGNAL,STABLE,Progress behind expected,No thresholded rule warning,No thresholded rule warning
617279,Transmission System for evacuation of power from Mahan Energen Limited Generating Station in Madhya Pradesh [SPV Name - POWERGRID MEL Power Transmission Limited],Power Grid Corporation of India Limited [POWERGRID],Madhya Pradesh,2026-06,15.11,40.0,-24.89,180.9,-7.58064516129032,0.13839018803881778,MODERATE EARLY-WARNING SIGNAL,WORSENING,Progress behind expected,No thresholded rule warning,No thresholded rule warning
617280,"Construction of Basement + Ground Floor+ 10 Storeyed building for State of the Art Director General, GSI Building at plot No.GN-40, Sector-V, Salt Lake, Kolkata",Central Public Works Department [CPWD],West Bengal,2026-06,64.0,97.43589743589743,-33.43589743589743,98.92,-58.699945679622225,0.26315018409168073,MODERATE EARLY-WARNING SIGNAL,STABLE,Progress behind expected,Long implementation duration,Schedule pressure
617284,Chunar-Chopan doubling project,North Central Railway,Uttar Pradesh,2026-05,18.5,42.10526315789474,-23.60526315789474,151.57,-31.461003487679285,0.0622060443396319,LOW EARLY-WARNING SIGNAL,IMPROVING,Progress behind expected,No thresholded rule warning,No thresholded rule warning
617287,KUSMUNDA OC EXPANSION PROJECT,SECL - CIL,Chhattisgarh,2026-06,23.75,29.6875,-5.9375,837.14,-11.153910442606403,0.12443815609899661,MODERATE EARLY-WARNING SIGNAL,STABLE,No thresholded rule warning,No thresholded rule warning,No thresholded rule warning
617288,MANIKPUR OC EXPANSION PROJECT,SECL - CIL,Chhattisgarh,2026-06,21.29,34.0,-12.71,138.83,2.2849899375343057,0.12460740721957961,MODERATE EARLY-WARNING SIGNAL,STABLE,No thresholded rule warning,No thresholded rule warning,No thresholded rule warning
617299,50 MW Wind Power Project,NLC India Limited,Gujarat,2026-06,52.0,100.0,-48.0,328.54,-14.407044601917463,0.15345831107045432,MODERATE EARLY-WARNING SIGNAL,STABLE,Progress behind expected,Schedule pressure,No thresholded rule warning
617302,Durgapur - Haldia Pipeline [Section-3B of JHBDPL Project],Ministry of Petroleum & Natural Gas,West Bengal,2026-06,95.2,100.0,-4.799999999999997,2375.1,36.5,0.3719280809192045,HIGH EARLY-WARNING SIGNAL,STABLE,Expenditure ahead of progress,Long implementation duration,No thresholded rule warning
617304,"Setting up of LPG Plant with Rail Unloading Facility at Hathua, Dist. Gopalganj, Bihar",MinistryofPetroleumNaturalGas,Bihar,2026-06,55.0,78.04878048780488,-23.048780487804876,179.55,-25.26324469477239,0.14077498349929635,MODERATE EARLY-WARNING SIGNAL,STABLE,Progress behind expected,No thresholded rule warning,No thresholded rule warning
617326,Implementation of Transmission Systems in the State of Jharkhand consisting of 400/220/132/33 kV transmission lines and substations under Jharkhand Consultancy Project,Power Grid Corporation of India Limited [POWERGRID],Jharkhand,2026-06,96.3,100.0,-3.700000000000003,1648.05,-10.541457456914102,0.5507800807251746,VERY HIGH EARLY-WARNING SIGNAL,STABLE,Long implementation duration,No thresholded rule warning,No thresholded rule warning
617327,Thane Integral Ring Metro Rail Project,Maharashtra Metro Rail Corporation Limited [MMRCL],Maharashtra,2026-06,9.49,35.0,-25.509999999999998,95.64,-34.21607199940984,0.1146376676970833,MODERATE EARLY-WARNING SIGNAL,STABLE,Progress behind expected,No thresholded rule warning,No thresholded rule warning
617333,Surface triangle line bet. Bhadura stn and new crossing stn Karma,East Central Railway [ECR] - I,Uttar Pradesh,2026-06,0.6,75.75757575757575,-75.15757575757576,7.67,-71.92180860414507,0.1365817634925411,MODERATE EARLY-WARNING SIGNAL,STABLE,Progress behind expected,No thresholded rule warning,No thresholded rule warning
617338,Stamp Charge Battery No.12 Battery Proper at IISCO Steel Plant,Steel Authority of India Limited [SAIL],West Bengal,2026-06,26.7,39.02439024390244,-12.324390243902439,415.31,-22.533298713202267,0.18243803113073342,MODERATE EARLY-WARNING SIGNAL,STABLE,No thresholded rule warning,No thresholded rule warning,No thresholded rule warning
617345,SER Upgradation of maintenance infrastructure at Shalimar into Vande Bharat Chair Car maintenance cum workshop depot.,South Eastern Railway - JH,West Bengal,2026-05,50.0,77.27272727272727,-27.272727272727266,86.69,-39.06141683062386,0.1432322830404206,MODERATE EARLY-WARNING SIGNAL,IMPROVING,Progress behind expected,No thresholded rule warning,No thresholded rule warning
617361,Babupeth - Sasti New Rail Line [13.114 KMs],CentralRailway,Maharashtra,2026-05,0.0,46.34146341463415,-46.34146341463415,0.48,-46.209162761399675,0.09575564649710558,LOW EARLY-WARNING SIGNAL,IMPROVING,Progress behind expected,No thresholded rule warning,No thresholded rule warning
617364,Double Chord line Between Nilaje-Kopar,CentralRailway,Maharashtra,2026-06,60.0,40.476190476190474,19.523809523809526,55.83,-23.974550065940125,0.1597054174412008,MODERATE EARLY-WARNING SIGNAL,WORSENING,No thresholded rule warning,No thresholded rule warning,No thresholded rule warning
617370,Doubling between Jaunpur Jn - Zaffarabad 6.28 km,M/S SRC company Infra Private Limited,Uttar Pradesh,2026-06,27.55,69.56521739130434,-42.01521739130435,65.54,-33.287125948815685,0.12820950311032658,MODERATE EARLY-WARNING SIGNAL,STABLE,Progress behind expected,No thresholded rule warning,No thresholded rule warning
617372,Doubling between Pradhankunta-Patherih-Bhojudih of East Central Railway,East Central Railway [ECR] - I,Jharkhand,2026-04,71.5,100.0,-28.5,125.71,-64.00263444247179,0.2863698120408737,MODERATE EARLY-WARNING SIGNAL,,Progress behind expected,Schedule pressure,No thresholded rule warning
617374,"Dallirajhara - Rowghat New Rail Line Project, Phase-I",Rail Vikas Nigam Limited,Chhattisgarh,2026-05,98.0,100.0,-2.0,2143.72,41.3643707342807,0.40020627403529896,HIGH EARLY-WARNING SIGNAL,IMPROVING,Expenditure ahead of progress,Long implementation duration,No thresholded rule warning
617375,North Eastern Region Expansion Scheme-XXIII [NERES-XXIII],Power Grid Corporation of India Limited [POWERGRID],Arunachal Pradesh,2026-06,1.56,33.333333333333336,-31.773333333333337,3.14,-31.833667653707774,0.06882548438391177,LOW EARLY-WARNING SIGNAL,STABLE,Progress behind expected,No thresholded rule warning,No thresholded rule warning
617379,Development of New Bijwasan Railway Terminal,Northern Railways,Delhi,2026-05,80.0,100.0,-20.0,556.36,24.685686111920404,0.34476673480568865,HIGH EARLY-WARNING SIGNAL,IMPROVING,Expenditure ahead of progress,Long implementation duration,Schedule pressure
617390,Sardega -Bhalumuda New Double line [37.24 Km],SECR,"Multi-States (Chhattisgarh, Odisha)",2026-05,4.0,47.61904761904762,-43.61904761904762,128.07,-37.62770724878994,0.07159702924325619,LOW EARLY-WARNING SIGNAL,IMPROVING,Progress behind expected,No thresholded rule warning,No thresholded rule warning
617391,Augmentation of Transformation Capacity at Bhuj-II PS [GIS],Power Grid Corporation of India Limited [POWERGRID],Gujarat,2026-06,4.5,76.19047619047619,-71.69047619047619,9.76,-74.19166400919048,0.10616489609063845,MODERATE EARLY-WARNING SIGNAL,STABLE,Progress behind expected,No thresholded rule warning,No thresholded rule warning
617403,SADULPUR - CHURU DOUBLING PROJECT,North Western Railway [NWR],Rajasthan,2026-06,95.0,100.0,-5.0,197.84,-57.784226698531924,0.13966578335623386,MODERATE EARLY-WARNING SIGNAL,STABLE,No thresholded rule warning,No thresholded rule warning,No thresholded rule warning
617404,POKHRAN - RAMDEVRA New Line,North Western Railway [NWR],Rajasthan,2026-06,2.0,40.0,-38.0,55.58,-10.625231224565297,0.10086405224644591,MODERATE EARLY-WARNING SIGNAL,STABLE,Progress behind expected,No thresholded rule warning,No thresholded rule warning
617405,Jamnagar Transmission Limited,Adani Transmission Limited,Gujarat,2026-06,19.0,83.33333333333333,-64.33333333333333,553.0,-69.50833333333333,0.20014829523269453,MODERATE EARLY-WARNING SIGNAL,WORSENING,Progress behind expected,Schedule pressure,No thresholded rule warning
617406,RATLAM- DUNGARPUR VIA BANSWARA NEW LINE PROJECT,North Western Railway [NWR],"Multi-States (Madhya Pradesh, Rajasthan)",2026-05,8.0,62.06896551724138,-54.06896551724138,7.35,-61.76489972319528,0.18908240238348495,MODERATE EARLY-WARNING SIGNAL,IMPROVING,Progress behind expected,No thresholded rule warning,No thresholded rule warning
617408,NATHDWARA- NATHDWARA TOWN NL,North Western Railway [NWR],Rajasthan,2026-05,15.0,71.42857142857143,-56.42857142857143,112.55,-3.7618847214230016,0.18768283539270697,MODERATE EARLY-WARNING SIGNAL,IMPROVING,Progress behind expected,No thresholded rule warning,No thresholded rule warning
617409,Railway Manufacturing Unit,RVNL - II,Telangana,2026-06,91.0,86.95652173913044,4.043478260869563,492.12,7.435069483824904,0.22007356801767414,MODERATE EARLY-WARNING SIGNAL,STABLE,No thresholded rule warning,No thresholded rule warning,No thresholded rule warning
617412,"Construction of One Tower of Office Complex and another Tower of Residential quarters consisting of 10Nos. Type-V, 10Nos. Type-VI & 1No.Type-VII Quarters i/c internal water supply, sanitary installation and all development and bulk services, Horticulture works on EPC Mode-I basis i/c comprehensive operation and maintenance of Civil, E&M services for 7 years after completion of original construction work for Ranga Reddy, Secunderabad, Medchal, AuditI, Audit-II Commissionerates of Central Tax at Khajaguda, Serilingampally, Hyderabad.",Central Public Works Department - CPWD,Telangana,2026-06,23.0,55.88235294117647,-32.88235294117647,175.79,-28.585769090244796,0.12810364398515975,MODERATE EARLY-WARNING SIGNAL,STABLE,Progress behind expected,No thresholded rule warning,No thresholded rule warning
617413,Mobile connectivity in Left Wing Extremism [LWE] affected areas-Phase 1 Upgradation,Department of Telecommunications [DoT],"Multi-States (Andhra Pradesh, Bihar, Chhattisgarh, Jharkhand, Madhya Pradesh, Maharashtra, Odisha, Telangana, Uttar Pradesh, West Bengal)",2026-06,98.28,100.0,-1.7199999999999989,376.8,-80.00636739891755,0.14135066752059,MODERATE EARLY-WARNING SIGNAL,STABLE,No thresholded rule warning,No thresholded rule warning,No thresholded rule warning
617416,"Revised Jharia Master Plan for Dealing with Fire, Subsidence & Rehabilitation of affected families in Jharia Coalfield- Reg.",Bharat Coking Coal Limited [BCCL],Jharkhand,2026-06,31.0,26.829268292682926,4.170731707317074,327.78,-21.31152306377006,0.13891645891658796,MODERATE EARLY-WARNING SIGNAL,WORSENING,No thresholded rule warning,No thresholded rule warning,No thresholded rule warning
617422,Bodwad Parisar Sinchan Yojna,Department of Water Resources-MH,Maharashtra,2026-06,49.52,89.68253968253968,-40.16253968253968,1949.56,11.655950085160868,0.40731861575079925,HIGH EARLY-WARNING SIGNAL,STABLE,Progress behind expected,Long implementation duration,Schedule pressure
617727,Orvakal Industrial Area,NICDC,Andhra Pradesh,2026-06,12.81,22.22222222222222,-9.412222222222221,278.6,-12.22222222222222,0.07997881582280844,LOW EARLY-WARNING SIGNAL,STABLE,No thresholded rule warning,No thresholded rule warning,No thresholded rule warning
617729,Kopparthy Industrial Area,NICDC,Andhra Pradesh,2026-06,5.23,22.22222222222222,-16.99222222222222,39.75,-20.361267166042445,0.06788842066289247,LOW EARLY-WARNING SIGNAL,STABLE,No thresholded rule warning,No thresholded rule warning,No thresholded rule warning
617730,600 MW Khavda Solar Power Project,NLC India Limited [NLCIL],Gujarat,2026-06,60.0,100.0,-40.0,2000.62,-40.026679856708185,0.16255786179590898,MODERATE EARLY-WARNING SIGNAL,IMPROVING,Progress behind expected,Schedule pressure,No thresholded rule warning
617764,North Dhadu Western Part OCP,NLC India Limited [NLCIL],Jharkhand,2026-06,40.0,47.61904761904762,-7.61904761904762,228.36,-30.755955018250102,0.18829571308992918,MODERATE EARLY-WARNING SIGNAL,STABLE,No thresholded rule warning,No thresholded rule warning,No thresholded rule warning
617801,Provision of ICT Augmentation & Bus Reactor at Bhuj-II PS,Power Grid Corporation of India Limited [POWERGRID],Gujarat,2026-06,6.0,71.42857142857143,-65.42857142857143,17.45,-68.4289496043888,0.11570608368662266,MODERATE EARLY-WARNING SIGNAL,STABLE,Progress behind expected,No thresholded rule warning,No thresholded rule warning
617802,Augmentation of Transformation Capacity and Implementation of Line Bays at Mandsaur S/S for RE Interconnection [SPV Name- POWERGRID Mandsaur I RE Transmission Limited],Power Grid Corporation of India Limited [POWERGRID],Madhya Pradesh,2026-06,2.5,27.586206896551722,-25.086206896551722,16.3,-22.476489028213166,0.0816053750426664,LOW EARLY-WARNING SIGNAL,STABLE,Progress behind expected,No thresholded rule warning,No thresholded rule warning
617803,Transmission System Strengthening at Davanagere for Integration of RE Generation [SPV Name - POWERGRID Davanagere Power Transmission Limited],Power Grid Corporation of India Limited [POWERGRID],Karnataka,2026-06,2.5,37.5,-35.0,17.06,-32.99868073878628,0.08759828488096126,LOW EARLY-WARNING SIGNAL,STABLE,Progress behind expected,No thresholded rule warning,No thresholded rule warning
617804,Mechanization of Berth No.14 for handling Containers and other cargo on DBFOT basis - Phase II,New Mangalore Port Authority,Karnataka,2026-06,95.0,72.72727272727273,22.272727272727266,97.45,-9.130065913985511,0.20902259108703142,MODERATE EARLY-WARNING SIGNAL,WORSENING,No thresholded rule warning,No thresholded rule warning,No thresholded rule warning
617806,Transmission System for Integration of Ananthapur 2 REZ Phase 1 for 4.5 GW. SPV Name Anantapuram 2 REZ Transmission Ltd,Sterlite Power,"Multi-States (Andhra Pradesh, Karnataka)",2026-06,50.0,62.5,-12.5,1057.57,-39.184913326528495,0.15428934679829204,MODERATE EARLY-WARNING SIGNAL,STABLE,No thresholded rule warning,No thresholded rule warning,No thresholded rule warning
617807,Inter-regional [NR-WR] Transmission System strengthening to relieve the loading of 765 kV Vindhyachal-Varanasi D/c line,Power Grid Corporation of India Limited [POWERGRID],"Multi-States (Bihar, Uttar Pradesh)",2026-06,2.03,33.333333333333336,-31.303333333333335,138.29,-27.493384009009013,0.10606289952717357,MODERATE EARLY-WARNING SIGNAL,WORSENING,Progress behind expected,No thresholded rule warning,No thresholded rule warning
617808,Inter-Regional Strengthening between SR Grid and WR Grid,Power Grid Corporation of India Limited [POWERGRID],"Multi-States (Karnataka, Maharashtra)",2026-06,2.5,33.333333333333336,-30.833333333333336,49.85,-28.38298576630255,0.08393638225033068,LOW EARLY-WARNING SIGNAL,STABLE,Progress behind expected,No thresholded rule warning,No thresholded rule warning
617818,"City Gas Distribution [CGD] Project in Gajapati, Kandhamal, Boudh, & Sonepur GA",Ministry of Petroleum & Natural Gas,Odisha,2026-06,5.9,44.067796610169495,-38.167796610169496,24.9,-39.23200006320012,0.2257583801805122,MODERATE EARLY-WARNING SIGNAL,WORSENING,Progress behind expected,No thresholded rule warning,No thresholded rule warning
617819,"City Gas Distribution [CGD] Project in Kondagaon, Bastar, Sukma, Narayanpur, Bijapur & Dantewada GA",Ministry of Petroleum & Natural Gas,Chhattisgarh,2026-06,2.2,50.0,-47.8,10.33,-48.1455550768347,0.18536300721115137,MODERATE EARLY-WARNING SIGNAL,WORSENING,Progress behind expected,No thresholded rule warning,No thresholded rule warning
617822,ATF Pipeline from BPCLs Malkapur POL Installation to Hyderabad International airport,MinistryofPetroleumNaturalGas,Telangana,2026-06,26.1,50.0,-23.9,45.99,-28.609302325581396,0.12180448832803224,MODERATE EARLY-WARNING SIGNAL,STABLE,Progress behind expected,No thresholded rule warning,No thresholded rule warning
617827,"Pipeline Rehabilitation Project, Phase-II",Ministry of Petroleum & Natural Gas,"Multi-States (Assam, Bihar, West Bengal)",2026-06,29.0,30.0,-1.0,12.65,-28.139705882352942,0.11128519892780148,MODERATE EARLY-WARNING SIGNAL,STABLE,No thresholded rule warning,No thresholded rule warning,No thresholded rule warning
617828,Siliguri-Jhapa Pipeline Project,Indian Oil Corporation Limited [IOCL],West Bengal,2026-06,14.3,38.888888888888886,-24.588888888888885,2.41,-37.986267166042445,0.10700384991290202,MODERATE EARLY-WARNING SIGNAL,STABLE,Progress behind expected,No thresholded rule warning,No thresholded rule warning
617829,LPG Bottling Plant at Mualkhang,MinistryofPetroleumNaturalGas,Mizoram,2026-06,33.0,45.09803921568628,-12.098039215686278,30.84,-31.434488641941208,0.10988055239641045,MODERATE EARLY-WARNING SIGNAL,STABLE,No thresholded rule warning,No thresholded rule warning,No thresholded rule warning
617830,C2/C3 Vijaipur Pata Pipeline,Ministry of Petroleum & Natural Gas,Madhya Pradesh,2026-06,70.8,78.125,-7.325000000000003,510.5,-49.637276785714285,0.15700796085222837,MODERATE EARLY-WARNING SIGNAL,WORSENING,No thresholded rule warning,No thresholded rule warning,No thresholded rule warning
617832,Koderma-Arigada Doubling 133.38 Km of East Central Railway,East Central Railway [ECR] - I,Jharkhand,2026-06,0.0,22.22222222222222,-22.22222222222222,0.1,-22.21875855093848,0.10152504567834236,MODERATE EARLY-WARNING SIGNAL,STABLE,Progress behind expected,No thresholded rule warning,No thresholded rule warning
617836,Coke Drum Structure Package,Ministry of Petroleum & Natural Gas,Assam,2026-06,70.8,100.0,-29.200000000000003,543.0,-14.525878352852288,0.1709884915728093,MODERATE EARLY-WARNING SIGNAL,IMPROVING,Progress behind expected,Schedule pressure,No thresholded rule warning
617837,Siliguri Marketing Terminal [SMT] Capacity Augmentation Project,Ministry of Petroleum & Natural Gas,West Bengal,2026-06,88.3,100.0,-11.700000000000003,315.4,-34.834710743801665,0.1794665183031284,MODERATE EARLY-WARNING SIGNAL,STABLE,Schedule pressure,No thresholded rule warning,No thresholded rule warning
617838,Augmentation of CCKPL and IDPL Pipelines capacity along with setting up of Palakkad TOP,Ministry of Petroleum & Natural Gas,Kerala,2026-06,43.2,44.680851063829785,-1.4808510638297818,306.1,-17.592355488608543,0.1041733032495231,MODERATE EARLY-WARNING SIGNAL,STABLE,No thresholded rule warning,No thresholded rule warning,No thresholded rule warning
617839,Capacity Augmentation of Kandla LPG Import Terminal [KLIT] from 0.6 MMTPA to 2.5 MMTPA,Ministry of Petroleum & Natural Gas,Gujarat,2026-06,67.5,97.36842105263158,-29.868421052631575,163.79,-51.47087019235023,0.13233297129860827,MODERATE EARLY-WARNING SIGNAL,STABLE,Progress behind expected,Schedule pressure,No thresholded rule warning
617877,Phase B Construction of Permanent Campus of IIT Bhilai,"Indian Institute of Technology, Bhilai",Chhattisgarh,2026-06,0.0,15.151515151515152,-15.151515151515152,0.0,-15.151515151515152,0.08387115020014002,LOW EARLY-WARNING SIGNAL,STABLE,No thresholded rule warning,No thresholded rule warning,No thresholded rule warning
617878,Phase B of Construction of Permanent Campus of IIT Palakkad,INDIAN INSTITUTE OF TECHNOLOGY PALAKKAD,Kerala,2026-06,0.0,15.151515151515152,-15.151515151515152,9.8,-14.509733881050188,0.09368101581160077,LOW EARLY-WARNING SIGNAL,STABLE,No thresholded rule warning,No thresholded rule warning,No thresholded rule warning
617880,Desalpar-Hajipir-Luna and Vayor-Lakhpat New Line,Western Railway [WR] - II,Gujarat,2026-05,0.0,22.22222222222222,-22.22222222222222,0.0,-22.22222222222222,0.06636854868601572,LOW EARLY-WARNING SIGNAL,IMPROVING,Progress behind expected,No thresholded rule warning,No thresholded rule warning
617882,"Setting up IT Infrastructure including Network Security and Hosting at AIIMS, New Delhi",PMSSY AND Institute of NATIONAL Importance,Delhi,2026-06,35.0,75.0,-40.0,53.73,-59.999581227839975,0.23029710945330034,MODERATE EARLY-WARNING SIGNAL,STABLE,Progress behind expected,No thresholded rule warning,No thresholded rule warning
617883,"Redevelopment of Residential colonies at Ayur Vigyan Nagar and West Ansari Nagar campuses of AIIMS, New Delhi",PMSSY AND Institute of NATIONAL Importance,Delhi,2026-06,57.0,80.0,-23.0,44.44,-78.99932447646927,0.3413057469762783,HIGH EARLY-WARNING SIGNAL,WORSENING,Progress behind expected,Schedule pressure,No thresholded rule warning
617885,Rehabilitation and Up-gradation of Nongstoin Wahkaji section of Project Road Km 0000 to Km 43060 to Intermediate Lane with earthern shoulder under SARDP-NE Phase-A in the State of Meghalaya on EPC mode. Job No- SARDP-NE ong-Don- Maw/MG/2020-21/294,MoRTH,Meghalaya,2026-06,99.1,100.0,-0.9000000000000057,187.77,-38.00515055467512,0.1837806135232651,MODERATE EARLY-WARNING SIGNAL,STABLE,No thresholded rule warning,No thresholded rule warning,No thresholded rule warning
617886,Widening of existing Single lane / Intermediate lane road to 2 lane from Km 101 to Km 125 of NH 61,MoRTH,Nagaland,2026-06,44.46,100.0,-55.54,0.0,-100.0,0.21786710690956787,MODERATE EARLY-WARNING SIGNAL,STABLE,Progress behind expected,Schedule pressure,No thresholded rule warning
617887,Beawer Gomti 4LPS from km 58.245 to km 108.600 Pkg-I,MoRTH,Rajasthan,2026-05,99.0,100.0,-1.0,179.11,-52.77008675473987,0.13644743840487236,MODERATE EARLY-WARNING SIGNAL,IMPROVING,No thresholded rule warning,No thresholded rule warning,No thresholded rule warning
617888,Landslide treatment work on NH 58 from Kodiyala Km. 266.130 to Devprayag Km. 296.925 10 location under EPC mode in the State of Uttarakhand on EPC Mode,MoRTH,Uttarakhand,2026-06,99.0,100.0,-1.0,0.0,-100.0,0.10100269487943093,MODERATE EARLY-WARNING SIGNAL,STABLE,No thresholded rule warning,No thresholded rule warning,No thresholded rule warning
617889,Treatment of landslide zone from location no. 01 to 28 km 62.860 to 152.750 on NH- 12509 in the State of Uttarakhand under EPC mode in NHO Annual Plan 2022-23,MoRTH,Uttarakhand,2026-06,98.5,100.0,-1.5,0.0,-100.0,0.10752558069253058,MODERATE EARLY-WARNING SIGNAL,STABLE,No thresholded rule warning,No thresholded rule warning,No thresholded rule warning
617890,Construction of Champawat Bypass with two lane with paved shoulder configuration starting from existing chainage 121.700 to existing chainage 129.450 Design Length 9.847 of NH-125 in District-Champawat in the state of Uttrakhand on EPC mode.,MoRTH,Uttarakhand,2026-06,8.0,21.73913043478261,-13.73913043478261,0.0,-21.73913043478261,0.08472493931212177,LOW EARLY-WARNING SIGNAL,STABLE,No thresholded rule warning,No thresholded rule warning,No thresholded rule warning
617891,"Construction of Two lane with Paved Shoulder for Fatehpur Bypass Design Km 0.000 to Km 7.400 , Mandawa Bypass Design Km 20.925 to Km 27.300 & Jhunjhunu Bypass Design Km 41.625 to Km 54.689 of NH-11 on EPC Mode in the state of Rajasthan .",MoRTH,Rajasthan,2026-04,100.0,100.0,0.0,66.7,-64.19560899672553,0.16462536924901394,MODERATE EARLY-WARNING SIGNAL,,No thresholded rule warning,No thresholded rule warning,No thresholded rule warning
617892,Construction of 2-lane road of Potin to Pangin section of NH-13 from Km 163.59 to Km 206.66 Package-5 on EPC Mode in the State of Arunachal Pradesh under Arunachal Pradesh Package of Roads and Highways of SARDP-NE [Job No SARDP-NE/P- P/Pkg-A/NH-13/Ar.Pr./PWD/2018-19/116],MoRTH,Arunachal Pradesh,2026-06,96.61,100.0,-3.3900000000000006,345.01,-23.44169532896926,0.21890660464950926,MODERATE EARLY-WARNING SIGNAL,WORSENING,Long implementation duration,No thresholded rule warning,No thresholded rule warning
617893,Construction of additional major Bridge with 4- lane configuration of length 1.48 km on NH-60 NH-14 over River Kangshabati from Km. 117.770 to Km 119.250 and additional major Bridge with 4- lane configuration of length 0.900 km on NH-60 NH- 14 over River Shilabati from Km. 173.220 to Km 174.120 in the district of Paschim Medinipur of West Bengal under Annual Plan for FY 2023-24 on EPC mode. Job No 014-W8-2023-24/527 .,MoRTH,West Bengal,2026-06,0.0,23.333333333333332,-23.333333333333332,0.04,-23.32021126529541,0.10566069004258595,MODERATE EARLY-WARNING SIGNAL,STABLE,Progress behind expected,No thresholded rule warning,No thresholded rule warning
617894,"Construction or 4 lane Raniganj Bypass of length 5.261 km on NH-60 new NH-14 from km 273.00 of NH to km 478.18 of NH-2 New NH 16 in paschim Bardhaman, West Bengal in EPC Mode- reg. Job No. 014-WB-2022-23/514",MoRTH,West Bengal,2026-06,67.28,100.0,-32.72,174.31,-57.57125818465058,0.16694071720068732,MODERATE EARLY-WARNING SIGNAL,STABLE,Progress behind expected,Schedule pressure,No thresholded rule warning
617895,Construction of Mangaldoi Bypass NH-15 starting at Ch 26400 and terminating at Ch 41505 under Rangia NH Division L 15.105 Km in the State of Assam. Job No. 15/AS/2021-22/234,MoRTH,Assam,2026-06,75.82,100.0,-24.180000000000007,209.27,-60.8863054408164,0.18594136987551052,MODERATE EARLY-WARNING SIGNAL,STABLE,Progress behind expected,Schedule pressure,No thresholded rule warning
617896,"Construction of 4 lane Gauripur Bypass Starting bfrom Km 852.56 of NH- 31Dumardoha Pt-II and Terminating at Km 862.17 Baladmara via. Khudimari Pt.- II, Fulkumari, Charaldanga, Sajuakuti,Geramari Pt.-III and finally meeting at km 862.17 of NH-17New/ NH-31Old in the State of Assam under EPC Mode Job no. 31/AS/ 2023- 24/265",MoRTH,Assam,2026-06,20.8,77.77777777777777,-56.977777777777774,0.0,-77.77777777777777,0.12218536361332996,MODERATE EARLY-WARNING SIGNAL,STABLE,Progress behind expected,No thresholded rule warning,No thresholded rule warning
617897,Construction of proposed 4Lane Revelgunj bypass NH-19 in the State of Bihar on EPC mode connecting NH 19 to 85 origin,MoRTH,Bihar,2026-06,86.02,100.0,-13.980000000000004,44.18,-85.03590299417424,0.15557684687118298,MODERATE EARLY-WARNING SIGNAL,STABLE,Schedule pressure,No thresholded rule warning,No thresholded rule warning
617898,New construction of Major Bridge with Approaches from Km 0.000 to 1.200 Madhopur -Badabanta section of NH-20 under NHO in Annual Plan 2022-23 in the State of Odisha,MoRTH,Odisha,2026-06,0.0,46.666666666666664,-46.666666666666664,0.32,-46.506265664160395,0.12724801952525075,MODERATE EARLY-WARNING SIGNAL,STABLE,Progress behind expected,No thresholded rule warning,No thresholded rule warning
617899,Widening and Strengthening to 4LPS/2LPS from km 0.000 to 35.800 Kuakhia - Mangalpur section of NH 20 in the state of Odisha on Annual Plan 2021-22,MoRTH,Odisha,2026-06,56.11,100.0,-43.89,296.22,-53.43185033799717,0.19235799016839097,MODERATE EARLY-WARNING SIGNAL,STABLE,Progress behind expected,Schedule pressure,No thresholded rule warning
617900,Upgradation to Two Lane Paved Shoulder in km 33/0 to 126/520 of NH-23 Old NH- 11B Kothun-Lalsot-Karoli-Dholpur road in the state of Rajasthan under EPC mode Length-93.52 Km.,MoRTH,Rajasthan,2026-04,97.0,100.0,-3.0,12.2,-91.87262674039039,0.1798004697949544,MODERATE EARLY-WARNING SIGNAL,,No thresholded rule warning,No thresholded rule warning,No thresholded rule warning
617901,Widening of Pachpadra-Bagundi Section to 4 Lane from Km 73/60 to 95/70 of NH-25 on EPC mode in the state of Rajasthan.,MoRTH,Rajasthan,2026-06,98.58,100.0,-1.4200000000000017,55.29,-71.62869458128078,0.16967641781085438,MODERATE EARLY-WARNING SIGNAL,STABLE,No thresholded rule warning,No thresholded rule warning,No thresholded rule warning
617902,construction or By-pass road on NH-26 for Nabrangpur Town,MoRTH,Odisha,2026-06,35.0,75.0,-40.0,10.62,-68.71411660254513,0.15484926905250354,MODERATE EARLY-WARNING SIGNAL,STABLE,Progress behind expected,No thresholded rule warning,No thresholded rule warning
617904,Construction of Bypass road to Balangir town from km 72/400 Desing km 0/0 to km 79/800 Design km 11/670 of NH-26 in the State of Odisha.,MoRTH,Odisha,2026-06,55.0,100.0,-45.0,6.79,-97.15637825613535,0.195496715494147,MODERATE EARLY-WARNING SIGNAL,STABLE,Progress behind expected,Schedule pressure,No thresholded rule warning
617905,Construction of 4 lane ROB with approaches in lieu of LC No. RV-172 at km 176.00 of NH-201 present NH-26 at Kesinga including land acquisition in the state of Odisha on EPC mode under Annual Plan 2021-22,MoRTH,Odisha,2026-06,70.09,100.0,-29.909999999999997,88.48,-72.69894165201023,0.21326460832190453,MODERATE EARLY-WARNING SIGNAL,STABLE,Progress behind expected,Schedule pressure,No thresholded rule warning
617906,Up-gradation of Dhoraji-Jamkandorna-Kalavad Section of NH-927D from Design Chainage km 0/00 to km 58/115 to Two lane with PS configuration in the State of Gujarat on EPC,MoRTH,Gujarat,2026-06,35.0,70.83333333333333,-35.83333333333333,0.0,-70.83333333333333,0.17250337135031713,MODERATE EARLY-WARNING SIGNAL,STABLE,Progress behind expected,No thresholded rule warning,No thresholded rule warning
617907,Rehabilitation and Up-gradation from Km 170700 Bhadrachalam to Km 234567 Konta on NH-30 to Two lane with Paved Shoulder in the State of Andra Pradesh on EPC mode.,MoRTH,Andhra Pradesh,2026-04,100.0,100.0,0.0,221.22,-49.27193927858928,0.16472282964368734,MODERATE EARLY-WARNING SIGNAL,,No thresholded rule warning,No thresholded rule warning,No thresholded rule warning
617908,Bemetara Bypass NH 30,MoRTH,Chhattisgarh,2026-06,42.0,58.333333333333336,-16.333333333333336,0.0,-58.333333333333336,0.13364395129079976,MODERATE EARLY-WARNING SIGNAL,STABLE,No thresholded rule warning,No thresholded rule warning,No thresholded rule warning
617909,Construction of Rewa Bypass to 4-lane with paved shoulder along with service road from Ratahara Chowk to Chorhata Chowk Road section of NH-30 from km 00.000 to 19.200 in the State of Madhya Pradesh on Hybrid Annuity Mode HAM.,MoRTH,Madhya Pradesh,2026-06,50.0,66.66666666666667,-16.66666666666667,0.0,-66.66666666666667,0.14992945534677052,MODERATE EARLY-WARNING SIGNAL,STABLE,No thresholded rule warning,No thresholded rule warning,No thresholded rule warning
617911,Rehabilitation and upgradation Umaria to Shahdol section of NH-78 from Existing Km. 68/4 to Km. 142/2 to 2LPS including construction of Birshinghpur and Shahdol Bypass on EPC mode under NHDP-IVA,MoRTH,Madhya Pradesh,2026-06,94.5,100.0,-5.5,0.0,-100.0,0.15745151149569742,MODERATE EARLY-WARNING SIGNAL,STABLE,Long implementation duration,No thresholded rule warning,No thresholded rule warning
617912,Construction of 6 lane flyover from Khapari ROB to Mihan Interchange design chainage km 8760 to 11450 L- 2.69 km and upgradation of existing 4L PS road to 6LPS with service road by flexible pavement design chainage km 11450 to 14500 L- 3.05 [total project length 5.74 km] in section of Nagpur - Hyderabad NH-44 Old NH-7 in Nagpur district in the state of Maharashtra on HAM mode.,MoRTH,Maharashtra,2026-06,8.24,33.333333333333336,-25.093333333333334,0.0,-33.333333333333336,0.10459278263815246,MODERATE EARLY-WARNING SIGNAL,STABLE,Progress behind expected,No thresholded rule warning,No thresholded rule warning
617913,6-laning of km 9.900 to km 19/948 Aramgarh to Shamshabad Section of Hyderabad- Bangalore section of NH-44 Under NHO EPC basis in the state of Telangana,MoRTH,Telangana,2026-06,92.62,100.0,-7.3799999999999955,480.41,69.66625463535229,0.23614619827212252,MODERATE EARLY-WARNING SIGNAL,STABLE,Expenditure ahead of progress,Long implementation duration,No thresholded rule warning
617914,Upgradation and reconstruction of Shahpura-Dindori Section of NH 45 from Km 103.700 Design to Km 164.580 Design including 3 bypasses Total length 60.88km to Two lane with paved shoulder configuration along with One time improvement in 03 nos of bypassed built-up areas in a total length of 12.341 km in the State of Madhya Pradesh on EPC mode,MoRTH,Madhya Pradesh,2026-06,32.52,100.0,-67.47999999999999,0.0,-100.0,0.24675302611899194,MODERATE EARLY-WARNING SIGNAL,STABLE,Progress behind expected,Schedule pressure,No thresholded rule warning
617915,Upgradation of Dindori-Sagartola-kabichabutra MP-CG border section of NH -45 from km 000Design to km 77.00 Design to Two lane with paved shoulder configration along with one time improvement in 04 nos. of bypaased built-up areas in a total length of 9.1 km in the state of Madhya Pradesh on EPC mode.,MoRTH,Madhya Pradesh,2026-05,93.68,100.0,-6.319999999999993,0.0,-100.0,0.12578782860990664,MODERATE EARLY-WARNING SIGNAL,IMPROVING,No thresholded rule warning,No thresholded rule warning,No thresholded rule warning
617916,Work of 6 laning/Construction of elevated corridor from km 0/0 to 10/170 Narol Junction to Sarkhej junction including 4 lane Shastri Bridge on Sabarmati river on NH 47 in the State of Gujarat on HAM mode,MoRTH,Gujarat,2026-06,30.0,33.333333333333336,-3.3333333333333357,0.0,-33.333333333333336,0.08296603915763688,LOW EARLY-WARNING SIGNAL,STABLE,No thresholded rule warning,No thresholded rule warning,No thresholded rule warning
617917,"Construction of 4 Lane Flyover at Nagpur RTO Chowk To Nagpur University Campus from Ch 2/250 to 5/100 and 4 lane flyover at wadi/midc junction from km 8/360 to km, 10/300 on NH 53 in state of Maharashtra.",MoRTH,Maharashtra,2026-04,95.0,100.0,-5.0,0.0,-100.0,0.2696067242878036,MODERATE EARLY-WARNING SIGNAL,,No thresholded rule warning,No thresholded rule warning,No thresholded rule warning
617919,Construction of 4 Nos Grade separtor between km. 281.000 to km. 307.600 km. 286.400 kumhari km. 299.000 Transport Nagar km. 302.000 Power House km. 304.000 Chandra Moura Chowk to km. 305.000 supeia of NH-53 old NH-06 Raipur - Durg 4 Lane on EPC mode in the state of chhattisgarh job NO. NH-53old NH-06 CG- 2017-18-56,MoRTH,Chhattisgarh,2026-06,97.9,100.0,-2.0999999999999943,0.0,-100.0,0.150799162717745,MODERATE EARLY-WARNING SIGNAL,STABLE,Long implementation duration,No thresholded rule warning,No thresholded rule warning
617920,Widening and Strengthening to 2LPS including LA from km 318.970 to 353.450 Balikuda-Mulkani Section of NH-55 under NHO in Annual Plan 2022-23 in the State of Odisha. Job No. NH-55-OD-2022-23-656,MoRTH,Odisha,2026-06,3.0,50.0,-47.0,0.0,-50.0,0.16949055994867848,MODERATE EARLY-WARNING SIGNAL,STABLE,Progress behind expected,No thresholded rule warning,No thresholded rule warning
617921,Widening and strengthening to 2LPS including LA of Kandarpur-Balikuda from km 277/500 to 318/970 of NH-55 in the State of Odisha under Annual Plan 2021-22.,MoRTH,Odisha,2026-06,60.65,100.0,-39.35,131.36,-73.71696112367194,0.21399071353582816,MODERATE EARLY-WARNING SIGNAL,STABLE,Progress behind expected,Schedule pressure,No thresholded rule warning
617922,Construction of Jharsuguda Bypass including Land acqusition on NH-49 from km 258.636 to km 283.300 design chainage 258.636 to km 289.876 under NHO in Annual Plan 2022-23 for the state of Odisha Job No.NH-49-OD-2022-23-655,MoRTH,Odisha,2026-06,23.0,56.666666666666664,-33.666666666666664,52.51,-47.722704820303186,0.18575260422049125,MODERATE EARLY-WARNING SIGNAL,WORSENING,Progress behind expected,No thresholded rule warning,No thresholded rule warning
617923,Construction of Daspalla Bypass from km 195.250 To 200.635 of NH-57 including land acquisition in the state of Odisha on EPC mode under Annual Plan 2022-23.,MoRTH,Odisha,2026-06,25.0,54.166666666666664,-29.166666666666664,50.04,-22.083573764185417,0.16396911823479512,MODERATE EARLY-WARNING SIGNAL,STABLE,Progress behind expected,No thresholded rule warning,No thresholded rule warning
617924,Construction of bypass to Nayagarh town from km 235.469 to 252.482 of NH-57 including land acquisition in the state of Odisha.,MoRTH,Odisha,2026-04,100.0,100.0,0.0,82.33,-72.58682116338694,0.1891089538925024,MODERATE EARLY-WARNING SIGNAL,,No thresholded rule warning,No thresholded rule warning,No thresholded rule warning
617925,Construction of Bypass to Khordha town from Km 294/000 to 300/300 on NH-57 including LA in the State of Odisha on EPC mode.,MoRTH,Odisha,2026-06,92.0,100.0,-8.0,33.67,-78.62086481681376,0.20535140736155583,MODERATE EARLY-WARNING SIGNAL,STABLE,No thresholded rule warning,No thresholded rule warning,No thresholded rule warning
617926,Construction of new 4 lane major bridge with approaches on Sabarmati River near Dharoi at Km. 82/00 to 86/00 Design length 3.300 km on NH-58 in the State of Gujarat on Hybrid Annuity Mode HAM,MoRTH,Gujarat,2026-06,44.0,41.666666666666664,2.3333333333333357,0.0,-41.666666666666664,0.11185034202078206,MODERATE EARLY-WARNING SIGNAL,STABLE,No thresholded rule warning,No thresholded rule warning,No thresholded rule warning
617927,Widening to 2LPS between Km 0/0 to 56/0 Khokhara Gujarat Border Vijayanagar Antrasuba Mathasur road of NH 58 in the State of Gujarat,MoRTH,Gujarat,2026-06,35.0,37.5,-2.5,0.0,-37.5,0.10703920728529447,MODERATE EARLY-WARNING SIGNAL,WORSENING,No thresholded rule warning,No thresholded rule warning,No thresholded rule warning
617928,"Widening 2 lane to 4-lane from KM 92/320 to Km 115/320 Vav Chokdi-Satlasana to to Vrundavan Chokdi, Kheralu on NH-58 in the State of Gujarat.",MoRTH,Gujarat,2026-06,98.0,100.0,-2.0,0.0,-100.0,0.10808961566670694,MODERATE EARLY-WARNING SIGNAL,STABLE,No thresholded rule warning,No thresholded rule warning,No thresholded rule warning
617929,Construction of 2 lane with paved shoulder of Kund Bypass from Design Km 35.130 to Km 47.700 existing Km 33.130 to Km 41.260 of NH-109 in the State of Uttarakhand,MoRTH,Uttarakhand,2026-06,73.5,100.0,-26.5,114.6,-53.68012610646296,0.2871601588312798,MODERATE EARLY-WARNING SIGNAL,STABLE,Progress behind expected,Long implementation duration,Schedule pressure
617930,Construction of Bypass on NH-59 from Km 336/350 to 349/910 13.56 km near Berhampur town including 4-lane RoB in the state of Odisha.,MoRTH,Odisha,2026-06,70.0,100.0,-30.0,59.54,-69.76744186046511,0.3995940281773334,HIGH EARLY-WARNING SIGNAL,IMPROVING,Progress behind expected,Recent progress slowdown,Schedule pressure
617931,Construction of ROB and its approaches in lieu of LC No. 10/B/T at Km 307.050 of NH-60.,MoRTH,West Bengal,2026-06,16.84,100.0,-83.16,0.0,-100.0,0.2083744760952267,MODERATE EARLY-WARNING SIGNAL,STABLE,Progress behind expected,Schedule pressure,No thresholded rule warning
617932,Construction of New Four Lane Bypass to Parbhani City Parwa to Asola Km 463/265 to Km 481/180 Design Ch. 19220 to Ch. 34434 Length-15.214 Km section of NH-61 on EPC mode in the State of Maharashtra.,MoRTH,Maharashtra,2026-06,70.14,100.0,-29.86,0.0,-100.0,0.20039606812779068,MODERATE EARLY-WARNING SIGNAL,STABLE,Progress behind expected,Schedule pressure,No thresholded rule warning
617933,Up-gradation to four lane/ Two lane with paved shoulders configuration of Kalyan - Murbad - Malshej Ghat - Nirmal Road NH- 61 km 15/200 to Km 38/00 and from Km. 58/00 to Km 84/00 Design length 48.58 km of NH-61 on EPC Mode in Thane District in the state of Maharashtra,MoRTH,Maharashtra,2026-04,100.0,86.20689655172414,13.793103448275858,0.0,-86.20689655172414,0.256173601797566,MODERATE EARLY-WARNING SIGNAL,,No thresholded rule warning,No thresholded rule warning,No thresholded rule warning
617934,Nasratpur to Barasgaon section of NH-61 2L / 4L PS from Km.514/00 to 558/200,MoRTH,Maharashtra,2026-06,95.84,100.0,-4.159999999999997,0.0,-100.0,0.1721167243932615,MODERATE EARLY-WARNING SIGNAL,STABLE,Long implementation duration,No thresholded rule warning,No thresholded rule warning
617935,"Construction of Elevated corridor from Km. 135.650 to 136.300 on 63, from Km. 249 to Km. 250.050 on old NH-4 and from Km. 192.910 to Km. 193.350 on NH-218 from decongestion of traffic in Ranichennamma circle in Hubli city in the state of Karnataka on EPC basis",MoRTH,Karnataka,2026-06,65.0,100.0,-35.0,232.09,-22.11744966442953,0.29306182200473124,MODERATE EARLY-WARNING SIGNAL,STABLE,Progress behind expected,Long implementation duration,Schedule pressure
617936,Widening to two/four lane with paved shoulder from Km.180.600 to Km.223.000 of NH-63 on Nizamabad-Jagadalpur road on EPC mode under NHO in the state of Telangana.,MoRTH,Telangana,2026-06,100.0,100.0,0.0,0.0,-100.0,0.14919075753309338,MODERATE EARLY-WARNING SIGNAL,STABLE,Long implementation duration,No thresholded rule warning,No thresholded rule warning
617937,Udgir Raavi Degloor Aadampur phata to Sagroli fata,MoRTH,Maharashtra,2026-06,12.0,8.333333333333334,3.666666666666666,0.0,-8.333333333333334,0.1348306514036155,MODERATE EARLY-WARNING SIGNAL,WORSENING,No thresholded rule warning,No thresholded rule warning,No thresholded rule warning
617938,Rehabilitation And Upgradation to four lane with paved shoulder configuration from km 24350 to km 61875 Jawale - Borgaon Kale of NH-63 in the State of Maharashtra on EPC mode under Annual Plan 2024-25 Total length - 37.525 Km.,MoRTH,Maharashtra,2026-06,20.0,50.0,-30.0,7.49,-48.69553101814762,0.19189399673451668,MODERATE EARLY-WARNING SIGNAL,WORSENING,Progress behind expected,No thresholded rule warning,No thresholded rule warning
617939,6-Laning of Pune-Hyderabad Section of NH-65 from Km 493/0 to Km 524/0 from Sangareddy X Roads to Madinaguda in the State of Telangana,MoRTH,Telangana,2026-06,44.73,95.83333333333333,-51.10333333333333,0.0,-95.83333333333333,0.19626222014303882,MODERATE EARLY-WARNING SIGNAL,WORSENING,Progress behind expected,Schedule pressure,No thresholded rule warning
617940,"Rehabilitation and Upgradation of LB-Nagar to Malkapur section to 6-Lane main carriageway with service roads, drains cum footpath, including VUPs and widening of Minor bridge & road safety provisions from Km. 15/00 to Km 40/00 of NH-65 Old NH-9 under NH O for the year 2020-21 in the state of Telangana on EPC Mode.",MoRTH,Telangana,2026-06,82.28,100.0,-17.72,290.36,-46.73368677881528,0.2051215631868495,MODERATE EARLY-WARNING SIGNAL,STABLE,Schedule pressure,No thresholded rule warning,No thresholded rule warning
617941,4-Laning from End of Zuari approaches to Start of Margao Bypass section of NH-66 from Km 536.800 to Km 543.450,MoRTH,Goa,2026-06,0.5,16.666666666666668,-16.166666666666668,0.0,-16.666666666666668,0.09287239486957369,LOW EARLY-WARNING SIGNAL,STABLE,No thresholded rule warning,No thresholded rule warning,No thresholded rule warning
617942,Construction of Six lane Elevated Corridor from Km. 508.000 to Km. 513.150 including approaches on NH-66,MoRTH,Goa,2026-06,97.1,100.0,-2.9000000000000057,0.0,-100.0,0.12629599094628957,MODERATE EARLY-WARNING SIGNAL,STABLE,No thresholded rule warning,No thresholded rule warning,No thresholded rule warning
617943,4-laning of Navelim to Cuncolim Section of NH-66 from Km 554.245 to Km 561.480 on HAM Mode,MoRTH,Goa,2026-06,0.0,6.666666666666667,-6.666666666666667,0.0,-6.666666666666667,0.09940768022265235,LOW EARLY-WARNING SIGNAL,IMPROVING,No thresholded rule warning,No thresholded rule warning,No thresholded rule warning
617944,Kashedi ghat tunnel NH-66 [Bhogaon Khurd - Kashedi section] 4 lanes under NHDP on EPC mode,MoRTH,Maharashtra,2026-04,98.37,100.0,-1.6299999999999955,0.0,-100.0,0.25488388002764034,MODERATE EARLY-WARNING SIGNAL,,Long implementation duration,No thresholded rule warning,No thresholded rule warning
617945,Balance work of NH-66 from design Km 84/00 to Km 87/100 Indapur Bypass and Km 91/600 to Km 99/100 Mangaon Bypass to four lane with paved shoulder in State of Maharashtra under NHO on EPC Mode.,MoRTH,Maharashtra,2026-06,66.44,44.44444444444444,21.995555555555555,0.0,-44.44444444444444,0.20399953993363729,MODERATE EARLY-WARNING SIGNAL,STABLE,No thresholded rule warning,No thresholded rule warning,No thresholded rule warning
617946,Kashedi to Parshuram Ghat section of NH-66 from Km 161/600 - Km 205/400 - 4L PS,MoRTH,Maharashtra,2026-06,97.5,100.0,-2.5,0.0,-100.0,0.16647802527451916,MODERATE EARLY-WARNING SIGNAL,STABLE,Long implementation duration,No thresholded rule warning,No thresholded rule warning
617947,Arawali Kante section of NH-17New NH-66 4L PS from Km.241/300 to 281/300,MoRTH,Maharashtra,2026-06,80.06,100.0,-19.939999999999998,0.0,-100.0,0.1828066804119934,MODERATE EARLY-WARNING SIGNAL,STABLE,Long implementation duration,Schedule pressure,No thresholded rule warning
617948,Kante - Wakad section of NH-66 4L PS from Km.281/300 to 332/200,MoRTH,Maharashtra,2026-06,90.14,100.0,-9.86,375.93,-66.36725564750614,0.21100429018982483,MODERATE EARLY-WARNING SIGNAL,WORSENING,Long implementation duration,No thresholded rule warning,No thresholded rule warning
617949,Tadipatri Bypass Km 0000 to Km 6285 of 4-Lane on NH-67 in Anantapuramu district of AP state under NHO on EPC Mode under Annual Plan 2022-23,MoRTH,Andhra Pradesh,2026-05,100.0,100.0,0.0,59.26,-62.88362770888137,0.09994819637777945,LOW EARLY-WARNING SIGNAL,STABLE,No thresholded rule warning,No thresholded rule warning,No thresholded rule warning
617950,Construction of Srinivasapura Bypass from existing Km 453.890 Design Ch. 0000 to existing Km 461.450 Design Ch 10080 on NH-69 in the State of Karnataka Under NH O in EPC mode under Annual Plan 2022-23 NH-69-KNT-2022-23-966 dated 22.11.2022,MoRTH,Karnataka,2026-06,20.0,61.111111111111114,-41.111111111111114,0.0,-61.111111111111114,0.22137499269949312,MODERATE EARLY-WARNING SIGNAL,WORSENING,Progress behind expected,No thresholded rule warning,No thresholded rule warning
617951,Construction of Chintamani Bypass from Design Ch.0000 Existing Ch.428880 to Design Ch.15400 Existing Ch.444010 on NH-69 in the State of Karnataka in EPC Mode under NHO Annual Plan 2022-23. NH-69-KNT-2022-23-989 dated 24.03.2023,MoRTH,Karnataka,2026-06,10.0,27.77777777777778,-17.77777777777778,4.03,-26.4965824193292,0.1460821648477969,MODERATE EARLY-WARNING SIGNAL,STABLE,No thresholded rule warning,No thresholded rule warning,No thresholded rule warning
617954,Balance work of Rehabilitation and upgrading to 2lane/2lane with paved shoulder configuration and strengthening from from Km 343.80 to 400.33 of Gowribidanur-Chik Ballapur section in the state of Karnataka Under Annual Plan 2021-22 under EPC Mode.-952,MoRTH,Karnataka,2026-04,93.25,100.0,-6.75,211.59,-46.90072274643646,0.16450805707596913,MODERATE EARLY-WARNING SIGNAL,,No thresholded rule warning,No thresholded rule warning,No thresholded rule warning
617955,Widening to two lane with paved Shoulders from Km 40.00 to Km 75.00 Existing chainages of Mangalore - Tumkur section of NH-73 in the State of Karnataka on EPC Mode under Annual Plan 2021-22 Job No NH-73-KNT-2021-22-945,MoRTH,Karnataka,2026-06,84.0,100.0,-16.0,308.99,-56.996325780771585,0.14317509071478463,MODERATE EARLY-WARNING SIGNAL,STABLE,Schedule pressure,No thresholded rule warning,No thresholded rule warning
617957,Construction of Jasra Bypass with four lane paved shoulder configurationfrom Km 379.670 on NH-76New NH-35 to Km 18.00 on NH-27New NH-30 on EPC in the State of Uttar Pradesh.,MoRTH,Uttar Pradesh,2026-04,91.85,100.0,-8.150000000000006,0.0,-100.0,0.17621693046034148,MODERATE EARLY-WARNING SIGNAL,,No thresholded rule warning,No thresholded rule warning,No thresholded rule warning
617958,Widening & Strenthening from km132.895 to km 190.15 NH-80,MoRTH,Bihar,2026-06,95.1,100.0,-4.900000000000006,292.35,-48.35718071012188,0.1639805939890257,MODERATE EARLY-WARNING SIGNAL,STABLE,No thresholded rule warning,No thresholded rule warning,No thresholded rule warning
617959,Rehabilitation & Widening work for 2 Lane with Paved Shoulder of Existing NH-80 from km 70.15 to Km 121.025 of Munger-Suttanganj -BhagatpurMirzachowki section on EPC Mode in the State of Bihar.,MoRTH,Bihar,2026-04,95.66,100.0,-4.340000000000003,311.39,-34.7928969301001,0.20361014945016212,MODERATE EARLY-WARNING SIGNAL,,No thresholded rule warning,No thresholded rule warning,No thresholded rule warning
617960,Construction of new road at the missing link portion of NH-81 along approved alignment between Harishchandrapur and Eastern approach of Kalindri Bridge from Km 46.550 to Km 59.697 in the district of Malda. Job No-081-WB-2015-16/400,MoRTH,West Bengal,2026-06,85.08,100.0,-14.920000000000002,216.61,-20.120219788324675,0.2505771018818798,MODERATE EARLY-WARNING SIGNAL,STABLE,Long implementation duration,Schedule pressure,No thresholded rule warning
617961,Gaya-Hisua-Rajgir-Nalanda-Biharsharif section km0.00 to 92.935 NH-82,MoRTH,Bihar,2026-06,97.0,100.0,-3.0,0.0,-100.0,0.15268993874092468,MODERATE EARLY-WARNING SIGNAL,STABLE,Long implementation duration,No thresholded rule warning,No thresholded rule warning
617962,"Construction of Bypass to Madurai Achambathu Viratipathu in between km 6/850 10/382 of NH 49 Extn New NH 85 including Land Acquisition on Engineering, Procurement & Construction EPC basis Contract under NH O Annual Plan 2021-22 in the state of Tamil Nadu job No.NH-49 Extn New NH 85 - TN-2021-22-997",MoRTH,Tamil Nadu,2026-06,94.0,91.30434782608695,2.6956521739130466,126.43,-38.39812528769301,0.1511594257768845,MODERATE EARLY-WARNING SIGNAL,STABLE,No thresholded rule warning,No thresholded rule warning,No thresholded rule warning
617963,Rehabilitation and upgradation to four lane road from km 70.500 to km 78.600 of NH- 92 under EPC mode in the State of Uttar Pradesh,MoRTH,Uttar Pradesh,2026-06,33.0,70.83333333333333,-37.83333333333333,0.0,-70.83333333333333,0.2168681605841629,MODERATE EARLY-WARNING SIGNAL,WORSENING,Progress behind expected,No thresholded rule warning,No thresholded rule warning
617964,"Widening to Four Lane rigid pavement configuration from Km 90.00 to Km 100.800 on NH-96 Km 42.0 to Km 53.300 as per new NH-330,design length of 11.300 km under EPC mode in the state of Uttar Pradesh.",MoRTH,Uttar Pradesh,2026-06,31.0,79.16666666666667,-48.16666666666667,38.08,-66.8681167845493,0.16548434290202066,MODERATE EARLY-WARNING SIGNAL,STABLE,Progress behind expected,No thresholded rule warning,No thresholded rule warning
617965,Kopargaon to Savali Vihir section,MoRTH,Maharashtra,2026-06,90.5,100.0,-9.5,0.0,-100.0,0.19470232050046352,MODERATE EARLY-WARNING SIGNAL,WORSENING,No thresholded rule warning,No thresholded rule warning,No thresholded rule warning
617966,Rehabilitation and Upgrading to 2 lanes/2-lane with paved shoulders configuration and strengthening of of Birpur and Bihpur Section from km 0.0 to Km 106 of NH 106 under phase I of National Highways Interconnectivity Improvement Projects NHIIP ICB No. NHIIP-BR-106-7 [NHIIP-BR-106-7],MoRTH,Bihar,2026-06,99.74,100.0,-0.2600000000000051,0.04,-99.99487685233808,0.14069446767340946,MODERATE EARLY-WARNING SIGNAL,STABLE,Long implementation duration,No thresholded rule warning,No thresholded rule warning
617967,Construction of Rudraprayag tunnel of length 900.30 MTR including approaches and one major bridge on river Alaknanda connecting NH-107/old-109 to NH-07old-58 on EPC mode in the state of Uttarakhand.,MoRTH,Uttarakhand,2026-06,99.0,100.0,-1.0,0.0,-100.0,0.12851444874982693,MODERATE EARLY-WARNING SIGNAL,STABLE,No thresholded rule warning,No thresholded rule warning,No thresholded rule warning
617968,Construction & Widening Including Augustmuni Bypass Ch-16.545 to Ch - 19.890 to 2L/PS from Km 16.545-Km 33.130 & 45.980 -57.975 Augustmuni to Kund & Guptkashi to Sitapur on NH 109 in UK,MoRTH,Uttarakhand,2026-06,95.0,100.0,-5.0,0.0,-100.0,0.15184894291688014,MODERATE EARLY-WARNING SIGNAL,IMPROVING,Long implementation duration,No thresholded rule warning,No thresholded rule warning
617969,Construction of 4 Lane ROB and its approaches at the level crossing LC No 29 B of Km 29 Ekangarsarai at NH 110 New NH 33 & Railway Km 32.63 at Fatwa FUT Islampur IPR section in the state of Bihar on EPC mode.,MoRTH,Bihar,2026-06,62.0,95.83333333333333,-33.83333333333333,0.01,-95.82836018831642,0.11714807144034135,MODERATE EARLY-WARNING SIGNAL,STABLE,Progress behind expected,Schedule pressure,No thresholded rule warning
617970,Reconstruction of existing 2 L/IL to 2L with paved shoulder from existing km 52.200 to 92.880 of NH-,MoRTH,Uttarakhand,2026-04,100.0,100.0,0.0,166.13,-41.105360181508786,0.20683829989483482,MODERATE EARLY-WARNING SIGNAL,,Long implementation duration,No thresholded rule warning,No thresholded rule warning
617971,Up-gradation to Two/Four lane with paved shoulder Configuration of Kondagaon- Narayanpur from design ch. 0.00 - 48.693 Design Length 47.493 Km. 1.20 Km. retained on NH-130D under EPC mode in the State Chhattisgarh.,MoRTH,Chhattisgarh,2026-06,70.0,62.5,7.5,1.14,-62.146401985111666,0.14522284691664097,MODERATE EARLY-WARNING SIGNAL,STABLE,No thresholded rule warning,No thresholded rule warning,No thresholded rule warning
617972,Upgradation to Two lane with Paved Shoulder Configuration of Narayanpur Kasturmeta pkg-II from design ch. 48.693 to 70.453 design length21.760 Km. on NH-130D under EPC mode in the state of Chhattisgarh.,MoRTH,Chhattisgarh,2026-06,0.0,100.0,-100.0,0.0,-100.0,0.16019554478518416,MODERATE EARLY-WARNING SIGNAL,STABLE,Progress behind expected,Schedule pressure,No thresholded rule warning
617973,Strengthening and widening of existing 2 lane road to two lane paved shoulder from km 7.750 to 26.542 & km. 32.093 to 45.786 of NH-130 on EPC mode in the state of chhattisgarh.job No. 130-CG-2017-18-348,MoRTH,Chhattisgarh,2026-04,97.0,100.0,-3.0,102.56,-45.67796610169492,0.20985896494651507,MODERATE EARLY-WARNING SIGNAL,,Long implementation duration,No thresholded rule warning,No thresholded rule warning
617974,Rehabilitation and upgradation of 2 lane with paved shoulder from existing km. 195.175 to km. 220.000 Design Chainage km71.300 to Km. 95.947 Excluding existing chainage Km 200.300 to Km 202.400 Design chainage Km 76.400 to Km 78.400 on Dharasu to Yamunotri Road of NH- 134 Old NH-94,MoRTH,Uttarakhand,2026-06,53.74,26.666666666666668,27.073333333333334,0.0,-26.666666666666668,0.1334335212274441,MODERATE EARLY-WARNING SIGNAL,STABLE,No thresholded rule warning,No thresholded rule warning,No thresholded rule warning
617975,Rehabilitation and upgradation to 2 lane with paved shoulder configuration from km 122.00 Dharasu Bend to km 147.230 Silkyara Bend of NH-94 in the state of Uttarakhand,MoRTH,Uttarakhand,2026-04,100.0,100.0,0.0,79.56,-66.5419067244207,0.23048528999970533,MODERATE EARLY-WARNING SIGNAL,,Long implementation duration,No thresholded rule warning,No thresholded rule warning
617976,Work of development and construction of elevated corridorfrom km 38/660 to km 42/690 Iscon junction to start point of approach of sanand flyover of NH-147 in the sate of Gujarat,MoRTH,Gujarat,2026-06,90.0,100.0,-10.0,58.29,-89.00603545831761,0.11030485763799393,MODERATE EARLY-WARNING SIGNAL,STABLE,No thresholded rule warning,No thresholded rule warning,No thresholded rule warning
617977,Development of Chiloda - Gandhinagar- Sarkhej ofNH-147 Package -II,MoRTH,Gujarat,2026-04,99.55,100.0,-0.45000000000000284,0.0,-100.0,0.22170696874738763,MODERATE EARLY-WARNING SIGNAL,,Long implementation duration,No thresholded rule warning,No thresholded rule warning
617978,"Rehabilitation, upgradation & widening of existing highway to 2L/4LPS Rigid Pavement of NH 160 section- Phaltan to Mhaishal near Karnataka Border including Tasgaon Bypass, from existing chainage Km 301/430 to Km 458/415 in the State of Maharashtra- Package-II & Package III combined- starting from existing chainage Km 341/300 to Km 394/130 and design chainage Km 340/250 at Dahiwadi Village to Km 392/950 ending at Vita Village in the State of Maharashtra on EPC Mode.",MoRTH,Maharashtra,2026-06,85.0,54.166666666666664,30.833333333333336,187.59,-24.473428728209022,0.1780738913423828,MODERATE EARLY-WARNING SIGNAL,STABLE,No thresholded rule warning,No thresholded rule warning,No thresholded rule warning
617979,"Rehabilitation, upgradation & widening of existing highway to 2L/4LPS Rigid Pavement of NH 160 section- Phaltan to Mhaisal near Karnataka Border including Tasgaon Bypass, from existing chainage Km 301/430 to Km 458/415 in the State of Maharashtra. Package-I starting from existing chainage Km 301/430 at Phaltan Village Junction of Phaltan Baramati Road Design Chainage -301/430km & ending at existing chainage Km 341/300 Dahiwadi Village Bus Stop Design chainage Km 340466km in the S",MoRTH,Maharashtra,2026-06,72.05,54.166666666666664,17.883333333333333,0.0,-54.166666666666664,0.19770044223699787,MODERATE EARLY-WARNING SIGNAL,WORSENING,No thresholded rule warning,No thresholded rule warning,No thresholded rule warning
617980,Construction of six lane elevated corridor from km 7.950 Uppal to km 14.200 of NH- 163 to De-Congest the urban limits of Hyderabad-Bhoopalapatnam section on EPC mode in the state of Telangana,MoRTH,Telangana,2026-06,53.01,100.0,-46.99,19.3,-96.92067138936754,0.22314371270103853,MODERATE EARLY-WARNING SIGNAL,STABLE,Progress behind expected,Long implementation duration,Schedule pressure
617981,Widening to Two with Paved shoulders from Km 59.500 to Km 132.033 of Manneguda- Ravunapally section of NH-163 Erstwhile SH-4 in the State of Telangana on EPC mode under NH O Annual Plan 2016-17,MoRTH,Telangana,2026-04,99.92,100.0,-0.0799999999999983,0.0,-100.0,0.23621777437953023,MODERATE EARLY-WARNING SIGNAL,,Long implementation duration,No thresholded rule warning,No thresholded rule warning
617982,Widening and strengthening of existing 2-lane to 2- lane with paved shoulders from km 159/0 to 165/4 and 186/0 to 215/0 of NH-163 on EPC mode int the state of Telangana,MoRTH,Telangana,2026-04,0.0,100.0,-100.0,0.0,-100.0,0.27099421949676916,MODERATE EARLY-WARNING SIGNAL,,Progress behind expected,Long implementation duration,Schedule pressure
617983,Widening & Strengthening of Existing 2LPS to 4 lane PS from Km 150000 to Km 159000 and Km 165400 to Km 186000 of NH-163 old NH-202 under NH O for the year 2020-21 on EPC Mode in the state of Telangana.,MoRTH,Telangana,2026-06,90.0,100.0,-10.0,190.76,-39.8593902708156,0.15398683329087381,MODERATE EARLY-WARNING SIGNAL,STABLE,No thresholded rule warning,No thresholded rule warning,No thresholded rule warning
617984,"Gudivada Town 2 RoB, and Road improvement NH-165",MoRTH,Andhra Pradesh,2026-06,75.2,100.0,-24.799999999999997,0.0,-100.0,0.14962483983841704,MODERATE EARLY-WARNING SIGNAL,STABLE,Progress behind expected,Schedule pressure,No thresholded rule warning
617985,Widening to two lane with paved shoulders from Km 0/0 to 64/020 Pamarru to Akiveedu,MoRTH,Andhra Pradesh,2026-06,74.41,100.0,-25.590000000000003,0.0,-100.0,0.2088571642886898,MODERATE EARLY-WARNING SIGNAL,STABLE,Progress behind expected,Schedule pressure,No thresholded rule warning
617986,Kurnool/Kadapa Border-Jammalamadugu section of NH-167K i.e. Design Ch. Km 248010 to km 269900 to 2,MoRTH,Andhra Pradesh,2026-06,95.77,75.0,20.769999999999996,0.0,-75.0,0.1142837523326906,MODERATE EARLY-WARNING SIGNAL,STABLE,No thresholded rule warning,No thresholded rule warning,No thresholded rule warning
617987,Nandyala-Kurnool/Kadapa Border section of NH-167K i.e. Km 186/000 to Km 250/000Design Ch.186000 to 248010 to 2LPS,MoRTH,Andhra Pradesh,2026-06,46.45,37.5,8.950000000000003,0.0,-37.5,0.08022945935515077,LOW EARLY-WARNING SIGNAL,STABLE,No thresholded rule warning,No thresholded rule warning,No thresholded rule warning
617988,Sangameswaram - Atmakuru section from Km 96 to Km 124 & Velegodu- Nandyal section including Nandyal Bypass from Km 143/6 to 185/9 NH-167K,MoRTH,Andhra Pradesh,2026-06,35.6,45.833333333333336,-10.233333333333334,0.0,-45.833333333333336,0.11610975668685901,MODERATE EARLY-WARNING SIGNAL,WORSENING,No thresholded rule warning,No thresholded rule warning,No thresholded rule warning
617989,Construction of Major Bridge at Km.180.865 across river Krishna on NH 167 Hagari Jadcherla section,MoRTH,Karnataka,2026-06,69.0,100.0,-31.0,103.33,-34.318586320874644,0.24966154547639238,MODERATE EARLY-WARNING SIGNAL,STABLE,Progress behind expected,Long implementation duration,Schedule pressure
617990,Construction of bypass road to Adoni town connecting NH-167 Hagari - Jadcharla road from km.62/700 to 71/400 in Kurnool District in the State of Andhra Pradesh.,MoRTH,Andhra Pradesh,2026-04,95.94,100.0,-4.060000000000002,78.49,-67.56611570247935,0.14272484664855892,MODERATE EARLY-WARNING SIGNAL,,No thresholded rule warning,No thresholded rule warning,No thresholded rule warning
617991,"Rehabilitation and up-gradation of NH-167 from Km 14/900 to Km70/000 Design Ch. 14/900 to 69/700 Chintakunta to Adoni section to two lane with paved shoulders in the State of Andhra Pradesh under Corridor Approach through Engineering, Procurement",MoRTH,Andhra Pradesh,2026-06,91.9,100.0,-8.099999999999994,141.83,-51.118387041185585,0.17431670297683177,MODERATE EARLY-WARNING SIGNAL,STABLE,Long implementation duration,No thresholded rule warning,No thresholded rule warning
617992,Rehabilitation & upgradation of NH - 167 from design km 187.723 to 234.434 Miryalaguda to Kodad section to two lane with paved shoulder on EPC mode in the state of Telangana,MoRTH,Telangana,2026-04,98.14,100.0,-1.8599999999999994,148.48,-54.00390322480717,0.21629892772731027,MODERATE EARLY-WARNING SIGNAL,,Long implementation duration,No thresholded rule warning,No thresholded rule warning
617993,Rehabilitation and upgradation of NH-167 from design km 157.707 to 187.723 design length 30.016 km to two lane with paved shoulders of Alinagar-Miryalaguda Sec on EPC mode in the state of Telangana,MoRTH,Telangana,2026-04,97.74,100.0,-2.260000000000005,0.0,-100.0,0.25422025102699597,MODERATE EARLY-WARNING SIGNAL,,Long implementation duration,No thresholded rule warning,No thresholded rule warning
617994,Rehabilitation and upgradation of NH-167 from design km 113.900 to 154.479 Mallepally Haliya section to two lane with paved shoulders on EPC mode in the stte of Telangana,MoRTH,Telangana,2026-06,88.22,100.0,-11.780000000000001,244.16,-16.989086458368746,0.19602854198852357,MODERATE EARLY-WARNING SIGNAL,STABLE,Long implementation duration,Schedule pressure,No thresholded rule warning
617995,Widening to Two Lane with Paved Shoulders from Km 67.000 to Km 114.425 of Kalwakurthy- Mallapally Section of NH 167 Erstwhile section of SH 18 in the State of Telangana on EPC mode under NH O Annual Plan 2016-17,MoRTH,Telangana,2026-06,99.2,100.0,-0.7999999999999972,175.12,-41.626666666666665,0.14110165816478726,MODERATE EARLY-WARNING SIGNAL,STABLE,Long implementation duration,No thresholded rule warning,No thresholded rule warning
617996,Widening to 2/4 Lane with paved shoulders from Km 182.120 to Km 227.600 of NH 167 on Haggari-Jadcherla Road on EPC mode under NHO in the state of Telangana,MoRTH,Telangana,2026-04,95.6,100.0,-4.400000000000006,234.7,-21.241610738255034,0.21560830950766194,MODERATE EARLY-WARNING SIGNAL,,Long implementation duration,No thresholded rule warning,No thresholded rule warning
617997,Widening of existing 2 lane to 4 lane with paved shoulder from Designed km 25.15 to km 56.70 Except Km 52.70 to 53.50 of NH-169 Nellisara Camp to Thirthahalli of NH- 169 on Shimoga-Mangalore section in the state of Karnataka on EPC mode under Annual plan 2022-23 NH-169-KNT-2022-23-978 dated 08.03.2023,MoRTH,Karnataka,2026-06,6.0,16.666666666666668,-10.666666666666668,14.63,-13.95091978986839,0.11396733061657445,MODERATE EARLY-WARNING SIGNAL,IMPROVING,No thresholded rule warning,No thresholded rule warning,No thresholded rule warning
617998,Widening to existing 2 lane with paved Shoulder to 4 Lane with paved shoulder from design Km 153.00 to 168.27 Mala Gate to Karkala of NH -169 on Shimoga - Mangalore section in the state of Karnataka on EPC mode under Annula Plan 2021-22 Job No. NH-169-KNT-2021-22-949,MoRTH,Karnataka,2026-06,83.0,100.0,-17.0,115.6,-35.034281218388216,0.1678331796979849,MODERATE EARLY-WARNING SIGNAL,STABLE,Schedule pressure,No thresholded rule warning,No thresholded rule warning
617999,Widening to 2LPS from Km 67 to Km 115 on Kadur-Hosadurga section NH 173 in the state of Karnataka NH-173-KNT-2022-23-980 dated 13.03.2023,MoRTH,Karnataka,2026-06,69.54,100.0,-30.459999999999994,91.74,-80.54789873203002,0.23100974121108636,MODERATE EARLY-WARNING SIGNAL,WORSENING,Progress behind expected,Schedule pressure,No thresholded rule warning
618000,Widening to 2-Lane with Paved Shoulders from Km 116.800 to 149.070Design Changes on Hosadurga - Holalkere Section of NH-173 in the State of Karnataka on EPC mode under Annual Plan 2021-22 Job no. NH-173-KNT-2021-22-946,MoRTH,Karnataka,2026-06,100.0,100.0,0.0,106.96,-37.20793706704239,0.17903192537902407,MODERATE EARLY-WARNING SIGNAL,STABLE,No thresholded rule warning,No thresholded rule warning,No thresholded rule warning
618001,"Construction of 4-lane flyover at Amberpet-X road, Hyderabad on NH-202 in the State of Telangana",MoRTH,Telangana,2026-06,92.1,100.0,-7.900000000000006,172.02,-20.556043042534526,0.19856994472454959,MODERATE EARLY-WARNING SIGNAL,STABLE,Long implementation duration,No thresholded rule warning,No thresholded rule warning
618002,Widening of existing single lane to intermediate lane road from Mokokchung to Chare via Dikhu in the state of Nagaland on EPC mode,MoRTH,Nagaland,2026-04,0.0,100.0,-100.0,99.65,-48.34914217591873,0.22757102941890064,MODERATE EARLY-WARNING SIGNAL,,Progress behind expected,Schedule pressure,No thresholded rule warning
618003,Construction of four lane ROB and its approaches in lieu of existing Level Crossing No. RV-71 at km 435 on NH-217 New NH-353 at Khariar including land acquisition under NHO in Annual Plan 2021-22 for the state of Odisha for F.Y. 2021-22 to F.Y 2033-34,MoRTH,Odisha,2026-06,90.0,100.0,-10.0,25.17,-83.70768334520034,0.21456732113555138,MODERATE EARLY-WARNING SIGNAL,STABLE,No thresholded rule warning,No thresholded rule warning,No thresholded rule warning
618004,Construction of Bhabhua Bypass from Ch. 10800Design Ch. 10800 to Ch. 19860 Design Ch. 18150 and Chand Bypass from Ch. 38060 Design Ch. 36250 to Ch. 40460 Design Ch. 38650 and widening of existing road to 2 - lane with Paved shoulder from Ch. 40460 Design Ch. 38650 to Ch. 46860 Design Ch. 45050 of NH-219 Total length- 16.150 Kmunder EPC mode in the state of Bihar,MoRTH,Bihar,2026-06,2.0,0.0,2.0,2.37,1.317691537862782,0.15579222624235795,MODERATE EARLY-WARNING SIGNAL,STABLE,No thresholded rule warning,No thresholded rule warning,No thresholded rule warning
618005,Sheohar-Sitamarhi Section km 40.000 to 79.400 km Lot-I,MoRTH,Bihar,2026-05,98.65,100.0,-1.3499999999999943,0.0,-100.0,0.1302886458361701,MODERATE EARLY-WARNING SIGNAL,IMPROVING,Long implementation duration,No thresholded rule warning,No thresholded rule warning
618006,Sitamarhi-Jaynagar Section km 79.400 to km 156.500 Lot-II,MoRTH,Bihar,2026-04,98.78,100.0,-1.2199999999999989,0.0,-100.0,0.19521842008320342,MODERATE EARLY-WARNING SIGNAL,,Long implementation duration,No thresholded rule warning,No thresholded rule warning
618007,Jaynagar-Narahia Section km 156.500 to km 219.945 Lot-III,MoRTH,Bihar,2026-04,99.0,100.0,-1.0,0.0,-100.0,0.19734759114194236,MODERATE EARLY-WARNING SIGNAL,,Long implementation duration,No thresholded rule warning,No thresholded rule warning
618008,"Construction of four-lane elevated viaduct from km.4634 to km.6345 on NH-24A including Retaining wall, service lane, at grade road and improvement of junctions, on EPC mode",MoRTH,Uttar Pradesh,2026-04,100.0,100.0,0.0,175.09,-5.4027770273920765,0.21454585905119156,MODERATE EARLY-WARNING SIGNAL,,No thresholded rule warning,No thresholded rule warning,No thresholded rule warning
618009,Balance work of Construction of Ring Road for Raebareli City on eastern side of NH- 24B Phase-1 on EPC mode.,MoRTH,Uttar Pradesh,2026-06,95.0,100.0,-5.0,0.0,-100.0,0.14902425595785068,MODERATE EARLY-WARNING SIGNAL,STABLE,Long implementation duration,No thresholded rule warning,No thresholded rule warning
618010,Development to 4-lane with paved shoulder for the road section Talwandi Sabo- Raman road to refinery Road junction with Bathinda Dabwali Road of NH-254 from existing Km 131.600 to Km 155.650 Design Km 131600 to km 155600 in the State of Punjab. Job No NH-254-PB-2022-23-565,MoRTH,Punjab,2026-06,45.0,72.22222222222223,-27.22222222222223,0.0,-72.22222222222223,0.1388315817320311,MODERATE EARLY-WARNING SIGNAL,STABLE,Progress behind expected,No thresholded rule warning,No thresholded rule warning
618011,Construction of 2 lane with paved shoulder for the work of Development of remaining sections of NH-325 Balotra to sanderao via Jalore to 2 lane with paved shoulder configuration by Construction of Byasses for town portions1 Asotra- Brahmdham bypass 2Siwana Bypass 3 Mokalsar Bypass 4 Major realignment at Kathadi 5 Major realignment at Bishangarh 6 Jalore Bypass 7 Ahore Town portion 8 Dujana Bypass in the state of Rajasthan on EPC Mode,MoRTH,Rajasthan,2026-06,91.36,100.0,-8.64,85.69,-79.173147968112,0.1578610216864389,MODERATE EARLY-WARNING SIGNAL,STABLE,No thresholded rule warning,No thresholded rule warning,No thresholded rule warning
618012,"Widening & strengthenlng to 2LPS from km 0,000 to 40.000 Dhaugaon- Podamari section of NH 326 in the State of Odisha under Annual Plan 2021.22.",MoRTH,Odisha,2026-06,60.0,100.0,-40.0,46.39,-75.12867252841518,0.22275227229228572,MODERATE EARLY-WARNING SIGNAL,STABLE,Progress behind expected,Schedule pressure,No thresholded rule warning
618013,4-laning of Puttaparthi-Koduru Section of NH-342,MoRTH,Andhra Pradesh,2026-06,90.19,100.0,-9.810000000000002,464.06,-64.8063461728058,0.21260227114231392,MODERATE EARLY-WARNING SIGNAL,WORSENING,No thresholded rule warning,No thresholded rule warning,No thresholded rule warning
618014,"Upgradation of Ambikapur-Ramanujganj-Garwa road of NH-343, Package-III, Badki mahri village to Ramanujganj section from existing km 80.600 to km 110.330 Design Ch. 85.370 to Ch. 114.800 of total length 29.430 km to two lane with paved shoulders udner corridor scheme under EPC Mode in the of Chhattisgarh",MoRTH,Chhattisgarh,2026-06,33.58,76.47058823529412,-42.89058823529412,52.96,-49.864207928838454,0.19793313862267528,MODERATE EARLY-WARNING SIGNAL,WORSENING,Progress behind expected,No thresholded rule warning,No thresholded rule warning
618015,"Upgradation of Keonchi - Ratanpur Road of NH 45 Package-I, from design chainage km 237.860 to km 273.200 of length 35.340 km to two lane with paved shoulders under Corridor scheme on EPC mode in the state of Chhattisgarh.",MoRTH,Chhattisgarh,2026-06,60.0,100.0,-40.0,77.46,-65.63595226476198,0.1984484689878617,MODERATE EARLY-WARNING SIGNAL,STABLE,Progress behind expected,Schedule pressure,No thresholded rule warning
618016,"Upgradation of Ambikapur Ramanujganj - Garhwa Road NH 343 of Package-I, Rajpuri Khurd Village to Padih Village section from existing km 7.830 to km 57.650 Design Ch. 13.700 to Ch. 62.700 of total length 49.00 km to two lane with paved shoulders under EPC mode in the state of Chhattisgarh",MoRTH,Chhattisgarh,2026-06,26.26,54.166666666666664,-27.906666666666663,56.95,-39.837459742351044,0.21576790209812088,MODERATE EARLY-WARNING SIGNAL,WORSENING,Progress behind expected,No thresholded rule warning,No thresholded rule warning
618017,"Upgradation of Keonchi - Ratanpur Road of NH 45 Package-II, from design chainage km 278.75 to km 321.348 of length 42.598 km to two lane with paved shoulders under Corridor scheme on EPC mode in the state of Chhattisgarh.",MoRTH,Chhattisgarh,2026-06,60.0,100.0,-40.0,87.54,-69.39160839160839,0.19669784417326994,MODERATE EARLY-WARNING SIGNAL,STABLE,Progress behind expected,Schedule pressure,No thresholded rule warning
618018,Upgradation of Bilaspur-Takhatpur-Mungeli-Pandariya-Pondi Road on N.H.-130A Package IIIA Takhatpur By-pass from existing Ch. 26.542 to 32.093 [Design Ch. 18.700 to 25.900] & Mungeli By-pass from existing Ch. 45.786 to 56.275 [Design Ch. 29.600 to 51.600] and Package IIIB Pandariya By-Pass from existing Ch. 82.582 to 87.133 [Design Ch. 77.900 to 81.1000 & Pondi By-pass from existing Ch. 103.166 to 104.756 [Design Ch. 97.000 to 103.395] to two lane with paved shoulder configuration in the,MoRTH,Chhattisgarh,2026-06,11.0,100.0,-89.0,11.63,-96.68840228935903,0.17811855367177634,MODERATE EARLY-WARNING SIGNAL,STABLE,Progress behind expected,Schedule pressure,No thresholded rule warning
618019,Upgradation & widening of Jharkheda- Berasia - Dholkhedi from design km 0000 to km 87900 Design length 87.90km of NH-346 including 3 nos. bypasses of 13.10 Km in the State of Madhya Pradesh under EPC mode.,MoRTH,Madhya Pradesh,2026-06,89.0,100.0,-11.0,0.0,-100.0,0.12007297961222184,MODERATE EARLY-WARNING SIGNAL,STABLE,Schedule pressure,No thresholded rule warning,No thresholded rule warning
618020,"Rehabilitation & Upgradation of KurwaiMungaoliChanderi Road section of NH-346, from Design Chainge 0.000 to 81.300 Km Total length 83.1 km to Two lane with paved shoulder configuration along with One time improvement in 07 nos of bypassed built- up areas in a total length of 22.615 km in the state of Madhya Pradesh on EPC mode.",MoRTH,Madhya Pradesh,2026-06,67.57,100.0,-32.43000000000001,164.41,-57.460736370928096,0.1708276667424464,MODERATE EARLY-WARNING SIGNAL,STABLE,Progress behind expected,Schedule pressure,No thresholded rule warning
618021,Up-gradation of Pichhore- Dinara section of NH-346 from Km 292.750 to 334.550 to two lane with paved shoulders in the state of Madhya Pradesh on EPC mode,MoRTH,Madhya Pradesh,2026-06,31.29,33.333333333333336,-2.0433333333333366,0.0,-33.333333333333336,0.10346509646713999,MODERATE EARLY-WARNING SIGNAL,STABLE,No thresholded rule warning,No thresholded rule warning,No thresholded rule warning
618022,Upgradation to two lane with paved Shoulder Configuaration from Km. 0/00 to 47/000 of NH 351 Mahuva to Badhada section in the State of Gujarat,MoRTH,Gujarat,2026-06,74.0,100.0,-26.0,22.63,-86.9236103085635,0.21928339247563686,MODERATE EARLY-WARNING SIGNAL,WORSENING,Progress behind expected,Schedule pressure,No thresholded rule warning
618023,Work of Widening/upgradation of 2-Lane with paved shoulder of Sri Muktsar Sahib to Malout road from Km 279.400 to Km 307.060 section of NH-354 in the State of Punjab on EPC mode. Job No. NH-354-PB-2021-22-555,MoRTH,Punjab,2026-05,100.0,100.0,0.0,0.0,-100.0,0.11192349688128395,MODERATE EARLY-WARNING SIGNAL,IMPROVING,No thresholded rule warning,No thresholded rule warning,No thresholded rule warning
618024,Up-gradation to two lane with paved shoulder configuration of NH-354 Section Arifkes- Ferozepur-Muktsar-Malaut from Km 201.500 to Km 212.500 & Km 229.690 to Km 269.960 and strengthening of existing pavement from Km 212.500 to Km 229.690 excluding Km 218.500 to 223.690 of NH-354 on EPC Mode in the State of Punjab. Job No. NH-354-PB-2020-21-532,MoRTH,Punjab,2026-06,83.0,100.0,-17.0,0.0,-100.0,0.16584712029022433,MODERATE EARLY-WARNING SIGNAL,STABLE,Schedule pressure,No thresholded rule warning,No thresholded rule warning
618025,Rehabiitation and upgradation from km 121/000 to 154/000 Nakrekal to Mallampally section of NH-365 to 2 lane with paved shoulders in the state of Telangana in the EPC mode,MoRTH,Telangana,2026-06,96.0,100.0,-4.0,141.82,-26.392276950225764,0.1770374264087663,MODERATE EARLY-WARNING SIGNAL,STABLE,Long implementation duration,No thresholded rule warning,No thresholded rule warning
618026,Rehabilitation and upgradation to two lane with paved shoulders from Km 0/000 to 72/6 of NH-365 Nakrekal to Tanamcherla section under NHDP IV in the state of Telangana under EPC mode,MoRTH,Telangana,2026-04,99.9,100.0,-0.09999999999999432,585.2,-3.2855159648310917,0.2571803614545166,MODERATE EARLY-WARNING SIGNAL,,Long implementation duration,No thresholded rule warning,No thresholded rule warning
618027,Widening to 2LPS from Km 71.00 to 104.00 Existing chainages Sarjapur to Pattadkallu on Bhanapur to Gaddanakeri section NH-367 in the State of Karnataka under NHO on EPC mode under Annual Plan 2022-23 NH-367-KNT-2022-23-972 dated 08.02.2023,MoRTH,Karnataka,2026-06,90.0,100.0,-10.0,0.0,-100.0,0.10538969287301748,MODERATE EARLY-WARNING SIGNAL,IMPROVING,No thresholded rule warning,No thresholded rule warning,No thresholded rule warning
618028,"Construction of Bypass at Kuknoor, Yelburga, Gajendragada of Bhanapur Gaddanakeri section of NH-367 in the State of Karnataka under NHO on EPC mode under Annual Plan 2022-23. NH-367-KNT-2022-23-973 dated 08.02.2023",MoRTH,Karnataka,2026-06,36.0,50.0,-14.0,63.57,-30.964786201940353,0.1312181598919758,MODERATE EARLY-WARNING SIGNAL,STABLE,No thresholded rule warning,No thresholded rule warning,No thresholded rule warning
618029,Widening to 4 lane from Km. 133.00 to 158.04 design Chainage Km. 130.88 to 155.145 Shirur Cross to Gaddankeri of NH-367 in the State of Karnataka on EPC mode. Job No. NH-367-KNT-2021-22-930,MoRTH,Karnataka,2026-06,81.62,100.0,-18.379999999999995,199.09,-43.229062704953094,0.18696785176175026,MODERATE EARLY-WARNING SIGNAL,STABLE,Schedule pressure,No thresholded rule warning,No thresholded rule warning
618030,Widening to 2 lane with paved shoulder from Km. 103.225 Pattadakal to Km. 133.00 Shirur cross of NH-367 in the state of Karnataka on EPC Mode.Job No. NH-367-KNT- 2021-22-934,MoRTH,Karnataka,2026-05,0.0,100.0,-100.0,3.58,-98.64465813583706,0.20553581312481298,MODERATE EARLY-WARNING SIGNAL,STABLE,Progress behind expected,Schedule pressure,No thresholded rule warning
618031,Balance work of Construction of Two/Four lane with paved shoulder from Km 422.000 to 523.600 Chitradurga to Shivamogga of NH-13 in the state of Kanataka on EPC mode.,MoRTH,Karnataka,2026-06,98.0,100.0,-2.0,121.75,-76.44885484370164,0.21896057615604542,MODERATE EARLY-WARNING SIGNAL,STABLE,No thresholded rule warning,No thresholded rule warning,No thresholded rule warning
618033,4-Laning of Itanagar to Bandardewa section of NH-415from km 40430 to km 51735 Package-Bon EPC Mode in the state of Arunachal Pradesh Job NO. 415/Ar. P/2020- 21/031,MoRTH,Arunachal Pradesh,2026-05,51.37,100.0,-48.63,165.43,-66.67875198904264,0.20266221384392075,MODERATE EARLY-WARNING SIGNAL,IMPROVING,Progress behind expected,Schedule pressure,No thresholded rule warning
618034,Construction of 2 lane Barpeta Bypass from Km 77900Baradi to Km 86150 Deurikuchi Length8.25Km on NH-427 in the state of Assam under EPC ModeJob No.427/AS/2022-23/245,MoRTH,Assam,2026-06,20.0,88.88888888888889,-68.88888888888889,11.38,-82.33547685318489,0.146895410781782,MODERATE EARLY-WARNING SIGNAL,STABLE,Progress behind expected,Schedule pressure,No thresholded rule warning
618035,Rehabilitation & Upgradation of existing intermediate lane to two Lane with paved shoulder from km. 0.600 Gulganj bypass on NH-34 to km. 43.00 Barna River length 42.400 km. on Gulganj-Amanganj-Pawai-Katni NH43 Extn. in the state of Madhya Pradesh on EPCmode.,MoRTH,Madhya Pradesh,2026-06,54.25,100.0,-45.75,0.0,-100.0,0.1591558354319689,MODERATE EARLY-WARNING SIGNAL,STABLE,Progress behind expected,Schedule pressure,No thresholded rule warning
618036,Upgradation and reconstruction of existing intermediate lane to two Lane with paved shoulder configuration from km. 43.00 Barna River to km. 77.00 ken river length 34.00 km. on Gulganj-Amanganj-Pawai-Katni NH43 Extn. along with One time improvement in 01 no. of bypassed built-up area in a total length of 1.585 km in the state of Madhya Pradesh on EPCmode.,MoRTH,Madhya Pradesh,2026-06,40.02,79.16666666666667,-39.14666666666667,0.0,-79.16666666666667,0.1853343461692623,MODERATE EARLY-WARNING SIGNAL,WORSENING,Progress behind expected,No thresholded rule warning,No thresholded rule warning
618037,Rehabilitation and Up-gradation of existin of road from 2-lane to 2-lane with paved shoulders from km. 0.00 to km 53.590 total length-53.590 km of Raychoti to Vempalli section of NH-440 in the State of Andhra Pradesh on EPC mode.,MoRTH,Andhra Pradesh,2026-06,86.54,100.0,-13.459999999999994,213.04,-51.56200263744259,0.1561439091233313,MODERATE EARLY-WARNING SIGNAL,STABLE,Schedule pressure,No thresholded rule warning,No thresholded rule warning
618038,Construction of Shopian Bypass on NH-444 taking off from existing chainage Km 36500 and re-joining at km 47588 of existing Chainage New Design Ch. From km 28000 to km 36925 as 2- lane with paved shoulder in the UT of Jammu & Kashmir on EPC mode.,MoRTH,Jammu and Kashmir,2026-06,3.0,20.833333333333332,-17.833333333333332,0.0,-20.833333333333332,0.09041306072108908,LOW EARLY-WARNING SIGNAL,STABLE,No thresholded rule warning,No thresholded rule warning,No thresholded rule warning
618039,Widening to 2 Lane from Existing Chainage Km 74.700 Km 100.660 Design Chainage Km 53.365 to Km 78.785 on NH- 507 in the State of Uttarakhand.,MoRTH,Uttarakhand,2026-06,31.75,26.666666666666668,5.083333333333332,0.0,-26.666666666666668,0.10594281658897609,MODERATE EARLY-WARNING SIGNAL,STABLE,No thresholded rule warning,No thresholded rule warning,No thresholded rule warning
618040,Rehabilitation and Upgradation to Two lanes with Paved Shoulders configuration and Strengthening from Km 175.00 to Km 196.00 Gumkhal to Satpuli of NH-119 New NH- 534 in the State of Uttarakhand under NHO Annual Plan 2021-22 under EPC mode,MoRTH,Uttarakhand,2026-06,42.0,70.83333333333333,-28.83333333333333,0.0,-70.83333333333333,0.21582145756837165,MODERATE EARLY-WARNING SIGNAL,WORSENING,Progress behind expected,No thresholded rule warning,No thresholded rule warning
618041,Rehabilitation and upgrading to two lanes with paved shoulders and Strengthening of Kotdwar-Pauri-Srinagar road section from Km 232.00 to 274.470 on NH-119 New 534 Paidul to Srinagar in the State of Uttarakhand on EPC Mode under NHO Annual Plan 2021-22.,MoRTH,Uttarakhand,2026-06,2.0,25.0,-23.0,0.0,-25.0,0.14815713921435952,MODERATE EARLY-WARNING SIGNAL,STABLE,Progress behind expected,No thresholded rule warning,No thresholded rule warning
618042,"Rehabilitation/ Upgradation of existing Highway to four lane standards in Kurkheda town from km.413257 to km 410775, Two lane in Shankarpur Gurnuli km 42400 to km 43100 section and Reconstruction of Major Bridge at Ch. 448558 Bhuti Nallah and Ch. 411695 Sati River bridge, Minor Bridge at Ch. 411477 and Ch. 405800 Lendhari Bridge of NH 543 Bhamhapuri-wadsa-kurkheda-korchi-Deori-Amgaon road on EPC mode in the State of Maharashtra",MoRTH,Maharashtra,2026-06,42.78,100.0,-57.22,0.0,-100.0,0.2193831015380842,MODERATE EARLY-WARNING SIGNAL,STABLE,Progress behind expected,Schedule pressure,No thresholded rule warning
618043,Upgradation and reconstruction of Dindori - Mandla Section of NH 543 from Km 77100 Design to Km 170580 Design Total length 93.48km to Two lane with paved shoulder configuration along with One time improvement in 04 nos of bypassed built-up areas in a total length of 7.23 km in the state of Madhya Pradesh on EPC mode,MoRTH,Madhya Pradesh,2026-06,88.0,96.66666666666667,-8.666666666666671,0.0,-96.66666666666667,0.10939795575629074,MODERATE EARLY-WARNING SIGNAL,STABLE,No thresholded rule warning,No thresholded rule warning,No thresholded rule warning
618044,Upgradation of Shahdol- Sagartola Section of NH 543 from km 0000 to km 69400 to 2 lane with paved shoulders under Hybrid Annuity Mode HAM in the State of Madhya Pradesh,MoRTH,Madhya Pradesh,2026-06,0.0,12.5,-12.5,0.0,-12.5,0.0919536657206737,LOW EARLY-WARNING SIGNAL,STABLE,No thresholded rule warning,No thresholded rule warning,No thresholded rule warning
618045,"Construction of Mihona bypass, Lahar bypass, Daboh bypass & Bhander Bypass total length 20.60 km to 2-lane with paved shoulder from on Mihona-Bhander-MP/UP border section of NH 552E in the State of Madhya Pradesh on EPC mode",MoRTH,Madhya Pradesh,2026-04,67.0,100.0,-33.0,71.77,-59.94530639580311,0.21814461674121347,MODERATE EARLY-WARNING SIGNAL,,Progress behind expected,Schedule pressure,No thresholded rule warning
618046,Rehabilitation & Up-gradation of Sabalkhed to Ashti Section from Km 37900 to Km 55100 & Chinchpur to Jamkhed Section from km 70000 to km 72922 of NH-561 to Two lane with Paved shoulder/ Four lane configuration in the State of Maharashtra on EPC Mode Length20.122km.,MoRTH,Maharashtra,2026-04,95.88,100.0,-4.1200000000000045,0.0,-100.0,0.2209625591367736,MODERATE EARLY-WARNING SIGNAL,,No thresholded rule warning,No thresholded rule warning,No thresholded rule warning
618047,"Widening, Reconstruction & Up-gradation to 2 lane with Paved Shoulder/Four Lane configuration for the work of Ahmednagar to Sabalkhed & Ashti to Chinchpur Section of NH-561 from Design km 2915 to km 37728 & Design km 55100 to km 70000 in the State of Maharashtra on EPC mode. Length 49.713 km",MoRTH,Maharashtra,2026-06,83.46,54.166666666666664,29.29333333333333,0.0,-54.166666666666664,0.1691870521343872,MODERATE EARLY-WARNING SIGNAL,STABLE,No thresholded rule warning,No thresholded rule warning,No thresholded rule warning
618049,Up-gradation to 2/4 lane with paved shoulder configuration of NH-652 from Tuljapur Naldurg-Akkalkot road Chainage from Km. 00.000 to km 30.982 in the State of Maharashtra on EPC mode.,MoRTH,Maharashtra,2026-06,98.0,94.44444444444444,3.555555555555557,64.87,-59.07559868903307,0.13283878180777708,MODERATE EARLY-WARNING SIGNAL,STABLE,No thresholded rule warning,No thresholded rule warning,No thresholded rule warning
618050,Rehabilitation and Upgradation to 2-lane/Intermediate lane configuration of Ashyari- Shri Kyari Section km 50.000 to km 75.000 of NH-707 in the state of Himachal Pradesh under Green National Highways Corridor Project GNHCP with the loan assistance of World Bank on EPC mode.,MoRTH,Himachal Pradesh,2026-04,98.16,100.0,-1.8400000000000034,146.64,-57.605018936656165,0.24284539654666815,MODERATE EARLY-WARNING SIGNAL,,No thresholded rule warning,No thresholded rule warning,No thresholded rule warning
618052,Gorantla - Hindupur section from Km 120/300 to 165/000 of NH716G in the State of Andhra Pradesh,MoRTH,Andhra Pradesh,2026-06,28.78,41.666666666666664,-12.886666666666663,0.0,-41.666666666666664,0.09599759363067073,LOW EARLY-WARNING SIGNAL,STABLE,No thresholded rule warning,No thresholded rule warning,No thresholded rule warning
618053,Muddanur to B. Kothapalli section of NH-716G from Km. 0/000 to Km. 56/500 56.500 Km in the State of Andhra Pradesh on EPC mode Job no. 741,MoRTH,Andhra Pradesh,2026-06,30.55,41.666666666666664,-11.116666666666664,0.0,-41.666666666666664,0.08455835087967781,LOW EARLY-WARNING SIGNAL,STABLE,No thresholded rule warning,No thresholded rule warning,No thresholded rule warning
618054,Construction of Balrampur bypass with 2L flexible pavement configuration from km.223.000 of NH-330 to km.328.300 of NH-730 under EPC mode,MoRTH,Uttar Pradesh,2026-06,54.0,100.0,-46.0,118.72,-76.97841726618705,0.1325408288242346,MODERATE EARLY-WARNING SIGNAL,IMPROVING,Progress behind expected,Schedule pressure,No thresholded rule warning
618055,Construction of Pratapgarh Bypass Extension connecting NH-31 to NH-330 on EPC mode in the State of Uttar Pradesh.,MoRTH,Uttar Pradesh,2026-06,75.0,100.0,-25.0,0.0,-100.0,0.13514527109812743,MODERATE EARLY-WARNING SIGNAL,STABLE,Progress behind expected,Schedule pressure,No thresholded rule warning
618056,Improvement and Up-gradation to two Lane with Paved Shoulder Configuration from existing km. 420.00 Shohrathgarh to km. 454.00 Uska Bazar of NH-730 in the state of Uttar Pradesh EPC basis,MoRTH,Uttar Pradesh,2026-06,60.0,100.0,-40.0,115.2,-77.3962523300304,0.1914472040512679,MODERATE EARLY-WARNING SIGNAL,STABLE,Progress behind expected,Schedule pressure,No thresholded rule warning
618057,Construction of Shohratgarh Bypass on NH-730 under EPC mode in the State of Uttar Pradesh,MoRTH,Uttar Pradesh,2026-06,52.0,100.0,-48.0,0.0,-100.0,0.1182565994429549,MODERATE EARLY-WARNING SIGNAL,STABLE,Progress behind expected,Schedule pressure,No thresholded rule warning
618059,Construction of four-lane Concrete Road from Police Headquarter Gondia City to Rawanwadi Village Birsi Airport Junction from design km 0.000 to km 15.781 existing km 39/720 of NH-753 to existing Km 8/400 of NH 543 on sections from Kohmara- Goregaon- Police HeadquarterKaranja - Collector Office Square - Balaghat T Point- Rawanwadi- Rajegaon of NH-753 and NH-543 in Gondia District in the state of Maharashtra. Total Length of the project 15.781 Km.,MoRTH,Maharashtra,2026-06,34.15,100.0,-65.85,0.0,-100.0,0.20533733176518132,MODERATE EARLY-WARNING SIGNAL,STABLE,Progress behind expected,Schedule pressure,No thresholded rule warning
618060,Widening and Strengthening of existing paveemnt to two lane with paved shoulders from km 116.00 to km 176.355 of NH-75E in the State of Jharkhand on EPC mode.,MoRTH,Jharkhand,2026-06,87.0,100.0,-13.0,143.35,-54.52238190412741,0.17543235856285933,MODERATE EARLY-WARNING SIGNAL,STABLE,Schedule pressure,No thresholded rule warning,No thresholded rule warning
618061,"Strengthening, Widening & Up-gradation of newly declared NH-761 from NH- 61Junction-BelheAlkutiDevibhoyareNighojShirur, from Design chainage Km 0.000 to Km 37.970 from Single/Intermediate/2L to 2LPS in the State of Maharashtra on EPC Mode Length 37.970 Km",MoRTH,Maharashtra,2026-06,62.5,83.33333333333333,-20.83333333333333,57.06,-68.55707478765278,0.18825428976627087,MODERATE EARLY-WARNING SIGNAL,WORSENING,Progress behind expected,Schedule pressure,No thresholded rule warning
618062,Dornala to Kunta Junction from Design Chainage Km 244000 to 267990 section of NH-765 Package-2,MoRTH,Andhra Pradesh,2026-04,99.64,100.0,-0.35999999999999943,0.0,-100.0,0.17884749662058086,MODERATE EARLY-WARNING SIGNAL,,No thresholded rule warning,No thresholded rule warning,No thresholded rule warning
618063,Widening & Strenghteningof section from Bharthana chowk to Kodarkoot km.0.00 to km.40.00 of NH-91-A on EPC mode,MoRTH,Uttar Pradesh,2026-06,94.0,100.0,-6.0,115.38,-56.02393566337615,0.12441085412656773,MODERATE EARLY-WARNING SIGNAL,STABLE,No thresholded rule warning,No thresholded rule warning,No thresholded rule warning
618064,Up-gradation of NH-930 Sherpar to Kohka from Km.67880 to Km.114860 to 2LPS in Chhattisgarh under EPC mode,MoRTH,Chhattisgarh,2026-04,90.0,100.0,-10.0,201.05,-27.931318779797124,0.1992688300779241,MODERATE EARLY-WARNING SIGNAL,,No thresholded rule warning,No thresholded rule warning,No thresholded rule warning
618065,"Rehabilitation/Upgradation of existing Highway to 2LPS/4 lane of Dhawali to Rajoli from Design Km.149476 to 163476 existing Km.150000 to 164000, Pandhasala to Mohadongri from design Km.170476 to 181476 existing Km.171000 to 182000, Ambeshivni Fata to Bodli from design Km.183476 to 185476 existing Km.184000 to 186000 and Made Tukum to Gadchiroli from design Km.188476 to 189476 existing Km.188000 to 18900 having length 28 km of NH-930 of Dhawali to Gadchroli road in the",MoRTH,Maharashtra,2026-06,34.1,100.0,-65.9,0.0,-100.0,0.29531448626902906,MODERATE EARLY-WARNING SIGNAL,IMPROVING,Progress behind expected,Recent progress slowdown,Schedule pressure
618066,Construction of Amethi bypass Part-II at km.30.050 of NH-931 under EPC mode in the state of Uttar Pradesh,MoRTH,Uttar Pradesh,2026-06,48.0,66.66666666666667,-18.66666666666667,38.69,-53.036708236454594,0.15115224217703435,MODERATE EARLY-WARNING SIGNAL,STABLE,No thresholded rule warning,No thresholded rule warning,No thresholded rule warning
618067,"Rehabilitation & Up-gradation from design Km. 0.000 to Km. 69.280 of NH-931 Pratapgarh - Amethi - Gauriganj -Musafirkhana to two lane with paved shoulder on Engineering, Procurement & Construction EpC mode in the State of Uttar Pradesh",MoRTH,Uttar Pradesh,2026-06,9.0,29.166666666666668,-20.166666666666668,0.0,-29.166666666666668,0.0790372052884298,LOW EARLY-WARNING SIGNAL,STABLE,Progress behind expected,No thresholded rule warning,No thresholded rule warning
618068,"Construction of Kaithi-Padaria Kala bypass, Patna-Tamoli bypass, Jaso bypass and Nagod bypass total length 15.44 Km to 2-lane with paved shoulders flexible pavement on NH-943 in the State of Madhya Pradesh on EPC Mode.",MoRTH,Madhya Pradesh,2026-06,60.0,100.0,-40.0,0.0,-100.0,0.1592053149059379,MODERATE EARLY-WARNING SIGNAL,STABLE,Progress behind expected,Schedule pressure,No thresholded rule warning
618069,Upgradation to Two-lane with paved shoulder of Hanumangarh to Kenchiyan section from Km 0.000existing chainage-Km 23.200 to Km 49.605existing chainage-Km 74.645 of NH-54 in the State of Rajasthan on EPC mode.,MoRTH,Rajasthan,2026-06,70.0,83.33333333333333,-13.333333333333329,0.0,-83.33333333333333,0.17246917033594017,MODERATE EARLY-WARNING SIGNAL,WORSENING,Schedule pressure,No thresholded rule warning,No thresholded rule warning
618070,Widening to 2 Lanes with paved shoulders from Km.87/000 to 133/720 Nattukal to Thanau Jn. in Palakkad of NH-966 Old NH-213 on EPC mode Basis under NHO Annual Plan 2016-17 in the state of Kerala,MoRTH,Kerala,2026-06,98.0,100.0,-2.0,0.0,-100.0,0.15960667260202496,MODERATE EARLY-WARNING SIGNAL,STABLE,Long implementation duration,No thresholded rule warning,No thresholded rule warning
618071,Construction of two lane with paved shoulder Gangtok Bypass Road from Ranipool to Burtuk Ch 0.00 Km to 23.316 L23.316 Km in the State of Sikkim,MoRTH,Sikkim,2026-06,90.0,100.0,-10.0,0.0,-100.0,0.13662890910214287,MODERATE EARLY-WARNING SIGNAL,STABLE,No thresholded rule warning,No thresholded rule warning,No thresholded rule warning
618072,Widening to Existing single lane /intermediate lane to 2 lane from Km185.00 to Km 220.00 of NH-61 New NH-02 in the state of Nagaland.,MoRTH,Nagaland,2026-06,100.0,100.0,0.0,155.15,-47.80487804878049,0.17804906961211672,MODERATE EARLY-WARNING SIGNAL,STABLE,No thresholded rule warning,No thresholded rule warning,No thresholded rule warning
618073,Improvement to Two lane with Paved Shoulder from Junction of NH22 near Hajipur to Junction of NH -122 at Bachhwara via Mahnar and Mohiuddin Nagar from Km 0.00 to Km 29.730 of NH 122 B in the State of Bihar.,MoRTH,Bihar,2026-06,53.0,100.0,-47.0,0.0,-100.0,0.14455652776752756,MODERATE EARLY-WARNING SIGNAL,IMPROVING,Progress behind expected,Schedule pressure,No thresholded rule warning
618074,Pre construction activity of NH 122B from km 0 to 72.348 and Improvement to two lane with paved shoulders of NH 122B from km 29.730 to km 72.348 in state of Bihar under EPC mode,MoRTH,Bihar,2026-06,95.0,100.0,-5.0,154.25,-75.29747129381997,0.1421602757775964,MODERATE EARLY-WARNING SIGNAL,STABLE,No thresholded rule warning,No thresholded rule warning,No thresholded rule warning
618075,Construction of two lane with paved shoulder from existing Km.0.000 to Km.55.610 design km. 0.000 to km. 54.048 of NH-124D,MoRTH,Uttar Pradesh,2026-06,75.0,100.0,-25.0,204.84,-75.64125432556813,0.16865660613470748,MODERATE EARLY-WARNING SIGNAL,STABLE,Progress behind expected,Schedule pressure,No thresholded rule warning
618076,Improvement and Widening two lannig with paved Shoulder of NH 127B from km 31.500 Goeragre to km 63.224 Package-II in state of Meghalaya,MoRTH,Meghalaya,2026-06,2.5,54.166666666666664,-51.666666666666664,0.0,-54.166666666666664,0.1380590877254665,MODERATE EARLY-WARNING SIGNAL,STABLE,Progress behind expected,No thresholded rule warning,No thresholded rule warning
618078,Up-gradation of NH-130C Abhanpur to Paund from NH Km. 0000 to KM 40380 to two lane with paved shoulders in the State of Chhattisgarh on EPC mode.,MoRTH,Chhattisgarh,2026-04,85.0,100.0,-15.0,97.78,-49.37875336508594,0.2245304563550368,MODERATE EARLY-WARNING SIGNAL,,Schedule pressure,No thresholded rule warning,No thresholded rule warning
618079,Construction of Dharmagarh Bypass on NH-130C including land acquisition in the state of Odisha on EPC Mode under Annual plan 2022-23.,MoRTH,Odisha,2026-06,15.0,77.77777777777777,-62.77777777777777,0.0,-77.77777777777777,0.13619823948450402,MODERATE EARLY-WARNING SIGNAL,STABLE,Progress behind expected,No thresholded rule warning,No thresholded rule warning
618080,Improvement to two lane with paved shoulders of BH WB Border Amdabad Manihari section from design Km 0.000 to Km 23.945 of NH 131 A Total length 23.945 Km under EPC mode in the state of Bihar,MoRTH,Bihar,2026-06,7.0,72.22222222222223,-65.22222222222223,0.0,-72.22222222222223,0.20107017035709457,MODERATE EARLY-WARNING SIGNAL,STABLE,Progress behind expected,No thresholded rule warning,No thresholded rule warning
618081,Construction of Mariahu Bypass with four lane paved shoulder configuration Km. 53.540 to Km.59.200 of NH-135A on EPC mode in the state of Uttar Pradesh,MoRTH,Uttar Pradesh,2026-06,55.0,100.0,-45.0,0.0,-100.0,0.122588733119056,MODERATE EARLY-WARNING SIGNAL,STABLE,Progress behind expected,Schedule pressure,No thresholded rule warning
618082,Widening & Upgradation to four lane configuration from Km.34.900 Bhadohi to km.73.134 Jaunpur of NH-135A on EPC mode,MoRTH,Uttar Pradesh,2026-06,94.0,100.0,-6.0,0.0,-100.0,0.12589185239161224,MODERATE EARLY-WARNING SIGNAL,STABLE,No thresholded rule warning,No thresholded rule warning,No thresholded rule warning
618083,Construction of byepass around Lohardaga town of NH-143A in the Sate of Jharkhand under EPC mode.,MoRTH,Jharkhand,2026-04,3.0,100.0,-97.0,0.0,-100.0,0.25236060683803446,MODERATE EARLY-WARNING SIGNAL,,Progress behind expected,Schedule pressure,No thresholded rule warning
618084,Widening to 2-lane with paved shoulder from km 0.00 to 44.00 Kuru-Ghaghra section of NH-143A including re-construction of culverts and bridges.,MoRTH,Jharkhand,2026-06,95.0,100.0,-5.0,100.77,-34.141559375204224,0.22702612541700343,MODERATE EARLY-WARNING SIGNAL,STABLE,No thresholded rule warning,No thresholded rule warning,No thresholded rule warning
618085,Upgradation of Nasrullagani-Rehti-Budhni Scction to 2-lane with paved shoulder from Km 0150 to Km 50500 of NH-146B in the state of Madhya Pradesh on EPC mode.,MoRTH,Madhya Pradesh,2026-06,89.07,100.0,-10.930000000000007,0.0,-100.0,0.1957491354666127,MODERATE EARLY-WARNING SIGNAL,WORSENING,Schedule pressure,No thresholded rule warning,No thresholded rule warning
618086,"Widening to Two Lane with Paved Shoulders from KB Cross to Chunchanahalli ie., Design Ch. 485240 Km Existing Km 494.000 to Design Ch. 523393 Km Existing km 533.152 & From Design Ch. 530393 Existing Km 540.175 to Design Ch. 534476 Existing Km 544.200 at Nelligere of NH-150A on EPC mode under Annual Plan 2022-23 NH-150A-KNT-2022-23-977 dated 08.03.2023",MoRTH,Karnataka,2026-06,48.5,61.111111111111114,-12.611111111111114,7.59,-59.88152324174875,0.17849202324736801,MODERATE EARLY-WARNING SIGNAL,STABLE,No thresholded rule warning,No thresholded rule warning,No thresholded rule warning
618087,Widening to intermediate/two lane to 2 lane with paved shoulder from Existing chanages Km 112.750 to 142.00 Liingasur to Mudabal cross & from Km. 147.070 to Km. 149.070 Maski city limit of Jewargi Chamrajnagar setion of NH-150A in the state of Karnataka on EPC mode. Job No. NH-150A-KNT-2021-22-951,MoRTH,Karnataka,2026-06,96.0,100.0,-4.0,182.8,-28.560262623104578,0.15076872039760522,MODERATE EARLY-WARNING SIGNAL,STABLE,No thresholded rule warning,No thresholded rule warning,No thresholded rule warning
618088,Nandurshingote to Kolhar,MoRTH,Maharashtra,2026-06,37.74,66.66666666666667,-28.92666666666667,23.01,-59.60383478109621,0.23919810811830505,MODERATE EARLY-WARNING SIGNAL,WORSENING,Progress behind expected,No thresholded rule warning,No thresholded rule warning
618089,Rehabilitation & Up-gradation of Mudkhed to Nanded section from Km. 372000 to Km 388400 of NH 161A i.e. Nanded-Bhokar-Himayatnagar-Kinwat-Mahur-Arani Road Design chainage from Km 372000 Mudkhed to Km 387650 Nanded of NH 161A Length 15.65 Km to 2/4Lane with paved shoulders configuration in the State of Maharashtra on EPC mode.,MoRTH,Maharashtra,2026-06,65.14,100.0,-34.86,0.0,-100.0,0.2075586034135955,MODERATE EARLY-WARNING SIGNAL,STABLE,Progress behind expected,Schedule pressure,No thresholded rule warning
618090,Sarsam - Kothari of NH-161A - 2L PS from Km.33/00 to 90/00,MoRTH,Maharashtra,2026-04,97.25,100.0,-2.75,0.0,-100.0,0.2949617452214981,MODERATE EARLY-WARNING SIGNAL,,Long implementation duration,No thresholded rule warning,No thresholded rule warning
618091,Widening to two lane with paved shoulders from Km 0/000 to Km 45/946 of Nizampet- Narayankhed-bidar section of NH-161B in the state of Telangana under Annual Plan 2021-22 on EPC mode under NHO,MoRTH,Telangana,2026-06,46.0,100.0,-54.0,151.45,-70.47643182970097,0.21220948211895754,MODERATE EARLY-WARNING SIGNAL,WORSENING,Progress behind expected,Schedule pressure,No thresholded rule warning
618092,Up-gradation to 2 lane with paved shoulder from Neechli Oden Nathdwara at Design Km 88.800 existing km 55.95 to Bhatewar at Design Km 142.028 existing km 0.00 of NH-162E in the State of Rajasthan on EPC mode.,MoRTH,Rajasthan,2026-06,60.39,83.33333333333333,-22.943333333333328,0.0,-83.33333333333333,0.16255958119408948,MODERATE EARLY-WARNING SIGNAL,WORSENING,Progress behind expected,Schedule pressure,No thresholded rule warning
618093,Up-gradation to 2 lane with Paved shoulder from Charbhuja at Design km 0.00 existing km 150.00 to Neechli Oden Nathdwara at Design ch. Km 88.800 existing km 55.950 of NH-162E on EPC mode.,MoRTH,Rajasthan,2026-04,0.0,100.0,-100.0,55.04,-93.43534940305094,0.22750886292710992,MODERATE EARLY-WARNING SIGNAL,,Progress behind expected,Schedule pressure,No thresholded rule warning
618094,Pen to Khopoli 2LPS,MoRTH,Maharashtra,2026-06,86.3,100.0,-13.700000000000003,333.1,-9.824304935163369,0.2561454821638644,MODERATE EARLY-WARNING SIGNAL,STABLE,Long implementation duration,Schedule pressure,No thresholded rule warning
618095,Widening to Two Lane with Paved Shoulders from Km 0.00 Design Chainage 0.00 to Km 23.338 Design Chainage 23310 of NH-166E MH/KNT Border- Kanamadi- Bijjargi- Tikota section in the state of Karnataka in EPC Mode under Annual plan 2022-23 NH- 166E-KNT-2022-23-974,MoRTH,Karnataka,2026-06,71.0,100.0,-29.0,0.0,-100.0,0.12895026689497407,MODERATE EARLY-WARNING SIGNAL,IMPROVING,Progress behind expected,Schedule pressure,No thresholded rule warning
618096,Rehabilitation and Up-gradation to 2 lane road with paved shoulders configuration for the balance work of 13 km length on Helwak-Patan-Karad section Km. 85000 to 133 417 of NH-166E in the state of Maharashtra on EPC mode.,MoRTH,Maharashtra,2026-06,87.0,100.0,-13.0,0.0,-100.0,0.13452158969298159,MODERATE EARLY-WARNING SIGNAL,STABLE,Schedule pressure,No thresholded rule warning,No thresholded rule warning
618097,Guhagar - Rampur - 2L-PS - km 0/00 Guhagar to 26/230 Rampur and 40/00 Mirjoli to 53/600 Sati on NH-166E,MoRTH,Maharashtra,2026-06,91.89,100.0,-8.11,0.0,-100.0,0.16753243261950754,MODERATE EARLY-WARNING SIGNAL,STABLE,Long implementation duration,No thresholded rule warning,No thresholded rule warning
618098,"Upgradation of exhisting 2 lane flexible pavement to 2 lane paved shoulders rigid pavement from design chainage Km 66.00 to Design Km 82.440 Start of Kolhapur Municipal corporation near Phulewadi to kale, design length 16.440 Km section on Talere Gaganbawada-Kolhapur road NH 166G in the state of Maharashtra on EPC mode",MoRTH,Maharashtra,2026-06,93.75,100.0,-6.25,0.0,-100.0,0.1447715030888453,MODERATE EARLY-WARNING SIGNAL,STABLE,No thresholded rule warning,No thresholded rule warning,No thresholded rule warning
618099,"Rehabilitation & up-gradation for Talere Gaganbawada - kolhapur Road NH 166G stretch start from km. 0/00 to Km. 06/00 and km. 13/00 to km 19/440 of NH-166G, length 12.440 km in the State of Maharashtra.",MoRTH,Maharashtra,2026-04,100.0,100.0,0.0,98.68,-39.87692682629623,0.20887812622250013,MODERATE EARLY-WARNING SIGNAL,,No thresholded rule warning,No thresholded rule warning,No thresholded rule warning
618101,Kondamodu to Perecherla Section Design Ch. Km 000 to Km 49917 of NH-167AG to to 4LPS,MoRTH,Andhra Pradesh,2026-06,37.95,58.333333333333336,-20.383333333333333,0.0,-58.333333333333336,0.1294023361239871,MODERATE EARLY-WARNING SIGNAL,STABLE,Progress behind expected,No thresholded rule warning,No thresholded rule warning
618103,Rehabilitation and upgradation from Km 22300 to 58635 of MudireddyPalle to Kadapa/Nellore Border via porumamilla Section of NH 167 Two Lane with paved Shoulder in,MoRTH,Andhra Pradesh,2026-06,90.33,100.0,-9.670000000000002,168.7,-39.596834831179066,0.1451321509583953,MODERATE EARLY-WARNING SIGNAL,STABLE,No thresholded rule warning,No thresholded rule warning,No thresholded rule warning
618104,Widening to two lane with paved shoulders from Km 0/000 to Km 79/300 of Kalwakurthy - Kollapur section of NH-167K in the state of Telangana under annual plan 2021-22 on EPC mode under NHO.,MoRTH,Telangana,2026-06,86.74,100.0,-13.260000000000005,620.25,-30.04883330137929,0.16256098928979218,MODERATE EARLY-WARNING SIGNAL,STABLE,Schedule pressure,No thresholded rule warning,No thresholded rule warning
618105,Widening and strengthening to 4 lane / 2-lane with paved shoulders of Mahabubnagar - Chincholi section from km 60/255 to Km 102/834 of NH-167N in the State of Telangana on EPC mode.,MoRTH,Telangana,2026-06,30.8,100.0,-69.2,125.34,-80.15170469841169,0.19039870761281288,MODERATE EARLY-WARNING SIGNAL,STABLE,Progress behind expected,Schedule pressure,No thresholded rule warning
618106,Widening and Strengthening to 2/4 lane with paved shoulders of Mahabubnagar Chincholi section from Km 0/0 to Km 60/255 of NH-167N in the state of Telangana under Annual plan 2021-22 on EPC modepackage-I under NHO Job No.167N-TS- 2021-22-75,MoRTH,Telangana,2026-06,90.69,100.0,-9.310000000000002,304.65,-56.70617326057299,0.1625066455900447,MODERATE EARLY-WARNING SIGNAL,STABLE,No thresholded rule warning,No thresholded rule warning,No thresholded rule warning
618107,Upgradation of Mehsana-Visnagar-vadnagar-Kheralu-Idar section from km 0/00 to 81/300 of NH 168G Mehsana to Idar in the State of GujaratTotal Length 81.300 Km on Hybrid Annuity Mode HAM,MoRTH,Gujarat,2026-06,16.0,20.0,-4.0,378.6,12.7732620043109,0.133749078597995,MODERATE EARLY-WARNING SIGNAL,WORSENING,No thresholded rule warning,No thresholded rule warning,No thresholded rule warning
618108,Up-gradation and strengthening to 2lanePS from Km 95/500 to km 129/775 of Nh 168G Idar-Bhiloda-Samlaji in the state of Gujarat Length 34.275 km,MoRTH,Gujarat,2026-06,63.0,100.0,-37.0,0.0,-100.0,0.15595564085135785,MODERATE EARLY-WARNING SIGNAL,STABLE,Progress behind expected,Schedule pressure,No thresholded rule warning
618109,Widening to 4 lane from Km 51.60 to 76.20 Hebri to Parkala and from Km 85.20 to 88.90 Karavali junction to Malpe of Thirthahalli-Udupi-Malpe Section of NH-169A in the State of Karnataka on EPC Mode under Annual plan 2021-22 Job No. NH-169A- KNT-2021-22-927,MoRTH,Karnataka,2026-06,88.33,100.0,-11.670000000000002,215.43,-39.43832227594738,0.15214481671162813,MODERATE EARLY-WARNING SIGNAL,STABLE,Schedule pressure,No thresholded rule warning,No thresholded rule warning
618110,Improvement and upgradation to two lane with Paved Shoulder configuration from existing km 55.00 to km 90.00 Design length 34.76 of NH-227A near Chhapia Village to near Sikriganj in the State of UP on EPC Mode.,MoRTH,Uttar Pradesh,2026-04,0.0,100.0,-100.0,125.88,-59.01142912962782,0.2434501947352643,MODERATE EARLY-WARNING SIGNAL,,Progress behind expected,Schedule pressure,No thresholded rule warning
618111,Improvement and upgradation to two lane with paved shoulder configuration from existing km 90.00 to 130.00 Design length 39.15 of NH-227A near Sikriganj to Barhalganj in the State of UP on EPC Mode.,MoRTH,Uttar Pradesh,2026-06,96.0,100.0,-4.0,0.0,-100.0,0.12635623064529494,MODERATE EARLY-WARNING SIGNAL,STABLE,No thresholded rule warning,No thresholded rule warning,No thresholded rule warning
618112,"Improvement and up-gradation of NH-227B 84 Kosi Parikrama Marg Package I, from km 228.920 Jagarnathpur to Km 235.960/0.000 MakhaudaDham to Km 29.000 Sarpur in the State of Uttar Pradesh on EPC basis",MoRTH,Uttar Pradesh,2026-06,7.0,72.22222222222223,-65.22222222222223,1.9,-72.01400304414004,0.18632644341312768,MODERATE EARLY-WARNING SIGNAL,STABLE,Progress behind expected,No thresholded rule warning,No thresholded rule warning
618113,"Improvement and up-gradation of NH-227B 84 Kosi Parikrama Marg Package III, from Km.47.800 Gosaiganj to Km.73.300 Bikapur in the State of Uttar Pradesh on EPC basis.",MoRTH,Uttar Pradesh,2026-06,43.46,72.22222222222223,-28.762222222222228,61.19,-61.815228668129336,0.21970947900386098,MODERATE EARLY-WARNING SIGNAL,STABLE,Progress behind expected,No thresholded rule warning,No thresholded rule warning
618114,"Improvement and up-gradation of NH-227B 84 Kosi Parikrama Marg PackageV, from Design Km.140.960 Patranga to Km.160.200 Bahuvan Madar Majha on EPC mode in the State of Uttar Pradesh",MoRTH,Uttar Pradesh,2026-06,4.0,13.333333333333334,-9.333333333333334,0.0,-13.333333333333334,0.07915415338206973,LOW EARLY-WARNING SIGNAL,STABLE,No thresholded rule warning,No thresholded rule warning,No thresholded rule warning
618116,lmprovement and Up-gradation from Km. 73.300 Bikapur to Km.140.960 Patranga of NH-227B 84 Kosi Parikrama Marg to 2LPS along with Parikrama Path,MoRTH,Uttar Pradesh,2026-06,40.45,20.833333333333332,19.61666666666667,142.53,-12.34814208463561,0.1623531999042722,MODERATE EARLY-WARNING SIGNAL,STABLE,No thresholded rule warning,No thresholded rule warning,No thresholded rule warning
618117,Upgradation to 2-Lane with Paved Shoulder from Design Km 36300 to Design Chainage 47918 and from Design Ch 69900 to Design Ch 83940 of NH-248A Natni Ka Bara in the State of Rajasthan on EPC Mode.,MoRTH,Rajasthan,2026-06,23.0,100.0,-77.0,15.13,-90.2317773904061,0.18397824502383825,MODERATE EARLY-WARNING SIGNAL,STABLE,Progress behind expected,Schedule pressure,No thresholded rule warning
618118,Upgradation of two lane paved shoulder from Shahpura existing km. 0.00 Design Ch. 000 to Thanagazi existing Km.37352 Design Ch. 36810 of NH-248A on EPC mode in the State of Rajasthan.,MoRTH,Rajasthan,2026-04,100.0,100.0,0.0,63.55,-63.5482390730756,0.15970589103983995,MODERATE EARLY-WARNING SIGNAL,,No thresholded rule warning,No thresholded rule warning,No thresholded rule warning
618119,Rehabilitation and up-gradation to 2-lane configuration of Bageshwar to Kangarchina road from km 129.600 to Km 161.600 Existing Chainage 136.00 to Km 169.00 of NH- 309Ain the State of Uttarakhand Package-IV under NHO Annual Plan 2021-22,MoRTH,Uttarakhand,2026-06,65.0,73.33333333333333,-8.333333333333329,0.0,-73.33333333333333,0.18108118680080268,MODERATE EARLY-WARNING SIGNAL,STABLE,No thresholded rule warning,No thresholded rule warning,No thresholded rule warning
618120,construction of Four-Lane of chausa-Buxar Bypass from Km 45.000 to Km 65.915 Package - 2 in the State of Bihar on EPC Mode.,MoRTH,Bihar,2026-06,4.0,20.833333333333332,-16.833333333333332,0.0,-20.833333333333332,0.09181181705700106,LOW EARLY-WARNING SIGNAL,STABLE,No thresholded rule warning,No thresholded rule warning,No thresholded rule warning
618121,Improvement to two lane with paved shoulders of NH-319A from km 0 to km 45 in state of Bihar under EPC mode,MoRTH,Bihar,2026-06,93.0,100.0,-7.0,198.15,-53.626342764866955,0.1515830818276962,MODERATE EARLY-WARNING SIGNAL,STABLE,No thresholded rule warning,No thresholded rule warning,No thresholded rule warning
618122,Widening to 2 lane with paved shoulded of Jareikela Jharkhand/Odisha Border - Dhabaleswar section from 0/0 to 36/0 of NH-320D in the State of Odisha under Annual Plan 2021-22.,MoRTH,Odisha,2026-06,32.0,83.33333333333333,-51.33333333333333,0.0,-83.33333333333333,0.19008844828255805,MODERATE EARLY-WARNING SIGNAL,STABLE,Progress behind expected,Schedule pressure,No thresholded rule warning
618123,Widening and Strengthening/Reconstruction to Two Lane with Paved Shoulder/ Two Lane with paved shoulders with service road from km 0000 to km 42250 excluding design Ch. 03220 to 04200 & 28350 to 29060 of NH-320G in the state of Jharkhand under EPC mode,MoRTH,Jharkhand,2026-05,0.0,100.0,-100.0,4.11,-99.02878207854813,0.15704409130392155,MODERATE EARLY-WARNING SIGNAL,IMPROVING,Progress behind expected,Schedule pressure,No thresholded rule warning
618124,Rehabilitation and upgradation from km 51.600 to km 75.700 of NH-321G Nuhkhas to Etah section to two lane with paved shoulder configuration under EPC mode in the State of Uttar Pradesh,MoRTH,Uttar Pradesh,2026-06,65.0,100.0,-35.0,84.43,-75.4235314664959,0.1877835476299039,MODERATE EARLY-WARNING SIGNAL,STABLE,Progress behind expected,Schedule pressure,No thresholded rule warning
618125,Rehabilitation and upgradation of NH 326A from km 0/0 to 41/979 excluding km 2/255 to 3/372 and km 36/820 to 38/275 Odisha border to Narasamapeta to two lane with paved Shoulders in the State of Andhra Pradesh under NHO on EPC Mode,MoRTH,Andhra Pradesh,2026-06,100.0,100.0,0.0,0.0,-100.0,0.16895852285434917,MODERATE EARLY-WARNING SIGNAL,STABLE,Long implementation duration,No thresholded rule warning,No thresholded rule warning
618126,"Pre-Construction activities from Km 134.000 to Km 190.233 of NH-333A and Construction of 4 no. of Bypasses at Katoria, Lakhpura, Banka & Panjwara total length-14.359 Km to two lane with paved shoulders standard in State of Bihar.",MoRTH,Bihar,2026-06,58.1,75.0,-16.9,67.37,-60.9461376389845,0.1896937083626683,MODERATE EARLY-WARNING SIGNAL,WORSENING,No thresholded rule warning,No thresholded rule warning,No thresholded rule warning
618127,Construction of 2- Lane with paved shoulder from km 56.45 Dharampur More to 93.050 Pakur of NH-333A in the State of Jharkhand on EPC mode,MoRTH,Jharkhand,2026-06,10.4,38.888888888888886,-28.488888888888887,10.06,-34.95505242073888,0.12156335172589777,MODERATE EARLY-WARNING SIGNAL,STABLE,Progress behind expected,No thresholded rule warning,No thresholded rule warning
618129,"Construction of Kasrawad bypass, Selani bypass, Khargone bypass & Bistan bypass Total length. 31.950 km Section of NH-347 C to Two lane with paved shoulder configuration in the State of Madhya Pradesh on EPC mode.",MoRTH,Madhya Pradesh,2026-06,86.03,75.0,11.030000000000001,0.0,-75.0,0.10996394354759415,MODERATE EARLY-WARNING SIGNAL,STABLE,No thresholded rule warning,No thresholded rule warning,No thresholded rule warning
618130,Widening to 2 lane with paved shoulders from 0.00 to 32.970 ofAdilabadto Bela section of NH 353B in the State of Telangana,MoRTH,Telangana,2026-06,77.79,100.0,-22.209999999999994,0.0,-100.0,0.1417611423198411,MODERATE EARLY-WARNING SIGNAL,STABLE,Progress behind expected,Schedule pressure,No thresholded rule warning
618132,Widening & strengthening of existing carriageway in 2 lane with paved shoulders from km 25/0 to 59/2 design Ch km 25.467 to 59.200 of NH - 353C on EPC mode in the state of Telangana,MoRTH,Telangana,2026-04,98.57,100.0,-1.4300000000000068,152.77,-25.886576432348505,0.19532580828480528,MODERATE EARLY-WARNING SIGNAL,,Long implementation duration,No thresholded rule warning,No thresholded rule warning
618133,Strengthening and Widening of road Sakoli- Wadsa-Armori-Gadchiroli-Ashti- Allapalli - Sironcha National highway NH 353C in Km 262/00 to 321/00 including 16 minor Bridges and 2 Major Bridge Total length 59 Km section from repanpalli to sironcha in Gadchiroli Dist in the State of Maharashtra.,MoRTH,Maharashtra,2026-06,65.0,100.0,-35.0,0.0,-100.0,0.2397610674634229,MODERATE EARLY-WARNING SIGNAL,STABLE,Progress behind expected,Schedule pressure,No thresholded rule warning
618134,Rehabilitation /Upgradation from Lagam to Alapalli section Desing Km. 199/400 to km 227/400 Length 28.0 Km to 2 lane with Paved Shoulders/ 4 lane configuration section of NH-353 C Sakoli-Wadsa-Armori-Gadchiroli-Ashti-Alapalli Sironcha in Gadchiroli District on EPC mode in the state of Maharashtra.,MoRTH,Maharashtra,2026-06,81.42,87.5,-6.079999999999998,0.0,-87.5,0.13585305514203957,MODERATE EARLY-WARNING SIGNAL,STABLE,No thresholded rule warning,No thresholded rule warning,No thresholded rule warning
618136,Upgradatiobn and Rehabilitation of Section of NH 361 F from Parli 00/000 to Gangakhed 30/400 to Two Lanes with paved shoulder / Four lane configurations on EPC mode in the State of Maharashtra.,MoRTH,Maharashtra,2026-04,91.0,100.0,-9.0,0.0,-100.0,0.27795325503974105,MODERATE EARLY-WARNING SIGNAL,,No thresholded rule warning,No thresholded rule warning,No thresholded rule warning
618137,Rehabilitation and Up-gradation of Jarud - Sirsala section of NH-361F km 59500 to km11500 to Two lane with paved shoulder/ Four Lane in the state of Maharashtra on EPC mode Length 55.5 Km.,MoRTH,Maharashtra,2026-06,63.67,54.166666666666664,9.503333333333337,139.11,-28.422241756885963,0.1773713847920078,MODERATE EARLY-WARNING SIGNAL,STABLE,No thresholded rule warning,No thresholded rule warning,No thresholded rule warning
618138,"Widening, Reconstruction & Up-gradation to 2 lane with Paved Shoulder/Four Lane configuration for the work of Sautada to Shirapur Section of NH-561 from Design km 86300 to km 125589 in the state of Maharashtra on EPC mode. Design length 39.289 km",MoRTH,Maharashtra,2026-06,54.04,72.22222222222223,-18.18222222222223,0.0,-72.22222222222223,0.15838703720125083,MODERATE EARLY-WARNING SIGNAL,STABLE,No thresholded rule warning,No thresholded rule warning,No thresholded rule warning
618139,Rehabilitation and Up-gradation of Gangakhed Loha section of NH-361F from Km 169/00 to 210/00 to two lane with paved shoulder/ four lane configuration in the state of Maharashtra on EPC mode Length - 41.00 Km.,MoRTH,Maharashtra,2026-06,43.46,82.3529411764706,-38.89294117647059,0.0,-82.3529411764706,0.14603666198906046,MODERATE EARLY-WARNING SIGNAL,STABLE,Progress behind expected,Schedule pressure,No thresholded rule warning
618140,Widening to two/four lane with paved shoulders from Km.34.250 to Km.71.830 of NH- 365A on Kodad-Khammam-Kurvi road.,MoRTH,Telangana,2026-06,9.39,69.56521739130434,-60.17521739130434,18.32,-65.45538250257498,0.1783966885857304,MODERATE EARLY-WARNING SIGNAL,STABLE,Progress behind expected,No thresholded rule warning,No thresholded rule warning
618141,Widening and Improvement of existing carriage way to 2 lane with paved shoulders from Km. 86/160 to 131/730 of Jangaon-Duddeda section of NH-365B in the State of Telangana on EPC Mode,MoRTH,Telangana,2026-06,77.77,100.0,-22.230000000000004,184.83,-56.354491357325024,0.19341712651174597,MODERATE EARLY-WARNING SIGNAL,STABLE,Progress behind expected,Schedule pressure,No thresholded rule warning
618142,Widening to Two lane with Paved shoulders from km.40/410 to 84/037 of Thirumanlagiri-- Suryapet Section of NH-365B earstwhile section of SH-16,MoRTH,Telangana,2026-04,99.96,100.0,-0.04000000000000625,0.0,-100.0,0.232771763010409,MODERATE EARLY-WARNING SIGNAL,,Long implementation duration,No thresholded rule warning,No thresholded rule warning
618143,widening to two lane with Paved shoulders from Km.0/970 to Km.40/410 of Jangaon - Thirumal giriof NH- 365B in the state of Telanganaon EPC mode under NHO Annual Plan 2016-17,MoRTH,Telangana,2026-04,92.74,100.0,-7.260000000000005,0.0,-100.0,0.21538225856990878,MODERATE EARLY-WARNING SIGNAL,,Long implementation duration,No thresholded rule warning,No thresholded rule warning
618144,Construction of Major Bridge Across Sharavathi Backwaters and approches between Ambargodu and Kalasavalli Near Sigandhur in Sagar Taluk on NH 369E in the State of Karnataka on EPC mode.Job No. NH-369E-KNT-2018-19-895 dated 06.03.2019.,MoRTH,Karnataka,2026-04,0.0,100.0,-100.0,0.0,-100.0,0.29739500525375867,MODERATE EARLY-WARNING SIGNAL,,Progress behind expected,Long implementation duration,Schedule pressure
618145,Widening to two lane with paved shoulder of Rampachodavaram - Koyyuru section of NH 516E from Km 43700 to Km 113820 in the State of Andhra Pradesh on EPC mode Job No. 737,MoRTH,Andhra Pradesh,2026-04,98.63,100.0,-1.3700000000000045,303.13,-46.64331479264944,0.1660178454612391,MODERATE EARLY-WARNING SIGNAL,,No thresholded rule warning,No thresholded rule warning,No thresholded rule warning
618146,Estimate for Improvement to two lane with paved shoulder from Ramnagar to Roseda from km 3.500 to 43.000 of NH 527 E on EPC mode in State of Bihar,MoRTH,Bihar,2026-06,37.0,100.0,-63.0,0.0,-100.0,0.2299700417866023,MODERATE EARLY-WARNING SIGNAL,STABLE,Progress behind expected,Schedule pressure,No thresholded rule warning
618147,Widening to 2 Lane with Paved Shoulders from design Km 103.200 Existing Km 103.200 to design Km 116.700 Existing Km 118.470 on AP/KNT Border to Sira Section of NH-544E in the State of Karnatakaon EPC mode under Annual plan 2022- 23,MoRTH,Karnataka,2026-06,65.0,100.0,-35.0,42.48,-74.49873934445912,0.18017763247139204,MODERATE EARLY-WARNING SIGNAL,IMPROVING,Progress behind expected,Schedule pressure,No thresholded rule warning
618148,Widening to 4LPS of NH-548B from Km 80.000 Near Murgundi to Km 140.200 Near Chikkodi excluding length from Km 118.450 to Km 128.450 in the State of Karnataka under NH O on EPC Mode under Annual Plan 2022-23 - Package 1 NH-548B-KNT- 2022-23-979 dated 09.03.2023,MoRTH,Karnataka,2026-06,0.0,8.333333333333334,-8.333333333333334,6.15,-7.550681479784676,0.12568214802916336,MODERATE EARLY-WARNING SIGNAL,IMPROVING,No thresholded rule warning,No thresholded rule warning,No thresholded rule warning
618149,Widening to two lane with paved shoulders from Km 0.00 to 102.310 Design Chainage of NH-548B Murrum-Maharashtra Border in the State of Karnataka,MoRTH,Karnataka,2026-06,60.21,70.83333333333333,-10.623333333333328,288.15,-40.726446833631115,0.18527467015661572,MODERATE EARLY-WARNING SIGNAL,STABLE,No thresholded rule warning,No thresholded rule warning,No thresholded rule warning
618150,Rehabilitation and Up-gradation of i. Deogaon phata to Digras phata Ch. 0/000 to 15/000 & Selu to Borgavhan Ch 20/900 to 35/800 [Length 29.9km] ii. Injegaon Dhamoni to Pohner Phata Ch.58/200 to Ch. 83/700 [Length25.5 km] and iii. Pohner phata to Pathri Design Ch. 42/700 to 58/200 [Length 15.5 km] sections of NH-548B to Two lane with paved shoulder configuartion in the state of Maharashtra on EPC mode Total project length 70.9 Km.,MoRTH,Maharashtra,2026-06,15.0,54.166666666666664,-39.166666666666664,0.0,-54.166666666666664,0.13928386051050856,MODERATE EARLY-WARNING SIGNAL,STABLE,Progress behind expected,No thresholded rule warning,No thresholded rule warning
618151,Widening to 4LPS of NH-548B from Km 118.450 Near Shirguppi to Km 128.450 Near Ankali in the State of Karnataka under NH O on EPC Mode Under Annual Plan 2022- 23 NH-548B-KNT-2022-23-982,MoRTH,Karnataka,2026-06,0.0,2.7777777777777777,-2.7777777777777777,0.0,-2.7777777777777777,0.11471124478649539,MODERATE EARLY-WARNING SIGNAL,IMPROVING,No thresholded rule warning,No thresholded rule warning,No thresholded rule warning
618152,Mhaswad to Tembhurni section of NH-548C - 2L PS,MoRTH,Maharashtra,2026-06,96.19,100.0,-3.8100000000000023,0.0,-100.0,0.17390421854597926,MODERATE EARLY-WARNING SIGNAL,STABLE,Long implementation duration,No thresholded rule warning,No thresholded rule warning
618153,Satara to Mhaswad,MoRTH,Maharashtra,2026-06,98.08,100.0,-1.9200000000000017,7.34,-98.87674838551709,0.179352857380733,MODERATE EARLY-WARNING SIGNAL,STABLE,Long implementation duration,No thresholded rule warning,No thresholded rule warning
618154,"Rehabilitation & upgradation of Jamkhed to Sautada Section of NH548 D from km 195.375 to km 208.774, Length 13.399 Km to 2L PS /4L configuration with rigid pavement in the state of Maharashtra on EPC mode.",MoRTH,Maharashtra,2026-06,68.93,100.0,-31.069999999999993,0.0,-100.0,0.19246320539646491,MODERATE EARLY-WARNING SIGNAL,STABLE,Progress behind expected,Schedule pressure,No thresholded rule warning
618155,Development/Widening of Talegaon Chakan Shikrapur Nhavara Section of NH-548D from existing chainage km. 54/000 to 82/300 and Design chainage Km. 54/000 to 82/120 Shikrapur to Nhavara Section to 2LPS/4L Configuration on EPC Mode in the State of Maharashtra.,MoRTH,Maharashtra,2026-06,76.2,94.44444444444444,-18.24444444444444,95.2,-70.41435635094922,0.17314916731366425,MODERATE EARLY-WARNING SIGNAL,STABLE,Schedule pressure,No thresholded rule warning,No thresholded rule warning
618156,"Construction of Morena bypass, Ambah bypass & Porsa bypass Totat length 27.16 km Section of NH-552 Ext. to TWo lane with paved shoulder configuration in the state of Madhya Pradesh on EPC mode",MoRTH,Madhya Pradesh,2026-06,73.5,83.33333333333333,-9.833333333333329,0.0,-83.33333333333333,0.12438750935638415,MODERATE EARLY-WARNING SIGNAL,STABLE,No thresholded rule warning,No thresholded rule warning,No thresholded rule warning
618157,Construction of Ater realignment & Bhind bypass Total length. 21.50 km Section of NH-552Extn. to Two lane with paved shoulder configuration in the State of Madhya Pradesh on EPC mode.,MoRTH,Madhya Pradesh,2026-06,79.0,100.0,-21.0,0.0,-100.0,0.21145461520550063,MODERATE EARLY-WARNING SIGNAL,WORSENING,Progress behind expected,Schedule pressure,No thresholded rule warning
618158,"Upgradation of Goras to Shyampur Road section of NH-552 Ext., from Design Chainge 48.400 to 111.800 Km Total length 63.40 km to two lane with paved shoulder configuration along with One time improvement of 8.91 km in the state of Madhya Pradesh on EPC mode",MoRTH,Madhya Pradesh,2026-06,15.49,75.0,-59.51,0.0,-75.0,0.11851250015481897,MODERATE EARLY-WARNING SIGNAL,STABLE,Progress behind expected,No thresholded rule warning,No thresholded rule warning
618159,"Construction of new 2 Lane with paved shoulders of NH Standards from km 0.080 to km 11.690 L11.610 km in Majuli and from km 19.715 to km 27.484 L 7.769 km in Jorhat on the newly declared NH 715K and construction of 1.10 km flyover on NH-715 with its approaches and service roads L1.10 km, Total Length 20.479 km in the State of Assam Job No. 715K/AS/2023-24/256",MoRTH,Assam,2026-06,6.3,50.0,-43.7,26.05,-43.18241298089505,0.10501368657936014,MODERATE EARLY-WARNING SIGNAL,STABLE,Progress behind expected,No thresholded rule warning,No thresholded rule warning
618160,"Construction of 2 lane Major Bridge including approaches over Brahmaputra between Majuli on North Bank and Jorhat on South Bank from km. 11.690 to km. 19.715 length of bridge 6,812.5m Package - II on NH-715K in the state of Assam Job no. 715/AS/2020-21/213",MoRTH,Assam,2026-06,3.25,25.0,-21.75,0.0,-25.0,0.07804743489254073,LOW EARLY-WARNING SIGNAL,STABLE,Progress behind expected,No thresholded rule warning,No thresholded rule warning
618161,Widening and Reconstruction of existing road to four lane from Km.56400 to Km 120300 i.e. from B.Kothapalli Junction to Gorantla excluding Kadiri Bypass from Km 70200 to Km 77105 of NH 716G in the State of Andhra Pradesh on EPC mode Job no. 742,MoRTH,Andhra Pradesh,2026-04,99.45,100.0,-0.5499999999999972,355.56,-57.67042072430296,0.16530205089329245,MODERATE EARLY-WARNING SIGNAL,,No thresholded rule warning,No thresholded rule warning,No thresholded rule warning
618162,"Improvement and up-gradation to 2LPS of NH-227B 84-Kosi Parikrama Marg PackageVI, Design Km 160200 Bahuvan Madar Majha to Km 224040 Jagarnathpur under HAM",MoRTH,Uttar Pradesh,2026-06,18.0,20.833333333333332,-2.833333333333332,0.0,-20.833333333333332,0.09130135499466234,LOW EARLY-WARNING SIGNAL,STABLE,No thresholded rule warning,No thresholded rule warning,No thresholded rule warning
618163,"Rehabilitation and Up-gradation from km. 0000 to km.40390 of NH-730S MaharajganjNichloulThuthibari to two lane with paved shoulders in the State of U.P. on Engineering, Procurement & Construction EPC Basis.",MoRTH,Uttar Pradesh,2026-06,59.0,100.0,-41.0,0.0,-100.0,0.15939747200492754,MODERATE EARLY-WARNING SIGNAL,STABLE,Progress behind expected,Schedule pressure,No thresholded rule warning
618164,Construction of four lane highway with paved shoulder from Km.74.700 to Km.112.950 of NH-731A i/c Yamuna Bridge on HAM in the state of Uttar Pradesh.,MoRTH,Uttar Pradesh,2026-06,91.0,100.0,-9.0,0.0,-100.0,0.13621743497391903,MODERATE EARLY-WARNING SIGNAL,STABLE,No thresholded rule warning,No thresholded rule warning,No thresholded rule warning
618165,Construction of 4-lane highway with paved shoulders from Km 49.155 to Km 74.700 of NH-731A on Hybrid Annuity Mode in the state of Uttar Pradesh,MoRTH,Uttar Pradesh,2026-05,100.0,100.0,0.0,0.0,-100.0,0.09946099658162472,LOW EARLY-WARNING SIGNAL,IMPROVING,No thresholded rule warning,No thresholded rule warning,No thresholded rule warning
618166,Construction of 4-lane green field highway from Km. 35.000 to Km. 49.155 of NH- 731A with paved shoulders on Hybrid Annuity Mode in the state of Uttar Pradesh,MoRTH,Uttar Pradesh,2026-06,100.0,100.0,0.0,0.04,-99.99426654817533,0.11085360533258383,MODERATE EARLY-WARNING SIGNAL,STABLE,No thresholded rule warning,No thresholded rule warning,No thresholded rule warning
618167,Rehabilitation & Upgradation of NH-731A from Km.0.00 to Km.35.00 to 2-lane with paved shoulder under EPC mode,MoRTH,Uttar Pradesh,2026-04,93.0,100.0,-7.0,0.0,-100.0,0.20249655449198867,MODERATE EARLY-WARNING SIGNAL,,No thresholded rule warning,No thresholded rule warning,No thresholded rule warning
618168,Widening to four lane with paved shoulder from Design Km.49.200 to Km.89.285 of NH-731B on EPC mode in the state of Uttar Pradesh,MoRTH,Uttar Pradesh,2026-06,56.0,100.0,-44.0,134.41,-85.35695220664336,0.1651853827920452,MODERATE EARLY-WARNING SIGNAL,STABLE,Progress behind expected,Schedule pressure,No thresholded rule warning
618169,Construction of Two Lane with paved shoulder highway from Design Ch.0.000 to Ch.49.2OO of NH-731B on EPC Mode,MoRTH,Uttar Pradesh,2026-06,97.68,100.0,-2.319999999999993,265.25,-58.56634071667343,0.13506603426028063,MODERATE EARLY-WARNING SIGNAL,STABLE,No thresholded rule warning,No thresholded rule warning,No thresholded rule warning
618170,Construction of Two lane with paved shoulder configuration of Shujalpur Bypass section of NH-752C from km 33100 Design to km. 42570 Design total design length 10.470 km in the State of Madhya Pradesh on EPC mode.,MoRTH,Madhya Pradesh,2026-06,41.59,100.0,-58.41,0.0,-100.0,0.19434157694305015,MODERATE EARLY-WARNING SIGNAL,STABLE,Progress behind expected,Schedule pressure,No thresholded rule warning
618171,"Work of Upgradation of Jirapur-Pachore Road including Pachore, Jirapur, Chhapiheda & Khujner Bypasses from 0000 to 58790 Design Length 58.79 Km section of NH-752C to 2LPS in the State of Madhya Pradesh under EPC mode",MoRTH,Madhya Pradesh,2026-06,57.26,100.0,-42.74,0.0,-100.0,0.23822074969719054,MODERATE EARLY-WARNING SIGNAL,WORSENING,Progress behind expected,Schedule pressure,No thresholded rule warning
618172,Paithan - Shirur section 2LPS Km 0.0 to 55.00,MoRTH,Maharashtra,2026-06,82.0,100.0,-18.0,0.0,-100.0,0.19523644251694963,MODERATE EARLY-WARNING SIGNAL,STABLE,Long implementation duration,Schedule pressure,No thresholded rule warning
618173,Shirur-Kharda section from 55937 km to 114486 km to 2LPS/4L,MoRTH,Maharashtra,2026-06,83.93,100.0,-16.069999999999993,0.0,-100.0,0.18201503853251075,MODERATE EARLY-WARNING SIGNAL,STABLE,Long implementation duration,Schedule pressure,No thresholded rule warning
618174,Rehabilitation and Upgradation to two lane with paved shoulder configuration of NH- 752G from Sakri to Pimpalner Section Design Ch km 0000 to Ch km 21411 in the state of Maharashtra on EPC Mode. Length 21.411 km.,MoRTH,Maharashtra,2026-06,100.0,77.77777777777777,22.22222222222223,0.0,-77.77777777777777,0.15656830735328475,MODERATE EARLY-WARNING SIGNAL,STABLE,No thresholded rule warning,No thresholded rule warning,No thresholded rule warning
618175,Rehabilitation and Upgradation of Satana to Mangrul Chandwad Section of NH752 G Design Ch Km 64.000 to Ch Km 101.140 two lane with paved shoulder/four lane configuration in the state of Maharashtra on EPC mode.,MoRTH,Maharashtra,2026-05,93.46,100.0,-6.540000000000006,0.0,-100.0,0.1263384076561974,MODERATE EARLY-WARNING SIGNAL,IMPROVING,No thresholded rule warning,No thresholded rule warning,No thresholded rule warning
618176,Rehabilitation and upgradation from ch km 50/200 to 56/800 and km 62/600 to 100/403 of Kolde to Visarwadi Near Junction with NH-6 section of NH 752G total length 44.40 to two-lane with paved shoulder / four lanes in the State of Maharashtra on EPC mode.,MoRTH,Maharashtra,2026-06,35.45,20.833333333333332,14.61666666666667,25.6,-13.49977082617165,0.16019733478403822,MODERATE EARLY-WARNING SIGNAL,WORSENING,No thresholded rule warning,No thresholded rule warning,No thresholded rule warning
618177,Pal Phata Phulambri - Khultabad 2LPS,MoRTH,Maharashtra,2026-06,95.29,100.0,-4.709999999999994,0.0,-100.0,0.20492621321973906,MODERATE EARLY-WARNING SIGNAL,STABLE,Long implementation duration,No thresholded rule warning,No thresholded rule warning
618178,Widening and strengthening of Gangakhed to Kingaon section of NH-752K in Km 38/750 to 72/304 Flexible Pavement Length33.554 km to 2-lane configuration on EPC mode in the State of Maharashtra.,MoRTH,Maharashtra,2026-06,72.0,100.0,-28.0,0.0,-100.0,0.16247164935477693,MODERATE EARLY-WARNING SIGNAL,STABLE,Progress behind expected,Schedule pressure,No thresholded rule warning
618179,Rehabilitation and Upgradation of Shewali phata to Kalambhir section i.e. Km 0443 to Km 4500 & Nizampur to Chadwel section i.e. Km 13485 to Km 26265 Length16.317 Km excluding 2 Major Bridges with approaches Km 13735 to Km 14095 & Km 19660 to Km 20030 of NH 753B to 2LPS Configuration in the State of Maharashtra on EPC Mode.,MoRTH,Maharashtra,2026-05,93.01,100.0,-6.989999999999995,0.0,-100.0,0.1111981989456814,MODERATE EARLY-WARNING SIGNAL,IMPROVING,No thresholded rule warning,No thresholded rule warning,No thresholded rule warning
618180,Pune raigarh District Border To Mangaon Ch 69000 to 103775 NH-753F,MoRTH,Maharashtra,2026-06,89.08,100.0,-10.920000000000002,0.0,-100.0,0.19830982174609987,MODERATE EARLY-WARNING SIGNAL,STABLE,Long implementation duration,Schedule pressure,No thresholded rule warning
618181,Rehabilitation / Upgradation to 4 Lane with Paved shoulder of Existing Section in Sillod Town with Design Ch. Km54500 to Km 60679 [Length6.179 km] section of NH 753F Aurangabad-Jalgaon road on EPC Mode in the State of Maharashtra,MoRTH,Maharashtra,2026-04,98.0,100.0,-2.0,0.0,-100.0,0.22294054504362076,MODERATE EARLY-WARNING SIGNAL,,No thresholded rule warning,No thresholded rule warning,No thresholded rule warning
618182,Widening to Two lane with paved shoulders from 106/830 to 158/496 of Yellareddy- Rudrur Section of NH-765D in the state of Telangana on EPC mode under NHO under Annual plan 2022-23,MoRTH,Telangana,2026-06,66.68,95.83333333333333,-29.15333333333332,197.25,-56.37386306046784,0.16614605647295994,MODERATE EARLY-WARNING SIGNAL,STABLE,Progress behind expected,Schedule pressure,No thresholded rule warning
618183,Widening to 2 lane with paved shoulders from Km 62/920 to km 106/830 of Medak - Yellareddy section in the State of Telangana under Annual Plan 2022-23 on EPC mode under NHO,MoRTH,Telangana,2026-06,69.6,91.66666666666667,-22.066666666666677,0.0,-91.66666666666667,0.14009172468268574,MODERATE EARLY-WARNING SIGNAL,STABLE,Progress behind expected,Schedule pressure,No thresholded rule warning
618184,Construction of 2 Lane with paved shoulder from km 55.6 to km 90.7 existing chainages of NH-766C complete Realignment of 13.76 km with 2 major Bridges across Sharavathi Backwaters on EPC mode under Annual Plan 2022-23 in the state of Karnataka NH-766C-KNT-2022-23 dated 14.10.2022,MoRTH,Karnataka,2026-06,65.0,100.0,-35.0,151.04,-51.830590636560785,0.19164399475854127,MODERATE EARLY-WARNING SIGNAL,STABLE,Progress behind expected,Schedule pressure,No thresholded rule warning
618185,Widening to 2LPS from Km 0.000 to 37.850 Except Ex. Km 24.45 to 27.20 of NH-766c Byndoor-Ranebennur Section in the state of Karnataka on EPC Mode under Annual Plan 2022-23 NH-766C-KNT-2022-23-969 dated 30.12.2022,MoRTH,Karnataka,2026-06,12.0,41.666666666666664,-29.666666666666664,0.0,-41.666666666666664,0.13390570421709713,MODERATE EARLY-WARNING SIGNAL,STABLE,Progress behind expected,No thresholded rule warning,No thresholded rule warning
618186,"Rehabilitation and Up-gradation of Valigonda to Thorrur Section to Two Lane with Paved Shoulders from Km 39.180 to Km 108.300 of NH-930P in the State of Telangana on Engineering, Procurement and Construction EPC Basis",MoRTH,Telangana,2026-06,94.68,100.0,-5.319999999999993,325.77,-40.691450626274396,0.14738473936059646,MODERATE EARLY-WARNING SIGNAL,STABLE,No thresholded rule warning,No thresholded rule warning,No thresholded rule warning
618187,"Rehabilitation and upgradation of Salon - Jais - Jagdishpur Road section of NH-931A, from design Chainage km 0.000 to km 5.740 to four lane divided carriageway and from design Chainage km 5.740 to km 53.500 to two lane with paved Total length km 53.500 along with One time improvement in 04 no's of realigned/bypassed built-up areas in a total length of 9.732 km in the state of Uttar Pradesh on EPC mode",MoRTH,Uttar Pradesh,2026-06,8.0,33.333333333333336,-25.333333333333336,0.0,-33.333333333333336,0.08165881675070445,LOW EARLY-WARNING SIGNAL,STABLE,Progress behind expected,No thresholded rule warning,No thresholded rule warning
618188,Rehabilitation and Up-gradation to 2 lane with paved shoulder configuration of Mahud Sangola road NH 965 G 159400 to 161900and 162400 to 183960 Design Chainage from km. 32/300 to km. 34/800 and km. 35/800 to km. 56/860 Rigid Pavement on EPC mode in the State of Maharashtra.,MoRTH,Maharashtra,2026-06,99.75,100.0,-0.25,0.0,-100.0,0.1337382381247561,MODERATE EARLY-WARNING SIGNAL,STABLE,No thresholded rule warning,No thresholded rule warning,No thresholded rule warning
618189,Widening to Two Lane with Paved Shoulder of NH-73 New Spur Road Ujire - Dharmasthala - Periyashanthi in the State of Karnataka under on HAM under NHO Annual Plan 2023-24Job No NH-73Spur-KNT-2023-24-996,MoRTH,Karnataka,2026-06,23.16,29.166666666666668,-6.006666666666668,0.0,-29.166666666666668,0.11985129890379422,MODERATE EARLY-WARNING SIGNAL,STABLE,No thresholded rule warning,No thresholded rule warning,No thresholded rule warning
618190,Widening to two lane with paved shoulders of 'Bodhan Basar Bhainsa ' section from Km 38/900 to 95/300 of NH-161BB in the state of Telangana under Annual Plan 2021- 22 on EPC Mode under NH O.,MoRTH,Telangana,2026-06,98.6,100.0,-1.4000000000000057,403.3,-37.41950500426721,0.1541055901367974,MODERATE EARLY-WARNING SIGNAL,STABLE,No thresholded rule warning,No thresholded rule warning,No thresholded rule warning
618191,"Rehabilitation and upgradation of NH-167AD from Macherla to Dachepalli via Paluvai Junction, Rentachinthala, Gurazala from Km.0.000 to 43.659 to two lane with paved shoulders in the state of Andhra Pradesh job-729",MoRTH,Andhra Pradesh,2026-04,99.06,100.0,-0.9399999999999977,227.13,-43.67094886166361,0.16925554352132696,MODERATE EARLY-WARNING SIGNAL,,No thresholded rule warning,No thresholded rule warning,No thresholded rule warning
618192,Duttalur at NH-565 Junction to Kavali Joining on NH-16 Chainage Km. 36/400 to Km. 107/224 excluding the stretch from Km 101.880 to 105.300 67.404 Km of NH-167BG from in the State of Andhra Pradesh on EPC mode,MoRTH,Andhra Pradesh,2026-04,94.65,100.0,-5.349999999999994,0.0,-100.0,0.18830651711404617,MODERATE EARLY-WARNING SIGNAL,,No thresholded rule warning,No thresholded rule warning,No thresholded rule warning
618193,Widening of Existing Road to Two Lane with Paved Shoulder Configuration from Km 0.00 to 26.000 & Km 45.200 To 59.622 Of NH 365BB in the State of Andhra Pradesh Under Annual Plan 2023-24 through EPC Mode,MoRTH,Andhra Pradesh,2026-06,22.55,70.0,-47.45,62.43,-53.064319236090384,0.13189990524925557,MODERATE EARLY-WARNING SIGNAL,STABLE,Progress behind expected,No thresholded rule warning,No thresholded rule warning
618194,Rehabilitation and upgradation of New NH 544DD from design Chainage Km. 56/000 to 102/20 of Kalyandrg - Molakalmuru Section,MoRTH,Andhra Pradesh,2026-06,98.52,100.0,-1.480000000000004,312.4,6.211539115357141,0.19409186123704322,MODERATE EARLY-WARNING SIGNAL,STABLE,Long implementation duration,No thresholded rule warning,No thresholded rule warning
618196,Widening to 2 lane with Paved Shoulders of Siddipet-Elkathurthy section from Km 69/978 to km 133/619 of NH-765DG in the State of Telangana under Annual plan 2021-22 on EPC mode,MoRTH,Telangana,2026-06,85.0,100.0,-15.0,0.0,-100.0,0.1398092221969831,MODERATE EARLY-WARNING SIGNAL,STABLE,Schedule pressure,No thresholded rule warning,No thresholded rule warning
618197,Widening to 2 lane with Paved Shoulders of Medak - Siddipet section from Km 0/0 to km 69/978 of NH-765DG in the State of Telangana under Annual plan 2021-22 on EPC mode,MoRTH,Telangana,2026-06,74.06,100.0,-25.939999999999998,383.75,-56.49980729556326,0.2120385197820931,MODERATE EARLY-WARNING SIGNAL,STABLE,Progress behind expected,Schedule pressure,No thresholded rule warning
618198,Balance work of Rehabilitation and Up-gradation to 2-lane road with paved shoulders configuration for NH- 965DD from Pacharal-Mandangad-Mhapral-Rajewadi Upto Junction of NH-66 Ch-22700 to 75100 Km and Ambadave connector Birth place of Dr. Babasaheb Ambedkar Ch-0000 to 7325 Km length Km 59.725 in the state of Maharashtra on EPC mode. Balance Work,MoRTH,Maharashtra,2026-06,93.07,100.0,-6.930000000000007,0.0,-100.0,0.1666617472155017,MODERATE EARLY-WARNING SIGNAL,STABLE,No thresholded rule warning,No thresholded rule warning,No thresholded rule warning
618199,"Rehabilitation, Upgradation & Widening of existing Highway to Rigid Pavement 2 Lane with Paved Shoulder of NH 965DD from Lonand Shirval-Bhor Mandangad-Pchral Section ShindewadiPhata to Varandah Ghat Dist Border from Km 33/550 to 92/550 in the state of Maharashtra on EPC mode.",MoRTH,Maharashtra,2026-06,53.5,95.83333333333333,-42.33333333333333,0.0,-95.83333333333333,0.14975361292749262,MODERATE EARLY-WARNING SIGNAL,STABLE,Progress behind expected,Schedule pressure,No thresholded rule warning
618200,Construction of 2 lane with Paved Shoulder for Northern Bypass Phase-II of Kota city in the State of Rajasthan.,MoRTH,Rajasthan,2026-06,48.9,100.0,-51.1,6.14,-98.06760244224839,0.18843793209909254,MODERATE EARLY-WARNING SIGNAL,IMPROVING,Progress behind expected,Schedule pressure,No thresholded rule warning
618201,"Widening and strengthening to 2 lane with paved shoulder from existing Ch. Km 56720 to Km 100820 and Design Ch. From Km 62600 to Km 106360 Total Length43.760 Km on SRINAGAR -BARAMULA URINH-01 in the UT of Jammu & Kashmir under project BEACON, Border Roads Organization BRO on EPC mode.",MoRTH,Jammu and Kashmir,2026-06,51.0,79.16666666666667,-28.16666666666667,0.0,-79.16666666666667,0.11852728953992354,MODERATE EARLY-WARNING SIGNAL,STABLE,Progress behind expected,No thresholded rule warning,No thresholded rule warning
618202,Construction of 2 lane with paved shoulders Baramulla Bypass Greenfield bypass from existing Ch. Km 47020 to Km 56720 and Design Ch. From 48500 to 62600 Total length 14.100 km on road Srinagar Baramulla Uri NH-01 in the UT of Jammu & Kashmir under Project.Package-III,MoRTH,Jammu and Kashmir,2026-06,46.8,87.5,-40.7,98.99,-77.52549298187277,0.1584334880950125,MODERATE EARLY-WARNING SIGNAL,STABLE,Progress behind expected,Schedule pressure,No thresholded rule warning
618203,"Construction of 4 lane with paved shoulder Pattan bypass Greenfield bypass from existing Ch. Km 24320 to Km 33760 and Design Ch. from Km 24400 to Km 35300, total length 10.900 km on road SrinagarBaramulla Uri NH-01 in the UT of Jammu & Kashmir under Project BEACON, Border Roads Organization BRO on EPC mode. Package-II",MoRTH,Jammu and Kashmir,2026-06,57.0,95.65217391304348,-38.652173913043484,131.91,-82.19485354291871,0.15600523541724198,MODERATE EARLY-WARNING SIGNAL,STABLE,Progress behind expected,Schedule pressure,No thresholded rule warning
618204,Construction of realignment between Pandrass- Pashkyun Total length 27.10 km on road Zozila-Kargil -Leh NH-1 to 2 lane specifications i.e. Drass alignment 9.30 km Kharboo realignment 6.30 km & Kargil alignment 11.50 km under project Vijayak BRO in the UT of Ladakh on EPC Mode,MoRTH,Jammu and Kashmir,2026-06,54.89,100.0,-45.11,112.2,-73.67124252023935,0.19522579254843783,MODERATE EARLY-WARNING SIGNAL,WORSENING,Progress behind expected,Schedule pressure,No thresholded rule warning
618205,"Construction of 4 lane with paved shoulder from Existing Ch. 14200 to 24320 Design Ch. 14200 to 24400, Ch. 33760 to 42780 Design Ch. 35300 to 44294 & Ch. 43440 to 47020 Design Ch. 44958 to 48500 Delina Flyover including construction of flyover length 1.704 km of total length 22.736 kms in AOR of 760 BRTF on road SRINAGAR BARAMULA URI NH-01 in the UT of Jammu & Kashmir under project BEACON, Border Roads Organization BRO Package-IJob No NH-1-J&K-2022-23-110",MoRTH,Jammu and Kashmir,2026-06,85.5,100.0,-14.5,292.48,-64.48157773298036,0.16389081957958834,MODERATE EARLY-WARNING SIGNAL,STABLE,Schedule pressure,No thresholded rule warning,No thresholded rule warning
618206,Widening and Strengthening of Rafiabad-Kupwara-Chowkibal-Tangdhar-Chamkot NH- 701 road from design Ch. From 0000 to 51000 to two lanes with paved shoulders under Project Beacon in the UT of Jammu & Kashmir on EPC mode Package-I.,MoRTH,Jammu and Kashmir,2026-06,41.7,63.333333333333336,-21.633333333333333,143.99,-53.084497084098494,0.15418091984939905,MODERATE EARLY-WARNING SIGNAL,WORSENING,Progress behind expected,No thresholded rule warning,No thresholded rule warning
618207,Widening to 2-lane with Hard Shoulder configuration of Mana Ch. 0.00 to Mana Pass Ch. 50.987 road on NH-07 under Bharatmala Pariyojna in the state of Uttarakhand under Annual Plan 2022-23 length 50.987,MoRTH,Uttarakhand,2026-06,21.03,66.66666666666667,-45.63666666666667,0.0,-66.66666666666667,0.15197163152949125,MODERATE EARLY-WARNING SIGNAL,STABLE,Progress behind expected,No thresholded rule warning,No thresholded rule warning
618208,Construction and upgradation of existing road to 2-lane with paved shoulder from existing chainage Km 509.725 to Km 528.000 design chainage Km 490.550 to Km 507.850 of NH-58 new NH-07 Benakuli bend to Mana Village in EPC mode under Chardham Programme in the State of Uttarakhand.,MoRTH,Uttarakhand,2026-04,95.0,100.0,-5.0,0.0,-100.0,0.21504520069806748,MODERATE EARLY-WARNING SIGNAL,,Long implementation duration,No thresholded rule warning,No thresholded rule warning
618209,Construction & up gradation of existing road to 2-Lane with paved shoulder from existing chainage km 468000 to km 489350 Design Chainage km 465150 to km 471500 of NH-07 Old NH-58 including Joshimath bypass on EPC mode in the state of Uttarakhand Length 6.35 km,MoRTH,Uttarakhand,2026-06,37.23,100.0,-62.77,0.0,-100.0,0.2656151288622045,MODERATE EARLY-WARNING SIGNAL,STABLE,Progress behind expected,Schedule pressure,No thresholded rule warning
618210,Rehabilitation and upgradation of Askot-Lipulekh on EPC Basis for Phase-I Existing Km 72.00 to 107.620 Design Chainage Km 21330 to Km 56935 under Project Hirak of BRO in the state of Uttarakhand under Bharatmala Pariyojna Phase-I on EPC Mode Length-35.605 Km CA No EPC/MORT&H/HRK/01/2021-22,MoRTH,Uttarakhand,2026-06,81.17,100.0,-18.83,0.0,-100.0,0.19052064296111587,MODERATE EARLY-WARNING SIGNAL,STABLE,Schedule pressure,No thresholded rule warning,No thresholded rule warning
618211,Improvement/construction of 2-lane with paved shoulder of Askote Llipulekh road from Tawaghat village to Budhi village design km. 56935 to km 95748 and from end of Tunnel portal to Kali Mandir design km 113828 to km. 133078 [total design length 58.063 km] under project Hirak of BRO in the state of Uttarakhand under Bharatmala Pariyojna on EPC Mode,MoRTH,Uttarakhand,2026-06,30.76,79.16666666666667,-48.406666666666666,0.0,-79.16666666666667,0.14560822850566835,MODERATE EARLY-WARNING SIGNAL,STABLE,Progress behind expected,No thresholded rule warning,No thresholded rule warning
618212,"STABILIZATION OF LAND SLIDE AND SLOPE PROTECTION AT KM 11.00 TO KM 11.08, 29,730 KM TO 30,060 KM, 30,400 KM TO 31,060 KM, 34,750 KM TO 35,300 KM, 38,950 KM TO 39,030 KM & 39,460 KM TO 39,540 KM TWO LOC CLUBBED, KM 40,400 TO KM 40,650, KM 43,500 KM 43,680, 52,460 RISHIKESH - DHARASU ROAD NH-94 ON EPC MODE IN THE STATE OF UTTARAKHAND. NOSE OF LAND SLIDE - 12 NOS",MoRTH,Uttarakhand,2026-06,22.0,44.44444444444444,-22.444444444444443,0.0,-44.44444444444444,0.1346440746993983,MODERATE EARLY-WARNING SIGNAL,STABLE,Progress behind expected,No thresholded rule warning,No thresholded rule warning
618213,Rehabilitation and Upgradation of road Rishikesh Dharasu Old NH-94 with 2-lane with paved shoulder from km 76.000 to km 110.000 Design Chainage from km 74.733 to km 107.347 32.614 km including construction of Kamand re-alignment from existing Chainage Km 105.200 to Km 108.600 design chainage Km 103.436 to Km 105.949 - total length 2513 mtrs and land slide treatment work between design chainage Km 73.800 to Km 74.00 200m on EPC mode under improvement to NH connectivity to Chardham in,MoRTH,Uttarakhand,2026-06,96.46,100.0,-3.5400000000000063,0.0,-100.0,0.16951899261592732,MODERATE EARLY-WARNING SIGNAL,STABLE,Long implementation duration,No thresholded rule warning,No thresholded rule warning
618214,Rehabilitation and upgradation to 2 lane / 2 lane with paved shoulder configuration for design chainage km 107.347 to km 129.208 & km 133.878 to km 138.570 existing chainage km 110.000 to km 133.020 & km 137.330 to km 142.028 and land slide treatment at existing km 138.500 Design chainage km 134.970 of NH -94 on EPC mode under improvement to NH connectivity to Chardham in the state of Uttarakhand.,MoRTH,Uttarakhand,2026-06,100.0,100.0,0.0,0.0,-100.0,0.14764108829174022,MODERATE EARLY-WARNING SIGNAL,STABLE,Long implementation duration,No thresholded rule warning,No thresholded rule warning
618215,"Improvement/construction of existing CL-5 Road to NH Intermediate lane specification with hard shoulder from Km 166.000 to 203.77 net Length 37.770 kms of NH-505 Sumdo-Kaza-Gramphoo road in the state of Himachal Pradesh on EPC mode under project Deepak, BRO",MoRTH,Himachal Pradesh,2026-06,22.26,66.66666666666667,-44.406666666666666,0.0,-66.66666666666667,0.19598628094954004,MODERATE EARLY-WARNING SIGNAL,STABLE,Progress behind expected,No thresholded rule warning,No thresholded rule warning
618216,"Improvement/construction of existing CL-5 Road to NH Intermediate lane specification with hard shoulder from Km 133.000 to 166.000 net Length 33.000 kms of NH-505 Sumdo-Kaza-Gramphoo road in the state of Himachal Pradesh on EPC mode under project Deepak, BRO",MoRTH,Himachal Pradesh,2026-06,23.24,100.0,-76.76,31.4,-86.38039470830623,0.20230544994397037,MODERATE EARLY-WARNING SIGNAL,STABLE,Progress behind expected,Schedule pressure,No thresholded rule warning
618217,Improvement/construction of existing Class-5 Road to NH Intermediate lane specification with hard shoulder from existing Km 76/340 to 134/940 Design chainage from Km 76/300 to 133/000 net Length 56.700 kms of NH-505 Sumdo-Kaza- Gramphoo road in the state of Himachal Pradesh Package I,MoRTH,Himachal Pradesh,2026-06,60.02,100.0,-39.98,93.27,-70.35942415864238,0.22733729103453992,MODERATE EARLY-WARNING SIGNAL,STABLE,Progress behind expected,Schedule pressure,No thresholded rule warning
618218,Rehabilitation & upgradation of existing road to 2-lane with hard shoulder from Joshimath km 0.00 to Saraithota km 29.725 road on NH-107B under Bharatmala Pariyojna on EPC mode in the state of Uttarakhand,MoRTH,Uttarakhand,2026-06,80.0,100.0,-20.0,0.0,-100.0,0.12618957802877573,MODERATE EARLY-WARNING SIGNAL,STABLE,Schedule pressure,No thresholded rule warning,No thresholded rule warning
618219,Upgradation to 2-lane with Hard shoulder configuration of Suraithota Ch. 29.725 km to Malari Ch. 60.550 km road on NH- 107B under in the state of Uttarakhand.,MoRTH,Uttarakhand,2026-06,76.67,100.0,-23.33,0.0,-100.0,0.16640462151346042,MODERATE EARLY-WARNING SIGNAL,STABLE,Progress behind expected,Schedule pressure,No thresholded rule warning
618220,Reconstruction and widening to 2 lane with paved shoulder from existing chainage km 102000 to km 134950 Design chainage km 90150 to km 116980 including construction of Naushera Tunnel Total length of tunnel 0.700 km under 31 TF on Akhnoor-Poonch road NH-144A in the UT of Jammu & Kashmir under Project Sampark BRO on EPC mode Package-V Job no NH-144A-J&K-2020-21-104,MoRTH,Jammu and Kashmir,2026-04,100.0,100.0,0.0,0.0,-100.0,0.22169083868008171,MODERATE EARLY-WARNING SIGNAL,,No thresholded rule warning,No thresholded rule warning,No thresholded rule warning
618221,Rehabilitation and upgradation to 2 lane with paved shoulder from existing chainage Km 166.100 to Km 192.98 design chainage Km 146.700 to Km 162.800 including construction of Bhimber Gali Tunnel Total Length of Tunnel 1.100 Km under 31 BRTF on Akhnoor-Poonch Roads on EPC mode NH-144A Package-VII,MoRTH,Jammu and Kashmir,2026-06,50.03,95.83333333333333,-45.80333333333333,0.0,-95.83333333333333,0.15708019172577592,MODERATE EARLY-WARNING SIGNAL,STABLE,Progress behind expected,Schedule pressure,No thresholded rule warning
618222,Widening and Strengthening up gradation to 2 lane with paved shoulder from existing chainage Km 192.98 to Km 229.820 design chainage Km 162.800 to Km 198.18 under 31 BRTF on Akhnoor-Poonch Road NH-144A in the UT of Jammu and Kashmir under Project Sampark Border Roads Organisation BRO on EPC Mode Package-VIII Job No NH-144A-J&K-2022-2023-111,MoRTH,Jammu and Kashmir,2026-06,71.27,100.0,-28.730000000000004,158.52,-71.81616143657214,0.1692950392303631,MODERATE EARLY-WARNING SIGNAL,STABLE,Progress behind expected,Schedule pressure,No thresholded rule warning
618223,Rehabilitation and up-gradation to 2 lane with paved shoulder from existing chainage km 64535 to km 85385 Design chainage km 55800 to km 74350 under 13 TF on Akhnoor-Poonch road NH-144A under Project Sampark BRO in the UT of Jammu & Kashmir on EPC mode Package-III Job no NH-144A-J&K-2019-20-79,MoRTH,Jammu and Kashmir,2026-06,90.06,100.0,-9.939999999999998,77.62,-49.24475250114432,0.16658942175968133,MODERATE EARLY-WARNING SIGNAL,STABLE,No thresholded rule warning,No thresholded rule warning,No thresholded rule warning
618224,Rehabilitation and up-gradation to 2 lane with paved shoulder from existing chainage km 49150 to km 64535 Design chainage km 46.450 to km 55.800 including construction of Sungal Tunnel Total length of Tunnel 2.79 km under 13 TF on Akhnoor-Poonch road NH-144A under Project Sampark BRO in the UT of Jammu & Kashmir on EPC mode Package-II Job no NH-144A-J&K-2019-20-78,MoRTH,Jammu and Kashmir,2026-06,92.1,100.0,-7.900000000000006,440.97,-44.669184536431736,0.18576840507386513,MODERATE EARLY-WARNING SIGNAL,STABLE,No thresholded rule warning,No thresholded rule warning,No thresholded rule warning
618225,Rehabilitation and up-gradation to 2 lane with paved shoulder from existing chainage km 134950 to km 166100 Design chainage km 116980 to km 146700 under 31 TF on Akhnoor-Poonch road NH-144A in the UT of Jammu & Kashmir under Project Sampark BRO on EPC mode Package-VI Job no NH-144A-J&K-2021-22-106,MoRTH,Jammu and Kashmir,2026-06,89.2,100.0,-10.799999999999997,156.58,-60.38456672991777,0.15902337798250862,MODERATE EARLY-WARNING SIGNAL,STABLE,Schedule pressure,No thresholded rule warning,No thresholded rule warning
618226,Rehabilitation and upgradation to 2 lane with paved shoulder from existing chainage Km 30.053 to Km 49.150 design chainage Km 30.000 to Km 46.450 including Kandi Tunnel under 31 BRTF on Akhnoor-Poonch Road NH-144A Under Project Sampark in the UT of Jammu & Kashmir EPC modePackage-I Job no NH-144A-J&K-2020-21-83.,MoRTH,Jammu and Kashmir,2026-06,95.27,100.0,-4.730000000000004,160.08,-41.25289001431245,0.14135337585136887,MODERATE EARLY-WARNING SIGNAL,STABLE,No thresholded rule warning,No thresholded rule warning,No thresholded rule warning
618227,Development to 4/6-lanning of NH-31 New NH-10 with both side service roads from km 569.258 to km 581.030 end of AH-02 project on NH- 31 near Shivmandir to Sevoke Army Cantonment in districts of Darjeeling and Jalpaiguri in the state of West Bengal on EPC Mode Job No. 010/WB/2021-22/490,MoRTH,West Bengal,2026-06,73.5,100.0,-26.5,578.55,-41.856608779546555,0.22445053034578172,MODERATE EARLY-WARNING SIGNAL,STABLE,Progress behind expected,Schedule pressure,No thresholded rule warning
618228,construction of a new 4 lane Parallel to existing MG Setu with its approaces from km 0.00 to km 14.500 across river Ganga on NH-19 at Patna in the state of Bihar.,MoRTH,Bihar,2026-06,74.93,100.0,-25.069999999999993,0.0,-100.0,0.2058109094234871,MODERATE EARLY-WARNING SIGNAL,STABLE,Progress behind expected,Long implementation duration,Schedule pressure
618229,Rehabilitation and upgradation to 2-lane with paved sholuders configuration of Near Karri village-Etawah section Km30.000 to Km 57.346 Pakage-II of NH-92 in state of Uttar Pradesh undergreen national Highway Corridor ProjectGNHCP with the loan assistance of world Bank on EPC mode.,MoRTH,Uttar Pradesh,2026-04,100.0,100.0,0.0,0.0,-100.0,0.23725279126203663,MODERATE EARLY-WARNING SIGNAL,,No thresholded rule warning,No thresholded rule warning,No thresholded rule warning
618230,Rehabilitation and Upgradation to 2-lane configuration of Kalwahn-Mandi Section km 208.950 to 250.592 of NH-70 in the State of Himachal Pradesh under Green National Highways Corridor Project GNHCP with the loan assistance of World Bank on EPC mode.Package-3,MoRTH,Himachal Pradesh,2026-06,70.39,100.0,-29.61,0.0,-100.0,0.21681357809917942,MODERATE EARLY-WARNING SIGNAL,WORSENING,Progress behind expected,Schedule pressure,No thresholded rule warning
618231,Rehabilitation and Upgradation to 2-lane configuration of Hamirpur-Karnohal Section km 141.00 to 181.00 of NH-70 in the State of Himachal Pradesh under Green National Highways Corridor Project GNHCP with the loan assistance of World Bank on EPC mode.Package-1,MoRTH,Himachal Pradesh,2026-06,93.61,100.0,-6.390000000000001,198.34,-46.67276100341462,0.16090703649821084,MODERATE EARLY-WARNING SIGNAL,STABLE,No thresholded rule warning,No thresholded rule warning,No thresholded rule warning
618232,Rehabilitation and Upgradation to 2-lane configuration of Karnohal- Kalwahn Section km 181.00 to 208.950 of NH-70 in the State of Himachal Pradesh under Green National Highways Corridor Project GNHCP with the loan assistance of World Bank on EPC mode.Package-2,MoRTH,Himachal Pradesh,2026-06,58.0,100.0,-42.0,75.89,-69.83944042603926,0.23016937133351456,MODERATE EARLY-WARNING SIGNAL,STABLE,Progress behind expected,Schedule pressure,No thresholded rule warning
618233,Construction of 6-lane bridge on Ganga on NH-96 and its approaches in Phaphamau Allahabad on EPC mode,MoRTH,Uttar Pradesh,2026-06,90.2,100.0,-9.799999999999997,0.0,-100.0,0.15913185551407935,MODERATE EARLY-WARNING SIGNAL,STABLE,Long implementation duration,No thresholded rule warning,No thresholded rule warning
618234,Construction of a new 4-lane major bridge across river Kosi at Phulaut including Rehabilitation and upgradation of existing Birpur and Bihpur section of NH-106 from km 106.000 to km 136.000 to 2-lane with paved shoulders in the State of Bihar on EPC mode,MoRTH,Bihar,2026-06,97.5,100.0,-2.5,901.32,-39.034090909090914,0.21503570944900366,MODERATE EARLY-WARNING SIGNAL,STABLE,Long implementation duration,No thresholded rule warning,No thresholded rule warning
618235,Balance work of Rehabilitation and Up-gradation to 4-Lane configuration of Ras- Beawar Section Km 00.000 to km 30.050 of NH-158 in the State of Rajasthan under Green National Highway Corridor Project GNHCP.,MoRTH,Rajasthan,2026-06,53.45,66.66666666666667,-13.216666666666669,82.5,-37.00107874865157,0.21648059639564507,MODERATE EARLY-WARNING SIGNAL,STABLE,No thresholded rule warning,No thresholded rule warning,No thresholded rule warning
618236,Rehabilitation and Up-gradation of Dhindi - Digamarru section from Km 126/510 to Km 135/740 of NH -214New NH -216 and digamarru -Losari section from Km 0/000 tp Km 34/230 of NH-214 ANew Nh-216 to two lane with paved shoulder in the state of AP- NH,MoRTH,Andhra Pradesh,2026-06,100.0,100.0,0.0,222.43,-29.624122002151495,0.1982447640469673,MODERATE EARLY-WARNING SIGNAL,STABLE,Long implementation duration,No thresholded rule warning,No thresholded rule warning
618237,Rehabilitation and Up-gradation of Pasarlapudi to Dhindi section from Km 105/170 to Km 126/510 of NH -214 New NH -216 to two lane with paved shoulder in the state of Andhra Pradesh under NHDP-IV,MoRTH,Andhra Pradesh,2026-04,98.4,100.0,-1.5999999999999943,151.56,-42.471057126589486,0.18286099350685942,MODERATE EARLY-WARNING SIGNAL,,Long implementation duration,No thresholded rule warning,No thresholded rule warning
618238,Rehabilitation and Up-gradation of Thimmapuram to Gurajanapalli section from Km 26/150 to Km 41/161 of NH - 214 New NH - 216 to two lane with paved shoulder in the state of Andhra Pradesh under NHDP-IV,MoRTH,Andhra Pradesh,2026-06,98.2,100.0,-1.7999999999999972,233.93,-33.27914206668379,0.13660189668567757,MODERATE EARLY-WARNING SIGNAL,STABLE,Long implementation duration,No thresholded rule warning,No thresholded rule warning
618239,"Rehabilitation & Upgradation of NH214New NH-216 from Km 34/230 to Km 84/550 Losari to Machavaram Section to two lane with paved shoulder in the state of Andhrapradesh under NHDP-IV through Engineering, Procurement& Construction EPC mode.",MoRTH,Andhra Pradesh,2026-06,98.6,100.0,-1.4000000000000057,0.0,-100.0,0.13006756311739642,MODERATE EARLY-WARNING SIGNAL,STABLE,Long implementation duration,No thresholded rule warning,No thresholded rule warning
618240,Rehabilitation and upgradation to 2-lane with paved sholuders configuration of Bewar- naer Karri village section Km0.00 to Km30.00 Pakage-I of NH-92 in state of Uttar Pradesh undergreen national Highway Corridor Project GNHCP with the loan assistance of world Bank on EPC mode.,MoRTH,Uttar Pradesh,2026-06,100.0,100.0,0.0,0.0,-100.0,0.15544253094164032,MODERATE EARLY-WARNING SIGNAL,STABLE,No thresholded rule warning,No thresholded rule warning,No thresholded rule warning
618242,Widening and Reconstruction to 4-lane/4-lane with service road including structures from Pokharia More at Km 47.600 Ex. Km 50.230 to Govindpur at km 62.949 Ex. Km 65.325 of Nh-419 in the State of Jharkhand on EPC mode.,MoRTH,Jharkhand,2026-06,52.14,100.0,-47.86,86.07,-71.35392398322571,0.18762959070253782,MODERATE EARLY-WARNING SIGNAL,STABLE,Progress behind expected,Schedule pressure,No thresholded rule warning
618243,Construction of Basti Ring Road Phase-I with 4L configuration for Basti City in the state of Uttar Pradesh on HAM mode,MoRTH,Uttar Pradesh,2026-06,35.0,50.0,-15.0,0.07,-49.993852746943936,0.12800294189777664,MODERATE EARLY-WARNING SIGNAL,WORSENING,No thresholded rule warning,No thresholded rule warning,No thresholded rule warning
618244,Construction of Raebareli Ring Road Phase-2 with four Lane configuration for Raebareli City in the state of Uttar Pradesh on Hybrid Annuity Model HAM basis,MoRTH,Uttar Pradesh,2026-06,54.0,54.166666666666664,-0.1666666666666643,0.0,-54.166666666666664,0.16044460402132552,MODERATE EARLY-WARNING SIGNAL,STABLE,No thresholded rule warning,No thresholded rule warning,No thresholded rule warning
618246,Construction of New 4-Lane Bridge Parallel to existing Vikramashila Setufrom km 8920 to Km 13375including approach road 35m Naugachhia side &53 m Bhagalpur sideacross River Ganga on newly declared NH-131B at Bhagalpur in the State of Bihar,MoRTH,Bihar,2026-06,51.91,77.08333333333333,-25.173333333333332,0.0,-77.08333333333333,0.17841181714606763,MODERATE EARLY-WARNING SIGNAL,STABLE,Progress behind expected,No thresholded rule warning,No thresholded rule warning
618247,Construction of 4 lane Mirzapur bypass including bridge over river Ganga from km 0.000 to km 15.000 of NH 135A in the State of Uttar Pradesh on HAM Mode.,MoRTH,Uttar Pradesh,2026-06,5.5,13.88888888888889,-8.38888888888889,0.0,-13.88888888888889,0.08596632025166523,LOW EARLY-WARNING SIGNAL,STABLE,No thresholded rule warning,No thresholded rule warning,No thresholded rule warning
618248,Widening to 4 lane from km. 139.00 to km 179.20 of NH-135A Pkg-III Jaunpur Akbarpur section and Akbarpur bypass on Hybrid Annuity Mode in the state of Uttar Pradesh.,MoRTH,Uttar Pradesh,2026-06,21.06,20.833333333333332,0.22666666666666657,0.0,-20.833333333333332,0.09083547428992844,LOW EARLY-WARNING SIGNAL,STABLE,No thresholded rule warning,No thresholded rule warning,No thresholded rule warning
618249,Widening to 4 lane from km. 108.50 to km 139.00 of NH-135A Pkg-II Jaunpur Akbarpur section on Hybrid Annuity Mode in the state of Uttar Pradesh,MoRTH,Uttar Pradesh,2026-06,36.02,62.5,-26.479999999999997,0.0,-62.5,0.12658886341621747,MODERATE EARLY-WARNING SIGNAL,STABLE,Progress behind expected,No thresholded rule warning,No thresholded rule warning
618250,Construction of 6-Lane Elevated / Extra Dose Cable Bridge on River Ganga parallel to & Western side of Digha-Sonepur Rail cum-Road Bridge of NH 139W in the State of Bihar,MoRTH,Bihar,2026-06,17.24,59.523809523809526,-42.28380952380952,0.0,-59.523809523809526,0.11096071959148968,MODERATE EARLY-WARNING SIGNAL,STABLE,Progress behind expected,No thresholded rule warning,No thresholded rule warning
618251,"Improvement and Up gradation to four lane with Paved shoulder configuration from Existing Km 0000 to Km 39500 design km 0500 to Km 40342, Design length km of NH 227A near Mehrauna GhatUP Bihar Border to Siwan on the state of Bihar on Hybrid Annuity Model HAM basis",MoRTH,Bihar,2026-06,7.89,30.0,-22.11,0.83,-29.950037622272387,0.08996684780150307,LOW EARLY-WARNING SIGNAL,STABLE,Progress behind expected,No thresholded rule warning,No thresholded rule warning
618252,"Improvement and Up-gradation to two Lane with Paved Shoulder/Four Lane configuration from existing Km 130.000 to Km 191.000 design km 131.500 to Km 188.735, Design length 57.235 Km of NH-227A near Barhalganj to Mehrauna Ghat in the state of Uttar Pradesh on Hybrid Annuity Model HAM basis",MoRTH,Uttar Pradesh,2026-06,58.0,63.333333333333336,-5.333333333333336,0.99,-63.23171044662746,0.1785920953151883,MODERATE EARLY-WARNING SIGNAL,STABLE,No thresholded rule warning,No thresholded rule warning,No thresholded rule warning
618253,Construction of missing link from Birhu to Lathiani from Km 35/550 Design chainage Km 0.000 to Km 42/800 Design Chainage Km 8.153on NH-503A including Lathiani Bridge on back water of Govindsagar and its approaches in Himachal Pradesh.,MoRTH,Himachal Pradesh,2026-06,0.0,8.333333333333334,-8.333333333333334,0.0,-8.333333333333334,0.10477493131572375,MODERATE EARLY-WARNING SIGNAL,STABLE,No thresholded rule warning,No thresholded rule warning,No thresholded rule warning
618254,Construction of Paderu bypass Km 0000 to Km 13000 of 2- lane with paved shoulder on NH-516E,MoRTH,Andhra Pradesh,2026-06,13.0,94.44444444444444,-81.44444444444444,21.96,-85.46027719819807,0.1538105749037468,MODERATE EARLY-WARNING SIGNAL,STABLE,Progress behind expected,Schedule pressure,No thresholded rule warning
618255,Two laning with paved shoulders of Lambasingi to Paderusection of NH 516E,MoRTH,Andhra Pradesh,2026-06,43.22,100.0,-56.78,145.94,-59.60026575130107,0.1895893945161117,MODERATE EARLY-WARNING SIGNAL,STABLE,Progress behind expected,Schedule pressure,No thresholded rule warning
618256,"Rehabilitation and Upgradation to 2-lane with paved should ders Sir, configuration of Chaprathipalem to Lambasingi section Km 165500 to Km 205000 of NH-516E in the State of Andhra Pradesh under Green National Highways Corridor Project GNHCP with the loan assistance of World Bank on EPC mode",MoRTH,Andhra Pradesh,2026-06,91.25,100.0,-8.75,211.05,-32.18623481781377,0.1333233912067832,MODERATE EARLY-WARNING SIGNAL,STABLE,No thresholded rule warning,No thresholded rule warning,No thresholded rule warning
618257,Rehabilitation and Upgradation to 2-lane with paved shoulders configuration of Koyyuru to Chaprathipalem section Km 120000 to Km 165500 of NH-516E in the State of Andhra Pradesh under Green National Highways Corridor Project GNHCP with the loan assistance of World Bank on EPC mode,MoRTH,Andhra Pradesh,2026-06,100.0,100.0,0.0,264.81,-24.186206304217137,0.14550355419013264,MODERATE EARLY-WARNING SIGNAL,STABLE,No thresholded rule warning,No thresholded rule warning,No thresholded rule warning
618258,Two laning with paved shoulders of Gondiguda to Araku uptoBhallaguda section of NH 516E,MoRTH,Andhra Pradesh,2026-04,91.5,100.0,-8.5,237.52,-19.935279444481907,0.17345995432095307,MODERATE EARLY-WARNING SIGNAL,,No thresholded rule warning,No thresholded rule warning,No thresholded rule warning
618259,Two laning with paved shoulders of Paderu to GundigudaSection of NH 516E,MoRTH,Andhra Pradesh,2026-04,100.0,100.0,0.0,122.52,-44.962041238039625,0.18118317341534773,MODERATE EARLY-WARNING SIGNAL,,Long implementation duration,No thresholded rule warning,No thresholded rule warning
618260,"Construction of Salempur bypass to 4LPS from km 64.000 of NH-727A Km 171.00 of Sonauli Balia Marg, old SH-01, near Mahadahan Chauraha to km 61.500 of NH-727B Km 178.500 of Sonauli Balia Marg, old SH-01, near near Ahirauli Village under Hybrid Annuity Mode HAM in the State of Uttar Pradesh",MoRTH,Uttar Pradesh,2026-06,35.0,29.166666666666668,5.833333333333332,0.0,-29.166666666666668,0.14866324026339076,MODERATE EARLY-WARNING SIGNAL,WORSENING,No thresholded rule warning,No thresholded rule warning,No thresholded rule warning
618262,Construction of Deoria Bypass from existing Km. 27.140 to existing Km. 46.780 Design Km. 49.109 on NH727A Design length 21.969 Km. to four lane with paved shoulder configuration under Hybrid Annuity Mode HAM in the State of Uttar Pradesh,MoRTH,Uttar Pradesh,2026-06,10.0,43.47826086956522,-33.47826086956522,0.0,-43.47826086956522,0.10051889730810769,MODERATE EARLY-WARNING SIGNAL,STABLE,Progress behind expected,No thresholded rule warning,No thresholded rule warning
618263,"Rehabilitation and Up-gradation to 2LPS from Km. 0.000 to Km. 7.800 and Km. 35.400 to Km. 52.345 Design length 24.745 Km., except Bihar portion of NH-727B Tamkuhiraj to Bihar Border and Bihar Border to Majhauli on EPC mode in the State of Uttar Pradesh",MoRTH,Uttar Pradesh,2026-06,81.18,94.44444444444444,-13.264444444444436,0.0,-94.44444444444444,0.10822661975932242,MODERATE EARLY-WARNING SIGNAL,STABLE,Schedule pressure,No thresholded rule warning,No thresholded rule warning
618264,"Widening and Strengthening to two Lane with Paved Shoulder/Four Lane with paved shoulder configuration from km. 61.500 of NH-727B near Nawalpur km 178.500 of Sonauli Balia Marg, Old SH-01 i.e. end point of Salempur Bypass to km. 106.495 of NH-727B near Sikanderpur under EPC mode",MoRTH,Uttar Pradesh,2026-06,37.0,20.689655172413794,16.310344827586206,0.0,-20.689655172413794,0.10355153213857071,MODERATE EARLY-WARNING SIGNAL,STABLE,No thresholded rule warning,No thresholded rule warning,No thresholded rule warning
618265,Rehabilitation and upgradation to 2-lane with paved sholuders configuration of Miranpur Katra to radhaita section of NH-730CKm.114.000 to Km 137.250pakage-III in state of Uttar Pradesh undergreen national Highway Corridor ProjectGNHCP with the loan assistance of world Bank on EPC mode.,MoRTH,Uttar Pradesh,2026-06,91.0,100.0,-9.0,0.0,-100.0,0.12977792964354498,MODERATE EARLY-WARNING SIGNAL,STABLE,No thresholded rule warning,No thresholded rule warning,No thresholded rule warning
618266,Rehabilitation and upgradation to 2-lane with paved sholuders configuration of Bewar- Allahaganj- section of NH-730C Km.0.000 to Km 52.770 pakage-I in state of Uttar Pradesh undergreen national Highway Corridor Project GNHCP with the loan assistance of world Bank on EPC mode.,MoRTH,Uttar Pradesh,2026-06,99.0,100.0,-1.0,0.0,-100.0,0.1162704432832856,MODERATE EARLY-WARNING SIGNAL,STABLE,No thresholded rule warning,No thresholded rule warning,No thresholded rule warning
618267,Widening/Upgradation to four lane configuration of Shahjahanpur-Bisalpur section from km 0.00 to km 47.026 of NH-731K on Hybrid Annuity Mode in the state of Uttar Pradesh.,MoRTH,Uttar Pradesh,2026-06,0.0,4.166666666666667,-4.166666666666667,0.0,-4.166666666666667,0.08647380285703214,LOW EARLY-WARNING SIGNAL,IMPROVING,No thresholded rule warning,No thresholded rule warning,No thresholded rule warning
618282,4-L Bilasipara-Guwahati Package-10,NHIDCL,Assam,2026-06,64.48,100.0,-35.519999999999996,603.33,-52.302158273381295,0.1724739107612662,MODERATE EARLY-WARNING SIGNAL,STABLE,Progress behind expected,Schedule pressure,No thresholded rule warning
618283,4-L Bilasipara-Guwahati Package-9,NHIDCL,Assam,2026-06,59.78,100.0,-40.22,490.64,-50.949243704199866,0.18733140554673025,MODERATE EARLY-WARNING SIGNAL,WORSENING,Progress behind expected,Schedule pressure,No thresholded rule warning
618284,Widening/Improvement to 4-Lane with paved shoulder from Km 99930 to Km 143680 Design Chainage 96000 to 139750 of Paikan to Dhupdhara Sahar of Bilasipura- Guwahati Road on NH-17 in the state of Assam on EPC mode under Bharatmala Pariyojana in Economic Corridors Project Length 43.750km under NHO-NE Package- 8,NHIDCL,Assam,2026-06,85.87,83.33333333333333,2.536666666666676,926.96,-19.73794642755049,0.15719793694057743,MODERATE EARLY-WARNING SIGNAL,STABLE,No thresholded rule warning,No thresholded rule warning,No thresholded rule warning
618285,Widening/Improvement to 4 -Lane with Paved Shoulder from Ch. 88.000km to Ch.99.930 km Design Ch.84.100km to Ch.96.000 km of Sagunbashi forest near Nichinta to starting of Krishnai Bypass Section of Bilasipura Guwahati road NH 17 on EPC Package-7,NHIDCL,Assam,2026-04,100.0,100.0,0.0,186.64,-34.90513392857143,0.14215439822996911,MODERATE EARLY-WARNING SIGNAL,,No thresholded rule warning,No thresholded rule warning,No thresholded rule warning
618286,Construction of New 2-Lane Bridge with its approaches from km 0000 to Km 4385 across River Brahmaputra on NH-17 at Jogighopa in Assam on EPC mode,NHIDCL,Assam,2026-06,81.07,100.0,-18.930000000000007,426.91,-42.83169960897745,0.1916684966173032,MODERATE EARLY-WARNING SIGNAL,STABLE,Schedule pressure,No thresholded rule warning,No thresholded rule warning
618287,"Widening/Improvement to 4-Lane with paved Shoulder from Ch. 25.633 Km to Ch. 52.470 Km Design Ch. 21.850 Km to Ch.48.670 Km for Package-2 of Bilasipura- Guwahati road NH-17 Section Near Mowatari, before Chapar Bypass to Tulungia junction with NH-17 in the state of Assam on HAM mode under NHO-NE Package-2",NHIDCL,Assam,2026-06,12.45,60.0,-47.55,0.0,-60.0,0.10075672360300744,MODERATE EARLY-WARNING SIGNAL,STABLE,Progress behind expected,No thresholded rule warning,No thresholded rule warning
618288,"Widening/lmprovement to 4-Lane with Paved Shoulder from Ch.5.580 Km to Ch.25.633 Km Design Ch.0.000 Km to Ch.17.737km Km 901.100 to Km 921.145 of old NH-31 of Bilasipara- Guwahati road NH-17 Section Near Chirakuta to near Mowatari, before Chapar Bypass in the state ol Assam on HAM mode Package-1",NHIDCL,Assam,2026-06,32.59,53.333333333333336,-20.743333333333332,0.0,-53.333333333333336,0.09687731432365419,LOW EARLY-WARNING SIGNAL,STABLE,Progress behind expected,No thresholded rule warning,No thresholded rule warning
618289,Construction and up gradation to 4-Lane of existing two lane with paved shoulder from Hapachara to Tulungia road of NH-117 of existing Km 0.00 to km 14.050 and Design Km 0.000 to km 14.660 under BMP on EPC mode,NHIDCL,Assam,2026-06,97.76,100.0,-2.239999999999995,209.94,-6.6310873915943915,0.3313721282899976,HIGH EARLY-WARNING SIGNAL,STABLE,Long implementation duration,No thresholded rule warning,No thresholded rule warning
618290,"Construction of 2-lane with Paved shoulder of Kohima- Bypass Road Connecting NH- 39New NH-02, NH-150New NH-02, NH-61New NH-29, NH-39New NH-02 from Design Km 32.00 to Design Km 43.454Design Length-11.454 Km in the State of Nagaland under SARDP-NE on EPC Mode Package-IV",NHIDCL,Nagaland,2026-06,46.77,100.0,-53.23,102.12,-49.53548132041906,0.2628422868448706,MODERATE EARLY-WARNING SIGNAL,STABLE,Progress behind expected,Long implementation duration,Schedule pressure
618291,"Construction of 2-lane with Paved shoulder of Kohima-Bypass Road connecting NH- 39 New NH-02, NH150New NH-02, NH7-61 New NH-29 and NH-39 New NH-02 from Design km 21.000 to km 32.268 [Design length11.268 km] in the state of Nagaland Under SARDP-NE on EPC Mode Package- 3",NHIDCL,Nagaland,2026-06,39.54,100.0,-60.46,123.42,-22.79011573350016,0.21405113184647728,MODERATE EARLY-WARNING SIGNAL,STABLE,Progress behind expected,Schedule pressure,No thresholded rule warning
618292,Construction of 2-Lane with paved shoulder of Kohima-Bypass Road connecting New NH-02 and New NH-29 from Design Km 10.500 to design Km 21.000 [Design Length- 10.500 km] including TUNNEL of 500m at Ch. 11.000 in the state of Nagaland Under SARDP-NE on EPC Mode Package-2,NHIDCL,Nagaland,2026-06,69.76,100.0,-30.239999999999995,198.97,-28.283592848904263,0.4029209305832341,HIGH EARLY-WARNING SIGNAL,STABLE,Progress behind expected,Long implementation duration,Schedule pressure
618293,"Construction of 2-Lane with paved shoulder of Kohima-Bypass Road connecting NH- 39New NH-02, NH-150New NH-02, NH-61New NH-29 and NH-39New NH-02 from design Km 0.00 to Km 10.500 in the State of Nagaland under SARDP-NE on EPC Mode Package-1 -Balance work",NHIDCL,Nagaland,2026-06,27.24,86.11111111111111,-58.87111111111112,116.76,-35.846355848293086,0.20071153384207777,MODERATE EARLY-WARNING SIGNAL,STABLE,Progress behind expected,Schedule pressure,No thresholded rule warning
618294,Improvement and Widening of National Highway No. 127B Darugiri - Songsak - Williamnagar Junction Section to two lane with paved shoulder from design Km 0000 to Km 36635 Design length 36.635 Km existing Km 112000 to Km 151060 of NH-1278 under Bharatmala Pariyojana Lot-1 Pkg-1B Meghalaya portion,NHIDCL,Meghalaya,2026-06,26.08,37.5,-11.420000000000002,176.12,-15.514405732333007,0.10827594400737103,MODERATE EARLY-WARNING SIGNAL,STABLE,No thresholded rule warning,No thresholded rule warning,No thresholded rule warning
618295,Improvement/Widening of New NH-217 Dainadubi-Darugiri section to Two lane with paved shoulder in Meghalaya from design Km 0000 to Km 40840 existing Km 8600 to Km 53000 of Old NH-62 under BMP Lot-1 Pkg-1B Meghalaya portion,NHIDCL,Meghalaya,2026-06,45.52,62.5,-16.979999999999997,0.0,-62.5,0.12925810230092236,MODERATE EARLY-WARNING SIGNAL,STABLE,No thresholded rule warning,No thresholded rule warning,No thresholded rule warning
618296,Balance work of Construction of 2-lane with hard shoulder of Kohima - Jessami road on NH-29 old NH-150 from existing km 98.380 near Chizami vill. to km120.367 Nagaland/Manipur Border [Design km 95.700 to design km 117.200] [Design Length 21.500 km] in the state of Nagaland Under Bharatmala Pariyojna on EPC Mode Package-V under NHO,NHIDCL,Nagaland,2026-06,98.39,100.0,-1.6099999999999994,0.0,-100.0,0.1705129907246071,MODERATE EARLY-WARNING SIGNAL,STABLE,No thresholded rule warning,No thresholded rule warning,No thresholded rule warning
618297,Construction of 2-lane with hard shoulder of Kohima - Jessami road on NH-29 Old NH- 150 from existing Km 30.474 Near Kidwema road Chakahabama to existing Km 53.220 Near Kikruma Village Design Km 29.60 to Km 51.50 Design length-21.90 Km in the state of Nagaland Under Bharatmala Pariyojna on EPC Mode under NHO Package-II -Balance work,NHIDCL,Nagaland,2026-06,43.13,100.0,-56.87,0.0,-100.0,0.18933240260418158,MODERATE EARLY-WARNING SIGNAL,STABLE,Progress behind expected,Schedule pressure,No thresholded rule warning
618298,Widening/Improvement of existing 2-Lane road to 4-Lane Divided Highway from Sekmai to Nilakuthi section of Imphal-Kohima Road Design Chainage from Km 297700 to Km 308729 of NH-39 New NH-02 in state of Manipur on EPC mode Pkg-5B,NHIDCL,Manipur,2026-06,93.54,100.0,-6.459999999999994,254.22,20.08502598016061,0.2657759521776768,MODERATE EARLY-WARNING SIGNAL,STABLE,Expenditure ahead of progress,No thresholded rule warning,No thresholded rule warning
618299,Improvement/Up-gradation of existing 2-Lane Road to 4-Lane Divided Highway from Daili to Kuraopokpi section of Imphal-Kohima road NH-02 Design Chainage from Km 274610 to Km 287000 in the state of Manipur on EPC mode Pkg-4B,NHIDCL,Manipur,2026-06,56.16,100.0,-43.84,0.0,-100.0,0.16510600869608422,MODERATE EARLY-WARNING SIGNAL,STABLE,Progress behind expected,Schedule pressure,No thresholded rule warning
618300,Improvement/Up-gradation of existing 2-Lane Road to 4-Lane Divided Highway from Taphukuki to Daili section of Imphal-Kohima road NH-02 Design Chainage from Km 262175 to Km 274610 in the state of Manipur on EPC mode Pkg-4A,NHIDCL,Manipur,2026-06,91.39,100.0,-8.61,312.58,-17.609847386594268,0.21832159308885715,MODERATE EARLY-WARNING SIGNAL,STABLE,Long implementation duration,No thresholded rule warning,No thresholded rule warning
618301,Widening/Improvement of existing 2-lane to 4-Lane Divided Highway from Kuraopokpi to Sekmai section of Imphal-Kohima Road Design Ch. km 287.00 to 297.700 of NH-39 New NH-02 in state of Manipur on EPC mode Pkg-5A,NHIDCL,Manipur,2026-06,48.31,88.88888888888889,-40.57888888888888,114.62,-38.82992919984665,0.21192157313562424,MODERATE EARLY-WARNING SIGNAL,STABLE,Progress behind expected,Schedule pressure,No thresholded rule warning
618302,Widening/Improvement to 2-lane with earthen shoulder of Yaingangpokpi - Finch corner road section of NH-202 from Km 16.900 to Km 30.970 of NH-202 in the state of Manipur on EPC mode Package-2,NHIDCL,Manipur,2026-06,98.12,100.0,-1.8799999999999955,0.0,-100.0,0.16216727716310395,MODERATE EARLY-WARNING SIGNAL,STABLE,Long implementation duration,No thresholded rule warning,No thresholded rule warning
618303,Widening/Improvement to 2-lane with earthen shoulder of Yaingangpokpi - Finch corner road section of NH-202 from Km 0.000 to Km 16.900 of NH-202 in the state of Manipur on EPC mode Package-1,NHIDCL,Manipur,2026-06,88.96,100.0,-11.040000000000006,0.0,-100.0,0.14766005201408522,MODERATE EARLY-WARNING SIGNAL,STABLE,Long implementation duration,Schedule pressure,No thresholded rule warning
618304,"Widening/Improvement to 2 Lane with earthen shoulder of Jessami to Laynen bridge Nagaland border section of NH-29 of Imphal -Ukhrul - Jessami Economic Corridor from km 0.000 to km 11.009 in the State of Manipur on EPC mode under Bharatmala Pariyojana, under NHO-NE Package-7",NHIDCL,Manipur,2026-06,26.67,100.0,-73.33,127.59,-22.621141366971912,0.1497637043440153,MODERATE EARLY-WARNING SIGNAL,STABLE,Progress behind expected,Schedule pressure,No thresholded rule warning
618305,Widening/Improvement to 2 lane with earthen shoulder of Marrem Khullen to Jessami section of NH-202 of Imphal - Ukhrul - Jessami Economic Corridor from Design Chainage km 95.700 to km 140.180 in the State of Manipur on EPC mode under Bharatmala Pariyojana under NHO-NE Package-6,NHIDCL,Manipur,2026-06,24.43,75.0,-50.57,221.02,-35.1521652904482,0.12466450121624043,MODERATE EARLY-WARNING SIGNAL,STABLE,Progress behind expected,No thresholded rule warning,No thresholded rule warning
618306,"Widening/Improvement to 2 lane with earthen shoulder of Choithar to Marrem Khullen section of NH-202 of Imphal Ukhrul Jessami Economic Corridor from Design Chainage km 53.110 to km 95.700 in the State of Manipur on EPC mode under Bharatmala Pariyojana, under NHO-NE Package-5",NHIDCL,Manipur,2026-06,14.5,59.09090909090909,-44.59090909090909,172.98,-28.42341507442119,0.12453877932070895,MODERATE EARLY-WARNING SIGNAL,STABLE,Progress behind expected,No thresholded rule warning,No thresholded rule warning
618307,Rehabilitation and up-gradation of road from km 16.077 to km 43.935 total length 27.858 km of Lalchara-Kanchanpur section via Shivbari on NH-44A to 2 lane with paved shoulder in the state of Tripura on EPC Mode Pkg-2 under BharatMala Pariyojana Manu-Simlung -2,NHIDCL,Tripura,2026-06,54.56,100.0,-45.44,0.0,-100.0,0.26204404342688026,MODERATE EARLY-WARNING SIGNAL,,Progress behind expected,Schedule pressure,No thresholded rule warning
618308,Construction of 4-Lane Panchgram Bypass from Design Chainage km 15500 on NH- 37 Old NH-53 at Kalinagar Pt.-I Village to Design Chainage km 27300 at crossing with NH-6 Old NH-44 Near Siddeswar Pt.-I Village on Silchar - Churaibari stretch in the State of Assam on EPC Mode under Bharatmala Pariyojana in Economic Corridors Silchar- Churaibari Package-2,NHIDCL,Assam,2026-06,57.17,73.33333333333333,-16.163333333333327,0.0,-73.33333333333333,0.12500771423927648,MODERATE EARLY-WARNING SIGNAL,STABLE,No thresholded rule warning,No thresholded rule warning,No thresholded rule warning
618309,Widening/lmprovement to 4-Laning and Greenfield alignment with Paved shoulder of Silchar-Badarpur Churaibari section of NH-37 & NH-8 from Design chainage 38.600 End point of proposed Badarpur Bypass to Km. 62.800 Start point of proposed Nilambazar/Cheragi Bypass in the state of Assam on HAM Mode Package-4,NHIDCL,Assam,2026-06,25.16,41.666666666666664,-16.506666666666664,0.0,-41.666666666666664,0.09460333472781286,LOW EARLY-WARNING SIGNAL,STABLE,No thresholded rule warning,No thresholded rule warning,No thresholded rule warning
618310,Widening/lmprovement to 4-L of Karimgani - sutarkandi section of NH 37 from design Ch 0020 Start of proposed Karimganj Bypass from NH -8 to design Chainage Km 14380 near Sutarkandi Spur Connectivity to Indo/Bangladesh Border on Silchar- Churaibari in the State of Assam on HAM Mode Package-7,NHIDCL,Assam,2026-06,41.88,66.66666666666667,-24.78666666666667,0.06,-66.65908889983456,0.12799972951321828,MODERATE EARLY-WARNING SIGNAL,STABLE,Progress behind expected,No thresholded rule warning,No thresholded rule warning
618311,Widening/lmprovement to 4-Lane with Paved shoulder for existing as well as Greenfield alignment of Badarpur Churaibari section of NH-8 from Design chainage 87.700 Chandkhira to Km. 106.500 Churaibari section Assam-Tripura border in the state of Assam on HAM Mode Package-6,NHIDCL,Assam,2026-06,40.99,62.5,-21.509999999999998,0.0,-62.5,0.15228235633888518,MODERATE EARLY-WARNING SIGNAL,WORSENING,Progress behind expected,No thresholded rule warning,No thresholded rule warning
618312,Widening/lmprovement to 4-Lane with Paved Shoulder from existing road and Greenfield alignment form Design Ch. 62.800 start of proposed Nilambazar/Cheragi Bypass to Design Ch. 87.700 near Chandkhira Village of NH-8 on Silchar-Churaibari in the state of Assam on HAM Mode Package-5,NHIDCL,Assam,2026-06,14.04,46.666666666666664,-32.626666666666665,0.0,-46.666666666666664,0.08665996166684722,LOW EARLY-WARNING SIGNAL,STABLE,Progress behind expected,No thresholded rule warning,No thresholded rule warning
618313,Widening/lmprovement of Existing 2 lane to 4-Laning of Karimganj-Silchar section of NH-37 from Design Ch 0.000 near Silchar ISBT to Design Ch 15.970 near Kalinagar Pt I on NH-37 in Assam on HAM Mode Pkg-1,NHIDCL,Assam,2026-06,41.26,37.5,3.759999999999998,0.0,-37.5,0.08822181974026146,LOW EARLY-WARNING SIGNAL,STABLE,No thresholded rule warning,No thresholded rule warning,No thresholded rule warning
618314,4-Laning of Dhanehari Lailapur / Vairengte section from Existing Chainage km 12920 to km 43000 of NH 306 Design Chainage km 20000 to km 49360 on Silchar - Vairengte Sairang road in the State of Assam under Bharatmala Pariyojna on EPC mode. Project Length 29.360 km under NHO-NE Package-2,NHIDCL,Assam,2026-06,81.65,93.33333333333333,-11.683333333333323,970.37,-36.79188444304601,0.15409906174899018,MODERATE EARLY-WARNING SIGNAL,STABLE,Schedule pressure,No thresholded rule warning,No thresholded rule warning
618315,4-Laning of Silchar - Dhanehari section from Existing Chainage km 263800 of NH 37 to km 12920 of NH 306 Design Chainage km 0000 to km 20000 on Silchar - Vairengte - Sairang road in the State of Assam under Bharatmala Pariyojna on EPC mode Package-1,NHIDCL,Assam,2026-06,59.65,96.66666666666667,-37.01666666666667,575.03,-50.91680589810911,0.1404708968888596,MODERATE EARLY-WARNING SIGNAL,STABLE,Progress behind expected,Schedule pressure,No thresholded rule warning
618316,4-Laning of Vairengte - Chhimluang section Package-3 of NH-306 from Existing Chainage km 43000 to Km 59700 Design Chainage km 46000 to km 60850 on Silchar - Vairengte- Sairang road in the State of Mizoram under Bharatmala Pariyojna under NHO-NE. Package-1&2 in Assam state,NHIDCL,Mizoram,2026-06,17.86,61.111111111111114,-43.251111111111115,237.85,-12.707602696206457,0.19920830353210223,MODERATE EARLY-WARNING SIGNAL,WORSENING,Progress behind expected,No thresholded rule warning,No thresholded rule warning
618317,4-Laning of chhimluang-Kolasib from section pkg-4 of NH-306 & NH-6 existing chainage km 59700 to km 86000 design chainage km 61000 to km 77500 on Silchar- vairengte-sairang road in the state of Mizoram under Bharatmala Pariyojna on EPC mode Vairengte - Sairang Pkg-4,NHIDCL,Mizoram,2026-06,17.12,61.111111111111114,-43.99111111111111,0.0,-61.111111111111114,0.1698026149461424,MODERATE EARLY-WARNING SIGNAL,STABLE,Progress behind expected,No thresholded rule warning,No thresholded rule warning
618318,4-Laning of Kolasib - Sethawn section Package-5 of NH-6 from Existing Chainage km 86000 to km 107850 Design Chainage km 77500 to km 95500 on silchar - vairengte - sairang road under Bharatmala Pariyojna on EPC mode under NHO-NE Vairengte - Sairang Pkg-5,NHIDCL,Mizoram,2026-06,11.86,45.833333333333336,-33.973333333333336,247.14,-11.527392189524342,0.21144452602733163,MODERATE EARLY-WARNING SIGNAL,WORSENING,Progress behind expected,No thresholded rule warning,No thresholded rule warning
618319,"4-Laning of Sethawn - N. Kawnpui section Package-6 of NH-6 from Existing Chainage km 107850 to km 126315 Design Chainage km 95500 to km 111850 on Silchar- Vairengte- Sairang road, Vairengte - Sairang Pkg-6",NHIDCL,Mizoram,2026-06,6.72,61.111111111111114,-54.391111111111115,173.14,-32.04370575561711,0.19239122084315738,MODERATE EARLY-WARNING SIGNAL,WORSENING,Progress behind expected,No thresholded rule warning,No thresholded rule warning
618320,Construction of 4-Laning of N. Kawnpui N. Mualvum Mualkhang via Khamrang Village section Package-7 of NH-6 from Existing Chainage km 127200 to km 142000 Design Chainage km 111850 to km 123400 on Silchar - Vairengte - Sairang road in the State of Mizoram on EPC mode,NHIDCL,Mizoram,2026-06,18.9,22.22222222222222,-3.322222222222223,0.0,-22.22222222222222,0.07412951897968093,LOW EARLY-WARNING SIGNAL,STABLE,No thresholded rule warning,No thresholded rule warning,No thresholded rule warning
618321,Construction of 4-Laning of West Serawlg-Sairang section of NH-6 from Existing Chainage km 142000 to km 158900 Design Chainage km 123400 to km 136260 on Silchar - Vairengte - Sairang road in the State of Mizoram under Bharatmala Pariyojna on EPC mode under NHO-NE Package-8,NHIDCL,Mizoram,2026-06,13.95,19.444444444444443,-5.494444444444444,0.0,-19.444444444444443,0.07953190117404484,LOW EARLY-WARNING SIGNAL,STABLE,No thresholded rule warning,No thresholded rule warning,No thresholded rule warning
618323,Construction of Twin Tube Uni-directional Aizawl Bypass Tunnel of 2.5 km and its approaches of 2.1 km from km 10.600 to km 15.200 on Sarrang - Phaibawk section of NH-6 in the State of Mizoram on EPC Mode under NHO-NE Package-2,NHIDCL,Mizoram,2026-06,0.0,16.666666666666668,-16.666666666666668,0.0,-16.666666666666668,0.08103934841413982,LOW EARLY-WARNING SIGNAL,STABLE,No thresholded rule warning,No thresholded rule warning,No thresholded rule warning
618324,Construction of 2-lane Aizawl Bypass from km 15.200 to km 34.500 Package-3 on Sairang - Phaibawk section of NH-6 in the State of Mizoram under Bharatmala Pariyojna on EPC Mode under NHO-NE,NHIDCL,Mizoram,2026-06,15.1,21.62162162162162,-6.521621621621621,0.0,-21.62162162162162,0.08607382747365118,LOW EARLY-WARNING SIGNAL,STABLE,No thresholded rule warning,No thresholded rule warning,No thresholded rule warning
618325,Dillai to Lahorijan Package-7,NHIDCL,Assam,2026-05,0.0,100.0,-100.0,0.0,-100.0,0.17570479625911412,MODERATE EARLY-WARNING SIGNAL,STABLE,Progress behind expected,Schedule pressure,No thresholded rule warning
618326,Widening/Improvement to 4-Lane with Paved Shoulder from KM 38500 to Km 51246 Design Chainage 38500 to 50959 with proposed Daboka Bypass of Daboka- Parokhaowa of NH 29 on EPC under NHO-NE Package-1,NHIDCL,Assam,2026-06,99.7,100.0,-0.29999999999999716,0.0,-100.0,0.09535373237946877,LOW EARLY-WARNING SIGNAL,STABLE,No thresholded rule warning,No thresholded rule warning,No thresholded rule warning
618327,Widening/Improvement to 4-Lane with Paved Shoulder from KM 113300 to Km 146230 Design Chainage 113830 to 145712 of Kwaram Taro Village - Dillai Section in Assam on EPC Package-6,NHIDCL,Assam,2026-04,0.0,100.0,-100.0,0.0,-100.0,0.2040678178248248,MODERATE EARLY-WARNING SIGNAL,,Progress behind expected,Schedule pressure,No thresholded rule warning
618328,4-Laning of Balance work of Dimapur-Kohima Road from design km 152.490 to km 166.700 Existing km 156.000 to km 172.900 Excluding Dimapur & Kohima Bypass under SARDP-NE Package-III,NHIDCL,Nagaland,2026-06,84.32,100.0,-15.680000000000007,535.96,-4.799460016341612,0.2972574879826379,MODERATE EARLY-WARNING SIGNAL,WORSENING,Schedule pressure,No thresholded rule warning,No thresholded rule warning
618329,Construction of 4/6 Laning from Km 132.375 to Km 153.058 Total New Alignment length of 20.683 Km of Daboka-Dimapur Section Dimapur Bypass Nagaland Portion of NH-36 & 39 in the State of Nagaland on EPC basis under PhaseA of SARDP-NE,NHIDCL,Nagaland,2026-04,0.0,100.0,-100.0,0.0,-100.0,0.24906578813286928,MODERATE EARLY-WARNING SIGNAL,,Progress behind expected,Long implementation duration,Schedule pressure
618330,Construction of 4/6 Laning from existing Km 159.400 of NH-36 to existing Km 102.500 of NH-39 and upto end point of Assam portion [Design Km 118.050 to design Km 132.375] Total New Alignment length of 14.325 Km of Daboka -Dimapur Section Dimapur Bypass in the state of Assam under SARDP-NE 'Phase-A' on EPC mode Assam Portion,NHIDCL,Assam,2026-04,100.0,100.0,0.0,647.21,26.65062032797151,0.22935963294953068,MODERATE EARLY-WARNING SIGNAL,,Expenditure ahead of progress,Long implementation duration,No thresholded rule warning
618331,lmprovement to 4-Lane with Paved Shoulder from existing km 260000 Design Ch.4560 km to existing km Ch.233000 D. Ch.24560 of Silchar near Nutan Dayapur village - Budha Nagar Section Length-20.00 Km of NH-37 under Package Silchar- Jiribam Pkg-1 in the state of Assam on HAM Mode,NHIDCL,Assam,2026-06,47.27,47.22222222222222,0.047777777777781694,165.23,-29.97393160162616,0.14013860628449298,MODERATE EARLY-WARNING SIGNAL,WORSENING,No thresholded rule warning,No thresholded rule warning,No thresholded rule warning
618333,Widening to 2 lane with Paved shoulder of lmphal to Jiribam section of NH-37 from Design Ch. from km 169570 Near Nungkao vlllage under Tamenglong District to km 205974 near Jiribam Bridge under Jiribam district under NHO-NE PKG-7,NHIDCL,Manipur,2026-06,92.52,100.0,-7.480000000000004,424.3,-44.182803620290464,0.1220444382811088,MODERATE EARLY-WARNING SIGNAL,STABLE,No thresholded rule warning,No thresholded rule warning,No thresholded rule warning
618334,Widening to 2 Lane with Paved shoulder of lmphal to Jiribam section of NH-37 from Design Ch. from km 131.280 to km 169.570 on EPC mode in Manipur under NHO- TSP PKG-6,NHIDCL,Manipur,2026-06,95.2,100.0,-4.799999999999997,325.89,-35.43664315714399,0.14952420911651398,MODERATE EARLY-WARNING SIGNAL,STABLE,No thresholded rule warning,No thresholded rule warning,No thresholded rule warning
618335,Widening to 2 Lane with Paved shoulder of lmphal to Jiribam section of NH-37 from Design Ch. from Km 101280 Near Khongsang Village to Km 131280 near Puilon Kambiron Village on EPC Mode in Manipur PKG-5,NHIDCL,Manipur,2026-06,90.61,100.0,-9.39,345.66,-15.832278172786602,0.16448166924090016,MODERATE EARLY-WARNING SIGNAL,STABLE,No thresholded rule warning,No thresholded rule warning,No thresholded rule warning
618336,Widening to 2 -Lane with Paved shoulder of Imphal to Jiribam section of NH-37 from Design Chainage 66.110 km to 101.280 Km Existing Chainage km 67.496 to km 103.557 on EPC Mode in Manipur PKG-4,NHIDCL,Manipur,2026-06,85.98,100.0,-14.019999999999996,404.8,-30.162344944188533,0.18815437992556844,MODERATE EARLY-WARNING SIGNAL,STABLE,Schedule pressure,No thresholded rule warning,No thresholded rule warning
618337,Widening to 2 -Lane with Paved shoulder of Imphal to Jiribam section of NH-37 from Design Chainage 33.000 km to 66.390 Km Existing Chainage from km 33.395 to km 67.496 on EPC Mode in Manipur PKG-3,NHIDCL,Manipur,2026-06,86.33,100.0,-13.670000000000002,593.44,27.074946466809436,0.26956450538844073,MODERATE EARLY-WARNING SIGNAL,STABLE,Expenditure ahead of progress,Schedule pressure,No thresholded rule warning
618338,Widening to 2-Lane with Paved shoulder of Imphal to Jiribam section of NH-37 from Design Chainage 15.940 km to 33.120 Km Existing Chainage Km 15.946 to Km 33.395 Total length17.180 Km in the State of Manipur on EPC mode PKG-2 - Balance Works & Rectification works,NHIDCL,Manipur,2026-06,92.99,100.0,-7.010000000000005,161.96,-17.003177206108433,0.18907742052030543,MODERATE EARLY-WARNING SIGNAL,STABLE,No thresholded rule warning,No thresholded rule warning,No thresholded rule warning
618339,Widening/Improvement to 2-Lane Lane with Paved Shoulder from km 16900 Bogapani to km 27150 Golai Goan on existing Dibrugarh to Ledo section with proposed Digboi Bypass Green Field and Brownfield 2-LanePS of NH-315 OLD NH-38 in Tinsukia District under NHO- NE Package-4,NHIDCL,Assam,2026-05,20.45,80.55555555555556,-60.105555555555554,0.0,-80.55555555555556,0.11672184776290105,MODERATE EARLY-WARNING SIGNAL,IMPROVING,Progress behind expected,Schedule pressure,No thresholded rule warning
618340,Widening/Improvement to 4-Lane with Paved Shoulder from km 626030 Nalani hulla Gaon to km 650450 Chotahapjan on existing Tinsukhia -Makum Bypass of NH-15 OLD NH-37 and Strengthening of existing NH-315 OLD NH-38 from Km 0000 Chotahapjan to Km 16900 Bogapani section 2-Lane PS in Assam on EPCMode under NHO-NE Package-3,NHIDCL,Assam,2026-06,88.99,100.0,-11.010000000000005,249.84,-45.5199633659696,0.0969967048004349,LOW EARLY-WARNING SIGNAL,STABLE,Schedule pressure,No thresholded rule warning,No thresholded rule warning
618341,Up-gradation to 2-lane with paved shoulders of Ngopa - Pawlrang section of NH 102B of Aizawl - Imphal Economic Corridor from Existing Chainage km 32.796 to km 72.030 [Design Chainage km 31.280 to km 68.170] in the State of Mizoram under Bharatmala Pariyojna on EPC mode under NHO-NE Package-2 Keifang- Tuivai Pkg-2,NHIDCL,Mizoram,2026-04,95.31,100.0,-4.689999999999998,394.29,-24.72221161556378,0.17001363802711913,MODERATE EARLY-WARNING SIGNAL,,No thresholded rule warning,No thresholded rule warning,No thresholded rule warning
618342,Rehabilitation and upgradation to 2 Lane with Paved shoulder of Economic corridor of NH-6 from Design chaiange Km 0.000 to Km 13.510 Package-1 in the state of Mizoram under Bharatmala Pariyojana on EPC mode,NHIDCL,Mizoram,2026-04,0.0,100.0,-100.0,0.0,-100.0,0.22558658919875743,MODERATE EARLY-WARNING SIGNAL,,Progress behind expected,Long implementation duration,Schedule pressure
618343,"Rehabilitation and Up gradation to 2-lane with paved shoulder of Keifang Section Economic Corridor of NH-06 from Existing Chainage Km 30050 Keifang to Km 50360 Keifang, Design Chainage Km 27400 to Km 45040 PkgIII in the State of Mizoram under Bharatmala Pariyojna on EPC Mode Seling-Dulte - III",NHIDCL,Mizoram,2026-04,0.0,100.0,-100.0,0.0,-100.0,0.23318457601170817,MODERATE EARLY-WARNING SIGNAL,,Progress behind expected,Long implementation duration,Schedule pressure
618344,Widening to 2-lane with Hard shoulder of Churachandpur to Tuivai Section of NH- 102B from Design Chainage 69.875 Km to 121.769 Km in the State of Manipur on EPC mode Package-3,NHIDCL,Manipur,2026-06,84.72,100.0,-15.280000000000001,563.27,-16.338170421970375,0.27050124124940933,MODERATE EARLY-WARNING SIGNAL,WORSENING,Schedule pressure,No thresholded rule warning,No thresholded rule warning
618345,Widening to 2-lane with Hard shoulder of Churachandpur to Tuivai Section from Km 48.587 to Km 69.875 in the State of Manipur on EPC mode under NHO Package-2B,NHIDCL,Manipur,2026-06,88.2,100.0,-11.799999999999997,195.73,-46.45309550515689,0.20817341953294421,MODERATE EARLY-WARNING SIGNAL,STABLE,Long implementation duration,Schedule pressure,No thresholded rule warning
618346,Widening to 2-lane with Hard shoulder of Churachandpur to Tuivai Section of NH- 102B from km 32.835 to km 48.587 in the State of Manipur on EPC mode under NHO Package-2A,NHIDCL,Manipur,2026-06,100.0,100.0,0.0,155.44,-33.28469033005709,0.24866941471795528,MODERATE EARLY-WARNING SIGNAL,STABLE,Long implementation duration,No thresholded rule warning,No thresholded rule warning
618347,Widening to 2-lane with Hard shoulder of Churachandpur to Tuivai Section of NH- 102B from km 13.747 to km 32.835 in the State of Manipur on EPC mode under NHO Package-1B,NHIDCL,Manipur,2026-06,100.0,100.0,0.0,164.85,-31.744783040741964,0.23957703531630087,MODERATE EARLY-WARNING SIGNAL,STABLE,Long implementation duration,No thresholded rule warning,No thresholded rule warning
618348,Balance work of Widening to 2 Two lane with hard shoulder of Churachandpur to Tuivai section of NH-102B from km 130.000 to km 141.029 Package-4B in the State of Manipur on EPC Mode,NHIDCL,Manipur,2026-06,7.45,58.333333333333336,-50.88333333333333,97.93,-3.242199219921993,0.190863648779825,MODERATE EARLY-WARNING SIGNAL,WORSENING,Progress behind expected,No thresholded rule warning,No thresholded rule warning
618349,Balance work of Widening to 2 Two lane with hard shoulder of Churachandpur to Tuivai section of NH-102B from Design Chainage km 118850 to km 130000 Package- 4A in the State of Manipur on EPC Mode,NHIDCL,Manipur,2026-06,24.66,83.33333333333333,-58.67333333333333,0.0,-83.33333333333333,0.17562313556535317,MODERATE EARLY-WARNING SIGNAL,STABLE,Progress behind expected,Schedule pressure,No thresholded rule warning
618350,Improvement & widening of existing NH-08 to 4-lane with Paved Shoulder from Champak Nagar to Khayerpur section design Km 242500 to Km 261610 in the state of Tripura on EPC basis under NHO-NE,NHIDCL,Tripura,2026-06,48.3,87.5,-39.2,0.0,-87.5,0.1254439073879874,MODERATE EARLY-WARNING SIGNAL,STABLE,Progress behind expected,Schedule pressure,No thresholded rule warning
618351,Widening & Upgradation to 2 lanes with paved shoulders road from Tamenglong to Mahur NH-137 in the State of Assam starting from km 156.489 near P. Leikul to km 176.410 near Borowapu on EPC mode under NHO-NE Assam portion Package-10,NHIDCL,Assam,2026-06,90.5,100.0,-9.5,604.86,-32.06339222535465,0.12085990863938795,MODERATE EARLY-WARNING SIGNAL,IMPROVING,No thresholded rule warning,No thresholded rule warning,No thresholded rule warning
618352,Widening & Upgradation to 2 lanes with paved shoulders road from Tamenglong to Mahur NH-137 in the State of Assam starting from km 136.500 near Hejaichak to km 156.489 near P. Leikul Package-9 on EPC mode under NHO-NE Package-9,NHIDCL,Assam,2026-06,87.5,100.0,-12.5,559.69,-34.9477550356242,0.12443241463684407,MODERATE EARLY-WARNING SIGNAL,STABLE,Schedule pressure,No thresholded rule warning,No thresholded rule warning
618353,Widening & Upgradation to 2-lanes with paved shoulders road from Tamenglong to Mahur NH-137 in the State of Assam starting from km 116.480 near Hangrum to km 136.500 near Hejaichak Package-8 on EPC mode under NHO-NE Package 8,NHIDCL,Assam,2026-06,85.2,100.0,-14.799999999999997,557.37,-38.346754568381925,0.12620212387498908,MODERATE EARLY-WARNING SIGNAL,STABLE,Schedule pressure,No thresholded rule warning,No thresholded rule warning
618354,Wideinig & Upgradation to 2-lanes with paved shoulders road from Tamenglong to Mahur NH-137 in the State of Assam starting from km 96.870 near Jiri River to km 116.550 near Hangrum Package-7 on EPC mode Package7,NHIDCL,Assam,2026-06,90.36,100.0,-9.64,0.0,-100.0,0.11718626371497746,MODERATE EARLY-WARNING SIGNAL,STABLE,No thresholded rule warning,No thresholded rule warning,No thresholded rule warning
618355,"Construction of of 2 -Lane with paved shoulders road from Tamenglong-Tousem- Lisang-Mahur Road NH-137 starting near Dialong Village from km 10.000 at Dialong to km 31.430 near Old Tamenglong , near Barak River on EPC Mode Package-2",NHIDCL,Manipur,2026-06,95.28,100.0,-4.719999999999999,372.1,-23.0991795316924,0.20275580105380553,MODERATE EARLY-WARNING SIGNAL,STABLE,No thresholded rule warning,No thresholded rule warning,No thresholded rule warning
618356,Construction of 2 -Lane with paved shoulders road from Tamenglong to Mahur in the state of Manipur from km 31.430 at Old Tamenglong to km 43.480 ending near Phelong on EPC Mode Package-3,NHIDCL,Manipur,2026-06,98.5,100.0,-1.5,201.13,-14.076384142173623,0.4111261480372112,HIGH EARLY-WARNING SIGNAL,IMPROVING,Long implementation duration,No thresholded rule warning,No thresholded rule warning
618357,Construction of 2 -Lane with paved shoulders road from Tamenglong to Mahur NH- 137 in Manipur starting from km 54.180 near Azuram to km 80.630 near Mandeu on EPC Mode Package 5,NHIDCL,Manipur,2026-06,84.87,100.0,-15.129999999999995,330.12,-30.917004980538238,0.1975980687217496,MODERATE EARLY-WARNING SIGNAL,STABLE,Schedule pressure,No thresholded rule warning,No thresholded rule warning
618358,Construction of 2 -Lane with paved shoulders road from Tamenglong to Mahur NH- 137 starting from km 80.630 near Mandeu to km 96.870 near Jiri River on EPC Mode Package-6,NHIDCL,Manipur,2026-06,87.3,100.0,-12.700000000000003,231.08,-25.740728838614302,0.19671451700982504,MODERATE EARLY-WARNING SIGNAL,STABLE,Schedule pressure,No thresholded rule warning,No thresholded rule warning
618359,Widening/Improvement to 4-Lane with Paved Shoulder from km 55000 Nagabang Gamsuk to km 82514 Oyan in the State of Assam and Arunachal Pradesh on EPC mode under Bharatmala Pariyojna of Length 27.514 Km Package-3,NHIDCL,"Multi-States (Arunachal Pradesh, Assam)",2026-06,96.7,70.0,26.700000000000003,373.06,-13.940372969480222,0.20129087423374376,MODERATE EARLY-WARNING SIGNAL,WORSENING,No thresholded rule warning,No thresholded rule warning,No thresholded rule warning
618362,Construction of 2-laning with hard shoulder of Lunglei to Chhumkhum from Design Chainage Km 0.000 to Km 37.420 of NH-302 [Lunglei-Tlabung] Package-A,NHIDCL,Mizoram,2026-06,64.78,100.0,-35.22,552.89,-20.840432385997573,0.29019497597167754,MODERATE EARLY-WARNING SIGNAL,STABLE,Progress behind expected,Long implementation duration,Schedule pressure
618363,Construction of 2-laning with hard shoulder configuration of Chhumkhum to Tlabung from Design Chainage Km 37.420 to Km 74.950 of NH-302 in Mizoram under Bharatmala Pariyojana on EPC mode [Pkg-B],NHIDCL,Mizoram,2026-06,61.34,100.0,-38.66,494.49,-33.229360771287375,0.2802145821151462,MODERATE EARLY-WARNING SIGNAL,STABLE,Progress behind expected,Schedule pressure,No thresholded rule warning
618364,"Widening to 2 Lane with Hard shoulder of Akegwo-Avangkhu section of NH-202K for Package-I Design Chainage 0000 Km to 34795 Km, in the State of Nagaland on EPC mode under NH O-NE",NHIDCL,Nagaland,2026-06,87.0,100.0,-13.0,0.0,-100.0,0.11573602269036919,MODERATE EARLY-WARNING SIGNAL,STABLE,Schedule pressure,No thresholded rule warning,No thresholded rule warning
618365,Widening to 2 Lane with Hard shoulder of Akegwo-Avangkhu section of NH-202K for Package-III Design Chainage 69875 Km to 106816 Km in the State of Nagaland on EPC mode under NHO-NE,NHIDCL,Nagaland,2026-06,85.67,100.0,-14.329999999999998,0.0,-100.0,0.11988811558656186,MODERATE EARLY-WARNING SIGNAL,STABLE,Schedule pressure,No thresholded rule warning,No thresholded rule warning
618366,Widening to 2 Lane with Hard shoulder of Akegwo-Avangkhu section of NH-202K for Package-II Design Chainage 34795 Km to 69875 Km in the State of Nagaland on EPC mode under NHO-NE,NHIDCL,Nagaland,2026-06,58.5,100.0,-41.5,0.0,-100.0,0.1421989927587051,MODERATE EARLY-WARNING SIGNAL,STABLE,Progress behind expected,Schedule pressure,No thresholded rule warning
618367,Improvement and Widening to 2-lane with paved shoulder of road from design Km 72.000 Pati Chhari to design Km 107.654 Harina Total length 35.654 Km on Teliamura to Harina section of NH 208 in the state of Tripura on EPC mode under JICA ODA Loan Phase VI Package-4,NHIDCL,Tripura,2026-06,9.33,75.0,-65.67,259.36,-39.31971385334984,0.13797204902281035,MODERATE EARLY-WARNING SIGNAL,STABLE,Progress behind expected,No thresholded rule warning,No thresholded rule warning
618368,Improvement and Widening to 2-lane with paved shoulder of road from design Km 36.000 Rangamati to design Km 72.000 Pati Chhari Total length 36.000 Km on Teliamura to Harina section of NH 208 in the state of Tripura on EPC mode under JICA ODA Loan Phase VI Package-3,NHIDCL,Tripura,2026-06,14.5,87.5,-73.0,0.0,-87.5,0.12205499363914693,MODERATE EARLY-WARNING SIGNAL,STABLE,Progress behind expected,Schedule pressure,No thresholded rule warning
618369,Improvement and Widening to 2-lane with paved shoulder of road from existing Km 438.170 Khowai Chowmuhani to existing Km 439.410 South Pulinpur of NH-08 and from design Km 0.000 South Pulinpur to design Km 36.00 near Rangamati of NH 208 on Khowai Teliamura- Harina section Total length 37.24 in the state of Tripura on EPC mode under JICA ODA Loan Phase VI Package-2,NHIDCL,Tripura,2026-06,60.5,87.5,-27.0,0.0,-87.5,0.12318901794946946,MODERATE EARLY-WARNING SIGNAL,STABLE,Progress behind expected,Schedule pressure,No thresholded rule warning
618370,Improvement and Widening to 2-lane with paved shoulder of road from Km 101.300 to km 127.319 Total Length 26.019 Km i.e. the Khowai Teliamura-Amarpur-Harina- Sabroom section of NH 208 in the state of Tripura on EPC under JICA ODA Loan Phase VI Package-1,NHIDCL,Tripura,2026-06,63.15,95.83333333333333,-32.68333333333333,0.0,-95.83333333333333,0.16888065782617456,MODERATE EARLY-WARNING SIGNAL,WORSENING,Progress behind expected,Schedule pressure,No thresholded rule warning
618371,"Widening/Improvement to 4-Lane with Paved Shoulder configuration of existing single lane road from Srirampur near Bhairiguri Village to Kachukhana Harichara Paglagaunj Package-I of Srirampur - Dhubri Section of NH-127B from existing Km 0.000 to Km 28.050 Design Km 0.000 to Km 27.650, Design Length27.650 Km under JICA ODA Loan assistance Phase-V -Balance work",NHIDCL,Assam,2026-06,89.5,79.16666666666667,10.333333333333329,384.24,-16.575648731857505,0.1629619208804084,MODERATE EARLY-WARNING SIGNAL,STABLE,No thresholded rule warning,No thresholded rule warning,No thresholded rule warning
618372,"Widening / Improvement to 4-Lane with Paved Shoulder configuration of existing single lane road from Kachukhana Harichara Paglagaunj to Dhubri - Phulbari Bridge approach Package-II of Srirampur - Dhubri Section of NH-127B from existing Km 28.050 to Km 55.060 Design Km 27.650 to Km 54.154, Design Length26.504 Km under JICA ODA Loan assistance Phase-V [Srirampur - Dhubri Pkg-2]",NHIDCL,Assam,2026-04,100.0,100.0,0.0,638.5,-29.75952124265693,0.15814715466612117,MODERATE EARLY-WARNING SIGNAL,,No thresholded rule warning,No thresholded rule warning,No thresholded rule warning
618373,"Construction of 4-Lane Bridge including approaches over River Brahmaputra between Dhubri on North Bank,Assam and Phulbari on south Bank,Meghalaya on NH-127B under JICA ODA Loan assistance Phase-III",NHIDCL,Assam,2026-06,77.14,70.96774193548387,6.172258064516129,3033.59,-10.260002954006836,0.3559014943891869,HIGH EARLY-WARNING SIGNAL,STABLE,Long implementation duration,No thresholded rule warning,No thresholded rule warning
618374,Improvement/Widening to 2-L with Paved Shoulder/ 4-Laning of NH-40 section from Km 151330 to Km 163400 design Km 63.530 to Km 71.520 including Dawki Bridge of length 368 m between Shillong-Dawki under JICA ODA Loan assistance Phase-II Pkg- 5 -Balance work,NHIDCL,Meghalaya,2026-06,41.92,83.33333333333333,-41.41333333333333,170.81,-23.233407222359048,0.2124429600781772,MODERATE EARLY-WARNING SIGNAL,WORSENING,Progress behind expected,Schedule pressure,No thresholded rule warning
618375,Improvement/Widening to 2-Lane with Paved Shoulder from design Km 45.760 to Km 63.530 between Shillong-Dawki under JICA ODA Loan assistance Phase-II -Balance work Pkg-4,NHIDCL,Meghalaya,2026-06,53.21,100.0,-46.79,42.39,-90.48506206370227,0.19737469545437164,MODERATE EARLY-WARNING SIGNAL,STABLE,Progress behind expected,Schedule pressure,No thresholded rule warning
618376,Improvement/Widening to 2-Lane with Paved Shoulder between Shillong-Dawki road up to Bangladesh Border from design Km 10.670 to Km 37.550 under JICA ODA Loan assistance Phase-II -Balance Work-Pkg-2,NHIDCL,Meghalaya,2026-06,51.02,93.33333333333333,-42.313333333333325,0.0,-93.33333333333333,0.14580556379653242,MODERATE EARLY-WARNING SIGNAL,STABLE,Progress behind expected,Schedule pressure,No thresholded rule warning
618377,Improvement/Widening to 2-L with Paved Shoulder/4-L from Km 81740 to Km 93490 design Km 0000 to Km 10670 of NH-40 New NH-106 & 206 section & 4-L from design Km 0.00 to Km 0.930 of NH-44 section between Shillong-Dawki under JICA ODA Loan assistance Phase-II -Balance Work Pkg-1,NHIDCL,Meghalaya,2026-06,100.0,100.0,0.0,0.0,-100.0,0.12250489441184151,MODERATE EARLY-WARNING SIGNAL,STABLE,No thresholded rule warning,No thresholded rule warning,No thresholded rule warning
618379,Widening and Up-gradation to 2- Lane with Paved Shoulder Configuration and geometric improvement from Km. 208. 000 to Km 250.000 Package-5 on Aizawl Tuipang Section of NH-54 in the State of Mizoram Package-5,NHIDCL,Mizoram,2026-06,95.35,100.0,-4.650000000000006,125.64,-83.31230325811208,0.16886397410400486,MODERATE EARLY-WARNING SIGNAL,STABLE,Long implementation duration,No thresholded rule warning,No thresholded rule warning
618380,Widening and Up-gradation to 2- Lane with Paved Shoulder Configuration and geometric improvement from Km. 125. 000 to Km 166 Package-3 on Aizawl Tuipang Section of NH-54 in the State of Mizoram Package-3,NHIDCL,Mizoram,2026-06,97.51,100.0,-2.489999999999995,159.55,-81.59937261414616,0.1701201044713853,MODERATE EARLY-WARNING SIGNAL,STABLE,Long implementation duration,No thresholded rule warning,No thresholded rule warning
618381,Widening and up-gradation to 2-lane with paved shoulder configuration and geometric improvements from km 250.00 Lunglei to km 298.00 on Aizawl-Tuipang section under JICA ODA Loan assistance Phase-I Package-6,NHIDCL,Mizoram,2026-04,98.73,100.0,-1.269999999999996,168.78,-78.04516364014776,0.21470249850549555,MODERATE EARLY-WARNING SIGNAL,,Long implementation duration,No thresholded rule warning,No thresholded rule warning
618382,Widening and up-gradation to 2-lane with paved shoulder configuration and geometric improvements from km 298.00 to km 339.00 on Aizawl-Tuipang section under JICA ODA Loan assistance Phase-I Package-7,NHIDCL,Mizoram,2026-04,100.0,100.0,0.0,0.01,-99.99834918119387,0.19304192443850104,MODERATE EARLY-WARNING SIGNAL,,Long implementation duration,No thresholded rule warning,No thresholded rule warning
618383,Widening and up-gradation to 2-lane with paved shoulder configuration and geometric improvements from km 339.00 to km 380.00 Siaha on Aizawl-Tuipang section under JICA ODA Loan assistance Phase-I Package-8,NHIDCL,Mizoram,2026-06,99.82,100.0,-0.18000000000000682,101.89,-84.00621605500267,0.15844977551567588,MODERATE EARLY-WARNING SIGNAL,STABLE,Long implementation duration,No thresholded rule warning,No thresholded rule warning
618384,Widening and Up-gradation to 2- Lane with Paved Shoulder Configuration and geometric improvement from Km. 166. 000 to Km 208.000 Package-4 on Aizawl Tuipang Section of NH-54 in the State of Mizoram Package-4,NHIDCL,Mizoram,2026-04,99.88,100.0,-0.12000000000000455,191.59,-78.69920506976486,0.21282786291000275,MODERATE EARLY-WARNING SIGNAL,,Long implementation duration,No thresholded rule warning,No thresholded rule warning
618385,Rehabilitation and up-gradation of road from design km 25.250 to km 36.460 Total lengh 11.210 km of Kailashahar-Kurti Bridge section on NH-208A to 2-lane with paved shoulder on EPC basis under NHO Package-III- Balance Work,NHIDCL,Tripura,2026-06,41.9,100.0,-58.1,0.0,-100.0,0.16157541153969474,MODERATE EARLY-WARNING SIGNAL,STABLE,Progress behind expected,Schedule pressure,No thresholded rule warning
618386,Rehabilitation & Upgradation of Road from Km 0.00 to Km 18.600 Total length-18.600 km of Kumarghat-Kailashahar section on NH-208 to 2-lane with Paved shoulder on EPC bais under NHO,NHIDCL,Tripura,2026-04,0.0,100.0,-100.0,0.0,-100.0,0.23153955534813325,MODERATE EARLY-WARNING SIGNAL,,Progress behind expected,Long implementation duration,Schedule pressure
618387,Construction of 2-laning with Hard shoulder of Ukhrul Tolloi - Tadubi section of NH- 102A from Design Chainage km 9450 to km 50850 in the State of Manipur on EPC mode under NHO-NE Package-2,NHIDCL,Manipur,2026-06,80.02,100.0,-19.980000000000004,267.11,-53.86541849459394,0.13026680538133542,MODERATE EARLY-WARNING SIGNAL,STABLE,Schedule pressure,No thresholded rule warning,No thresholded rule warning
618388,Construction of 2-laning with Hard shoulder road of Ukhrul - Tolloi - Tadubi section of NH-102A from Design Chainage 50.850 km to 81.870 km in the State of Manipur on EPC mode under NHO-TSP Package -3,NHIDCL,Manipur,2026-06,91.11,100.0,-8.89,251.46,-20.313094181772087,0.16584744619844774,MODERATE EARLY-WARNING SIGNAL,STABLE,No thresholded rule warning,No thresholded rule warning,No thresholded rule warning
618389,Construction of 2-laning with Hard shoulder road of Ukhrul - Tolloi - Tadubi section of NH-102A from Design Chainage 81.870 km to 105.825 km in the State of Manipur on EPC mode under NHO-TSP Package -4,NHIDCL,Manipur,2026-06,97.0,100.0,-3.0,255.6,-17.75003217917363,0.20242581319642503,MODERATE EARLY-WARNING SIGNAL,STABLE,No thresholded rule warning,No thresholded rule warning,No thresholded rule warning
618390,"Construction, Operation & Maintenance of 2-L Bi-directional Silkyara Bend- Barkot Tunnel with escape passage including approaches Tunnel-4.531 & Approach road- 0.328 on Dharasu-Yamunotri section b/w Chainage 25.400km and 51.00km falling along NH-134 Old NH-94 on EPC mode",NHIDCL,Uttarakhand,2026-06,73.5,100.0,-26.5,830.46,-39.986124962060444,0.2789885819095118,MODERATE EARLY-WARNING SIGNAL,STABLE,Progress behind expected,Long implementation duration,Schedule pressure
618391,"Construction for Mitigation Measures of 5 Nos. Landslides, 05 No. Sinking Zones and 01 No. Bridge from Ch. 450.00 to Ch. 468.00 18 Km. Length on NH-07 Package-III",NHIDCL,Uttarakhand,2026-06,87.57,100.0,-12.430000000000007,0.0,-100.0,0.14036097800518815,MODERATE EARLY-WARNING SIGNAL,STABLE,Schedule pressure,No thresholded rule warning,No thresholded rule warning
618392,"Construction for Mitigation Measures of 5 Nos. Landslides, 5 Nos. Sinking Zones in between Ch. 433.00 to 450.00 BANERPANI VILLAGE on NH-07 on EPC mode in the state of Uttarakhand Package-2",NHIDCL,Uttarakhand,2026-06,64.23,100.0,-35.769999999999996,0.0,-100.0,0.1393154977737421,MODERATE EARLY-WARNING SIGNAL,STABLE,Progress behind expected,Schedule pressure,No thresholded rule warning
618393,"Construction for Mitigation Measures of 10 Nos. Landslides, 01 No. Sinking Zones and 1 No. of Minor Bridge in between at Ch. Km 368.00 to Km 433.00 on NH-07 on EPC Mode in Uttarakhand Package-1",NHIDCL,Uttarakhand,2026-06,98.61,100.0,-1.3900000000000006,113.17,-47.770906405759646,0.14867306976323624,MODERATE EARLY-WARNING SIGNAL,STABLE,No thresholded rule warning,No thresholded rule warning,No thresholded rule warning
618394,Up-gradation to 2-lane with Paved Shoulder from Km 12.850 to Km20.300 of 7.450Km length on Goha-Khellani section and a link road to Goha village of 2.016 km on NH- 244 in UT of Jammu and Kashmir on EPC Mode Pkg-1,NHIDCL,Jammu and Kashmir,2026-06,94.26,100.0,-5.739999999999995,176.58,-22.684881124392476,0.22828396279494892,MODERATE EARLY-WARNING SIGNAL,STABLE,Long implementation duration,No thresholded rule warning,No thresholded rule warning
618395,"Construction & Upgradation to 2-lane with paved shoulder from Design Ch. Km 51700 at Premnagar km 66315 to Km 66535 New Thatri at Start of Km 83rd, Tunnel Km 82665 of 14.835 Km design length on Chenani-Sudhmahadev-Goha Khellani- Kishtwar-Vailoo Donipawa-Ashajipora section of NH-244 in the UT of J&K on EPC Mode under NHO-Gen Pkg - 2",NHIDCL,Jammu and Kashmir,2026-06,53.49,100.0,-46.51,164.66,-67.86683059149541,0.23693951534195848,MODERATE EARLY-WARNING SIGNAL,STABLE,Progress behind expected,Schedule pressure,No thresholded rule warning
618396,Construction & Upgradation to 2 lane with paved shoulder from Design Km. 31.449 Khellani Ex. Km 44.946 to Km 51.700 Prem Nagar Ex. Km 68617 of 20.251 Km length on Khellani - Kishtwar - Chattroo section of NH-244 in the UT of J&K on EPC Mode under NHO-Gen PKG- 1,NHIDCL,Jammu and Kashmir,2026-04,0.0,100.0,-100.0,0.0,-100.0,0.22282594289989016,MODERATE EARLY-WARNING SIGNAL,,Progress behind expected,Long implementation duration,Schedule pressure
618397,Widening and Up-gradation to 2-Lane with Paved Shoulder of configuration and geometric improvement from Km 0.000 to Km 16.990 on Chenani Sudhmahadev section of NH-244 in UT of Jammu and Kashmir to be executed on EPC basis,NHIDCL,Jammu and Kashmir,2026-06,94.06,100.0,-5.939999999999998,242.42,-5.267682688550224,0.3024613117565909,HIGH EARLY-WARNING SIGNAL,WORSENING,Long implementation duration,No thresholded rule warning,No thresholded rule warning
618398,Up-gradation to 2-lane with Paved Shoulder from Km 20.300 to Km 29.030 of 8.730 Km length on Goha-Khellani section on NH-244 in UT of Jammu and Kashmir on EPC Mode Package II,NHIDCL,Jammu and Kashmir,2026-06,96.95,100.0,-3.049999999999997,190.26,-9.739551212106832,0.3315904942528702,HIGH EARLY-WARNING SIGNAL,WORSENING,Long implementation duration,No thresholded rule warning,No thresholded rule warning
618399,Construction of Kishtwar bypass with 2 lane with paved shoulder from Design Km. 80.675 Dulhasti to km 95.550 Bandarkoot of 14.88 km & a link road to Kishtwar town from 0000 to 1.871 of length1.871 Km on Khellani - Kishtwar - Chattroo section in UT of Jammu and Kashmir on EPC Mode Pkg-4,NHIDCL,Jammu and Kashmir,2026-06,50.64,100.0,-49.36,360.47,-58.06879383949655,0.24396333552416063,MODERATE EARLY-WARNING SIGNAL,STABLE,Progress behind expected,Schedule pressure,No thresholded rule warning
618400,Construction & Upgradation to 2-lane with paved shoulder from Design Km 67.805 at the end of Km 83rd Tunnel near Dhrabshalla Ex. Km 83905 to Km 80.675 start of Kishtwar Bypass - Dulhasti Ex. Km 970751 of 12.870 Km length on chenani- Sudhmahadev-Goha Khellani-Kishtwar-vailoo-Donipawa-Ashajipora seition of NH-244 in the UT of J&K on EPC Mode under NHO-Gen Pkg-3,NHIDCL,Jammu and Kashmir,2026-06,98.55,100.0,-1.4500000000000028,120.09,-69.86524804898247,0.21419132367487856,MODERATE EARLY-WARNING SIGNAL,STABLE,No thresholded rule warning,No thresholded rule warning,No thresholded rule warning
618401,"Construction of Intermediate Lane with Hard Shoulder of Hunli to Hayuliang Package- III from design Km 60.000 to Km 121.500 Design Length 61.500 km, Greenfield Section of Frontier Highway NH-913 in the State of Arunachal Pradesh on EPC Mode Pkg-3",NHIDCL,Arunachal Pradesh,2026-06,1.7,30.555555555555557,-28.855555555555558,0.0,-30.555555555555557,0.07582602600459443,LOW EARLY-WARNING SIGNAL,STABLE,Progress behind expected,No thresholded rule warning,No thresholded rule warning
618402,"Construction of Intermediate Lane with Hard Shoulder of Hunli to Hayuliang from Design Km 0.000 to Km 53.000 Design Length 53.000 km, Greenfield Section of Frontier Highway NH-913 in the State of Arunachal Pradesh on EPC Mode Package-I",NHIDCL,Arunachal Pradesh,2026-06,18.1,42.857142857142854,-24.757142857142853,245.19,-23.435075891053646,0.09373971539597183,LOW EARLY-WARNING SIGNAL,STABLE,Progress behind expected,No thresholded rule warning,No thresholded rule warning
618403,Construction of Intermediate Lane Road with hard shoulder from design Km 0.000 to Km 17.387 Total length 17.387 km of Hunli to Ithun Bridge section on NH-913 Frontier Highway in State of Arunachal Pradesh on EPC mode under NHO-NE,NHIDCL,Arunachal Pradesh,2026-06,54.11,70.83333333333333,-16.72333333333333,0.0,-70.83333333333333,0.14419392773612355,MODERATE EARLY-WARNING SIGNAL,STABLE,No thresholded rule warning,No thresholded rule warning,No thresholded rule warning
618404,Construction of lntermediate Lane Road with hard shoulder from design chainage Km 0.000 to Km 53.040 Existing Length68.500 Km & Total Design length 53.04 km of Tato to Monigong section of NH-913 Frontier Highway on Nafra Bomdila to Vijaynagar along China border in state of Arunachal pradesh on EPC mode,NHIDCL,Arunachal Pradesh,2026-06,21.97,43.333333333333336,-21.363333333333337,0.0,-43.333333333333336,0.08913822783116056,LOW EARLY-WARNING SIGNAL,STABLE,Progress behind expected,No thresholded rule warning,No thresholded rule warning
618405,"Construction of Intermediate Lane of Pango to Jorging Road from 0000 to Design Km Design Km 40000 Design Length 40.00 Km, Pkg-l, Greenfield Alignment in the State of Arunachal Pradesh on EPC mode Pkg-1",NHIDCL,Arunachal Pradesh,2026-06,39.8,56.666666666666664,-16.866666666666667,0.0,-56.666666666666664,0.11342760731814001,MODERATE EARLY-WARNING SIGNAL,STABLE,No thresholded rule warning,No thresholded rule warning,No thresholded rule warning
618406,Up-gradation to 4-lane with Paved Shoulder of Jammu-Akhnoor road section of NH- 144A from Ganesh Vihar Km 6.000 to Khati Chowk Km 26.350 in UT of Jammu and Kashmir on EPC basis Pkg-3A,NHIDCL,Jammu and Kashmir,2026-06,92.21,100.0,-7.790000000000006,388.64,20.512263946168872,0.2702780280646444,MODERATE EARLY-WARNING SIGNAL,WORSENING,Expenditure ahead of progress,Long implementation duration,No thresholded rule warning
618407,Jammu-Akhnoor Road Pkg-I,NHIDCL,Jammu and Kashmir,2026-06,75.29,100.0,-24.709999999999994,97.2,-60.375050958010604,0.21452403480686688,MODERATE EARLY-WARNING SIGNAL,STABLE,Progress behind expected,Schedule pressure,No thresholded rule warning
618408,Kargil Zanskar Road,NHIDCL,Ladakh,2026-06,95.02,100.0,-4.980000000000004,325.95,-18.17907974998117,0.2124300811532537,MODERATE EARLY-WARNING SIGNAL,STABLE,No thresholded rule warning,No thresholded rule warning,No thresholded rule warning
618409,Widening & Up-gradation to 2 lane with Paved shoulder of NH-301 Kargil- Zanskar Road from Design km 57.000 Ex. Km. 57.905 to Km 87.000 Ex. Km. 88.2491 of 30.000 Km length Pkg-lll,NHIDCL,Ladakh,2026-06,89.3,100.0,-10.700000000000003,299.33,-21.437757539172196,0.24755610468782158,MODERATE EARLY-WARNING SIGNAL,STABLE,Schedule pressure,No thresholded rule warning,No thresholded rule warning
618410,Widening & Up-gradation to 2 lane with paved shoulder of NH-301 Kargil- Zanskar Road from Design Km .30.040 Ex. Km. 30.000 to Design Km 57.000 Ex. Km. 57.905 of 26.960 Km length Pkg-II,NHIDCL,Ladakh,2026-06,84.68,100.0,-15.319999999999993,359.99,-11.089431697498085,0.3242776592076025,HIGH EARLY-WARNING SIGNAL,WORSENING,Schedule pressure,No thresholded rule warning,No thresholded rule warning
618411,Melaghar-Srimantapur section on NH-08 Spur from Km 23 to Km 34.500 11.5 Km and overlay from Km 20.30 to Km 22.00 1.7 Km Total Length 13.2 Km,NHIDCL,Tripura,2026-06,72.48,100.0,-27.519999999999996,92.61,-52.737943352896146,0.14930592716310495,MODERATE EARLY-WARNING SIGNAL,STABLE,Progress behind expected,Schedule pressure,No thresholded rule warning
618412,Construction of i Connecting Road from Z-Morh Tunnel to Zojila Tunnel Road Length 18.475km and ii 14.150 Km long 2-L Bi-directional single tube Zoji-la Tunnel across Zojila Pass on Sonamarg - Kargil section from Km 82 to Km 118 of NH-01 under PMDP,NHIDCL,Andhra Pradesh,2026-06,68.8,95.77464788732394,-26.97464788732394,3549.07,-43.64905544589981,0.3236328578332866,HIGH EARLY-WARNING SIGNAL,STABLE,Progress behind expected,Long implementation duration,Schedule pressure
618413,Construction of 2 laning with Hard shoulder of Peren-Dimapur section on NH 129A from Design Km 146.208 to Km 163.592 Length- 17.384 km in the state of Nagaland on EPC mode under NHO-TSP Package-III,NHIDCL,Nagaland,2026-06,95.62,100.0,-4.3799999999999955,0.0,-100.0,0.12005153817067606,MODERATE EARLY-WARNING SIGNAL,STABLE,No thresholded rule warning,No thresholded rule warning,No thresholded rule warning
618414,Construction of Balance work for 2-lane with hard shoulder of Peren- Dimapur section on NH-129A from Design Km 126.775 to Km 146.208 Length 19.433 Km in the state of Nagaland on EPC mode under NHO-TSP Package-II,NHIDCL,Nagaland,2026-06,96.53,100.0,-3.469999999999999,135.86,-47.447006034349364,0.21062364959854027,MODERATE EARLY-WARNING SIGNAL,STABLE,No thresholded rule warning,No thresholded rule warning,No thresholded rule warning
618415,"Improvement of existing road to 2 laning with Hard Shoulders of Maram-Peren section Package-1B, length- 17.660 km from Design Chainage 22.340 km to 40.000 km on NH-129A in the State of Manipur on EPC mode",NHIDCL,Manipur,2026-06,100.0,100.0,0.0,0.0,-100.0,0.1840527385504933,MODERATE EARLY-WARNING SIGNAL,STABLE,Long implementation duration,No thresholded rule warning,No thresholded rule warning
618416,"Improvement of existing road to 2 laning with Hard Shoulders of Maram -Peren section Package-1A, length- 22.340Km from Design Chainage 0.000 km to 22.340 km on NH-129A in the State of Manipur on EPC mode",NHIDCL,Manipur,2026-06,75.08,100.0,-24.92,189.26,-16.375044185224453,0.32494350925743953,HIGH EARLY-WARNING SIGNAL,STABLE,Progress behind expected,Long implementation duration,Schedule pressure
618417,"Construction of 4-Lane with paved shoulder Agartala bypass Western side, length 25.402 km connecting NH-8 near Amtali to NH-108B near Lembuchhera in the state of Tripura on EPC basis under NHO-NE",NHIDCL,Tripura,2026-06,9.2,75.0,-65.8,487.38,-50.9443251647294,0.1687108488778553,MODERATE EARLY-WARNING SIGNAL,STABLE,Progress behind expected,No thresholded rule warning,No thresholded rule warning
618418,Rehabilitation and up gradation of Nongstoin-Rambrai-Kyrshai road up to Meghalaya- Assam border from Km 0.335 to km 34.039 to 2-Lane under NHO - NE in the State of Meghalaya Package-1,NHIDCL,Meghalaya,2026-06,83.02,100.0,-16.980000000000004,299.18,-16.862113043961543,0.2478764452166052,MODERATE EARLY-WARNING SIGNAL,WORSENING,Schedule pressure,No thresholded rule warning,No thresholded rule warning
618419,"Construction of 2-Lane with paved shoulders of Shillong Western Bypass starting from NH-06 near Ladumsaw existing Km 60.900 of old NH40 to NH106 old NH 44E Package-III, from km 24700 to km 38256 under SARDP-NE PHASE A in the state of Meghalaya on EPC Mode Greenfield alignment",NHIDCL,Meghalaya,2026-06,52.0,87.5,-35.5,254.54,-42.24683544303797,0.16459364352683745,MODERATE EARLY-WARNING SIGNAL,STABLE,Progress behind expected,Schedule pressure,No thresholded rule warning
618420,"Construction of 2 lane with paved shoulder of Shillong Western Bypass starting from NH-06 near Ladumsaw existing km 60.900 of old NH-40 to NH-106 old NH-44E, Package-II km 12800 to km 24700 under SARDP-NE Phase A in the State of Meghalaya on EPC Mode",NHIDCL,Meghalaya,2026-06,49.82,87.5,-37.68,435.15,-24.069829307756216,0.1579595827343017,MODERATE EARLY-WARNING SIGNAL,STABLE,Progress behind expected,Schedule pressure,No thresholded rule warning
618421,"Construction of 2-Lane with paved shoulder of Shillong Western Bypass starting from NH-06 near Ladumsaw Existing km 60.900 of old NH-40 to NH106 old NH-44E, km 0000 to km 12800 Package-I under SARDP-NE PHASE A in the State of Meghalaya on EPC Mode Greenfield alignment",NHIDCL,Meghalaya,2026-06,73.13,87.5,-14.370000000000005,304.5,-38.41084958890859,0.18181423357941526,MODERATE EARLY-WARNING SIGNAL,WORSENING,Schedule pressure,No thresholded rule warning,No thresholded rule warning
618422,"Construction of 2-lane with hard shoulders of Merangkong-Tamlu-Mon road Wakching Twon portion on EPC basis from existing Chainage Km 59000 to Km 73640 [Design Km. 59000 to Km, 72450] Design length - 13.450 Km under SARDP-NE package-V Balance work",NHIDCL,Nagaland,2026-06,99.75,100.0,-0.25,101.21,-37.42039201137698,0.19345494841574418,MODERATE EARLY-WARNING SIGNAL,STABLE,No thresholded rule warning,No thresholded rule warning,No thresholded rule warning
618423,Construction of 2-Lane with hard shoulders of Merangkong-Tamlu-Mon MTM Road from existing Km 20.456 to Km 41.065 Design Km. 20 to Km. 40.0 Design Length- 20.000 Km in the State of Nagaland under SARDP-NE Phase-A Pkg-2 Balance work,NHIDCL,Nagaland,2026-06,100.0,100.0,0.0,173.12,-19.77385421011168,0.23306992848722624,MODERATE EARLY-WARNING SIGNAL,WORSENING,No thresholded rule warning,No thresholded rule warning,No thresholded rule warning
618426,Construction/Up gradation of Existing road to 2 Lane with Paved Shoulder including Geometric Improvement from Ranipool to Pakyong Balance work from Km 2.000 to 16.167 of NH-717-A on EPC basis under SARDP-NE Phase A in the State of Sikkim,NHIDCL,Sikkim,2026-06,87.03,100.0,-12.969999999999999,0.17,-99.93581030055883,0.13503243004190282,MODERATE EARLY-WARNING SIGNAL,STABLE,Schedule pressure,No thresholded rule warning,No thresholded rule warning
618427,Construction & upgradation of existing road to 2-lane with paved shoulder including geometric improvement of Kafer- Lava More section from km 40.00 to km 61.100 of NH717-A on EPC under SARDP-NE A in state of West Bengal Pkg-VA,NHIDCL,West Bengal,2026-06,95.98,100.0,-4.019999999999996,6.12,-98.03228088225838,0.16404163264972535,MODERATE EARLY-WARNING SIGNAL,STABLE,Long implementation duration,No thresholded rule warning,No thresholded rule warning
618428,Realignment of NH-717A from Design Ch.0.00 Km 77.800 of NH-10 to Design Ch.2.00 Km 3.100 of NH-717A with two lane paved shoulder including Major Bridge of 680 m in the State of Sikkim on EPC Mode-COS work,NHIDCL,Sikkim,2026-06,100.0,100.0,0.0,70.7,-73.30463676181846,0.2156616385789818,MODERATE EARLY-WARNING SIGNAL,STABLE,Long implementation duration,No thresholded rule warning,No thresholded rule warning
618429,Construction & upgradation of existing road to 2-lane with paved shoulder including geometric improvement of sect. from Pedong bypass to Reshi Border km 79.700 to km 96.254 of NH-717A under SARDP-NE-A on EPC as part of Alternate connectivity to Gangtok Lava More-Reshi Border Pkg-VB,NHIDCL,West Bengal,2026-06,97.2,100.0,-2.799999999999997,418.73,21.23747756094737,0.26606327575512484,MODERATE EARLY-WARNING SIGNAL,STABLE,Expenditure ahead of progress,Long implementation duration,No thresholded rule warning
618430,Construction of alternative highway to Gangtok in Sikkim via Bagrakot -Chuikhim- Nimbong -Kafer-Bakhim-Algarah-Rhenock in the State of West Bengal and from Rhenok-Rorathang-Pakyong along with spur from Aritar-Rolep-Menla in the State of Sikkim from Km 0.00 to Km 13.00 of Bagrakot -Kafer section of NH 717A on EPC Mode under Phase-A of SARDP-NE in the State of West Bengal PKG- IVA,NHIDCL,West Bengal,2026-06,99.23,100.0,-0.769999999999996,0.39,-99.90321139623765,0.16134286079812396,MODERATE EARLY-WARNING SIGNAL,STABLE,Long implementation duration,No thresholded rule warning,No thresholded rule warning
618431,Construction of alternative highway to Gangtok in Sikkim via Bagrakot -Chuikhim- Nimbong -Kafer-Bakhim-Algarah-Rhenock in the State of West Bengal and from Rhenok-Rorathang-Pakyong along with spur from Aritar-Rolep-Menla in the State of Sikkim from Km 13.00 to Km 25.60 of Bagrakot -Kafer section of NH 717A on EPC Mode under Phase-A of SARDP-NE in the State of West Bengal PKG- IVB,NHIDCL,West Bengal,2026-06,97.73,100.0,-2.269999999999996,0.0,-100.0,0.15275557347834143,MODERATE EARLY-WARNING SIGNAL,STABLE,Long implementation duration,No thresholded rule warning,No thresholded rule warning
618432,Construction of Balance work of 2-Lane with PS of Joram-Koloriang Road NH-713 on EPC basis from Design Km 44.989 to Km 61.547 Existing Km 50.050 to Km 70.000 in the state of Arunachal Pradesh under SARDP-NE Pkg-3,NHIDCL,Arunachal Pradesh,2026-04,99.52,100.0,-0.480000000000004,0.0,-100.0,0.24261514365908055,MODERATE EARLY-WARNING SIGNAL,,Long implementation duration,No thresholded rule warning,No thresholded rule warning
618433,Construction of Balance work of 2-Lane with PS of Joram Koloriang Road from existing Km122.600 to km138.00 [Design Km108.724 to Km123.714] in Arunachal Pradesh on EPC Mode under SARDP-NE Pkg-7,NHIDCL,Arunachal Pradesh,2026-06,99.69,100.0,-0.3100000000000023,0.0,-100.0,0.15779383059610705,MODERATE EARLY-WARNING SIGNAL,STABLE,Long implementation duration,No thresholded rule warning,No thresholded rule warning
618434,Roing-Hunli Road Greenfield Alignment Project,NHIDCL,Arunachal Pradesh,2026-06,82.32,100.0,-17.680000000000007,189.24,-88.98864767047405,0.23580660208284926,MODERATE EARLY-WARNING SIGNAL,STABLE,Long implementation duration,Schedule pressure,No thresholded rule warning
618435,4-Laning from Rangagara to Kaliabor Tiniali from km 297.00 to km 315.315 of NH-37 on EPC basis under SARDP-NE in state of Assam,NHIDCL,Assam,2026-05,97.13,100.0,-2.8700000000000045,352.16,-8.887221546661138,0.2737440596940788,MODERATE EARLY-WARNING SIGNAL,STABLE,Long implementation duration,No thresholded rule warning,No thresholded rule warning
618436,4-Laning of Jamugurihat to end of Biswanath Chariali By-Pass from Km 182.000 to Km 208.000 of NH-52 on EPC mode in state of Assam under SARDP-NE,NHIDCL,Assam,2026-06,100.0,100.0,0.0,434.89,-27.39732888146912,0.2042061237861463,MODERATE EARLY-WARNING SIGNAL,STABLE,Long implementation duration,No thresholded rule warning,No thresholded rule warning
618437,"Construction of Balance Work of 4-Laning of NH-37 Section between End of Moran Bypass to Bogibeel junction near Lapetketa Km. 561.700-Km. 580.875 under SARDP- NE, Phase 'A' in the State of Assam on EPC mode Pkg-I Road works & Toll Plaza",NHIDCL,Assam,2026-06,100.0,100.0,0.0,96.67,-64.7627032149887,0.1687260798617001,MODERATE EARLY-WARNING SIGNAL,STABLE,No thresholded rule warning,No thresholded rule warning,No thresholded rule warning
618438,"4-Laning of NH-37 Section between Demow to End of Moran Bypass From Km. 534.800 to Km. 561.700 including Emergency Landing Facility ELF under SARDP-NE, Phase 'A' in the State of Assam on EPC mode",NHIDCL,Assam,2026-06,100.0,100.0,0.0,685.73,77.84838032004566,0.26253706692737405,MODERATE EARLY-WARNING SIGNAL,WORSENING,Expenditure ahead of progress,No thresholded rule warning,No thresholded rule warning
618439,"Construction of Balance Work of 4-Laning of the Section from Jorhat to Jhanji of NH- 37 Old from Km 453000 to Km 463000 10.000 Km, under SARDP- NE under EPC Mode in the state of Assam Pkg-I Road Works",NHIDCL,Assam,2026-05,96.79,100.0,-3.2099999999999937,0.0,-100.0,0.09808310068274595,LOW EARLY-WARNING SIGNAL,STABLE,No thresholded rule warning,No thresholded rule warning,No thresholded rule warning
618440,"Construction of Balance Work of 4-Laning of the Section from Jhanji to Demow of NH- 37 Old from Km 490.800 to Km 534.800, under SARDP- NE on EPC Mode in the state of Assam Pkg- IV Structures & Toll Plaza",NHIDCL,Assam,2026-06,58.19,100.0,-41.81,0.0,-100.0,0.21004699716191122,MODERATE EARLY-WARNING SIGNAL,STABLE,Progress behind expected,Schedule pressure,No thresholded rule warning
618441,"Construction of Balance Work of 4-Laning of the Section from Jhanji to Demow of NH- 37 Old from Km 490.800 to Km 501.800 11.000 Km, under SARDP- NE under EPC Mode in the state of Assam Pkg-I Road Works",NHIDCL,Assam,2026-06,87.33,100.0,-12.670000000000002,0.0,-100.0,0.20679626720715005,MODERATE EARLY-WARNING SIGNAL,STABLE,Schedule pressure,No thresholded rule warning,No thresholded rule warning
618442,"Construction of Balance Work of the 4-Laning of the Section from Jorhat to Jhanji of NH-37 Old from Km 477.000 to Km 490800 13.800 Km, under SARDP- NE under EPC Mode in the state of Assam Pkg-III Road Works",NHIDCL,Assam,2026-06,100.0,100.0,0.0,398.28,11.028099910793927,0.19840406020837495,MODERATE EARLY-WARNING SIGNAL,WORSENING,No thresholded rule warning,No thresholded rule warning,No thresholded rule warning
618443,"Construction of Balance Work of the 4-Laning of the Section from Jorhat to Jhanji of NH-37 Old from Km 463.00 to Km 477.000 14.000 Km, under SARDP- NE under EPC Mode in the state of Assam Pkg-II Road Works",NHIDCL,Assam,2026-05,95.86,100.0,-4.140000000000001,0.0,-100.0,0.09919740006103385,LOW EARLY-WARNING SIGNAL,STABLE,No thresholded rule warning,No thresholded rule warning,No thresholded rule warning
618444,"Construction of Balance Work of the 4-Laning of the Section from Jorhat to Jhanji of NH-37 Old from Km 453.000 to Km 490.800, under SARDP- NE , under EPC Mode in the state of Assam Pkg-IV Structures & Toll Plaza",NHIDCL,Assam,2026-05,94.73,100.0,-5.269999999999996,0.0,-100.0,0.10369931763146889,MODERATE EARLY-WARNING SIGNAL,STABLE,No thresholded rule warning,No thresholded rule warning,No thresholded rule warning
618445,Construction of 2-Laning with hard shoulders of Demwe-Brahmakund section of NH- 13 from Ch.0.00 km to 18.464 km on EPC under SARDP-NE NHO-NE -Balance Work,NHIDCL,Arunachal Pradesh,2026-06,19.55,40.0,-20.45,0.0,-40.0,0.12632065749268045,MODERATE EARLY-WARNING SIGNAL,STABLE,Progress behind expected,No thresholded rule warning,No thresholded rule warning
618446,Construction & Upgradation of existing road to 2-lane with paved shoulder from New Rolep Bridge at km 37.600 to Chochenpheri at km 52.00 in the section of Rongli to Chochenpheri of NH 717B Pkg-II C,NHIDCL,Sikkim,2026-06,79.13,100.0,-20.870000000000005,0.03,-99.9939199870293,0.18127363650604575,MODERATE EARLY-WARNING SIGNAL,STABLE,Progress behind expected,Long implementation duration,Schedule pressure
618447,Construction of 2-Laning with Paved Shoulder of New Greenfield Alignment From Helipad near Menla at Km 82000 to Menla at Km 94030 of Rhenock-Menla Spur NH- 717B Package-IIIB on EPC Basis under SARDP-NE Phase 'A' in the State of Sikkim.,NHIDCL,Sikkim,2026-06,82.64,100.0,-17.36,0.0,-100.0,0.17166516037331825,MODERATE EARLY-WARNING SIGNAL,STABLE,Long implementation duration,Schedule pressure,No thresholded rule warning
618448,Construction of 2-Laning with Paved Shoulder of New Greenfield Alignment From Chochenpheri at Km 52000 to Helipad near Menla at Km 82000 of Rhenock-Menla Spur NH-717B Package-IIIA on EPC Basis under SARDP-NE Phase 'A' in the State of Sikkim.,NHIDCL,Sikkim,2026-06,64.31,100.0,-35.69,32.28,-96.04794377991895,0.21623620480136485,MODERATE EARLY-WARNING SIGNAL,STABLE,Progress behind expected,Long implementation duration,Schedule pressure
618449,Construction & Upgradation of existing road to 2-lane with paved shoulder from km27.200 End of Rongli bypass to km37.600New Rolep Bridge of Rhenok-Menla spur NH-717B on EPC Mode under SARDP-NE Phase-A in Sikkim Pkg-II B,NHIDCL,Sikkim,2026-06,86.19,100.0,-13.810000000000002,0.0,-100.0,0.15807577259695696,MODERATE EARLY-WARNING SIGNAL,STABLE,Long implementation duration,Schedule pressure,No thresholded rule warning
618450,Rehabilitation & Upgradation of existing road to 2-lane with paved shoulder including geometric improvement of section from start of Rabangla km33.600 to km58.840 under SARDP-NE Phase A Pkg- IV,NHIDCL,Sikkim,2026-06,65.15,100.0,-34.849999999999994,1.91,-99.34767759562841,0.2286785381848001,MODERATE EARLY-WARNING SIGNAL,STABLE,Progress behind expected,Long implementation duration,Schedule pressure
618452,"2-laning of Zorinpui - Longmasu section of NH-502A from km 0.000 to km 28.244 in the State of Mizoram on EPC mode under NHO-NE, stretch of IMBR",NHIDCL,Mizoram,2026-06,4.71,75.0,-70.29,48.14,-68.84280872290081,0.12530502529656648,MODERATE EARLY-WARNING SIGNAL,STABLE,Progress behind expected,No thresholded rule warning,No thresholded rule warning
618454,"Earthwork in Formation, Road Work, Construction of Bridges, Blanketing, P. Way Linking works including Supply of P. Way Fittings and Track Ballast in connection with Construction of Railway Siding from Jogighopa Railway Station to MMLP at Jogighopa from Ch. 00 to 3760 on Item Rate basis Package -3, Railway Siding from Jogighopa Railway Station to MMLP",NHIDCL,Assam,2026-06,93.23,100.0,-6.769999999999996,41.78,-93.97956684006513,0.18215518332398517,MODERATE EARLY-WARNING SIGNAL,STABLE,Long implementation duration,No thresholded rule warning,No thresholded rule warning
618455,Development of External Trunk Connectivity and Internal Infrastructure Works at Multi Model Logistics ParkMMLP at Jogighopa in the State of Assam on EPC Mode Package-I Road and Utility Works,NHIDCL,Assam,2026-06,100.0,100.0,0.0,310.1,-55.315071256682565,0.18548151761099818,MODERATE EARLY-WARNING SIGNAL,STABLE,Long implementation duration,No thresholded rule warning,No thresholded rule warning
618456,Delhi-Vadodara Greenfield Alignment NH-148N Pkg-14 Ch. 388.420 to Ch. 419.000 [Junction with NH- 76 to Junction with NH-12 near village Ummedpura],National Highways Authority of India [NHAI],Rajasthan,2026-04,99.8,100.0,-0.20000000000000284,975.7,-12.833340778130164,0.2196672594434061,MODERATE EARLY-WARNING SIGNAL,,No thresholded rule warning,No thresholded rule warning,No thresholded rule warning
618457,Delhi-Vadodara Greenfield Alignment NH-148N Pkg-10 Ch. 292.950 to Ch. 319.400 [End of Interchange on NH-166 near village Mui to Hardeoganj village near Indergarh],NHAI,Rajasthan,2026-06,95.25,100.0,-4.75,1150.12,-9.650659481370354,0.4371723795095313,HIGH EARLY-WARNING SIGNAL,WORSENING,Long implementation duration,No thresholded rule warning,No thresholded rule warning
618458,Delhi-Vadodara Greenfield Alignment NH-148N Pkg-15 Ch. 419.000 to Ch.427.300 [Junction with NH-12 near village Ummedpura to Major bridge over Takli river near Nayagaon Jageer village],NHAI,Rajasthan,2026-06,95.52,100.0,-4.480000000000004,1495.49,-19.3666832014148,0.33481307368484614,HIGH EARLY-WARNING SIGNAL,WORSENING,No thresholded rule warning,No thresholded rule warning,No thresholded rule warning
618459,Delhi-Vadodara Greenfield Alignment NH-148N Pkg-26 Ch.696890 to Ch.726390,NHAI,Gujarat,2026-06,81.6,100.0,-18.400000000000006,1273.31,-18.125643004115233,0.29290878973735573,MODERATE EARLY-WARNING SIGNAL,STABLE,Schedule pressure,No thresholded rule warning,No thresholded rule warning
618460,Delhi-Vadodara Greenfield Alignment NH-148N Pkg-28 Ch.756052 to Ch.781282,National Highways Authority of India [NHAI],Gujarat,2026-05,100.0,100.0,0.0,865.87,-31.464009245041083,0.11628317935324851,MODERATE EARLY-WARNING SIGNAL,IMPROVING,No thresholded rule warning,No thresholded rule warning,No thresholded rule warning
618462,Delhi-Vadodara Greenfield Alignment NH-148N Pkg-31 Ch.824920 to Ch.844382 [Junction near Pratap nagar Village - Junction near Dodka Village],NHAI,Gujarat,2026-06,100.0,100.0,0.0,1297.47,-21.1192509955315,0.28291356502219367,MODERATE EARLY-WARNING SIGNAL,WORSENING,Long implementation duration,No thresholded rule warning,No thresholded rule warning
618463,Vadodara Mumbai Expressway Kim to Ankleshwar Phase IA - Pkg V,NHAI,Gujarat,2026-06,91.34,100.0,-8.659999999999997,1471.27,11.05265541499351,0.4210305190182313,HIGH EARLY-WARNING SIGNAL,WORSENING,Long implementation duration,No thresholded rule warning,No thresholded rule warning
618464,Vadodara Mumbai Expressway Ena -Kim Phase IB - Pkg VI [Km 217.500 to Km 254.430],National Highways Authority of India [NHAI],Gujarat,2026-04,98.9,100.0,-1.0999999999999943,2574.42,13.317722042731504,0.22481650523515295,MODERATE EARLY-WARNING SIGNAL,,No thresholded rule warning,No thresholded rule warning,No thresholded rule warning
618465,Vadodara Mumbai Expressway Gandeva to Ena Phase IB - Pkg VII [Km 190.00 to Km 217.500],National Highways Authority of India [NHAI],Gujarat,2026-04,97.05,100.0,-2.950000000000003,2158.87,26.227562415950416,0.25493829819555014,MODERATE EARLY-WARNING SIGNAL,,Expenditure ahead of progress,No thresholded rule warning,No thresholded rule warning
618466,Vadodara Mumbai Expressway Jujuwa - Gandeva from Km. 154.600 to Km. 190.000 Phase-I Package-VIII,National Highways Authority of India [NHAI],Gujarat,2026-05,4.85,100.0,-95.15,197.13,-94.85869429143716,0.09311592570300284,LOW EARLY-WARNING SIGNAL,IMPROVING,Progress behind expected,Schedule pressure,No thresholded rule warning
618467,Vadodara Mumbai Expressway Karvad - Jujuwa from Km. 128.000 to Km. 154.600 Phase-I Package-IX,NHAI,Gujarat,2026-06,21.75,100.0,-78.25,226.62,-91.26425793220953,0.16080357942065746,MODERATE EARLY-WARNING SIGNAL,WORSENING,Progress behind expected,Schedule pressure,No thresholded rule warning
618468,Vadodara Mumbai Expressway Phase II - Pkg XI [Km. 77.000 to Km. 103.400] Ganjad - Talsari,National Highways Authority of India [NHAI],Maharashtra,2026-04,99.76,100.0,-0.23999999999999488,813.35,-46.655429557096106,0.2045430565133364,MODERATE EARLY-WARNING SIGNAL,,No thresholded rule warning,No thresholded rule warning,No thresholded rule warning
618469,Vadodara Mumbai Expressway Phase II - Pkg XIII [Km. 26.582 to Km. 50.700] Shirsad - Masvan,NHAI,Maharashtra,2026-06,90.86,100.0,-9.14,1844.7,-47.84415731290113,0.31197701341260164,HIGH EARLY-WARNING SIGNAL,WORSENING,No thresholded rule warning,No thresholded rule warning,No thresholded rule warning
618470,Vadodara Mumbai Expressway Phase II - Pkg XIV [Km. 3.000 to Km. 20.200 of Spur] Shirsad - Akloli,NHAI,Maharashtra,2026-06,98.0,100.0,-2.0,634.54,-69.17898377202143,0.2138304086661404,MODERATE EARLY-WARNING SIGNAL,STABLE,No thresholded rule warning,No thresholded rule warning,No thresholded rule warning
618471,Vadodara Mumbai Expressway Phase II - Pkg XV [Km. 20.200 to Km. 43.000 of Spur] Akloli - Amne,NHAI,Maharashtra,2026-06,91.5,100.0,-8.5,622.23,-76.16780549086897,0.2045683132354701,MODERATE EARLY-WARNING SIGNAL,WORSENING,No thresholded rule warning,No thresholded rule warning,No thresholded rule warning
618472,Vadodara Mumbai Expressway Phase II - Pkg XVI [Km. 43.000 to Km. 69.800 of Spur] Amne - Bhoj,NHAI,Maharashtra,2026-06,90.7,100.0,-9.299999999999997,982.89,-75.74189249222567,0.246404830842651,MODERATE EARLY-WARNING SIGNAL,WORSENING,No thresholded rule warning,No thresholded rule warning,No thresholded rule warning
618473,Vadodara Mumbai Expressway Phase II - Pkg XVII [Km. 69.800 to Km. 79.783 of Spur] Bhoj - Morbe,NHAI,Maharashtra,2026-06,85.79,100.0,-14.209999999999994,889.44,-59.72979336074035,0.19994306798712339,MODERATE EARLY-WARNING SIGNAL,STABLE,Schedule pressure,No thresholded rule warning,No thresholded rule warning
618475,Bangalore Chennai Expressway Phase-II Pkg-II from km.96.000 to Km 127.000 Baireddypalle to Bangarupalem section,NHAI,Andhra Pradesh,2026-06,93.32,100.0,-6.680000000000007,1327.64,-47.89563743112353,0.22358028148777861,MODERATE EARLY-WARNING SIGNAL,WORSENING,No thresholded rule warning,No thresholded rule warning,No thresholded rule warning
618476,Bangalore Chennai Expressway Phase-II Pkg-III from km.127.000 to Km 156.000 Bangarupalem to Gudipala section,NHAI,Andhra Pradesh,2026-06,99.46,100.0,-0.5400000000000063,868.61,-38.27957906105888,0.15864488431459617,MODERATE EARLY-WARNING SIGNAL,STABLE,No thresholded rule warning,No thresholded rule warning,No thresholded rule warning
618477,Bangalore Chennai Expressway Phase-III Package I Gudipala to Walajajhpet from Km 156.000 to Km 180.000,NHAI,"Multi-States (Andhra Pradesh, Tamil Nadu)",2026-06,99.02,100.0,-0.980000000000004,746.73,-49.60894005547045,0.19834959080469436,MODERATE EARLY-WARNING SIGNAL,WORSENING,No thresholded rule warning,No thresholded rule warning,No thresholded rule warning
618478,Bangalore Chennai Expressway Phase-III Package II Walajahpet to Arakkonam from Km 180.000 to Km 204.500,NHAI,Tamil Nadu,2026-06,93.04,100.0,-6.959999999999994,591.91,-46.51335110468531,0.19355644989657564,MODERATE EARLY-WARNING SIGNAL,WORSENING,No thresholded rule warning,No thresholded rule warning,No thresholded rule warning
618479,Bangalore Chennai Expressway Phase-III Package III Arakkonam to Kancheepuram from Km 204.500 to Km 230.000,NHAI,Tamil Nadu,2026-06,53.56,100.0,-46.44,360.65,-76.35237033637138,0.2408980966473867,MODERATE EARLY-WARNING SIGNAL,WORSENING,Progress behind expected,Schedule pressure,No thresholded rule warning
618480,Construction of Trumpet Interchange Connecting Bangalore Chennai Expressway km.261705 to km. 262800 with Maduravoyal to Walajapet Section of NH 48 near Sriperumbudur Toll Plaza at km. 35700,NHAI,Tamil Nadu,2026-06,38.52,100.0,-61.48,52.47,-67.72070132266995,0.20505914116104745,MODERATE EARLY-WARNING SIGNAL,IMPROVING,Progress behind expected,Schedule pressure,No thresholded rule warning
618481,4L Bangalore-Chennai Expressway from Km. 230.000 to Km. 261.705 of Kanchepuram to Sriperumbudur Section Phase-III/Package-IV,NHAI,Tamil Nadu,2026-06,89.97,100.0,-10.030000000000001,930.29,-74.19967662581502,0.22089962919271078,MODERATE EARLY-WARNING SIGNAL,WORSENING,Schedule pressure,No thresholded rule warning,No thresholded rule warning
618482,Delhi-Amritsar-Katra Expressway Phase-I Pkg-I from Jussur Kheri on NH-KMP Expressway to Junction with Rohtak-Panipat road NH-709 near Rukhi Paani village Km 0000 to Km 34000,NHAI,Haryana,2026-06,99.91,100.0,-0.09000000000000341,1609.72,-13.75683770071096,0.397270526781528,HIGH EARLY-WARNING SIGNAL,WORSENING,No thresholded rule warning,No thresholded rule warning,No thresholded rule warning
618483,Delhi-Amritsar-Katra Expressway Phase-I Pkg-II from Junction with Rohtak-Panipat road NH-709 near Rukhi Paani village to Junction with Jind-Panipat road NH-352A near Gangana village Km 34000 to Km 60800,NHAI,Haryana,2026-06,99.89,100.0,-0.10999999999999943,1176.23,-23.316187160580753,0.25503735048421905,MODERATE EARLY-WARNING SIGNAL,WORSENING,No thresholded rule warning,No thresholded rule warning,No thresholded rule warning
618484,Delhi-Amritsar-Katra Expressway Phase-I Pkg-III from Junction with Jind-Panipat road NH-352A near Gangana village to Junction with Jind-Karnal road NH-709A near Alewa village Km 60800 to Km 91400,National Highways Authority of India [NHAI],Haryana,2026-04,79.08,100.0,-20.92,631.62,-60.67784370000062,0.3358541460629907,HIGH EARLY-WARNING SIGNAL,,Progress behind expected,Schedule pressure,No thresholded rule warning
618485,Delhi-Amritsar-Katra Expressway Phase-I Pkg-IV from Junction with Jind-Karnal road NH-709A near Alewa village to Junction with Ambala-Kaithal-Hissar road NH-152 near Kharak Pandwa village Km 91400 to Km 120250,National Highways Authority of India [NHAI],Haryana,2026-04,76.13,100.0,-23.870000000000005,563.2,-56.907303263323,0.3170645177002667,HIGH EARLY-WARNING SIGNAL,,Progress behind expected,Schedule pressure,No thresholded rule warning
618486,Delhi-Amritsar-Katra Expressway Phase-I Pkg-V from Junction with Ambala-Kaithal- Hissar road NH-152 near Kharak Pandwa village to Junction with Patiala-Samana- Patran road SH-10 near Ghagga village Km 120250 to Km 157920,NHAI,"Multi-States (Haryana, Punjab)",2026-06,98.7,100.0,-1.2999999999999972,1431.89,-17.795345205699647,0.25809611506701696,MODERATE EARLY-WARNING SIGNAL,WORSENING,No thresholded rule warning,No thresholded rule warning,No thresholded rule warning
618487,Delhi-Amritsar-Katra Expressway Phase-I Pkg-VII from Junction with Patiala-Bathinda road NH-7 near Bhawanigarh to Junction with Ludhiana-Malerhkotla SH-11 near Bhogiwal village Km 188830 to km 225770,National Highways Authority of India [NHAI],Punjab,2026-04,95.8,100.0,-4.200000000000003,1250.45,-28.94443749928969,0.20775312053177455,MODERATE EARLY-WARNING SIGNAL,,No thresholded rule warning,No thresholded rule warning,No thresholded rule warning
618488,Delhi-Amritsar-Katra Expressway Phase-I Pkg-VIII from Junction with Ludhiana- Malerkotla SH-11 near Bhogiwal village to Junction with Ludhiana-Moga road NH-5 near Mullanpur Dakha Km 225770 to km 260860,National Highways Authority of India [NHAI],Punjab,2026-05,31.08,100.0,-68.92,751.95,-60.334750545960944,0.16873644730313392,MODERATE EARLY-WARNING SIGNAL,IMPROVING,Progress behind expected,Schedule pressure,No thresholded rule warning
618489,Delhi-Amritsar-Katra Expressway Phase-I Pkg-IX from Junction with Ludhiana-Moga road NH-5 near Mullanpur Dakha to Junction with Jalandhar - Moga road NH-703 near Kang Sahibu village Km 260860 to km 303900,NHAI,Punjab,2026-06,73.35,100.0,-26.650000000000006,1934.7,4.495346940539136,0.3888592664285825,HIGH EARLY-WARNING SIGNAL,WORSENING,Progress behind expected,Schedule pressure,No thresholded rule warning
618490,Delhi-Amritsar-Katra Expressway Phase-I Pkg-X from Jn. with Jalandhar - Moga road NH-703 to Jn. with Jalandhar-Kapurthala road NH-703A and to Jn. with Kapurthala - Sultanpur Lodhi road NH-703A km 000 to km 24000 to Amritsar connectivity,National Highways Authority of India [NHAI],Punjab,2026-05,62.99,100.0,-37.01,1004.28,-53.88006649705631,0.21764328691800244,MODERATE EARLY-WARNING SIGNAL,IMPROVING,Progress behind expected,Schedule pressure,No thresholded rule warning
618491,Delhi-Amritsar-Katra Expressway Phase-I Pkg-XI from Junction with Jalandhar - Kapurthala road NH-703A near khojewal village to Junction with Amritsar-Mehta- SriHargobindpur-Tanda road NH-503A near SriHargobindpur Km 319400 to km 362420,National Highways Authority of India [NHAI],Punjab,2026-05,43.45,100.0,-56.55,941.19,-56.733858919254374,0.17637894460955944,MODERATE EARLY-WARNING SIGNAL,IMPROVING,Progress behind expected,Schedule pressure,No thresholded rule warning
618492,Delhi-Amritsar-Katra Expressway Phase-I Pkg-XII from Junction with Amritsar-Mehta- SriHargobindpur-Tanda road NH-503A near SriHargobindpur to Junction with Pathankot-Gurdaspur road NH-54 near Gurdaspur Km 362420 to km 397700,NHAI,Punjab,2026-06,27.52,66.66666666666667,-39.146666666666675,773.53,-22.0617236965021,0.23364330298946262,MODERATE EARLY-WARNING SIGNAL,WORSENING,Progress behind expected,No thresholded rule warning,No thresholded rule warning
618493,Delhi-Amritsar-Katra Expressway Phase-I Spur-I from Jn. with Kapurthala - Sultanpur Lodhi Road NH-703A near Isharwal village to Jn. with Kapurthala - Tarn Taran road NH-703AA near Goinwal Sahib [Km 24000 to Km 41000 of Amritsar connectivity],NHAI,Punjab,2026-06,33.49,100.0,-66.50999999999999,603.8,-72.11381700789293,0.2402478235070913,MODERATE EARLY-WARNING SIGNAL,WORSENING,Progress behind expected,Schedule pressure,No thresholded rule warning
618494,Delhi-Amritsar-Katra Expressway Phase-II Pkg-XV [Junction with Hiranagar Road near village Gurha Baildaran to Junction with Jammu Ring Road NH-244A near Jakh village from Km 468100 to Km 503250],NHAI,Jammu and Kashmir,2026-06,89.52,100.0,-10.480000000000004,1833.59,-32.463212950514745,0.2677468306813654,MODERATE EARLY-WARNING SIGNAL,WORSENING,Schedule pressure,No thresholded rule warning,No thresholded rule warning
618495,4/6L Access Control Expressway from Design Chainage Km 515.000 to 528.300 Kunjwani to Sidhra Section of NH-44 and from Design Chainage Km 550.900 to Km 566.520 Domel to Katra Section Phase II-Package XVII,NHAI,Jammu and Kashmir,2026-06,66.17,100.0,-33.83,996.74,-65.56720119941687,0.24237321140121523,MODERATE EARLY-WARNING SIGNAL,WORSENING,Progress behind expected,Schedule pressure,No thresholded rule warning
618496,Delhi-Amritsar-Katra Expressway Phase-II Pkg-XVI Existing Jakh Vijaypur-Kunjwani section of NH-44 including spur Connectivity to Jammu Airport NH-144A [Km 503500 to km 514500],NHAI,Jammu and Kashmir,2026-06,94.14,100.0,-5.859999999999999,1237.76,-32.05542015238346,0.2571009776875778,MODERATE EARLY-WARNING SIGNAL,WORSENING,No thresholded rule warning,No thresholded rule warning,No thresholded rule warning
618497,Delhi Amritsar Katra Expressway Phase-II Pkg XVIII Development and Upgradation of Four lane Access Control Expressway from Design Chainage KM 530.00 to KM 545.300 Sidhra to Domel Section of NH-44,NHAI,Jammu and Kashmir,2026-06,67.5,100.0,-32.5,606.46,-37.82320736533454,0.18833516018477936,MODERATE EARLY-WARNING SIGNAL,WORSENING,Progress behind expected,Schedule pressure,No thresholded rule warning
618498,6L Greenfield Kanpur - Lucknow Expressway Pkg II from km. 28.500 to km. 73.744,National Highways Authority of India [NHAI],Uttar Pradesh,2026-04,99.8,100.0,-0.20000000000000284,1178.84,-52.30380812118663,0.1792854437536264,MODERATE EARLY-WARNING SIGNAL,,No thresholded rule warning,No thresholded rule warning,No thresholded rule warning
618499,6L Elevated Kanpur - Lucknow Exeressway Pkg-1 from Km. 10980 to Km. 28500,NHAI,Uttar Pradesh,2026-06,100.0,100.0,0.0,770.81,-60.93089500947824,0.1530193964384858,MODERATE EARLY-WARNING SIGNAL,STABLE,No thresholded rule warning,No thresholded rule warning,No thresholded rule warning
618500,Construction of 4L Connector from Delhi Meerut Expressway Km 50.000 of Pkg IV to Km 8.520 of NH-235 Pkg-5,NHAI,Uttar Pradesh,2026-06,78.0,100.0,-22.0,442.98,-59.03605544715598,0.22001617282490352,MODERATE EARLY-WARNING SIGNAL,WORSENING,Progress behind expected,Schedule pressure,No thresholded rule warning
618501,Ahmedabad - Dholera Pkg I from km. 0.00 to km. 22.00 [Sardar Patel Ring Road - Sindhrej Village],National Highways Authority of India [NHAI],Gujarat,2026-04,100.0,100.0,0.0,1012.45,-21.99922958397535,0.1843933210448185,MODERATE EARLY-WARNING SIGNAL,,No thresholded rule warning,No thresholded rule warning,No thresholded rule warning
618502,Ahmedabad - Dholera Pkg II from km. 22.00 to km. 48.52 [Sindhrej Village - Vejallka Village],National Highways Authority of India [NHAI],Gujarat,2026-04,100.0,100.0,0.0,1354.93,-4.268232368194205,0.21811729412380637,MODERATE EARLY-WARNING SIGNAL,,No thresholded rule warning,No thresholded rule warning,No thresholded rule warning
618503,Ahmedabad - Dholera Pkg III from km. 48.52 to km. 71.06 [Vejallka Village - Start of DSIR zone],NHAI,Gujarat,2026-06,100.0,100.0,0.0,1125.55,8.849754361533414,0.38509154991341665,HIGH EARLY-WARNING SIGNAL,WORSENING,No thresholded rule warning,No thresholded rule warning,No thresholded rule warning
618504,Ahmedabad - Dholera Pkg IV from km. 71.06 to km. 109.019 [Start of DSIR zone - Adhelai Village],NHAI,Gujarat,2026-06,97.99,100.0,-2.010000000000005,1222.65,3.460093419983764,0.41892592719886507,HIGH EARLY-WARNING SIGNAL,WORSENING,No thresholded rule warning,No thresholded rule warning,No thresholded rule warning
618505,Additional Structures on 6LGurgaon-Jaipur Section of NH-48 between KM 42.700 to KM 273.00,NHAI,"Multi-States (Haryana, Rajasthan)",2026-06,88.9,100.0,-11.099999999999994,199.54,-51.28893662728249,0.14863233443591498,MODERATE EARLY-WARNING SIGNAL,STABLE,Schedule pressure,No thresholded rule warning,No thresholded rule warning
618506,"Construction of Additional Structures, Improvement of Service Road & Maintenance of Six Lane Gurgaon-Jaipur Section of NH-48 old NH-8 between km 42700 to km 107100 in the State of Haryana",NHAI,Haryana,2026-06,56.05,54.166666666666664,1.8833333333333329,116.43,-25.185235890542803,0.16500586822272806,MODERATE EARLY-WARNING SIGNAL,STABLE,No thresholded rule warning,No thresholded rule warning,No thresholded rule warning
618507,"Balance work of Six Laning of Shamlaji-Motachiloda from Km. 401.200 to Km.494.410 section Design Chainage Km.447.385 to Km 540.595, Length- 93.210 Km of old NH-8 NH-48 in the state of Gujarat on single Percentage Item Rate Contract",NHAI,Gujarat,2026-06,91.8,100.0,-8.200000000000003,577.31,23.673950299914296,0.18919649738700048,MODERATE EARLY-WARNING SIGNAL,STABLE,Expenditure ahead of progress,No thresholded rule warning,No thresholded rule warning
618508,Construction of Additional Structures including Approaches in Vadodara Surat Section of NH48 between existing Km. 108.000 to Km. 250.000,NHAI,Gujarat,2026-06,48.73,70.83333333333333,-22.10333333333333,346.17,-32.68325453590334,0.1509281651543104,MODERATE EARLY-WARNING SIGNAL,WORSENING,Progress behind expected,No thresholded rule warning,No thresholded rule warning
618509,Development of 6L UER II [Package - I] NH-1 Near Bakoli till Karala Kanjhawala Road from km. 0.70 to km.15.00,NHAI,Delhi,2026-06,99.99,100.0,-0.010000000000005116,1825.54,-12.651080892274422,0.4116576058601131,HIGH EARLY-WARNING SIGNAL,WORSENING,No thresholded rule warning,No thresholded rule warning,No thresholded rule warning
618511,Upgradation & rehabilitation of Service Roads on both sides in urban areas of Pune City on PuneSatara section of NH48,NHAI,Maharashtra,2026-06,22.96,50.0,-27.04,66.29,-39.03554474933426,0.13464741151090331,MODERATE EARLY-WARNING SIGNAL,STABLE,Progress behind expected,No thresholded rule warning,No thresholded rule warning
618512,Tunnel at Khambataki Ghat Section and its approaches from existing Km. 771.730 to existing Km. 782.000,NHAI,Maharashtra,2026-06,89.16,100.0,-10.840000000000003,677.98,-25.252747979669905,0.24055872473893503,MODERATE EARLY-WARNING SIGNAL,WORSENING,Long implementation duration,Schedule pressure,No thresholded rule warning
618513,6L of Kagal-Satara section from Km 592.500 to Km 658.000 of NH-48 Pkg-I,NHAI,Maharashtra,2026-06,45.47,100.0,-54.53,634.07,-69.97703544117995,0.28389090382364524,MODERATE EARLY-WARNING SIGNAL,WORSENING,Progress behind expected,Schedule pressure,No thresholded rule warning
618514,6L of Kagal-Satara section from Km 658.000 to Km 725.000 of NH-48 Pkg-II,NHAI,Maharashtra,2026-06,73.96,100.0,-26.040000000000006,205.24,-91.19409965203737,0.22707185416608822,MODERATE EARLY-WARNING SIGNAL,WORSENING,Progress behind expected,Schedule pressure,No thresholded rule warning
618515,6L from Belgaum to Sankeshwar Bypass from Km. 515.000 to Km. 555.017 of NH-48 Pkg-I,National Highways Authority of India [NHAI],"Multi-States (Karnataka, Maharashtra)",2026-04,100.0,100.0,0.0,1178.11,-20.360305549922273,0.18208184919399445,MODERATE EARLY-WARNING SIGNAL,,No thresholded rule warning,No thresholded rule warning,No thresholded rule warning
618516,6L from Sankeshwar Bypass to MH-KNT Border from Km. 555.017 to Km. 592.853 of NH-48 Pkg-II,NHAI,"Multi-States (Karnataka, Maharashtra)",2026-06,84.8,100.0,-15.200000000000003,1156.86,-16.694750486066113,0.2661770232740326,MODERATE EARLY-WARNING SIGNAL,WORSENING,Schedule pressure,No thresholded rule warning,No thresholded rule warning
618517,4/6L of Bangalore - Pune Section of bypass connecting Dharwad - Hubli from km. 403.80 to km. 433.20,NHAI,Karnataka,2026-06,83.19,100.0,-16.810000000000002,744.25,-34.44983662001603,0.1969426289008825,MODERATE EARLY-WARNING SIGNAL,WORSENING,Schedule pressure,No thresholded rule warning,No thresholded rule warning
618518,Davanagere - Haveri of NH-48 Old NH-4 from km. 260.00 to km. 338.923,NHAI,Karnataka,2026-06,98.87,100.0,-1.1299999999999955,1273.49,-12.455058535612892,0.3570039624268653,HIGH EARLY-WARNING SIGNAL,WORSENING,Long implementation duration,No thresholded rule warning,No thresholded rule warning
618519,Bangalore Ring Road STRR-NH-948A- Package-I of Phase-III from Belagondapalli TN to TN/KNT border from km 144.480 to 179.969,NHAI,"Multi-States (Karnataka, Tamil Nadu)",2026-06,90.68,100.0,-9.319999999999993,764.03,-39.398289893237305,0.19544116620523433,MODERATE EARLY-WARNING SIGNAL,STABLE,No thresholded rule warning,No thresholded rule warning,No thresholded rule warning
618520,4L of km 0.00 to km 42.00 of Dobbaspet to Doddaballapura Bypass section of NH-648 old NH-207] [Bangalore Ring Road Pkg 1],NHAI,Karnataka,2026-06,99.2,100.0,-0.7999999999999972,1228.99,-14.578728609755757,0.4031304068728338,HIGH EARLY-WARNING SIGNAL,WORSENING,Long implementation duration,No thresholded rule warning,No thresholded rule warning
618521,Karaipettai to Walajapet from Km 71.015 to 107.091,NHAI,Tamil Nadu,2026-06,93.55,100.0,-6.450000000000003,613.5,-19.961905258900728,0.27625795512036044,MODERATE EARLY-WARNING SIGNAL,WORSENING,Long implementation duration,No thresholded rule warning,No thresholded rule warning
618522,Balance Works for six laning of Sriperumbudur to karaipettai section of NH-4 New NH- 48 from 37000 Existing Km 37000 to Km 71015 Existing Km 71000 in Tamilnadu on EPC mode underNHDP Phase-V,NHAI,Tamil Nadu,2026-06,36.64,80.95238095238095,-44.31238095238095,134.48,-48.24491913702927,0.15462369232769724,MODERATE EARLY-WARNING SIGNAL,STABLE,Progress behind expected,Schedule pressure,No thresholded rule warning
618523,Bhadrak KM 136.500 to Baleshwar KM 199.141,NHAI,Odisha,2026-06,91.32,100.0,-8.680000000000007,783.79,-7.207548510069017,0.3592012336467846,HIGH EARLY-WARNING SIGNAL,WORSENING,Long implementation duration,No thresholded rule warning,No thresholded rule warning
618524,Construction of 6 lane elevated corridor including its approaches from Km. 629880 to Km. 634470 Design Chainage of NH-16 in Ranasthalam Town portion in the state of Andhra Pradesh on EPC Mode under NHO.,NHAI,Andhra Pradesh,2026-06,35.63,62.5,-26.869999999999997,55.83,-40.858787502907205,0.11554296567857338,MODERATE EARLY-WARNING SIGNAL,STABLE,Progress behind expected,No thresholded rule warning,No thresholded rule warning
618525,Construction of flyover at Gammon Junction at Km.903.265 on NH16 including vent at Diwancheruvu junction at Km.902.308 Blackspot ID No.AP03299 in Andhra Pradesh on EPC mode under NHO,NHAI,Andhra Pradesh,2026-06,18.79,33.333333333333336,-14.543333333333337,43.67,-19.962646581549862,0.11511337134577147,MODERATE EARLY-WARNING SIGNAL,WORSENING,No thresholded rule warning,No thresholded rule warning,No thresholded rule warning
618526,6L of Gundugolanu Design km 1023.280 to Kalaparru Design km 1050.680 of NH-5 New NH-16,NHAI,Andhra Pradesh,2026-06,95.73,100.0,-4.269999999999996,643.95,-3.2512507699935327,0.3143944901456935,HIGH EARLY-WARNING SIGNAL,WORSENING,Long implementation duration,No thresholded rule warning,No thresholded rule warning
618527,Six Laning of Vijayawada Bypass from Gollapudi to Chinnakakani in Vijayawada - Gundugolanu Section from km. 30.00 to km. 47.881 Pkg-IV,National Highways Authority of India [NHAI],Andhra Pradesh,2026-04,99.92,100.0,-0.0799999999999983,853.14,-28.58183279339009,0.12840303499791283,MODERATE EARLY-WARNING SIGNAL,,No thresholded rule warning,No thresholded rule warning,No thresholded rule warning
618529,Varanasi Ring Road Pkg-II connecting Sandaha Village km 11.70 / NH-29 with Revasa Village km 818.80 / NH-2,NHAI,Uttar Pradesh,2026-06,96.15,100.0,-3.8499999999999943,1750.54,-12.108690522214587,0.3793166411421987,HIGH EARLY-WARNING SIGNAL,WORSENING,Long implementation duration,No thresholded rule warning,No thresholded rule warning
618530,Six Laning of Varanasi to Aurangabad from km. 786.00 to km. 978.40 of Old NH-2,NHAI,"Multi-States (Bihar, Uttar Pradesh)",2026-06,99.75,100.0,-0.25,2858.26,-11.824553609990247,0.39773245341470215,HIGH EARLY-WARNING SIGNAL,WORSENING,Long implementation duration,No thresholded rule warning,No thresholded rule warning
618531,6L of Aurangabad to Bihar-Jharkhand border Chordaha section from km. 180.000 to km. 209.827 of NH-2 PKG-01,NHAI,"Multi-States (Bihar, Jharkhand)",2026-06,33.24,75.0,-41.76,201.3,-55.909659920717715,0.23771692123192759,MODERATE EARLY-WARNING SIGNAL,WORSENING,Progress behind expected,No thresholded rule warning,No thresholded rule warning
618532,6L of Aurangabad to Bihar-Jharkhand border Chordaha section from km. 209.827 to Km. 249.525 of NH-19 PKG-02,National Highways Authority of India [NHAI],"Multi-States (Bihar, Jharkhand)",2026-04,97.92,100.0,-2.0799999999999983,605.5,-66.77567683241332,0.206326197658961,MODERATE EARLY-WARNING SIGNAL,,No thresholded rule warning,No thresholded rule warning,No thresholded rule warning
618533,Barwa Adda Km. 398.240 to Panagarh Km. 521.120,NHAI,"Multi-States (Jharkhand, West Bengal)",2026-06,100.0,100.0,0.0,1690.95,8.36713898448464,0.37633741898660505,HIGH EARLY-WARNING SIGNAL,WORSENING,Long implementation duration,No thresholded rule warning,No thresholded rule warning
618534,Construction of Six lane elevated flyover including reconstruction/rehabilitation of existing pavement from Km 426230 to Km 430500 Length 4.27 Km at Nirsa in the Barwa Adda Panagarh section of NH-19 from Km.398.240 to Km.521.120 including Panagarh Bypass in the State of Jharkhand on EPC Mode.,NHAI,Jharkhand,2026-06,0.0,13.333333333333334,-13.333333333333334,0.04,-13.324836254204284,0.10301434858341103,MODERATE EARLY-WARNING SIGNAL,IMPROVING,No thresholded rule warning,No thresholded rule warning,No thresholded rule warning
618535,Construction of Six lane elevated flyover including reconstruction/rehabilitation of existing pavement from Km 406100 to Km 411150 Length 5.05 Km at Gobindpur area in the Barwa Adda Panagarh section of NH-19 from Km.398.240 to Km.521.120 including Panagarh Bypass in the State of Jharkhand on EPC Mode.,NHAI,Jharkhand,2026-06,16.1,30.0,-13.899999999999999,66.59,-20.31798420983759,0.11133663049080494,MODERATE EARLY-WARNING SIGNAL,WORSENING,No thresholded rule warning,No thresholded rule warning,No thresholded rule warning
618536,Construction of Ring Road around Kanpur from Ch.68.650 to Ch.93.209 Jarkala to Pakari Package-IV in State of Uttar Pradesh.,NHAI,Uttar Pradesh,2026-06,37.65,60.0,-22.35,249.74,-44.42561099574065,0.13922778167458444,MODERATE EARLY-WARNING SIGNAL,WORSENING,Progress behind expected,No thresholded rule warning,No thresholded rule warning
618537,Construction of Ring Road around Kanpur from Km.000 to Km. 23.325 Chachendi Sachendi I to Maharajpur Package-I,NHAI,Uttar Pradesh,2026-06,61.21,100.0,-38.79,453.73,-74.128011404134,0.1774220585001628,MODERATE EARLY-WARNING SIGNAL,WORSENING,Progress behind expected,Schedule pressure,No thresholded rule warning
618538,Construction of Ring Road around kanpur from Ch.51.200 to Ch. 68.650 Badarka to Harbanch-Uchti Pkg-III,NHAI,Uttar Pradesh,2026-06,32.78,56.666666666666664,-23.886666666666663,261.94,-42.0550237633041,0.13832257326689684,MODERATE EARLY-WARNING SIGNAL,STABLE,Progress behind expected,No thresholded rule warning,No thresholded rule warning
618539,Construction of Ring Road Kanpur from Ch. 32.090 to Ch.51.200 Transganaga to Sathara Package-II B,NHAI,Uttar Pradesh,2026-06,17.25,50.0,-32.75,48.77,-45.5232648864982,0.10758080931006786,MODERATE EARLY-WARNING SIGNAL,WORSENING,Progress behind expected,No thresholded rule warning,No thresholded rule warning
618540,Construction of Ring Road around Kanpur from Ch.23.325 to Ch.32.090 Chaudhariya to Transganga Package-IIA,NHAI,Uttar Pradesh,2026-06,49.1,30.434782608695652,18.66521739130435,249.69,-7.51503705835189,0.12007352143937557,MODERATE EARLY-WARNING SIGNAL,STABLE,No thresholded rule warning,No thresholded rule warning,No thresholded rule warning
618541,4L Ring road/bypass around Srinagar city from km 0.000 to km 42.100 Phase-I,NHAI,Jammu and Kashmir,2026-06,88.5,100.0,-11.5,1829.2,-37.355306237071744,0.29832713213677214,MODERATE EARLY-WARNING SIGNAL,WORSENING,Schedule pressure,No thresholded rule warning,No thresholded rule warning
618542,4L of existing Wayul Ganderbal Pandach Soura section of old NH-1 as a part of Srinagar Ring Road Phase IIA,NHAI,Jammu and Kashmir,2026-06,0.0,4.166666666666667,-4.166666666666667,262.83,27.576853708221613,0.1394707623143631,MODERATE EARLY-WARNING SIGNAL,STABLE,Expenditure ahead of progress,No thresholded rule warning,No thresholded rule warning
618543,4L of twin tube tunnel configuration including approaches from Marog to Digdol from Km.154.210 to Km.158.650 North Bound and from Km.155.940 to Km.160.260 South Bound of Ramban to Banihal Pkg-I of Old NH-1A New NH-44,NHAI,Jammu and Kashmir,2026-06,30.5,100.0,-69.5,404.01,-78.87164844129967,0.24705357361227542,MODERATE EARLY-WARNING SIGNAL,WORSENING,Progress behind expected,Schedule pressure,No thresholded rule warning
618544,"4L twin tube tunnel including approaches from Digdol to Khuni Nallah North Bound connecting with existing major bridge on NB and South Bound connecting with Tunnel T4 ,Single tube tunnel of Ramban to Banihal Pkg-II of Old NH-1A New NH-44",NHAI,Jammu and Kashmir,2026-06,87.1,100.0,-12.900000000000006,1053.1,-24.878911739319634,0.2872550245293147,MODERATE EARLY-WARNING SIGNAL,WORSENING,Schedule pressure,No thresholded rule warning,No thresholded rule warning
618545,"4L of Km.165.092 to Km.171.855 North Bound and from Km.166.895 to Km.173.638 South Bound, excl. certain reaches of North Bound and South Bound of Ramban to Banihal Pkg-III of Old NH-1A New NH-44",NHAI,Jammu and Kashmir,2026-06,42.8,100.0,-57.2,306.05,-50.1936596797292,0.2402937762949096,MODERATE EARLY-WARNING SIGNAL,WORSENING,Progress behind expected,Schedule pressure,No thresholded rule warning
618547,2L NH-1 from km 8.660 to km 33.775 Sumbal to Wayul to 4L dual carriageway NH standard as part of Srinagar Ring Road PhaseII [Design Ch. 41.907 to Ch. 66.609],NHAI,Jammu and Kashmir,2026-06,53.28,100.0,-46.72,459.97,-52.136316337148806,0.16907800185042665,MODERATE EARLY-WARNING SIGNAL,WORSENING,Progress behind expected,Schedule pressure,No thresholded rule warning
618549,Construction of twin tube tunnels on Jammu Kashmir Ring Road NH-244A Between Design Ch. 50600 to 51700 and design Ch. 53535 to 55700 on EPC mode under residual NHDP component of Bharatmala Pariyojna,NHAI,Jammu and Kashmir,2026-06,83.87,100.0,-16.129999999999995,677.46,179.19225221512465,0.20141175234213143,MODERATE EARLY-WARNING SIGNAL,STABLE,Expenditure ahead of progress,Schedule pressure,No thresholded rule warning
618550,Corridor Efficiency Improvement including removal of black spots in Lakhanpur - Samba section of NH-44 from Chainage Km. 16.300 to Km. 74.100,NHAI,Jammu and Kashmir,2026-06,74.63,100.0,-25.370000000000005,203.36,-76.23577254773646,0.18054285021755614,MODERATE EARLY-WARNING SIGNAL,WORSENING,Progress behind expected,Schedule pressure,No thresholded rule warning
618551,Greenfield connectivity from Govindsar village on Delhi Amritsar Katra Expressway to Talwara village on NH-44 Pathankot by-pass,NHAI,Punjab,2026-06,28.5,45.833333333333336,-17.333333333333336,215.06,-13.581267527481593,0.1729865583526462,MODERATE EARLY-WARNING SIGNAL,WORSENING,No thresholded rule warning,No thresholded rule warning,No thresholded rule warning
618552,Development of 6L Greenfield Jalandhar Bypass starting from Kahlwan NH-03 ending at Kang Sahbu NH-703 via Sarmastpur NH-44 - Madara NH-03 - Khajurla NH-44,NHAI,Punjab,2026-06,54.01,100.0,-45.99,1252.02,-28.653324519614316,0.29749280688280216,MODERATE EARLY-WARNING SIGNAL,WORSENING,Progress behind expected,Schedule pressure,No thresholded rule warning
618553,6L of Agra Bypass Northern connecting Km. 174.500 of NH-2 new NH-19 to Km. 141.000 of Yamuna Expressways,National Highways Authority of India [NHAI],Uttar Pradesh,2026-04,99.7,100.0,-0.29999999999999716,758.4,-20.803659071447967,0.12797677736724247,MODERATE EARLY-WARNING SIGNAL,,No thresholded rule warning,No thresholded rule warning,No thresholded rule warning
618554,Construction of left out portion of Agra Inner Ring Road connecting village Deori to NH-44 village Bad from Km. 0.000 to Km. 7.772,NHAI,Uttar Pradesh,2026-06,93.8,100.0,-6.200000000000003,629.11,-28.450060277961015,0.1388030526769888,MODERATE EARLY-WARNING SIGNAL,WORSENING,No thresholded rule warning,No thresholded rule warning,No thresholded rule warning
618556,"Construction of 26 VUPs, Major Bridge, Service Road etc. on Lalitpur-Sagar- Lakhnadon section of NH-44 NS",NHAI,"Multi-States (Madhya Pradesh, Uttar Pradesh)",2026-06,97.4,100.0,-2.5999999999999943,559.45,-15.987145410040384,0.16439628407010093,MODERATE EARLY-WARNING SIGNAL,WORSENING,No thresholded rule warning,No thresholded rule warning,No thresholded rule warning
618557,4L of Indora Chowk to Pachpaoli and Agrasen Chowk - Ashoka Chowk,NHAI,Maharashtra,2026-06,84.0,100.0,-16.0,685.21,-34.04085325940471,0.1692433408221344,MODERATE EARLY-WARNING SIGNAL,STABLE,Schedule pressure,No thresholded rule warning,No thresholded rule warning
618558,Improvement of Geometrics of Kalkallu to Gundla Pochanpalli from Km 454.00 to Km 471.00 of NH-44,National Highways Authority of India [NHAI],Telangana,2026-05,35.96,100.0,-64.03999999999999,427.43,-55.26588451998451,0.14841957235063188,MODERATE EARLY-WARNING SIGNAL,IMPROVING,Progress behind expected,Schedule pressure,No thresholded rule warning
618559,6L of existing 4L from Gundlapochampally to Bowenpally from km 471.300 to km 481.331 of NH-44,National Highways Authority of India [NHAI],Telangana,2026-05,50.5,100.0,-49.5,256.53,-50.81203382355761,0.14597530456839528,MODERATE EARLY-WARNING SIGNAL,IMPROVING,Progress behind expected,Schedule pressure,No thresholded rule warning
618560,Improvement of Geometrics of Thondupally to Kothur from Km 22.300 to Km 34.14 of NH-44,National Highways Authority of India [NHAI],Telangana,2026-05,17.05,100.0,-82.95,72.23,-86.66309686472913,0.12207540136284195,MODERATE EARLY-WARNING SIGNAL,IMPROVING,Progress behind expected,Schedule pressure,No thresholded rule warning
618561,Improving the Alignment of Thoppur Ghat Section from Km 158.500 to Km 165.100 in Dharmapuri - Salem Section of NH-44,NHAI,Tamil Nadu,2026-06,45.13,41.666666666666664,3.4633333333333383,209.58,-18.50839972449051,0.11994319822599091,MODERATE EARLY-WARNING SIGNAL,STABLE,No thresholded rule warning,No thresholded rule warning,No thresholded rule warning
618562,Dindigul Bypass - Samyanallore from km. 373.275 to km. 426.00,National Highways Authority of India [NHAI],Tamil Nadu,2026-04,100.0,100.0,0.0,1.4,-99.75820379965458,0.16793250551591604,MODERATE EARLY-WARNING SIGNAL,,Long implementation duration,No thresholded rule warning,No thresholded rule warning
618563,4L of Madurai Ring Road Phase 1 [Vadipatti-Thamrapatti] from km 0.00 - km 29.960,NHAI,Tamil Nadu,2026-06,99.25,100.0,-0.75,903.4,0.3722015443586457,0.30610368446870584,HIGH EARLY-WARNING SIGNAL,WORSENING,Long implementation duration,No thresholded rule warning,No thresholded rule warning
618564,6L with PS of Samakhiyali to Santalpur section from km. 339.700 to Km. 430.100 of NH-27,NHAI,Gujarat,2026-06,64.52,100.0,-35.480000000000004,28.59,-98.15994748223665,0.15639186180850678,MODERATE EARLY-WARNING SIGNAL,WORSENING,Progress behind expected,Schedule pressure,No thresholded rule warning
618565,Strengthening of existing 4L Ayodhya Bypass Section from design Km. 121 600 to Km. 144020 of NH 28 New NH 27Pkg-3,NHAI,Uttar Pradesh,2026-04,81.85,100.0,-18.150000000000006,259.66,-50.67717731978345,0.21873805810403416,MODERATE EARLY-WARNING SIGNAL,,Schedule pressure,No thresholded rule warning,No thresholded rule warning
618566,4L Green Field Northern East side Gorakhpur Bypass 26.616 Kms starting from NH- 29E Chainage 83.308 and end at NH-28 Chainage 285.100,NHAI,Uttar Pradesh,2026-06,72.0,100.0,-28.0,1010.31,-48.8186303812602,0.19189717608994358,MODERATE EARLY-WARNING SIGNAL,STABLE,Progress behind expected,Schedule pressure,No thresholded rule warning
618567,4/6L of Northern Ayodhya Bypass starting Km. 112.540 and ending Km. 139.928 north of existing NH-27 part-1 and part-2 south of NH-27 from km 0.000 to km 5.000.,NHAI,Uttar Pradesh,2026-06,33.12,36.666666666666664,-3.546666666666667,268.81,-24.924854616031986,0.10750104523727504,MODERATE EARLY-WARNING SIGNAL,STABLE,No thresholded rule warning,No thresholded rule warning,No thresholded rule warning
618568,4/6L Southern Ayodhya Bypass from Km 5.000 to Km 37.172 starting near Km. 112.540 and ending at Km. 153.281 of NH-27,NHAI,Uttar Pradesh,2026-06,39.03,50.0,-10.969999999999999,312.39,-37.70665019105674,0.12362113888075112,MODERATE EARLY-WARNING SIGNAL,STABLE,No thresholded rule warning,No thresholded rule warning,No thresholded rule warning
618569,Balance work - WB-10 Gandak Bridge Km 402.00 to Km 440.00 Devanpur - Kotwa,National Highways Authority of India [NHAI],Bihar,2026-05,64.05,100.0,-35.95,116.57,-44.50368959771483,0.15523883623477022,MODERATE EARLY-WARNING SIGNAL,IMPROVING,Progress behind expected,Schedule pressure,No thresholded rule warning
618570,4L Elevated Highway and at grade improvements at Gopalganj Town from Km. 384.000 to Km. 386.750 on NH-27,National Highways Authority of India [NHAI],Bihar,2026-04,99.78,100.0,-0.21999999999999886,225.44,-30.75529072088952,0.16017545441618936,MODERATE EARLY-WARNING SIGNAL,,No thresholded rule warning,No thresholded rule warning,No thresholded rule warning
618571,Permanent rectification of 3 nos. of black spots in project Highway NH-27 of U.P border - Dewapur - Kotwa section from Km.360.915 to km.440.000 Total Length of 79.085 Km of NH-27& Permanent rectification of 5 nos. of black spots of project Highway NH-27 of Kotwa - Mehsi - Muzaffarpur Section from km.440.000 to km.520.000 Total length 80.00Km,NHAI,Bihar,2026-06,83.0,100.0,-17.0,233.7,2.838283828382842,0.21411906449055715,MODERATE EARLY-WARNING SIGNAL,STABLE,Schedule pressure,No thresholded rule warning,No thresholded rule warning
618572,Binnaguri Bypass-Descoped portion of Ghoshpukur-Dhupguri Section of NH-31Dpkg-1,NHAI,West Bengal,2026-06,2.58,29.166666666666668,-26.586666666666666,2.17,-28.466644085293076,0.10144149308788844,MODERATE EARLY-WARNING SIGNAL,STABLE,Progress behind expected,No thresholded rule warning,No thresholded rule warning
618574,Balance Works of 4L of NH-31D from Km. 113.200 to Km. 154.854 Package-II A Ghoshpukur-Salsalabari Section,NHAI,West Bengal,2026-06,58.15,60.0,-1.8500000000000014,457.52,-34.8402494418354,0.14712697117052695,MODERATE EARLY-WARNING SIGNAL,STABLE,No thresholded rule warning,No thresholded rule warning,No thresholded rule warning
618576,"6L Standalone Flyovers at Raha, Demow, Borghat, Kathiatali junctions and ROB at Jagiroad on stretches of NH 36 and NH 27",National Highways Authority of India [NHAI],Assam,2026-04,99.04,100.0,-0.9599999999999937,211.79,-24.562778272484422,0.12568966907571233,MODERATE EARLY-WARNING SIGNAL,,No thresholded rule warning,No thresholded rule warning,No thresholded rule warning
618577,Dwarka Expressway Pkg-III Delhi/HR Border to Start of RoB Gurugram,National Highways Authority of India [NHAI],"Multi-States (Delhi, Haryana)",2026-05,100.0,100.0,0.0,999.69,-55.13584590667158,0.15259229782941616,MODERATE EARLY-WARNING SIGNAL,IMPROVING,Long implementation duration,No thresholded rule warning,No thresholded rule warning
618578,6L Access Controlled Highway from DND Maharani Bagh - Jn. with Jaitpur - Pushta Road of NH-148NA from km. 0.00 to km. 9.00 in NCR,National Highways Authority of India [NHAI],Delhi,2026-04,98.25,100.0,-1.75,1615.84,10.112849588398845,0.2513059345882239,MODERATE EARLY-WARNING SIGNAL,,No thresholded rule warning,No thresholded rule warning,No thresholded rule warning
618579,6L of Anandapuram Pendurthi Anakapalli Section from km. 681.000 to km. 731.780 of NH-16,NHAI,Andhra Pradesh,2026-06,100.0,100.0,0.0,2376.08,-5.97229916897507,0.3281540568968549,HIGH EARLY-WARNING SIGNAL,WORSENING,Long implementation duration,No thresholded rule warning,No thresholded rule warning
618580,Gohana - Sonipat PKG-2,NHAI,Haryana,2026-06,97.86,100.0,-2.1400000000000006,1225.85,-3.8782727336882914,0.38849334376476824,HIGH EARLY-WARNING SIGNAL,WORSENING,Long implementation duration,No thresholded rule warning,No thresholded rule warning
618581,Hosur to Dhamrapuri Pkg-1 [Neraluru - Thorapalli Agraharam],NHAI,"Multi-States (Karnataka, Tamil Nadu)",2026-06,78.7,100.0,-21.299999999999997,1459.22,-16.960967864926843,0.28713768255869004,MODERATE EARLY-WARNING SIGNAL,WORSENING,Progress behind expected,Schedule pressure,No thresholded rule warning
618582,4L of Galgalia - Bahadurganj section from Km 0.000 to Km 49.000 Package-I of NH327E,National Highways Authority of India [NHAI],Bihar,2026-04,100.0,100.0,0.0,599.36,-53.28339711762551,0.1808828383443111,MODERATE EARLY-WARNING SIGNAL,,No thresholded rule warning,No thresholded rule warning,No thresholded rule warning
618583,4L of Bahadurganj Araria section from Km 49.000 to Km 94.000 Package-II of NH- 327E,National Highways Authority of India [NHAI],Bihar,2026-04,100.0,100.0,0.0,713.95,-47.4561551991875,0.17966859674417202,MODERATE EARLY-WARNING SIGNAL,,No thresholded rule warning,No thresholded rule warning,No thresholded rule warning
618584,4L of Kishanganj - Bahadurganj section from Km. 0.000 to Km. 23.649 & interchange at Start Point Length - 1.200 Km of NH-27,NHAI,"Multi-States (Bihar, West Bengal)",2026-06,18.31,25.0,-6.690000000000001,179.31,-6.376968135931204,0.13984599718400104,MODERATE EARLY-WARNING SIGNAL,WORSENING,No thresholded rule warning,No thresholded rule warning,No thresholded rule warning
618585,6L of Gonde Km. 439.038 to Pimpri Sado Km. 459.905 section of NH-848 Old NH-3,NHAI,Maharashtra,2026-06,38.0,66.66666666666667,-28.66666666666667,142.38,-50.05154057702107,0.17936024394939923,MODERATE EARLY-WARNING SIGNAL,STABLE,Progress behind expected,No thresholded rule warning,No thresholded rule warning
618586,Improvement and strengthening of existing 2 lane stretch to 2-Lane with PS 1.5m on both sides on Ghoti-Sinnar section of NH-160A using Thin White Topping 200mm thick in the State Of Maharashtra on EPC Mode,NHAI,Maharashtra,2026-06,77.0,100.0,-23.0,115.05,-54.84339430096554,0.2038179870109384,MODERATE EARLY-WARNING SIGNAL,STABLE,Progress behind expected,Schedule pressure,No thresholded rule warning
618588,4L Mitigation Measure structures on CH/MH Border to Wainganga Bridge Section of NH-6 New NH-53,NHAI,Maharashtra,2026-06,99.79,100.0,-0.20999999999999375,464.28,-14.060417592181253,0.2916582143845543,MODERATE EARLY-WARNING SIGNAL,WORSENING,No thresholded rule warning,No thresholded rule warning,No thresholded rule warning
618589,Durg-Raipur Bypass Section Package - 1 from km. 0.00 to km. 44.50 near Tendesara to near Khatti Village,NHAI,Chhattisgarh,2026-06,74.93,100.0,-25.069999999999993,1016.41,-44.397702407002186,0.26666649362076245,MODERATE EARLY-WARNING SIGNAL,WORSENING,Progress behind expected,Schedule pressure,No thresholded rule warning
618590,Durg-Raipur-Arang Package - 2 from km. 44.50 to km. 92.23 near Khatti Village to near Aurang,NHAI,Chhattisgarh,2026-06,73.96,100.0,-26.040000000000006,1000.81,-48.90959211802542,0.2466251945729996,MODERATE EARLY-WARNING SIGNAL,WORSENING,Progress behind expected,Schedule pressure,No thresholded rule warning
618591,"Construction of 6-lane flyover at Ainthapali junction and a 2-lane ROB LHS on NH-53 Earlier NH-6 in Sambalpur, on EPC mode in Odisha under NHO",NHAI,Odisha,2026-06,50.87,80.0,-29.130000000000003,106.42,-51.55838255338483,0.16699577649700767,MODERATE EARLY-WARNING SIGNAL,WORSENING,Progress behind expected,Schedule pressure,No thresholded rule warning
618592,"Balance work of 8 nos. of Elephant Underpasses EUPs, 1 no. of Vehicular Underpass VUP, 1 nos. of Light Vehicular Underpass LVUP, 1 nos. of Pedestrian Underpass PUP, 1 nos. of Foot Over Bridge FOB and A2 side approach of Jharpokharia Flyover at Km.215.270 in Baharagora-Singhara section of NH-49",NHAI,Odisha,2026-06,22.85,100.0,-77.15,54.79,-82.9123003992016,0.21112817533127642,MODERATE EARLY-WARNING SIGNAL,STABLE,Progress behind expected,Schedule pressure,No thresholded rule warning
618593,Balance work of Rehabilitation and Upgradation to four laning of Baharagora Singhara section of NH-49 from Km.229.727 to Km.238.990 Length 9.263 Km. including construction of five nos. of Elephant Underpasses EUP and fourteen nos. of Animal Underpasses AUP inside the buffer zone of Similipal Tiger Reserve Area in Bangriposi Ghat section in the State of Odisha on EPC Mode,NHAI,Odisha,2026-06,9.8,43.333333333333336,-33.53333333333333,13.82,-38.084966327408985,0.10156754043303769,MODERATE EARLY-WARNING SIGNAL,STABLE,Progress behind expected,No thresholded rule warning,No thresholded rule warning
618594,Balance work of 4L Panvel to Indapur section of NH-66 Old NH- 17 from km 0.000 Panvel to km 42.300 Kasu,NHAI,Maharashtra,2026-06,96.89,100.0,-3.1099999999999994,185.79,-43.66927414953611,0.14655697512273483,MODERATE EARLY-WARNING SIGNAL,WORSENING,No thresholded rule warning,No thresholded rule warning,No thresholded rule warning
618595,6L of Chengala - Neeleshwaram from km. 56.200 to km. 93.468,NHAI,Kerala,2026-06,90.82,100.0,-9.180000000000007,1447.31,-17.12846059148559,0.31276409449452514,HIGH EARLY-WARNING SIGNAL,WORSENING,No thresholded rule warning,No thresholded rule warning,No thresholded rule warning
618596,6L of Taliparamba to Muzhappilangad from Km 134.650 to Km 170.6 of NH-66,NHAI,Kerala,2026-06,83.4,100.0,-16.599999999999994,2020.24,-25.578722463714726,0.3303008354974468,HIGH EARLY-WARNING SIGNAL,WORSENING,Schedule pressure,No thresholded rule warning,No thresholded rule warning
618597,6L of Azhiyur-Vengalam from km. 189.200 to km. 230.400 of NH-66,NHAI,Kerala,2026-06,60.07,100.0,-39.93,2406.73,-24.925057006585007,0.3038807547988684,HIGH EARLY-WARNING SIGNAL,WORSENING,Progress behind expected,Schedule pressure,No thresholded rule warning
618598,6L Minor Bridge Paloli Palam at km. 203.160 & Major Bridge Morad at km. 204.895 and allied works,NHAI,Kerala,2026-06,100.0,100.0,0.0,190.46,-9.304761904761904,0.3472638172831246,HIGH EARLY-WARNING SIGNAL,WORSENING,Long implementation duration,No thresholded rule warning,No thresholded rule warning
618599,6L of Ramanatukkara Junction to start of Valanchery bypass section of NH-66,NHAI,Kerala,2026-06,100.0,100.0,0.0,3635.17,-26.176100858835397,0.2646948017753642,MODERATE EARLY-WARNING SIGNAL,WORSENING,No thresholded rule warning,No thresholded rule warning,No thresholded rule warning
618600,6L of Valanchery bypass to Kappirikkad of NH 66 from km. 298500 to km 335850,NHAI,Kerala,2026-06,100.0,100.0,0.0,2476.49,-38.45609029955716,0.24920538911908527,MODERATE EARLY-WARNING SIGNAL,WORSENING,No thresholded rule warning,No thresholded rule warning,No thresholded rule warning
618601,6L of Kappirikkad to Thalikulam section from km 335.85 to km 369.015 of NH - 66 old NH-17,NHAI,Kerala,2026-06,95.27,100.0,-4.730000000000004,3329.11,-21.215498900745217,0.28911702718593146,MODERATE EARLY-WARNING SIGNAL,WORSENING,No thresholded rule warning,No thresholded rule warning,No thresholded rule warning
618602,6L of Thalikulam to Kodugallur section from km 369.015 to km 397.850 of NH - 66 old NH-17,NHAI,Kerala,2026-06,94.55,100.0,-5.450000000000003,3312.67,-22.99805209597264,0.27680973677026505,MODERATE EARLY-WARNING SIGNAL,WORSENING,No thresholded rule warning,No thresholded rule warning,No thresholded rule warning
618603,6L of Kodugallur to Edapppally section from km 397.750 to km 423.780 of NH - 66 old NH-17,NHAI,Kerala,2026-06,70.99,100.0,-29.010000000000005,2171.55,-37.343832051289446,0.26525094605492777,MODERATE EARLY-WARNING SIGNAL,STABLE,Progress behind expected,Schedule pressure,No thresholded rule warning
618604,Aroor-Thuravoor Thekku,NHAI,Kerala,2026-06,91.27,100.0,-8.730000000000004,1791.8,-26.248806348579137,0.2020442214858581,MODERATE EARLY-WARNING SIGNAL,STABLE,No thresholded rule warning,No thresholded rule warning,No thresholded rule warning
618605,Thuravoor Thekku-Paravoor,NHAI,Kerala,2026-06,80.85,100.0,-19.150000000000006,2495.62,-13.315526038826377,0.38642292452615346,HIGH EARLY-WARNING SIGNAL,WORSENING,Schedule pressure,No thresholded rule warning,No thresholded rule warning
618606,Paravoor-Kottankulangara,NHAI,Kerala,2026-06,71.2,100.0,-28.799999999999997,2858.39,-12.683856659773156,0.3545458556899788,HIGH EARLY-WARNING SIGNAL,WORSENING,Progress behind expected,Schedule pressure,No thresholded rule warning
618607,Kottankulangara- Start of Kollam Bypass,NHAI,Kerala,2026-06,73.89,100.0,-26.11,2373.25,-16.497779841950077,0.3260356644707181,HIGH EARLY-WARNING SIGNAL,WORSENING,Progress behind expected,Schedule pressure,No thresholded rule warning
618608,4L of left-over works including additional structures from Kerala/Tamil Nadu border to Kanyakumari Section from Km 43.0 to Km 96.174 of NH66,NHAI,Tamil Nadu,2026-06,80.68,100.0,-19.319999999999993,961.9,-38.50648561912251,0.21479085920707097,MODERATE EARLY-WARNING SIGNAL,STABLE,Schedule pressure,No thresholded rule warning,No thresholded rule warning
618609,Construction of 4L Flyover from MES College Junction to Bogmalo Junction on NH- 566 from Km. 7.106 to Km. 10.460 and 4L VUP at Queeny Nagar Junction from Km. 3.330 to Km. 4.550,NHAI,Goa,2026-06,57.3,95.65217391304348,-38.35217391304349,168.21,-59.32799666505178,0.26181793084069827,MODERATE EARLY-WARNING SIGNAL,WORSENING,Progress behind expected,Schedule pressure,No thresholded rule warning
618610,6L of Jodhpur Romana Bathinda - Mandi Dabwali Punjab Haryana Border section of NH-54 from km. 0.000 to km. 27.400 of NH-54,NHAI,Punjab,2026-06,99.0,100.0,-1.0,688.68,-12.743582596356077,0.2953925001444151,MODERATE EARLY-WARNING SIGNAL,WORSENING,No thresholded rule warning,No thresholded rule warning,No thresholded rule warning
618611,Sangariya near Chautala-Rasisar near Bikaner section of NH-754K Phase-I AJ/SR- Package-7,NHAI,Rajasthan,2026-06,100.0,100.0,0.0,450.58,-13.454852774523175,0.3342715910633957,HIGH EARLY-WARNING SIGNAL,WORSENING,Long implementation duration,No thresholded rule warning,No thresholded rule warning
618612,Deogarh near Dhandhaniya-Rajasthan/Gujarat Border Phase-I AJ/DRGB-Package-6,NHAI,Rajasthan,2026-06,100.0,100.0,0.0,704.71,-16.758997862011128,0.2273059621660526,MODERATE EARLY-WARNING SIGNAL,WORSENING,No thresholded rule warning,No thresholded rule warning,No thresholded rule warning
618613,Deogarh near Dhandhaniya-Rajasthan/Gujarat Border Phase-I AJ/DRGB-Package-7,NHAI,Rajasthan,2026-06,99.2,100.0,-0.7999999999999972,561.0,-15.267037216046404,0.35020001855424776,HIGH EARLY-WARNING SIGNAL,WORSENING,No thresholded rule warning,No thresholded rule warning,No thresholded rule warning
618614,Sanchore - Santalpur from km 67.000 - km 99.000 of NH-754K AJ-RGBS-Package-3,National Highways Authority of India [NHAI],Gujarat,2026-04,99.0,100.0,-1.0,569.43,-24.3081217599362,0.14510667027114948,MODERATE EARLY-WARNING SIGNAL,,No thresholded rule warning,No thresholded rule warning,No thresholded rule warning
618615,Sanchore - Santalpur from km 99.000 - km 130.073 of NH-754K AJ-RGBS-Package-4,NHAI,Gujarat,2026-06,99.7,100.0,-0.29999999999999716,764.0,-1.8184154725952482,0.3172599119249921,HIGH EARLY-WARNING SIGNAL,WORSENING,Long implementation duration,No thresholded rule warning,No thresholded rule warning
618616,4L of Dhrol bypass section of NH-151A Approx. length 5.7 Km & widening upto 4 laning of missing link of Amran section of NH-151A Approx. length 6.55 Km from existing Ch. 42000 to 48500 of ongoing Dhrol-Bhadra-Pipaliya section of NH-151A,NHAI,Gujarat,2026-06,32.1,66.66666666666667,-34.56666666666667,140.05,-44.279442011147,0.15184671381743747,MODERATE EARLY-WARNING SIGNAL,STABLE,Progress behind expected,No thresholded rule warning,No thresholded rule warning
618617,6L Amritsar-Bathinda Greenfield section from village Tiba on NE-5A to Jn. with Moga Jalandhar road NH-703 near Dharamkot from km 0.000 to km 39.000 of NH-754A Pkg-1,NHAI,Punjab,2026-06,71.6,100.0,-28.400000000000006,969.03,-21.177341424132493,0.2871986265740517,MODERATE EARLY-WARNING SIGNAL,WORSENING,Progress behind expected,Schedule pressure,No thresholded rule warning
618618,6L Amritsar-Bathinda Greenfield section from Jn. with Bhagta Bhai Ka-Bhadaur Road near Dyalpura Bhai Ka to Jn. with Mandi Dabwali Bathinda Road on NH-54 near Sangat Kalan from km 93.000 to km 154.866 of NH-754A Pkg-3,NHAI,Punjab,2026-06,72.0,100.0,-28.0,1440.11,-29.029603236791402,0.26864213466203923,MODERATE EARLY-WARNING SIGNAL,WORSENING,Progress behind expected,Schedule pressure,No thresholded rule warning
618619,Bypass on Western side of Gwalior City,NHAI,Madhya Pradesh,2026-06,0.0,20.833333333333332,-20.833333333333332,195.11,-1.3018252498456704,0.13299598132440957,MODERATE EARLY-WARNING SIGNAL,WORSENING,Progress behind expected,No thresholded rule warning,No thresholded rule warning
618620,"Additional works 2VUPs, MR-10 junction flyover and underpass in Six lane Indore- Dewas section of NH-52 in the state of Madhya Pradesh on EPC Mode",NHAI,Madhya Pradesh,2026-06,79.72,100.0,-20.28,142.54,-31.39529287192569,0.15321036367704643,MODERATE EARLY-WARNING SIGNAL,STABLE,Progress behind expected,Schedule pressure,No thresholded rule warning
618621,Indore - Edlabad Pkg-II [Tejajinagar to Balwara],NHAI,Madhya Pradesh,2026-06,87.3,100.0,-12.700000000000003,811.16,-30.24079807361541,0.2096532043771874,MODERATE EARLY-WARNING SIGNAL,WORSENING,Schedule pressure,No thresholded rule warning,No thresholded rule warning
618622,4L of Indore - Boregaon Pkg-III [Balwara to Dhangaon] from km. 42.260 to km. 82.660 of NH347BG & 753L,NHAI,Madhya Pradesh,2026-06,90.5,100.0,-9.5,825.56,-17.583284249618146,0.2388275819078223,MODERATE EARLY-WARNING SIGNAL,WORSENING,No thresholded rule warning,No thresholded rule warning,No thresholded rule warning
618623,4L Boregaon Buzurg to Shahpur Pkg I of Boregaon Buzurg to Muktainagar of NH 753L,NHAI,Madhya Pradesh,2026-06,90.1,100.0,-9.900000000000006,527.34,-64.94612362650145,0.1759058355880457,MODERATE EARLY-WARNING SIGNAL,WORSENING,No thresholded rule warning,No thresholded rule warning,No thresholded rule warning
618624,Mangloor to Telangana Maharashtra Border,National Highways Authority of India [NHAI],"Multi-States (Maharashtra, Telangana)",2026-04,96.02,100.0,-3.980000000000004,180.13,-83.36212072230177,0.1680283343760118,MODERATE EARLY-WARNING SIGNAL,,Long implementation duration,No thresholded rule warning,No thresholded rule warning
618625,Indore - Gujarat / MP Border from km. Km 9.500 to Km 171.000 of NH-59 in MP,National Highways Authority of India [NHAI],Madhya Pradesh,2026-04,99.93,100.0,-0.06999999999999318,14.04,-98.80510638297872,0.14695636984809912,MODERATE EARLY-WARNING SIGNAL,,Long implementation duration,No thresholded rule warning,No thresholded rule warning
618626,Four laning from Dive Ghat Km. 220.900 to Hadapsar Km. 234.150 of Mohol Alandi section Pkg VI of NH-965,NHAI,Maharashtra,2026-06,64.95,83.33333333333333,-18.383333333333326,122.8,-68.34895223220096,0.17009533750996622,MODERATE EARLY-WARNING SIGNAL,WORSENING,Schedule pressure,No thresholded rule warning,No thresholded rule warning
618627,Construction of 7 Nos of Standalone safety structures/works at different locations on various NHs,NHAI,Maharashtra,2026-06,33.35,61.111111111111114,-27.761111111111113,26.55,-45.356304559959916,0.22475464483488206,MODERATE EARLY-WARNING SIGNAL,WORSENING,Progress behind expected,No thresholded rule warning,No thresholded rule warning
618628,Strengthening of Existing Alignment of Pandharpur Town Part Bypassed Section of NH 965 from KM 36.230 to KM 44.230 from Chh. Shivaji Maharaj Chowk to Wakhari,NHAI,Maharashtra,2026-06,48.0,100.0,-52.0,65.36,-56.48758404899807,0.17390027367337116,MODERATE EARLY-WARNING SIGNAL,STABLE,Progress behind expected,Schedule pressure,No thresholded rule warning
618629,Nandigama Bypass and Kanchikacherla bypass,NHAI,Andhra Pradesh,2026-06,98.47,100.0,-1.5300000000000011,387.77,-6.801740091811467,0.2757105642173639,MODERATE EARLY-WARNING SIGNAL,WORSENING,Long implementation duration,No thresholded rule warning,No thresholded rule warning
618630,6L of MH/KN Border Nimbal Village to KN/TS Border Singnodi Village from Km. 26.000 to Km. 97.000 in Gulbarga of NH-150C Pkg-II,NHAI,Karnataka,2026-06,79.87,100.0,-20.129999999999995,964.75,-59.04370935149179,0.2564703548768055,MODERATE EARLY-WARNING SIGNAL,WORSENING,Progress behind expected,Schedule pressure,No thresholded rule warning
618631,6L of MH/KN Border Nimbal Village to KN/TS Border Singnodi Village from Km. 162.5 to Km. 203.100 in Raichur of NH-150C Pkg-IV,NHAI,"Multi-States (Karnataka, Telangana)",2026-06,99.51,100.0,-0.4899999999999949,840.3,-43.969914584625236,0.15449084573836291,MODERATE EARLY-WARNING SIGNAL,WORSENING,No thresholded rule warning,No thresholded rule warning,No thresholded rule warning
618632,6L Access Controlled Greenfield Highway of Nandinne village to Julekal village from Km 202.900 to Km 242.200 Pkg-1,NHAI,"Multi-States (Karnataka, Telangana)",2026-06,91.47,100.0,-8.530000000000001,459.45,-52.73439911116598,0.1603777803234477,MODERATE EARLY-WARNING SIGNAL,STABLE,No thresholded rule warning,No thresholded rule warning,No thresholded rule warning
618633,4L of Kadapa China Orampadu section of NH-716 Package I of Kadapa-Renigunta section,NHAI,Andhra Pradesh,2026-06,2.3,12.5,-10.2,105.77,-6.39551325707294,0.10709581063715594,MODERATE EARLY-WARNING SIGNAL,WORSENING,No thresholded rule warning,No thresholded rule warning,No thresholded rule warning
618634,6L of Veera Kaveri Raja Puram to Pondavakkam from km 61.380 to km 96.040 of NH 716B Pkg-III,NHAI,"Multi-States (Andhra Pradesh, Tamil Nadu)",2026-06,98.89,100.0,-1.1099999999999994,808.45,-43.848670273724274,0.19275539056940708,MODERATE EARLY-WARNING SIGNAL,WORSENING,No thresholded rule warning,No thresholded rule warning,No thresholded rule warning
618635,6L of Pondavakkam to Kannigaipair from km 96.040 to km 116.100 of NH 716B Pkg- IV,NHAI,Tamil Nadu,2026-06,40.88,100.0,-59.12,409.22,-69.9060898213721,0.2559665928470328,MODERATE EARLY-WARNING SIGNAL,WORSENING,Progress behind expected,Schedule pressure,No thresholded rule warning
618636,Akkalkot MH/KN border New Greenfield corridor from Km 512.000 to Km 548.400 of NH-150C part of Akkalkot KN/TS Border section Package XIV,NHAI,"Multi-States (Karnataka, Maharashtra)",2026-06,53.31,83.33333333333333,-30.023333333333326,300.25,-61.42926621679129,0.17111716469712454,MODERATE EARLY-WARNING SIGNAL,WORSENING,Progress behind expected,Schedule pressure,No thresholded rule warning
618637,Bal. Works of Fagne Km. 510.000 to Maharashtra/Gujarat Border Km. 650.794,NHAI,"Multi-States (Gujarat, Maharashtra)",2026-06,97.66,100.0,-2.3400000000000034,1416.49,-14.363358261742249,0.4186876888300695,HIGH EARLY-WARNING SIGNAL,WORSENING,Long implementation duration,No thresholded rule warning,No thresholded rule warning
618638,Tarsod - Fagne section of NH-6,National Highways Authority of India [NHAI],Maharashtra,2026-04,98.84,100.0,-1.1599999999999966,990.0,-56.34901388454093,0.2549476701252588,MODERATE EARLY-WARNING SIGNAL,,Long implementation duration,No thresholded rule warning,No thresholded rule warning
618639,4L of Bilaspur to Urga km 0.00 to 70.2 of NH-130A,NHAI,Chhattisgarh,2026-06,94.81,100.0,-5.189999999999998,1468.47,-20.862367225518568,0.32007348889435877,HIGH EARLY-WARNING SIGNAL,WORSENING,No thresholded rule warning,No thresholded rule warning,No thresholded rule warning
618640,4L of Urga - Pathalgaon from Km. 70.200 to km. 157.745 of NH-130A,NHAI,Chhattisgarh,2026-06,80.05,93.33333333333333,-13.283333333333331,1050.51,-46.87731246038415,0.2894929365695909,MODERATE EARLY-WARNING SIGNAL,WORSENING,Schedule pressure,No thresholded rule warning,No thresholded rule warning
618641,4 Lane of CG/JH Border-Gumla from km 0.000 to km 32.370 of NH-43 in the State of Jhrkhand,NHAI,Jharkhand,2026-06,5.73,16.666666666666668,-10.936666666666667,292.91,5.426409212048075,0.1461128139111771,MODERATE EARLY-WARNING SIGNAL,WORSENING,No thresholded rule warning,No thresholded rule warning,No thresholded rule warning
618642,4L of Palma to Gumla from km. 26.00 to km. 89.170 of NH-23,NHAI,Jharkhand,2026-06,99.89,100.0,-0.10999999999999943,1369.19,-27.284073226301558,0.29609767605872617,MODERATE EARLY-WARNING SIGNAL,WORSENING,No thresholded rule warning,No thresholded rule warning,No thresholded rule warning
618644,4L of Ormanjhi-Gola section from Km 81.450 to Km 53.600 of NH- 320BPKG-II,NHAI,Jharkhand,2026-06,86.57,100.0,-13.430000000000007,993.58,-18.219156659231402,0.2618335235484543,MODERATE EARLY-WARNING SIGNAL,WORSENING,Schedule pressure,No thresholded rule warning,No thresholded rule warning
618645,4L of Gola-BokaroJaina More section from Km 53.600 to Km 21.110 of NH-320PKG-1,NHAI,Jharkhand,2026-06,78.1,100.0,-21.900000000000006,609.9,-39.492246793059316,0.26530179332366166,MODERATE EARLY-WARNING SIGNAL,WORSENING,Progress behind expected,Schedule pressure,No thresholded rule warning
618646,4L of Pathalgaon-Kunkuri-CG/JH Border section of NH-43 from Km. 00.000 to Km.104.250,NHAI,Chhattisgarh,2026-06,0.0,5.555555555555555,-5.555555555555555,0.03,-5.554602287912955,0.09180524043758113,LOW EARLY-WARNING SIGNAL,STABLE,No thresholded rule warning,No thresholded rule warning,No thresholded rule warning
618647,6L Access Controlled Ludhiana-Bathinda Greenfield highway from Jn. with Amritsar- Bathanda Greenfield Road NH-754A near Rampura Phul to Jn. with Moga-Barnala Road NH-703 near village Tallewal from Km 0.0 to Km 30.3 of NH-754AD Pkg-1,NHAI,Punjab,2026-06,81.5,100.0,-18.5,687.75,-24.132111063308727,0.22514443058610045,MODERATE EARLY-WARNING SIGNAL,WORSENING,Schedule pressure,No thresholded rule warning,No thresholded rule warning
618648,"Development of 6-lane Greenfield Southern Ludhiana Bypass from intersection with NH-44 near Village Rajgarh to intersection with Delhi Katra Expressway NE-5 near Village Ballowal, km 0000 to km 25240",NHAI,Punjab,2026-06,3.54,12.5,-8.96,145.14,-2.311519427187534,0.1831540276308975,MODERATE EARLY-WARNING SIGNAL,,No thresholded rule warning,No thresholded rule warning,No thresholded rule warning
618649,4 Lane with PS from Des. Ch 228.500 to Des. Ch. 273.400 of Belgaum-Hungund- Raichur Section of NH 748 A Package-6,NHAI,Karnataka,2026-06,53.8,79.16666666666667,-25.366666666666674,381.27,-48.57083149433589,0.18902566469377757,MODERATE EARLY-WARNING SIGNAL,WORSENING,Progress behind expected,No thresholded rule warning,No thresholded rule warning
618650,4 Lane with PS from Des. Ch 89.900 to Des. Ch. 136.100 of Belgaum-Hungund- Raichur Section of NH-748A Package-3,NHAI,Karnataka,2026-06,22.5,58.333333333333336,-35.833333333333336,302.3,-36.16895178043356,0.16747835860701724,MODERATE EARLY-WARNING SIGNAL,WORSENING,Progress behind expected,No thresholded rule warning,No thresholded rule warning
618651,4 Lane with PS from Des. Ch 43.800 to Des. Ch. 89.900 of Belgaum-Hungund- Raichur Section of NH-748A Package-2,NHAI,Karnataka,2026-06,48.8,65.21739130434783,-16.41739130434783,594.55,-23.578738196243513,0.19464643998623155,MODERATE EARLY-WARNING SIGNAL,STABLE,No thresholded rule warning,No thresholded rule warning,No thresholded rule warning
618652,Chakur Loha Section of NH-361 from km 114.600 to km 187.80,National Highways Authority of India [NHAI],Maharashtra,2026-04,100.0,100.0,0.0,785.13,-36.753451803637894,0.19920718020602315,MODERATE EARLY-WARNING SIGNAL,,Long implementation duration,No thresholded rule warning,No thresholded rule warning
618653,Loha-Waranga Section of NH-361 from km 187.800 to km 244.369,NHAI,Maharashtra,2026-06,96.22,100.0,-3.780000000000001,1503.55,21.638567083036705,0.3915768910006897,HIGH EARLY-WARNING SIGNAL,WORSENING,Expenditure ahead of progress,Long implementation duration,No thresholded rule warning
618654,4L Greenfield Rudhi to Deshgaon Pkg V of Betul-Khandwa/Deshgaon,NHAI,Madhya Pradesh,2026-06,63.79,100.0,-36.21,199.48,-61.72751865850617,0.18908944253983628,MODERATE EARLY-WARNING SIGNAL,WORSENING,Progress behind expected,Schedule pressure,No thresholded rule warning
618655,2L PS of Roshni to Ashapur Section of NH-347B from Design KM Ch. 89.900 to 114.000 KM Package III of Betul Khandwa,NHAI,Madhya Pradesh,2026-06,98.26,91.66666666666667,6.593333333333334,126.72,-28.618753835182524,0.1500617089335513,MODERATE EARLY-WARNING SIGNAL,STABLE,No thresholded rule warning,No thresholded rule warning,No thresholded rule warning
618661,4L from km 0.000 to 42.040 Bhopal Ratnaigiri Tiraha to Vidisha Morikodi,NHAI,Madhya Pradesh,2026-06,17.11,29.166666666666668,-12.056666666666668,178.3,-11.89455584616875,0.1481367152690152,MODERATE EARLY-WARNING SIGNAL,WORSENING,No thresholded rule warning,No thresholded rule warning,No thresholded rule warning
618662,4L Vidisha Gyaraspur section of NH-146 from Design Chainage km 59475 existing chainage km 81240 to Design Chainage km 88361 existing chainage km 110.315,NHAI,Madhya Pradesh,2026-06,11.1,12.5,-1.4000000000000004,96.41,-2.6642521934299133,0.1189873867604632,MODERATE EARLY-WARNING SIGNAL,WORSENING,No thresholded rule warning,No thresholded rule warning,No thresholded rule warning
618663,i 4L Vidisha to Hinotiya from km 0.000 to Km 27.000 Vidisha Mehulwa-Talbehat Pkg- I Section of NH- 346 and ii 4L Vidisha to Morikori from Km 39.000 to 59.476 section of NH-146,NHAI,Madhya Pradesh,2026-06,90.04,100.0,-9.959999999999994,398.13,-60.340482333369856,0.15885144537330265,MODERATE EARLY-WARNING SIGNAL,STABLE,No thresholded rule warning,No thresholded rule warning,No thresholded rule warning
618664,Berkhedi to Godpehra on NH-44 Sagar link road,NHAI,Madhya Pradesh,2026-06,92.05,100.0,-7.950000000000003,385.96,-26.461397759317123,0.1546227038217829,MODERATE EARLY-WARNING SIGNAL,WORSENING,No thresholded rule warning,No thresholded rule warning,No thresholded rule warning
618665,4L of Sagar - Mohari from Km.8 to Km.50 Pkg-I,National Highways Authority of India [NHAI],Madhya Pradesh,2026-04,98.64,100.0,-1.3599999999999994,454.77,-42.49095829434229,0.17094501458910794,MODERATE EARLY-WARNING SIGNAL,,No thresholded rule warning,No thresholded rule warning,No thresholded rule warning
618666,4- Laning of Mohari to Satai Ghat section NH-934 from Km 50300 to Km 89875 Total length 39.575 km Package-2 in the State of Madhya Pradesh on EPC Mode,NHAI,Madhya Pradesh,2026-06,95.66,91.66666666666667,3.993333333333325,505.77,-20.52364072844577,0.17480487497196018,MODERATE EARLY-WARNING SIGNAL,STABLE,No thresholded rule warning,No thresholded rule warning,No thresholded rule warning
618667,4L of near Satai Ghat to Chowka section of NH-34 from D. Ch. 89.875 to D. Ch. 145.000 Package-3,NHAI,Madhya Pradesh,2026-06,34.92,33.333333333333336,1.586666666666666,193.1,-14.130676186782555,0.17974482054146718,MODERATE EARLY-WARNING SIGNAL,WORSENING,No thresholded rule warning,No thresholded rule warning,No thresholded rule warning
618668,4L of Chowka to Kaimaha near MP/UP Border section NH-34 from D. Ch. 145.000 to D. Ch. 197.266 excluding existing Chhatarpur bypass from D. Ch. 160.307 to D. Ch. 168.630 Package-4,NHAI,"Multi-States (Madhya Pradesh, Uttar Pradesh)",2026-06,44.92,37.5,7.420000000000002,288.69,-8.529603612644255,0.1886208635602884,MODERATE EARLY-WARNING SIGNAL,WORSENING,No thresholded rule warning,No thresholded rule warning,No thresholded rule warning
618669,4 -Laning of MP/UP Border to Kabarai section of NH-34&35 from km 197.000 to km 242.991 Length 45.991 Km Sagar-Kabrai Package-5 under Bharat Mala Pariyojana EC in MP & UP on HAM,NHAI,Uttar Pradesh,2026-06,60.02,66.66666666666667,-6.646666666666668,529.81,-34.22130771067959,0.21949507607236696,MODERATE EARLY-WARNING SIGNAL,WORSENING,No thresholded rule warning,No thresholded rule warning,No thresholded rule warning
618671,4-lanning of Rahatgarh to Berkhedi section of NH-146 from Design Ch 124470 to Ch. 134.549,NHAI,Madhya Pradesh,2026-06,12.07,25.0,-12.93,53.13,-16.40750084906118,0.1149579402661009,MODERATE EARLY-WARNING SIGNAL,WORSENING,No thresholded rule warning,No thresholded rule warning,No thresholded rule warning
618672,4-lanning of Gyaraspur to Rahatgarh section of NH-146 from Design Ch. 88361 to Ch 124470 in the state of MP on HAM mode,NHAI,Madhya Pradesh,2026-06,33.14,29.166666666666668,3.9733333333333327,169.75,-10.37737241358954,0.1406355028108381,MODERATE EARLY-WARNING SIGNAL,WORSENING,No thresholded rule warning,No thresholded rule warning,No thresholded rule warning
618673,Development of 6L of Jhanki Sargi Section Road from km 0.000 to km 42.800 of NH- 130CD Pkg-CG-1,NHAI,Chhattisgarh,2026-06,99.35,100.0,-0.6500000000000057,715.25,-47.722903982633994,0.1905966959206753,MODERATE EARLY-WARNING SIGNAL,WORSENING,No thresholded rule warning,No thresholded rule warning,No thresholded rule warning
618674,Development of 6L Sargi Basanwahi Section from km 42.800 to km 99.500 of NH- 130CD Pkg-CG-2,NHAI,Chhattisgarh,2026-06,100.0,100.0,0.0,757.59,-48.488845675276906,0.1633963144511287,MODERATE EARLY-WARNING SIGNAL,WORSENING,No thresholded rule warning,No thresholded rule warning,No thresholded rule warning
618675,Development of 6L of Basanwahi Marangpuri Section from km 99.500 to km 124.661 of NH-130-CD,NHAI,Chhattisgarh,2026-06,66.8,100.0,-33.2,481.63,-63.15447229107378,0.19902674968383685,MODERATE EARLY-WARNING SIGNAL,WORSENING,Progress behind expected,Schedule pressure,No thresholded rule warning
618676,6L of Dhanara - Hatibena Section from Km 124.611 to km 146.50 of NH-130-CD Package OD-1,National Highways Authority of India [NHAI],"Multi-States (Chhattisgarh, Odisha)",2026-04,99.95,100.0,-0.04999999999999716,297.98,-37.62977227059611,0.1631946502616779,MODERATE EARLY-WARNING SIGNAL,,No thresholded rule warning,No thresholded rule warning,No thresholded rule warning
618677,6L Greenfield Kaliagura Baunsaguar Section of NH-130-CD Road from km 249000 to km 293000 Package OD-5,NHAI,Odisha,2026-06,96.8,100.0,-3.200000000000003,998.13,-35.175840233804195,0.2573600925871824,MODERATE EARLY-WARNING SIGNAL,WORSENING,No thresholded rule warning,No thresholded rule warning,No thresholded rule warning
618678,6L Greenfield Baunsaguar - Baraja Section of NH-130-CD Road from km 293000 to km 338500 Package OD-6,NHAI,Odisha,2026-06,99.4,100.0,-0.5999999999999943,969.31,-23.410425177190078,0.22138187989059244,MODERATE EARLY-WARNING SIGNAL,WORSENING,No thresholded rule warning,No thresholded rule warning,No thresholded rule warning
618680,6L Greenfield Kandili - Aluru Section of NH-130-CD Road from km 342500 to km 365033 Package-OD-8,NHAI,Odisha,2026-06,99.9,100.0,-0.09999999999999432,1064.81,-28.66741696477618,0.2232530871943436,MODERATE EARLY-WARNING SIGNAL,WORSENING,No thresholded rule warning,No thresholded rule warning,No thresholded rule warning
618681,6L Aluru - Jakkuva Section of NH-130CD Road from km 365.033 to km 396.800 Pkg. 1,NHAI,"Multi-States (Andhra Pradesh, Odisha)",2026-06,99.63,100.0,-0.37000000000000455,697.95,-42.60845969147781,0.16402757976754878,MODERATE EARLY-WARNING SIGNAL,STABLE,No thresholded rule warning,No thresholded rule warning,No thresholded rule warning
618682,6L Korlam-Kantakapalle Section of NH-130CD Road from Km 421.100 to Km 445.100 Pkg-3,NHAI,Andhra Pradesh,2026-06,99.5,100.0,-0.5,849.97,-23.611934933045745,0.19997681148578628,MODERATE EARLY-WARNING SIGNAL,WORSENING,No thresholded rule warning,No thresholded rule warning,No thresholded rule warning
618684,Outer Ring Road of Jabalpur Town from Manegaon to NH-45 Pkg-2,NHAI,Madhya Pradesh,2026-06,75.61,100.0,-24.39,512.57,-44.11944268800557,0.1561694276132294,MODERATE EARLY-WARNING SIGNAL,STABLE,Progress behind expected,Schedule pressure,No thresholded rule warning
618685,Outer Ring Road of Jabalpur Town from NH45 to Kushner Pkg-3,NHAI,Madhya Pradesh,2026-06,79.8,100.0,-20.200000000000003,552.0,-39.42320354681533,0.17268510149355112,MODERATE EARLY-WARNING SIGNAL,WORSENING,Progress behind expected,Schedule pressure,No thresholded rule warning
618686,Outer Ring Road of Jabalpur Town from Kushner to Amjhar Road including Airport Connectivity Pkg-IV,NHAI,Madhya Pradesh,2026-06,79.63,100.0,-20.370000000000005,363.91,-40.6287727999478,0.13964858111876577,MODERATE EARLY-WARNING SIGNAL,STABLE,Progress behind expected,Schedule pressure,No thresholded rule warning
618687,Outer Ring Road of Jabalpur Town from Barela to Manegaon Pkg-1,NHAI,Madhya Pradesh,2026-06,89.72,100.0,-10.280000000000001,483.18,-25.930127389511455,0.12062630944587713,MODERATE EARLY-WARNING SIGNAL,STABLE,Schedule pressure,No thresholded rule warning,No thresholded rule warning
618688,Outer Ring Road of Jabalpur Town from Amjhar Road including Airport Connectivity to barela Pkg-V,NHAI,Madhya Pradesh,2026-06,30.26,33.333333333333336,-3.073333333333334,84.37,-22.716748458537815,0.10617428861908049,MODERATE EARLY-WARNING SIGNAL,WORSENING,No thresholded rule warning,No thresholded rule warning,No thresholded rule warning
618690,"4 lanning of Aligarh Palwal section from km 0.00 to km 46.39 package -1 from khereshwar junction-kurana of NH33D , including khair & jattari bypass in the state of UP on HAM mode",NHAI,Uttar Pradesh,2026-06,19.5,62.5,-43.0,553.34,-29.23399944690931,0.13276324040412368,MODERATE EARLY-WARNING SIGNAL,STABLE,Progress behind expected,No thresholded rule warning,No thresholded rule warning
618691,4 laning of Aligarh-Palwal Section from Km. 46.390 Design Chainage to Km. 69.110 Terminating at junction EPE Package-II from Kurana- Eastern Peripheral Expressway of NH-334D,NHAI,"Multi-States (Haryana, Uttar Pradesh)",2026-06,12.5,41.666666666666664,-29.166666666666664,246.86,-15.38175552171953,0.13608741135568897,MODERATE EARLY-WARNING SIGNAL,WORSENING,Progress behind expected,No thresholded rule warning,No thresholded rule warning
618692,Aligarh-Kanpur Pkg I [Aligarh-Bhadwas],National Highways Authority of India [NHAI],Uttar Pradesh,2026-05,100.0,100.0,0.0,769.4,-37.27581034370313,0.13465394901969666,MODERATE EARLY-WARNING SIGNAL,STABLE,Long implementation duration,No thresholded rule warning,No thresholded rule warning
618693,Bodhre - Dhule,NHAI,Maharashtra,2026-06,97.69,100.0,-2.3100000000000023,785.93,-41.55698329838338,0.16917553123358928,MODERATE EARLY-WARNING SIGNAL,WORSENING,No thresholded rule warning,No thresholded rule warning,No thresholded rule warning
618694,Indore - Harda Pkg-I [Indore to Raghav Garh from km. 0.25 to km. 26.903],NHAI,Madhya Pradesh,2026-06,93.84,100.0,-6.159999999999997,687.94,-31.974013388839992,0.18592628876063097,MODERATE EARLY-WARNING SIGNAL,WORSENING,No thresholded rule warning,No thresholded rule warning,No thresholded rule warning
618695,Indore - Harda Pkg-III [Nanasa to Pidgaon Section from km 95.000 to km 142.445],National Highways Authority of India [NHAI],Madhya Pradesh,2026-04,98.21,100.0,-1.7900000000000063,626.01,-45.38483013732093,0.1739346134838453,MODERATE EARLY-WARNING SIGNAL,,No thresholded rule warning,No thresholded rule warning,No thresholded rule warning
618697,4LPS Access Controlled Highway of Bellary Bypass Balance work from Ch. 254750 to Ch. 266837 and construction of 4LPS from Ch. 277.690 to Ch. 278.690 at D. Hirehal Village Balance work of NH 150A of Bellary Byrapura Section,NHAI,Karnataka,2026-06,38.08,95.65217391304348,-57.572173913043486,112.21,-77.72754012125102,0.17626647719803307,MODERATE EARLY-WARNING SIGNAL,WORSENING,Progress behind expected,Schedule pressure,No thresholded rule warning
618698,Challakere to Hariyur section from km 358.500 to km 414.205 of NH-150 A,National Highways Authority of India [NHAI],Karnataka,2026-04,99.5,100.0,-0.5,843.6,-27.744278470604357,0.1566578679866183,MODERATE EARLY-WARNING SIGNAL,,Long implementation duration,No thresholded rule warning,No thresholded rule warning
618699,Pipli Bhavnagar-Package 1 from km 136.025 to km 169.328,National Highways Authority of India [NHAI],Gujarat,2026-04,100.0,100.0,0.0,188.7,-76.96364479820299,0.1462388802756439,MODERATE EARLY-WARNING SIGNAL,,Long implementation duration,No thresholded rule warning,No thresholded rule warning
618700,Renigunta - Poyya - Naidupeta km 124.60 to km 183.4 of NH 71,NHAI,Andhra Pradesh,2026-06,98.6,100.0,-1.4000000000000057,1677.08,-9.983951392578987,0.3487306076554964,HIGH EARLY-WARNING SIGNAL,WORSENING,No thresholded rule warning,No thresholded rule warning,No thresholded rule warning
618701,Balance work of 4L of Nauradehi Sanctuary de-scoped stretch of Hiran River to Sindoor River from Km. 66.00 to 130.00 NH-12 New NH-45,National Highways Authority of India [NHAI],Madhya Pradesh,2026-04,57.14,100.0,-42.86,142.2,-20.19306319452241,0.2562729288855989,MODERATE EARLY-WARNING SIGNAL,,Progress behind expected,Schedule pressure,No thresholded rule warning
618702,4L of Addahole Near Gundya to Bantwal Cross section Pkg-02 from Design Km 270.270 to Design km 318.55 including flyover at Kalladka Town including approaches from Km. 311.57 to Km. 313.67 of NH-75 Old NH-48,NHAI,Karnataka,2026-06,94.21,100.0,-5.790000000000006,1451.9,-12.546154355826744,0.42181767550270666,HIGH EARLY-WARNING SIGNAL,WORSENING,No thresholded rule warning,No thresholded rule warning,No thresholded rule warning
618704,6L Flyover including RE Wall approaches with Flexible Pavement in the Elephant Corridor of Angul Sambalpur Section of NH-42 New NH-55 Km.202.533,NHAI,Odisha,2026-06,99.99,77.41935483870968,22.570645161290315,106.14,-7.062732805036077,0.15335659084843403,MODERATE EARLY-WARNING SIGNAL,STABLE,No thresholded rule warning,No thresholded rule warning,No thresholded rule warning
618705,"4L Godibandha to Ballhar Chhak, Ballhar Chhak to Banarpal & Banarpal to Start of Angul bypass at Km.314.130 to Km.321.035 of NH53, at Km.75.200 to Km.84.000 of NH149 & at Km.84.000 to Km.86.100 of NH55",NHAI,Odisha,2026-06,4.2,16.666666666666668,-12.466666666666669,238.15,7.806162994628959,0.13012005164766854,MODERATE EARLY-WARNING SIGNAL,WORSENING,No thresholded rule warning,No thresholded rule warning,No thresholded rule warning
618706,Bangalore-Nidagatta Pkg. I,NHAI,Karnataka,2026-06,99.19,100.0,-0.8100000000000023,4315.22,23.432713293154194,0.3202049681941759,HIGH EARLY-WARNING SIGNAL,WORSENING,Expenditure ahead of progress,Long implementation duration,No thresholded rule warning
618707,Additional works under BM1 to ensure road safety under 6L of Bengaluru Mysuru Access control with close toll from Km.17.300 to Km.136.300 of NH-275,NHAI,Karnataka,2026-06,9.67,20.833333333333332,-11.163333333333332,17.91,-18.407720158366853,0.09587140721820496,LOW EARLY-WARNING SIGNAL,STABLE,No thresholded rule warning,No thresholded rule warning,No thresholded rule warning
618708,Widening/Development of Existing NH-85 from Km 0.000 to Km 124.636 section to 2L/LPS section in the state of Kerala on EPC Mode under Bharatmala Pariyojana,NHAI,Kerala,2026-06,66.88,100.0,-33.120000000000005,778.5,-34.44044902187002,0.20632285863207592,MODERATE EARLY-WARNING SIGNAL,STABLE,Progress behind expected,Schedule pressure,No thresholded rule warning
618709,4L of Left-Over Works of Hospet-Bellary -Karnataka/AP border from Km.280.080 Dec.Ch. to Km.375450Des.Ch. of NH-63 New-67,NHAI,Karnataka,2026-06,91.67,100.0,-8.329999999999998,922.07,-31.196507853598476,0.1302905036172757,MODERATE EARLY-WARNING SIGNAL,STABLE,No thresholded rule warning,No thresholded rule warning,No thresholded rule warning
618710,DL/UP Border - EPE Crossing Pkg-02,NHAI,Uttar Pradesh,2026-06,100.0,100.0,0.0,1739.68,-13.137173642768332,0.37348945062376704,HIGH EARLY-WARNING SIGNAL,WORSENING,Long implementation duration,No thresholded rule warning,No thresholded rule warning
618711,6L with access control provision Saharanpur bypass to Ganeshpur section from 13.89 Km to 41.820 Km of Delhi- Dehradun Economic Corridor package-2,NHAI,"Multi-States (Uttar Pradesh, Uttarakhand)",2026-06,99.29,100.0,-0.7099999999999937,507.68,-36.27314378961903,0.1421700232422209,MODERATE EARLY-WARNING SIGNAL,WORSENING,No thresholded rule warning,No thresholded rule warning,No thresholded rule warning
618712,6L Access Controlled Greenfield Highway from Kodur Ch. 0000 to Vanavolu Ch. 24300 of [NH-544G] Package-1,NHAI,Andhra Pradesh,2026-06,86.63,100.0,-13.370000000000005,357.89,-60.79808092536202,0.13641229115677145,MODERATE EARLY-WARNING SIGNAL,WORSENING,Schedule pressure,No thresholded rule warning,No thresholded rule warning
618713,6L Access Controlled Greenfield Highway from Yerragudipadu Ch. 129000 to Audireddipalle Ch. 160000 of [NH 544G] Package-6,NHAI,Andhra Pradesh,2026-06,45.04,100.0,-54.96,282.03,-76.50572299695108,0.14834098617337804,MODERATE EARLY-WARNING SIGNAL,STABLE,Progress behind expected,Schedule pressure,No thresholded rule warning
618714,6L Access Controlled Greenfield Highway from Nallacheruvu palli Ch. 96300 to Yerragudipadu Ch. 129000 of [NH-544G] Package-5,NHAI,Andhra Pradesh,2026-06,65.04,100.0,-34.959999999999994,388.46,-69.00403747027752,0.20777747878478442,MODERATE EARLY-WARNING SIGNAL,WORSENING,Progress behind expected,Schedule pressure,No thresholded rule warning
618715,6L Access Controlled Greenfield Highway from Odulapalle Ch. 72000 to Nallacheruvu- palli Ch. 96300 of [NH-544G]Package-4,NHAI,Andhra Pradesh,2026-06,75.92,100.0,-24.08,403.17,-61.92558315232789,0.15305034770931344,MODERATE EARLY-WARNING SIGNAL,WORSENING,Progress behind expected,Schedule pressure,No thresholded rule warning
618716,6L Access Controlled Greenfield Highway from Vankarakunta Ch. 45700 to Odulapalle Ch. 72000 of [NH-544G]Package-3,NHAI,Andhra Pradesh,2026-06,77.21,100.0,-22.790000000000006,320.05,-67.76646423140063,0.11249220962238449,MODERATE EARLY-WARNING SIGNAL,STABLE,Progress behind expected,Schedule pressure,No thresholded rule warning
618717,6L Access Controlled Greenfield Highway from Vanavolu Ch. 24300 to Vankarakunta Ch. 45700 of [NH-544G] Package-2,NHAI,Andhra Pradesh,2026-06,86.13,100.0,-13.870000000000005,250.23,-66.67199424621408,0.11990467922993121,MODERATE EARLY-WARNING SIGNAL,STABLE,Schedule pressure,No thresholded rule warning,No thresholded rule warning
618718,6L Access Controlled Greenfield Highway from Kavulakuntla Ch. 196000 to Narayanmpet Ch. 203500Package-09,NHAI,Andhra Pradesh,2026-06,47.73,66.66666666666667,-18.936666666666675,200.13,-48.34276401325789,0.16624393738760818,MODERATE EARLY-WARNING SIGNAL,WORSENING,No thresholded rule warning,No thresholded rule warning,No thresholded rule warning
618719,6L Access Controlled Greenfield Highway from Mallapalle Ch. 176000 to Kavulakuntla Ch. 196000 Package-08,NHAI,Andhra Pradesh,2026-06,60.57,100.0,-39.43,289.88,-68.11071263558557,0.1304369345454454,MODERATE EARLY-WARNING SIGNAL,STABLE,Progress behind expected,Schedule pressure,No thresholded rule warning
618720,6L Access Controlled Greenfield Highway from Audireddipalle Ch. 160000 to Mallapalle Ch. 176000Package-07,NHAI,Andhra Pradesh,2026-06,70.51,100.0,-29.489999999999995,338.11,-65.7471380812481,0.11966205952516384,MODERATE EARLY-WARNING SIGNAL,STABLE,Progress behind expected,Schedule pressure,No thresholded rule warning
618721,6L Access Controlled Greenfield Highway from Chandrasekharapuram Ch. 228000 to Polavaram Ch. 260000of [NH-544G] Package-11,NHAI,Andhra Pradesh,2026-06,60.8,100.0,-39.2,337.78,-73.86918346033343,0.13588707077179213,MODERATE EARLY-WARNING SIGNAL,WORSENING,Progress behind expected,Schedule pressure,No thresholded rule warning
618722,6L access Controlled Greenfield Highway from Gogwan Jalalpur Shamli to Ranipur Barsi Saharanpur of Shamli -Ambala section Package-I Design Ch. Form km 00.600 to km 45.500,NHAI,Uttar Pradesh,2026-06,67.4,100.0,-32.599999999999994,759.25,-58.81676511588802,0.26658658009498787,MODERATE EARLY-WARNING SIGNAL,WORSENING,Progress behind expected,Schedule pressure,No thresholded rule warning
618723,6L access Controlled Greenfield Highway from Ranipur Barsi to Adhoya Musalmana section of Shamli -Ambala Package-II Design Ch. Form km 45.500 to km 84.400,NHAI,"Multi-States (Haryana, Uttar Pradesh)",2026-06,79.1,100.0,-20.900000000000006,825.78,-46.86818383616114,0.19631853123246842,MODERATE EARLY-WARNING SIGNAL,STABLE,Progress behind expected,Schedule pressure,No thresholded rule warning
618724,6L Greenfield Varanasi-Ranchi-Kolkata Highway from Anarbansalea village to Sagrampur village From KM. 151200 to KM. 184700Package-7,NHAI,"Multi-States (Bihar, Jharkhand)",2026-06,25.19,47.82608695652174,-22.63608695652174,322.79,-29.050493657312806,0.14205247810925734,MODERATE EARLY-WARNING SIGNAL,WORSENING,Progress behind expected,No thresholded rule warning,No thresholded rule warning
618725,6L Greenfield Varanasi-Ranchi-Kolkata Highway from Pachmon village to Anarbansalea village From KM. 116000 to KM. 151200 Package-6,NHAI,Bihar,2026-06,23.77,37.5,-13.73,405.1,-16.356883386656506,0.16815329433436874,MODERATE EARLY-WARNING SIGNAL,WORSENING,No thresholded rule warning,No thresholded rule warning,No thresholded rule warning
618726,6L Greenfield Varanasi-Ranchi-Kolkata Highway from junction with Chandauli- Chainpur Road near Khainti village to junction with Bhabhua-Adhaura road near Palka village from Km. 27.000 to Km. 54.000 Pkg-2,NHAI,Bihar,2026-06,25.37,33.333333333333336,-7.963333333333335,244.38,-13.64003878811322,0.12552942338044648,MODERATE EARLY-WARNING SIGNAL,STABLE,No thresholded rule warning,No thresholded rule warning,No thresholded rule warning
618727,6L Greenfield Varanasi-Ranchi-Kolkata Highway from junction with Bhabhua-Adhaura road in Bhairopur village to Konki village From KM. 54.000 to KM. 90.000Pkg-3,NHAI,Bihar,2026-06,22.0,33.333333333333336,-11.333333333333336,313.1,-13.478424459184666,0.12079802640272543,MODERATE EARLY-WARNING SIGNAL,WORSENING,No thresholded rule warning,No thresholded rule warning,No thresholded rule warning
618728,6L Greenfield Varanasi-Ranchi-Kolkata Highway from junction with NH-19 & Varanasi Ring Road near Rewasa village to junction with Chandauli-Chainpur road near Khainti village from Km. 0.000 to Km. 27.000 - Pkg-1,NHAI,"Multi-States (Bihar, Uttar Pradesh)",2026-06,45.02,79.16666666666667,-34.14666666666667,561.54,-39.99100616952354,0.18421695486863188,MODERATE EARLY-WARNING SIGNAL,WORSENING,Progress behind expected,No thresholded rule warning,No thresholded rule warning
618729,6 Lane Greenfield Varanasi- Ranchi- Kolkata Highway from Donoreshan village to junction with NH-20 in Bongabar village from km 288.600 to km 325.500 Pkg -11,NHAI,Jharkhand,2026-06,0.0,,,261.76,,0.24652416437853072,MODERATE EARLY-WARNING SIGNAL,,No thresholded rule warning,No thresholded rule warning,No thresholded rule warning
618730,6 Lane Greenfield Varanasi- Ranchi- Kolkata Highway from Deoria village to Donoreshan village from km 253.000 to km 288.600 Pkg -10,NHAI,Jharkhand,2026-06,3.96,4.166666666666667,-0.206666666666667,82.65,1.178454172514071,0.11063576823740272,MODERATE EARLY-WARNING SIGNAL,STABLE,No thresholded rule warning,No thresholded rule warning,No thresholded rule warning
618732,6L Greenfield Varanasi- Ranchi- Kolkata Highway from Sonepurbigha village to junction with NH- 22 Chatra Bypass near Chatra from km 184.700 to km 222.000Pkg - 8,NHAI,"Multi-States (Bihar, Jharkhand)",2026-06,3.94,4.166666666666667,-0.22666666666666702,114.23,2.44321546298493,0.11079209317041953,MODERATE EARLY-WARNING SIGNAL,STABLE,No thresholded rule warning,No thresholded rule warning,No thresholded rule warning
618733,6L Greenfield Varanasi- Ranchi- Kolkata Highway from junction with NH-20 in Bongabar village to junction with NH-30 in Lepo village from km 325.500 to km 358.500 Pkg -12,NHAI,Jharkhand,2026-06,0.0,,,218.27,,0.24316928560831721,MODERATE EARLY-WARNING SIGNAL,,No thresholded rule warning,No thresholded rule warning,No thresholded rule warning
618734,6L Greenfield Varanasi- Ranchi- Kolkata Highway from junction with NH-320 in Lepo village to Kamlapur villageJH/WB border from km 358.500 to km 387.200 Pkg -13,NHAI,"Multi-States (Jharkhand, West Bengal)",2026-06,23.23,37.5,-14.27,308.02,-10.81982087328604,0.14097926415987502,MODERATE EARLY-WARNING SIGNAL,WORSENING,No thresholded rule warning,No thresholded rule warning,No thresholded rule warning
618735,4L of Chandesara to Khedakhajuriya from Km. 0.000 to - 750 & Km 0.000 to km 41.400 of NH-148NG Pkg-I,NHAI,Madhya Pradesh,2026-06,99.0,100.0,-1.0,587.8,-35.39523432691463,0.185164035366925,MODERATE EARLY-WARNING SIGNAL,WORSENING,No thresholded rule warning,No thresholded rule warning,No thresholded rule warning
618736,4L Elevated corridor of Kalimandir-Dimna Chowk-Baliguma Jamshedpur Section of NH-33 New NH-18 from km 241940 to km 251961 Length 10.021 km,NHAI,Jharkhand,2026-06,46.79,70.0,-23.21,310.35,-36.85215645226753,0.16709621212109618,MODERATE EARLY-WARNING SIGNAL,WORSENING,Progress behind expected,No thresholded rule warning,No thresholded rule warning
618737,Grade separated Interchanges at Km. 113.730 junction with Ranchi Hazaribagh Road & Km. 139.225 junction with Ranchi Jamshedpur road on 4L Ranchi Bypass of NH-33,NHAI,Jharkhand,2026-06,0.0,25.0,-25.0,4.98,-23.35930550522189,0.1090141017784095,MODERATE EARLY-WARNING SIGNAL,WORSENING,Progress behind expected,No thresholded rule warning,No thresholded rule warning
618738,6L Bridge and its approaches across River Ganga as Part of Patna Ring Road NH- 131G starting from Km 8.480 near Sherpur to Km 23.000 near Dighwara,NHAI,Bihar,2026-06,21.21,68.75,-47.54,733.93,-57.084930678402785,0.14961967513353733,MODERATE EARLY-WARNING SIGNAL,WORSENING,Progress behind expected,No thresholded rule warning,No thresholded rule warning
618739,4L Greenfield Alignment of Amas to Shivrampur from 0.000 Km. to 55.002 Km. of NH 119 D Pkg-I,NHAI,Bihar,2026-06,54.1,100.0,-45.9,604.49,-56.54027550110718,0.2731921931629626,MODERATE EARLY-WARNING SIGNAL,WORSENING,Progress behind expected,Schedule pressure,No thresholded rule warning
618740,4L Greenfield Alignment of Shivrampur to Ramnagar from Km. 55.002 to Km. 109.300 of NH 119 D Pkg-II,NHAI,Bihar,2026-06,50.15,100.0,-49.85,664.55,-55.527969430707145,0.3034072383272548,HIGH EARLY-WARNING SIGNAL,WORSENING,Progress behind expected,Schedule pressure,No thresholded rule warning
618741,4L Greenfield Alignment from Kalyanapur to Tal Dashraha of NH-119D Pkg-III,NHAI,Bihar,2026-06,33.48,100.0,-66.52000000000001,929.35,-49.969853249927326,0.24729214804509506,MODERATE EARLY-WARNING SIGNAL,WORSENING,Progress behind expected,Schedule pressure,No thresholded rule warning
618742,"Construction of 6-lane Greenfield corridor from Ramnagar to Kacchi Dargah NH-119D from Km 109700 to Km 122300, including widening of the existing NH-31 from Km 196700 to Km 198600, as part of the Amas-Darbhanga.",NHAI,Bihar,2026-06,0.5,8.333333333333334,-7.833333333333334,12.43,-7.216993276214084,0.11031898924488834,MODERATE EARLY-WARNING SIGNAL,WORSENING,No thresholded rule warning,No thresholded rule warning,No thresholded rule warning
618743,Trichy 135.800 to Karur 218.000 section of NH-67 - Trichy Bypass,National Highways Authority of India [NHAI],Tamil Nadu,2026-04,100.0,100.0,0.0,66.59,-92.4060304716723,0.2927500621592079,MODERATE EARLY-WARNING SIGNAL,,Long implementation duration,No thresholded rule warning,No thresholded rule warning
618744,4L of Thirumangalam to Vadugapatti section from km 0.000 to km 36.000 of NH-744,NHAI,Tamil Nadu,2026-06,95.51,100.0,-4.489999999999995,679.49,-36.90724904129178,0.1560606715011718,MODERATE EARLY-WARNING SIGNAL,WORSENING,No thresholded rule warning,No thresholded rule warning,No thresholded rule warning
618745,4L of Vadugapatti to Therkuvenganallur Rajapalyam section from km 36.000 to km 71.600 of NH-744,National Highways Authority of India [NHAI],Tamil Nadu,2026-04,99.98,100.0,-0.01999999999999602,926.56,-29.67820279295688,0.16949120073894042,MODERATE EARLY-WARNING SIGNAL,,No thresholded rule warning,No thresholded rule warning,No thresholded rule warning
618746,Khammam-Devarapalle Pkg I [4L Access Controlled Greenfield from Thallampadu village to Somavaram village Design Chainage 0000 to 33604],NHAI,Telangana,2026-06,96.4,100.0,-3.5999999999999943,684.51,-14.152954750677239,0.31756770031456155,HIGH EARLY-WARNING SIGNAL,WORSENING,No thresholded rule warning,No thresholded rule warning,No thresholded rule warning
618747,Khammam-Devarapalle Pkg III [4L Access Controlled Greenfield from Chintagudem village to Recherla village Design Chainage 63117 to 105236],NHAI,"Multi-States (Andhra Pradesh, Telangana)",2026-06,98.82,100.0,-1.1800000000000068,649.48,-21.70223025919229,0.22909712325137258,MODERATE EARLY-WARNING SIGNAL,WORSENING,No thresholded rule warning,No thresholded rule warning,No thresholded rule warning
618748,Khammam-Devarapalle Pkg IV [4L Access Controlled Greenfield from Recherla village to Gurvaygudem village Design Chainage 105236 to 132664],National Highways Authority of India [NHAI],Andhra Pradesh,2026-04,100.0,100.0,0.0,355.88,-37.495828722974515,0.12276784347092162,MODERATE EARLY-WARNING SIGNAL,,No thresholded rule warning,No thresholded rule warning,No thresholded rule warning
618749,Khammam-Devarapalle Pkg V [4L Access Controlled Greenfield from Gurvaygudem village to Devarapalle village Design Chainage 132664 to 162126,National Highways Authority of India [NHAI],Andhra Pradesh,2026-05,99.66,100.0,-0.3400000000000034,423.04,-40.579262297384616,0.05910592025848767,LOW EARLY-WARNING SIGNAL,IMPROVING,No thresholded rule warning,No thresholded rule warning,No thresholded rule warning
618751,2L PS of Hinotiya-Mehulwa section of NH-346 from Km. 27.000 to Km 75.700 Vidisha Mehulwa-Talbehat Pkg-II Section of NH- 346,NHAI,Madhya Pradesh,2026-06,69.04,100.0,-30.959999999999994,273.54,-52.971718387346336,0.19139035485790404,MODERATE EARLY-WARNING SIGNAL,WORSENING,Progress behind expected,Schedule pressure,No thresholded rule warning
618754,Upgradation of 2L/4L with Paved Shoulder of Shirwal-Lonand Section from KM 159900 To KM 188025 of NH-965DD Section I and 2L With Paved Shoulder of Lonand-Satara Section from KM 51500 To KM 96246 Of NH-965D Section II in Satara District in the State of Maharashtra on EPC Mode under NHO-,NHAI,Maharashtra,2026-06,41.08,50.0,-8.920000000000002,160.27,-20.21612681422014,0.16202810298787493,MODERATE EARLY-WARNING SIGNAL,WORSENING,No thresholded rule warning,No thresholded rule warning,No thresholded rule warning
618755,4L of left out existing road section from Lalgopalganj Km 161.450 to Nawabganj Km 180.200 in Prayagraj,National Highways Authority of India [NHAI],"Multi-States (Rajasthan, Uttar Pradesh)",2026-04,100.0,100.0,0.0,72.27,-54.698175891681814,0.1319190935291853,MODERATE EARLY-WARNING SIGNAL,,No thresholded rule warning,No thresholded rule warning,No thresholded rule warning
618756,Melur - Pilayarpatti - Karaikudi from km 99.920 of NH 38 to km 12.9 of NH 383 Ext.,NHAI,Tamil Nadu,2026-06,97.32,100.0,-2.680000000000007,956.43,-13.355860344608914,0.35122419542042216,HIGH EARLY-WARNING SIGNAL,WORSENING,Long implementation duration,No thresholded rule warning,No thresholded rule warning
618757,6L access controlled Highway from Km 40080 to Km 86513 Mator to Barodameo Section,NHAI,Rajasthan,2026-06,37.27,100.0,-62.73,708.28,-64.76569495572579,0.19327948224911823,MODERATE EARLY-WARNING SIGNAL,WORSENING,Progress behind expected,Schedule pressure,No thresholded rule warning
618758,6L accesscontrolled highway from km 0000 to km 40080 Paniyala to Mator Section of Paniyala-Barodameo ICR,NHAI,Rajasthan,2026-06,41.25,87.5,-46.25,558.32,-55.86462948902462,0.2019275633834627,MODERATE EARLY-WARNING SIGNAL,WORSENING,Progress behind expected,Schedule pressure,No thresholded rule warning
618759,4L PS Mydukur - Badvel from Km 585.820 to Km 630.960 of NH-67,NHAI,Andhra Pradesh,2026-06,90.4,100.0,-9.599999999999994,585.5,-44.949556681741676,0.17238785453040512,MODERATE EARLY-WARNING SIGNAL,WORSENING,No thresholded rule warning,No thresholded rule warning,No thresholded rule warning
618760,4L Greenfield a Malout bypass from ch. Km 44.500 to ch. Km 35.500 on NH-07 and Ch. Km 0.000 to Km 6.984 on NH-09 bMandi Dabwali Bypass from Ch. 38.450 Km to Km 27.910 Pkg-02,National Highways Authority of India [NHAI],"Multi-States (Haryana, Punjab)",2026-04,98.0,100.0,-2.0,549.2,-15.039757433247715,0.1750319128502909,MODERATE EARLY-WARNING SIGNAL,,No thresholded rule warning,No thresholded rule warning,No thresholded rule warning
618761,4L Spur of Meerut-Garh-Mukteshwar section connecting NH-119 and NH-58 bypassing Meerut Town of NH 709 A,NHAI,Uttar Pradesh,2026-06,96.98,100.0,-3.019999999999996,861.63,-13.13250461240662,0.22991379961904349,MODERATE EARLY-WARNING SIGNAL,STABLE,No thresholded rule warning,No thresholded rule warning,No thresholded rule warning
618762,Itarsi Km. 63.000 to Betul Km. 137.000 of NH-69 in Madhya Pradesh,NHAI,Madhya Pradesh,2026-06,100.0,100.0,0.0,663.67,-30.159849305986725,0.21727181678720753,MODERATE EARLY-WARNING SIGNAL,WORSENING,Long implementation duration,No thresholded rule warning,No thresholded rule warning
618764,Moga - Bagha Purana - Bajakhana from km. 0.00 to km. 43.32,NHAI,Punjab,2026-06,76.0,100.0,-24.0,787.04,-23.780009490698134,0.2429167844782698,MODERATE EARLY-WARNING SIGNAL,WORSENING,Progress behind expected,Schedule pressure,No thresholded rule warning
618765,4L of Karimnagar-Warangal section from km 49.500 to km 117.820 of NH-563,NHAI,Telangana,2026-06,92.4,100.0,-7.599999999999994,1268.13,-40.930941002207874,0.22012281022197153,MODERATE EARLY-WARNING SIGNAL,WORSENING,No thresholded rule warning,No thresholded rule warning,No thresholded rule warning
618766,Up-gradation to Four Lane with Paved Shoulder configuration of the highway starting from existing km 88.400 Savali Vihir to km 163.400 start of Ahmednagar bypass Design Length 75.000 km section of NH-160 in the State of Maharashtra under Bharatmala Pariyojana on EPC Mode,NHAI,Maharashtra,2026-06,48.55,58.333333333333336,-9.783333333333339,298.23,-23.735885537509667,0.20380460494366273,MODERATE EARLY-WARNING SIGNAL,WORSENING,No thresholded rule warning,No thresholded rule warning,No thresholded rule warning
618768,Four laning of Agra-Aligarh Section from Km. 0.000 Junction of NH-34 Aligarh Km 144.60 to Km. 28.000 near Asroi village in Hathras of NH-509 Package-I,NHAI,Uttar Pradesh,2026-06,1.99,12.5,-10.51,305.43,10.831652763773032,0.12705584026483155,MODERATE EARLY-WARNING SIGNAL,WORSENING,No thresholded rule warning,No thresholded rule warning,No thresholded rule warning
618769,Walajahpet/Ranipet to TN/AP Border Section of from Km.106.800 to Km.133.36 NH-4,NHAI,"Multi-States (Andhra Pradesh, Tamil Nadu)",2026-06,13.45,37.5,-24.05,240.71,-19.51159818853035,0.12025322872597412,MODERATE EARLY-WARNING SIGNAL,WORSENING,Progress behind expected,No thresholded rule warning,No thresholded rule warning
618770,4L Spur of Panipat - Shamli connecting NH-709AD Panipat Shamli Muzaffarnagar and NH-709A Karnal Meerut bypassing Shamli district UP,National Highways Authority of India [NHAI],Uttar Pradesh,2026-04,74.23,100.0,-25.769999999999996,232.93,-54.87252014879107,0.2329543650362096,MODERATE EARLY-WARNING SIGNAL,,Progress behind expected,Schedule pressure,No thresholded rule warning
618771,6L of Varadharajula to Kumarajapet from km 0.000 to km 43.800 of NH-716B Pkg-I,National Highways Authority of India [NHAI],"Multi-States (Andhra Pradesh, Tamil Nadu)",2026-04,99.19,100.0,-0.8100000000000023,947.66,-50.764514872061305,0.17156992421261474,MODERATE EARLY-WARNING SIGNAL,,No thresholded rule warning,No thresholded rule warning,No thresholded rule warning
618772,6L of Kumarajapet to Veera Kaveri Raja Puram from km 43.800 to km 61.380 of NH- 716B Pkg-II,NHAI,"Multi-States (Andhra Pradesh, Tamil Nadu)",2026-06,98.91,100.0,-1.0900000000000034,405.81,-42.23509650970791,0.1725490098377881,MODERATE EARLY-WARNING SIGNAL,WORSENING,No thresholded rule warning,No thresholded rule warning,No thresholded rule warning
618773,Tuticorin - Tirunelveli from km. 0.00 to km. 47.250,National Highways Authority of India [NHAI],Tamil Nadu,2026-04,100.0,100.0,0.0,1.17,-99.73991330443481,0.17960278679378436,MODERATE EARLY-WARNING SIGNAL,,Long implementation duration,No thresholded rule warning,No thresholded rule warning
618774,Ara - Mohania Pkg-II,National Highways Authority of India [NHAI],Bihar,2026-04,100.0,100.0,0.0,798.12,-18.942140702598948,0.15146574563133347,MODERATE EARLY-WARNING SIGNAL,,Long implementation duration,No thresholded rule warning,No thresholded rule warning
618775,Ara Bypass,NHAI,Bihar,2026-06,24.84,44.44444444444444,-19.604444444444443,5.62,-41.9612348297396,0.12600707472896222,MODERATE EARLY-WARNING SIGNAL,STABLE,No thresholded rule warning,No thresholded rule warning,No thresholded rule warning
618776,4L of Greenfield section from Sirhind to Mohali,NHAI,Punjab,2026-06,96.78,100.0,-3.219999999999999,1383.52,11.786046135821906,0.3689157315823956,HIGH EARLY-WARNING SIGNAL,WORSENING,No thresholded rule warning,No thresholded rule warning,No thresholded rule warning
618777,4L of Pileru to Kalur Section from Km 55.900 to Km 92.800 & Km 94.500 to Km 95.717 of NH-71Package-II,NHAI,Andhra Pradesh,2026-06,98.84,100.0,-1.1599999999999966,246.41,-86.8754227763959,0.11412911496064526,MODERATE EARLY-WARNING SIGNAL,STABLE,No thresholded rule warning,No thresholded rule warning,No thresholded rule warning
618778,4L of Madanapalle to Pileru Section from Km 0.000 to Km 55.900 of NH-71Package-I,NHAI,Andhra Pradesh,2026-06,94.9,100.0,-5.099999999999994,1182.65,-37.00831438052272,0.19335767469340526,MODERATE EARLY-WARNING SIGNAL,WORSENING,No thresholded rule warning,No thresholded rule warning,No thresholded rule warning
618779,4L of Aurangabad-Paithan,NHAI,Bihar,2026-04,96.5,100.0,-3.5,305.59,-79.69501661129569,0.1702472817061855,MODERATE EARLY-WARNING SIGNAL,,No thresholded rule warning,No thresholded rule warning,No thresholded rule warning
618782,4L of Bareilly-Pilibhit-Sitarganj from Km. 0.000 to Km. 32.500 of NH-30 Pkg-1,NHAI,Uttar Pradesh,2026-06,63.4,100.0,-36.6,606.2,-56.51799675785789,0.14952141603748262,MODERATE EARLY-WARNING SIGNAL,STABLE,Progress behind expected,Schedule pressure,No thresholded rule warning
618783,4-laning of Pilibhit - Sitarganj from Km. 32.500 to Km. 70.800 Pkg-2 of NH-30,NHAI,"Multi-States (Uttar Pradesh, Uttarakhand)",2026-06,42.88,100.0,-57.12,456.76,-68.95302442240634,0.16050695847557045,MODERATE EARLY-WARNING SIGNAL,STABLE,Progress behind expected,Schedule pressure,No thresholded rule warning
618784,Balance works of 4 lane divided carriageway of Missing Link section of NH-39 Rewa Bypass from junction with NH 30 near Bela to Junction with MPRDC ring road near Silpara on SH 9 design length 13.100 km on EPC Mode under Bharatmala Pariyojana in the State of Madhya Pradesh,NHAI,Madhya Pradesh,2026-06,84.44,100.0,-15.560000000000002,238.95,-32.758329581269706,0.16258757424871317,MODERATE EARLY-WARNING SIGNAL,STABLE,Schedule pressure,No thresholded rule warning,No thresholded rule warning
618785,4/6L Greenfield LudhianaRupnagar highway from Jn. with NE-5 village near to ManewalLudhiana to Jn. with NH-205 near Bheora Village Rupnagar from Km 66.0 to Km 91.0 i/c spur to Kharar from Km 0.0 to Km 19.5 with Ludhiana bypass of NH-205K Pkg-3,NHAI,Punjab,2026-06,79.86,100.0,-20.14,1158.7,-22.80582537208032,0.2807459204844708,MODERATE EARLY-WARNING SIGNAL,WORSENING,Progress behind expected,Schedule pressure,No thresholded rule warning
618786,4L of Phagwara - Hoshiarpur,NHAI,Punjab,2026-06,20.03,62.5,-42.47,535.6,-17.73161537304201,0.157357413086755,MODERATE EARLY-WARNING SIGNAL,WORSENING,Progress behind expected,No thresholded rule warning,No thresholded rule warning
618787,"Upgradation to 4L PS from Bhimasar, Junction of NH-41 to Anjar- Bhuj upto Airport Junction from Km 0.000 to Km 65.478 of NH-341",NHAI,Gujarat,2026-06,96.0,100.0,-4.0,837.7,-38.99028447409436,0.14656762756052785,MODERATE EARLY-WARNING SIGNAL,STABLE,No thresholded rule warning,No thresholded rule warning,No thresholded rule warning
618788,4L Greenfield Jalbhera Shahbad section from km. 0.000 to km. 22.850 of NH-152G,NHAI,Haryana,2026-06,87.05,100.0,-12.950000000000003,544.51,-41.27499406829016,0.19701517999219958,MODERATE EARLY-WARNING SIGNAL,WORSENING,Schedule pressure,No thresholded rule warning,No thresholded rule warning
618790,Construction of four laning of Bakarpur- Manikpur road section starting from village Chitarsenpur km 0000 and terminating at SH-74 near Manikpur 38814 at NH-139W under Bharatmalapariyona,NHAI,Bihar,2026-06,46.1,66.66666666666667,-20.56666666666667,623.75,-22.81380137845052,0.18171129688484428,MODERATE EARLY-WARNING SIGNAL,WORSENING,Progress behind expected,No thresholded rule warning,No thresholded rule warning
618791,4L PS under NH configuration of Manikpur-Sahebganj of NH-139W,NHAI,Bihar,2026-06,26.6,21.73913043478261,4.860869565217392,564.37,14.937804239890504,0.16014862442129416,MODERATE EARLY-WARNING SIGNAL,WORSENING,No thresholded rule warning,No thresholded rule warning,No thresholded rule warning
618792,4L Bhiwani-Hansi road section of NH-148B,NHAI,Haryana,2026-06,99.5,100.0,-0.5,455.02,-65.79388526796117,0.14006673105717687,MODERATE EARLY-WARNING SIGNAL,STABLE,No thresholded rule warning,No thresholded rule warning,No thresholded rule warning
618793,4L of Fazilka to Abohar section of NH-07 including construction of Greenfield Abohar & Fazilka Bypasses,NHAI,Punjab,2026-06,67.0,100.0,-33.0,881.3,-37.49113399721963,0.2903663178265962,MODERATE EARLY-WARNING SIGNAL,WORSENING,Progress behind expected,Schedule pressure,No thresholded rule warning
618794,Amritsarairport Junction - Ramdas from km. 100.835 to km. 139.813 Pkg - IV,NHAI,Punjab,2026-06,96.0,100.0,-4.0,394.14,-24.90855052583447,0.2351574385326648,MODERATE EARLY-WARNING SIGNAL,WORSENING,No thresholded rule warning,No thresholded rule warning,No thresholded rule warning
618795,Amritsar Bypass Pkg III from km. 71.496 to km. 105.158,NHAI,Punjab,2026-06,82.3,100.0,-17.700000000000003,1222.73,-17.090122527580576,0.3405438216476572,HIGH EARLY-WARNING SIGNAL,WORSENING,Schedule pressure,No thresholded rule warning,No thresholded rule warning
618796,Tanot -Ramgarh-Bhadasar-Jaisalmer NH-68 and BhadasarMokal-Sarkaritala up to Pakisthan Border NH-968 Pkg-BM/5,NHAI,Rajasthan,2026-06,100.0,100.0,0.0,694.47,-16.18552221873567,0.278936647022515,MODERATE EARLY-WARNING SIGNAL,WORSENING,Long implementation duration,No thresholded rule warning,No thresholded rule warning
618797,Mayjilar Jaisalmer with Jaisalmer Bypass Link Road Section of NH-11 Part of BM-7 & Sundra Myajilar Ambsingh ki Dhani Road part of Munabao Tanot project NH-70,NHAI,Rajasthan,2026-06,18.56,25.0,-6.440000000000001,76.97,-18.781257321989806,0.08900575786671737,LOW EARLY-WARNING SIGNAL,STABLE,No thresholded rule warning,No thresholded rule warning,No thresholded rule warning
618798,4L of Sonauli - Gorakhpur,NHAI,Uttar Pradesh,2026-06,89.0,100.0,-11.0,1326.61,-48.088045392291136,0.2038504370119486,MODERATE EARLY-WARNING SIGNAL,STABLE,Schedule pressure,No thresholded rule warning,No thresholded rule warning
618799,Belakeri Port to Kumta - Sirsi road from km 0.00 - km 4.265 of Belekeri Port Road Link Rd. and km 4.965 - km 60.00 of SH-69,NHAI,Karnataka,2026-06,94.98,100.0,-5.019999999999996,471.29,3.174325182250044,0.267298718199854,MODERATE EARLY-WARNING SIGNAL,WORSENING,Long implementation duration,No thresholded rule warning,No thresholded rule warning
618800,Construction of New Double Tier 4L Elevated Corridor from Chennai Port to Maduravoyal in Chennai District from km -0.342 to Km 20.593 and Package II from Km 4.604 to Km 9.700,NHAI,Tamil Nadu,2026-06,18.13,100.0,-81.87,239.48,-85.18958298546046,0.18233357738388448,MODERATE EARLY-WARNING SIGNAL,WORSENING,Progress behind expected,Schedule pressure,No thresholded rule warning
618801,Construction of New Double Tier 4-lane Elevated Corridor from Chennai Port to Maduravoyal in Chennai District from Km -0342 to Km 20223 Package 1 from Km - 0342 to Km 4604,NHAI,Tamil Nadu,2026-06,22.8,100.0,-77.2,268.23,-80.68328304251075,0.19398005102296695,MODERATE EARLY-WARNING SIGNAL,WORSENING,Progress behind expected,Schedule pressure,No thresholded rule warning
618803,Development of 4L Road from Samarlakota to Achampeta Junction as part of Kakinada Port Connectivity to NH-16 Rajanagaram Junction in East Godavari District,NHAI,Andhra Pradesh,2026-06,92.1,100.0,-7.900000000000006,680.06,5.332775738426037,0.20953638878375494,MODERATE EARLY-WARNING SIGNAL,WORSENING,No thresholded rule warning,No thresholded rule warning,No thresholded rule warning
618804,Dedicated Port road to Krishnapatnam Port Package-I from Km. 0.000 to Km. 18.000,NHAI,Andhra Pradesh,2026-06,78.95,100.0,-21.049999999999997,303.73,-12.9014682266575,0.31484227097869405,HIGH EARLY-WARNING SIGNAL,WORSENING,Progress behind expected,Long implementation duration,Schedule pressure
618805,6L Connectivity to Port Road from Sabbavaram Sheelanagar-NH516C,NHAI,Andhra Pradesh,2026-06,6.3,16.666666666666668,-10.366666666666667,127.79,-3.5912469005692405,0.09654937891448048,LOW EARLY-WARNING SIGNAL,WORSENING,No thresholded rule warning,No thresholded rule warning,No thresholded rule warning
618806,Improvement of 4L road to 6L road and 4L dedicated Port Roads for the Port connectivity road from Convent junction to Sheelanagar Junction,NHAI,Andhra Pradesh,2026-06,79.0,100.0,-21.0,478.52,-30.243881106138574,0.1284988570327578,MODERATE EARLY-WARNING SIGNAL,STABLE,Progress behind expected,Schedule pressure,No thresholded rule warning
618807,"4L Greenfield Road connecting North and South industrial cluster of Khandaleru Creek near Krishnapatnam port at Thamminapatnam to Mollur from Km 0.0 to Km 16.046, Part I & 6L extension of dedicated port road of NH-67 Km 18.0 to Km 19.3, Part II",NHAI,Andhra Pradesh,2026-06,81.81,100.0,-18.189999999999998,552.88,-9.279162496102913,0.1909136423048482,MODERATE EARLY-WARNING SIGNAL,STABLE,Schedule pressure,No thresholded rule warning,No thresholded rule warning
618808,6L Elevated Kona Expressway from Km. 0.145 to Km. 7.337 of NH-117,NHAI,West Bengal,2026-06,39.98,80.0,-40.02,428.26,-44.68133535660091,0.20429982179887965,MODERATE EARLY-WARNING SIGNAL,WORSENING,Progress behind expected,Schedule pressure,No thresholded rule warning
618809,4L of Beas-Mehta-Batala-Dera Baba Nanak from intersection with Jalandhar-Amritsar Highway NH-3 near Beas till start of Batala Bypass near Village Acchhal from Km. 0.000 to Km. 31.300 Pkg-1,NHAI,Punjab,2026-06,67.8,100.0,-32.2,669.72,-17.2684710503885,0.2599034167504662,MODERATE EARLY-WARNING SIGNAL,WORSENING,Progress behind expected,Schedule pressure,No thresholded rule warning
618810,4L of existing Beas Baba Bakala - Dera Baba Nanak Section from start of Batala Bypass till intersection with Ajnala Gurdaspur Highway NH 354 near Dera Baba Nanak from Km. 31.300 to Km. 69.100 with Additional batala Bypass Pkg-II,NHAI,Punjab,2026-06,80.7,100.0,-19.299999999999997,792.5,-21.016962666188277,0.2380195405260862,MODERATE EARLY-WARNING SIGNAL,WORSENING,Schedule pressure,No thresholded rule warning,No thresholded rule warning
618811,4L Access Controlled Greenfield Highway Section Mancherial Warangal from Pangidipalle village at Design Ch. 72.350 Km to Oorugonda village at Design Ch. 112.240 KmPackage-III,NHAI,Telangana,2026-06,5.0,33.333333333333336,-28.333333333333336,163.15,-19.550396634310772,0.1269534674408303,MODERATE EARLY-WARNING SIGNAL,WORSENING,Progress behind expected,No thresholded rule warning,No thresholded rule warning
618812,4L Access Controlled Greenfield Section Mancherial Warangal from Puttapaka village at Design Ch. 35.300 Km to Pangidipalle village at Design Ch. 72.350 KmPackage-II,NHAI,Telangana,2026-06,8.05,50.0,-41.95,209.45,-31.45360523496232,0.11821767176272586,MODERATE EARLY-WARNING SIGNAL,WORSENING,Progress behind expected,No thresholded rule warning,No thresholded rule warning
618813,4L Access Controlled Greenfield Section Mancherial Warangal from Narva village at Design Ch. 3.834 Km to Puttapaka village at Design Ch. 35.300 Km Package-I,NHAI,Telangana,2026-06,10.23,75.0,-64.77,160.54,-60.766468658569025,0.1389780107984833,MODERATE EARLY-WARNING SIGNAL,WORSENING,Progress behind expected,No thresholded rule warning,No thresholded rule warning
618814,4L Access Controlled Greenfield Highway section on NH163G Warangal-Khammam from Oorugonda village in Hanamkonda District at Design Ch. 112.240 Km to Venkatpur village in Warangal District at Design Ch. 150.240 KmPackage-I,NHAI,Telangana,2026-06,0.0,50.0,-50.0,147.2,-37.117101347803256,0.1322200391846591,MODERATE EARLY-WARNING SIGNAL,,Progress behind expected,No thresholded rule warning,No thresholded rule warning
618815,4L Access Controlled Greenfield Highway section on NH-163G Warangal-Khammam from Venkatpur village in Warangal District at Design Ch. 150.240 Km to Thallasenkesa village in Mahabubabed District at Design Ch. 189.650 kmPackage-II,NHAI,Telangana,2026-06,74.43,100.0,-25.569999999999993,377.96,-65.41614815899275,0.21109907762806718,MODERATE EARLY-WARNING SIGNAL,WORSENING,Progress behind expected,Schedule pressure,No thresholded rule warning
618816,4L Access Controlled Greenfield Highway section on NH-163G Warangal-Khammam from Thallasenkesa village at Design Ch. 189.650 km to V.Vekatayapalem village in Khammam District at Design Ch. 220.480 KmPackage-III,NHAI,Telangana,2026-06,10.06,45.833333333333336,-35.77333333333333,168.17,-30.617771243308454,0.12233984673857523,MODERATE EARLY-WARNING SIGNAL,STABLE,Progress behind expected,No thresholded rule warning,No thresholded rule warning
618817,4L Access Controlled Greenfield Highway section on NH-163G Khammam Vijayawada from V. Venkatayapalem village at Design Ch. 220.480 Km to BrahmanapalliK village at Design Ch. 250.400 Km Package-I.,NHAI,Telangana,2026-06,44.0,62.5,-18.5,270.95,-34.66600749910114,0.17257793985844455,MODERATE EARLY-WARNING SIGNAL,WORSENING,No thresholded rule warning,No thresholded rule warning,No thresholded rule warning
618818,4L Access Controlled Greenfield Highway section on NH-163G Khammam Vijayawada from Remidicherla village at Design Ch. 280.200 Km to Jakkampudi village on NH-16 at Design Ch. 309.909 Km Package-III,NHAI,"Multi-States (Andhra Pradesh, Telangana)",2026-06,4.37,42.10526315789474,-37.73526315789474,228.66,-22.780195335070776,0.13471812661431198,MODERATE EARLY-WARNING SIGNAL,WORSENING,Progress behind expected,No thresholded rule warning,No thresholded rule warning
618819,Balance work of Panikoili Rimoli Section of new NH-20 from Km 0.00 to Km. 163.000,National Highways Authority of India [NHAI],Odisha,2026-04,99.0,100.0,-1.0,89.36,-51.17740261159373,0.18862474193927217,MODERATE EARLY-WARNING SIGNAL,,Long implementation duration,No thresholded rule warning,No thresholded rule warning
618820,Rehabilitation and Up gradation from 4 to 8 laning of Chandikhole Paradip Section of NH-53 Old NH 5A from Km.39.000 to Km.60.00 Package-3,NHAI,Odisha,2026-06,91.8,100.0,-8.200000000000003,390.03,-54.74450013923698,0.1317721482004584,MODERATE EARLY-WARNING SIGNAL,STABLE,No thresholded rule warning,No thresholded rule warning,No thresholded rule warning
618821,Rehabilitation and Up gradation from 4 to 8 laning of Chandikhole Paradip Section of NH-53 Old NH 5A from Km 18.00 to Km 39.00 in the State of Odisha on HAM mode Package-2,NHAI,Odisha,2026-06,91.0,100.0,-9.0,421.6,-54.19731224265864,0.13397329038894437,MODERATE EARLY-WARNING SIGNAL,STABLE,No thresholded rule warning,No thresholded rule warning,No thresholded rule warning
618822,Rehabilitation and Up gradation from 4 to 8 laning of Chandikhole Paradip Section of NH-53 Old NH 5A from Km.0.00 to Km.18.00Package-1,NHAI,Odisha,2026-06,92.3,100.0,-7.700000000000003,398.91,-57.10230022260219,0.16120484338779173,MODERATE EARLY-WARNING SIGNAL,WORSENING,No thresholded rule warning,No thresholded rule warning,No thresholded rule warning
618823,4 laning of Barasat - Barajaguli Section of NH-12 from Km. 31.000 to Km. 48.679 in the district of North 24 - Parganas,NHAI,West Bengal,2026-06,41.67,100.0,-58.33,87.41,-75.16831908184426,0.20210658128149983,MODERATE EARLY-WARNING SIGNAL,STABLE,Progress behind expected,Schedule pressure,No thresholded rule warning
618824,"Development to 4-laning of the de-scoped stretches from Km 115.342 to Km 191.700 of NH-34 in Nadia District 3.962 & Murshidabad District 5.538 pertaining to Krishnagar to Berhampore section of NH-34 New NH-12 , in the state of West Bengal under NHO.",NHAI,West Bengal,2026-06,54.02,100.0,-45.98,56.97,-71.6708105420189,0.18967207558884414,MODERATE EARLY-WARNING SIGNAL,STABLE,Progress behind expected,Schedule pressure,No thresholded rule warning
618825,Bridge over Ganga River at d/s of Farraka Barrage including Approaches connecting Farakka-Raiganj,NHAI,West Bengal,2026-06,96.71,100.0,-3.2900000000000063,623.69,0.265256253617153,0.3397197846640485,HIGH EARLY-WARNING SIGNAL,WORSENING,Long implementation duration,No thresholded rule warning,No thresholded rule warning
618826,4 Laning of NH-544D from Km 0.000 to km 37.000 of Anantapur- Muchukota section Pkg-1,NHAI,Andhra Pradesh,2026-06,91.97,100.0,-8.030000000000001,468.12,-48.43130342821891,0.13016349833476162,MODERATE EARLY-WARNING SIGNAL,STABLE,No thresholded rule warning,No thresholded rule warning,No thresholded rule warning
618827,4 Laning of NH-544D from Km 37.000 to km 69.000 of Muchukota- Bugga section Pkg-2,NHAI,Andhra Pradesh,2026-06,82.05,100.0,-17.950000000000003,466.89,-57.461483094472335,0.19346610411834453,MODERATE EARLY-WARNING SIGNAL,STABLE,Schedule pressure,No thresholded rule warning,No thresholded rule warning
618828,4L from Km 219.600 Khajuri to Km 260.483 Wyndhamganj on NH-75 Sec-V,National Highways Authority of India [NHAI],"Multi-States (Jharkhand, Uttar Pradesh)",2026-04,92.02,100.0,-7.980000000000004,830.18,-42.207742483414435,0.16589653442105048,MODERATE EARLY-WARNING SIGNAL,,No thresholded rule warning,No thresholded rule warning,No thresholded rule warning
618829,4L from km 196.87 Sankha to km 219.6 Khajuri on NH-75 [Rehla / Garhwa Bypass],National Highways Authority of India [NHAI],Jharkhand,2026-04,93.45,100.0,-6.549999999999997,527.11,-53.331621631193116,0.2598470538776549,MODERATE EARLY-WARNING SIGNAL,,No thresholded rule warning,No thresholded rule warning,No thresholded rule warning
618830,4L from Km 147.450 Bhogu to Km 196.870 Sankha on NH-75 Sec-III,NHAI,Jharkhand,2026-06,76.95,100.0,-23.049999999999997,1103.0,-27.33238024336734,0.24644381209173966,MODERATE EARLY-WARNING SIGNAL,WORSENING,Progress behind expected,Schedule pressure,No thresholded rule warning
618831,4L from Km 95.400 Udaipura to Km 147.450 Bhogu on NH-75 Sec-II,NHAI,Jharkhand,2026-06,27.9,83.33333333333333,-55.43333333333333,419.61,-54.128851150705266,0.2084416081313982,MODERATE EARLY-WARNING SIGNAL,WORSENING,Progress behind expected,Schedule pressure,No thresholded rule warning
618832,4L from Km 55.00 Kuru to Km 95.400 Udaipura on NH-75 Sec-I,NHAI,Jharkhand,2026-06,9.66,20.833333333333332,-11.173333333333332,231.62,-2.6644938108909457,0.12573970465831386,MODERATE EARLY-WARNING SIGNAL,WORSENING,No thresholded rule warning,No thresholded rule warning,No thresholded rule warning
618833,Kodinar - Veraval Package VI from km. 221.610 to km. 263.00 of NH-8E & km. 120.900 to km. 121.150 of NH-8D,National Highways Authority of India [NHAI],Gujarat,2026-05,98.79,100.0,-1.2099999999999937,457.06,-48.87529222268207,0.0898673331709951,LOW EARLY-WARNING SIGNAL,IMPROVING,Long implementation duration,No thresholded rule warning,No thresholded rule warning
618834,4L Kodinar - Veraval Package VI from km. 222.400 to km. 230.00 Kodinar Bypass of NH-8E NH 51 new,National Highways Authority of India [NHAI],Gujarat,2026-04,100.0,100.0,0.0,174.82,7.429484422048802,0.1452758694143944,MODERATE EARLY-WARNING SIGNAL,,No thresholded rule warning,No thresholded rule warning,No thresholded rule warning
618835,4L of Bal Works of Talaja - Mahuva from 54.990 km. to 100.450 km. of Old NH-8E Package-II,National Highways Authority of India [NHAI],Gujarat,2026-04,100.0,100.0,0.0,418.41,-40.090206185567006,0.15716294319428697,MODERATE EARLY-WARNING SIGNAL,,Long implementation duration,No thresholded rule warning,No thresholded rule warning
618836,4L of Ratnagiri - Kolhapur section from km 67.140 to km 112.340 of NH-166 Pkg II,NHAI,Maharashtra,2026-06,79.98,100.0,-20.019999999999996,1235.29,-37.78067674702073,0.2545556161748808,MODERATE EARLY-WARNING SIGNAL,WORSENING,Progress behind expected,Schedule pressure,No thresholded rule warning
618837,4L of Ratnagiri - Kolhapur section from km 112.340 to km 145.300 of NH-166 PkgIII,NHAI,Maharashtra,2026-06,67.57,100.0,-32.43000000000001,1078.85,-44.36709415592787,0.28561995983430405,MODERATE EARLY-WARNING SIGNAL,WORSENING,Progress behind expected,Schedule pressure,No thresholded rule warning
618838,4L of Karwar Km. 281.980 of NH-62 Nagaur road to Dangiyavas of Jodhpur Ring Road Pkg-II,NHAI,Rajasthan,2026-06,100.0,100.0,0.0,470.4,-36.1520190023753,0.1872572176347331,MODERATE EARLY-WARNING SIGNAL,WORSENING,No thresholded rule warning,No thresholded rule warning,No thresholded rule warning
618839,Aunta - Simaria including Ganga Bridge,National Highways Authority of India [NHAI],Bihar,2026-04,100.0,100.0,0.0,812.81,-37.928322145600895,0.1485658638011843,MODERATE EARLY-WARNING SIGNAL,,Long implementation duration,No thresholded rule warning,No thresholded rule warning
618840,Simaria Km. 206.050 to Khagaria Km. 266.282,NHAI,Bihar,2026-06,97.72,100.0,-2.280000000000001,813.98,22.58365711876148,0.3230741646101022,HIGH EARLY-WARNING SIGNAL,WORSENING,Expenditure ahead of progress,Long implementation duration,No thresholded rule warning
618841,4L Elevated Section and at-grade improvements at Begusarai town Simaria - Khagaria section from Km. 221.047 to Km. 225.302 of NH-31,NHAI,Bihar,2026-06,95.72,100.0,-4.280000000000001,348.04,-29.12186379928316,0.17502893911186498,MODERATE EARLY-WARNING SIGNAL,WORSENING,No thresholded rule warning,No thresholded rule warning,No thresholded rule warning
618842,"2L PS Greenfield bypass lalganj ajhara, mohanganj and Raniganj on Raebareli - Jaunpur Section Design km 0.00 to Km 53177 of NH-31",NHAI,Uttar Pradesh,2026-06,0.0,0.0,0.0,186.29,14.546178592622669,0.16505562779424943,MODERATE EARLY-WARNING SIGNAL,,No thresholded rule warning,No thresholded rule warning,No thresholded rule warning
618843,Construction of two lane with paved shoulders bypass to Mungrabadshapur town starting from near Kodahu at Km 47/225 of NH-319D and ending near Nauwadandi at Km 219/720 of NH-31 under NHO in the state of Uttar Pradesh on EPC mode,NHAI,Uttar Pradesh,2026-06,17.22,50.0,-32.78,53.53,-22.90991902834008,0.12580484105428294,MODERATE EARLY-WARNING SIGNAL,STABLE,Progress behind expected,No thresholded rule warning,No thresholded rule warning
618844,Viluppuram Km.0.000 to Puducherry Km.29.000,NHAI,"Multi-States (Puducherry, Tamil Nadu)",2026-06,98.32,100.0,-1.6800000000000068,526.4,-61.24596005330153,0.19941753051632927,MODERATE EARLY-WARNING SIGNAL,WORSENING,No thresholded rule warning,No thresholded rule warning,No thresholded rule warning
618845,Puducherry Km.29.000 to Poondiyankuppam Km.67.000,NHAI,"Multi-States (Puducherry, Tamil Nadu)",2026-06,98.75,100.0,-1.25,460.39,-71.01548728280031,0.20143271318929282,MODERATE EARLY-WARNING SIGNAL,WORSENING,No thresholded rule warning,No thresholded rule warning,No thresholded rule warning
618846,Poondiyankuppam Km.67.000 to Sattanathapuram Km.123.800,NHAI,Tamil Nadu,2026-06,99.8,100.0,-0.20000000000000284,1207.03,-52.95385538834516,0.27034358016391696,MODERATE EARLY-WARNING SIGNAL,WORSENING,No thresholded rule warning,No thresholded rule warning,No thresholded rule warning
618847,Sattanathapuram to Nagapattinam from Km 123.800 to Km 179.555,NHAI,"Multi-States (Puducherry, Tamil Nadu)",2026-06,85.0,100.0,-15.0,1593.32,-45.05357321442735,0.32080868630344433,HIGH EARLY-WARNING SIGNAL,WORSENING,Long implementation duration,Schedule pressure,No thresholded rule warning
618848,Construction of Underpass beneath airport runway on NH-31 old NH-56 for proposed expansion of runway of Babatpur Airport Varanasi,NHAI,Uttar Pradesh,2026-06,6.7,37.5,-30.8,0.09,-37.48614190687361,0.08326721059386709,LOW EARLY-WARNING SIGNAL,STABLE,Progress behind expected,No thresholded rule warning,No thresholded rule warning
618849,Conversion of Partially Excavated Escape Tunnel to Uni-Directional 2L Tunnelincluding construction of cross passages and approach roads on either side of the tunnel from Km 12.732 to Km 14.568 of Kiratpur to Nerchowk Section of NH-21,National Highways Authority of India [NHAI],Chhattisgarh,2026-04,100.0,100.0,0.0,394.65,-11.156885256973055,0.15411321032085018,MODERATE EARLY-WARNING SIGNAL,,No thresholded rule warning,No thresholded rule warning,No thresholded rule warning
618850,Nerchowk km 190.000 to Pandoh including Pandoh bypass km221.305,NHAI,Himachal Pradesh,2026-06,100.0,100.0,0.0,1567.12,7.034942491052661,0.3480515489227885,HIGH EARLY-WARNING SIGNAL,WORSENING,Long implementation duration,No thresholded rule warning,No thresholded rule warning
618851,Pandoh bypass 221.305 to Takoli 242.000 of NH-21 in the state of Himachal Pradesh,NHAI,Himachal Pradesh,2026-06,95.65,100.0,-4.349999999999994,2881.19,-15.753446687817075,0.39289448505954633,HIGH EARLY-WARNING SIGNAL,WORSENING,Long implementation duration,No thresholded rule warning,No thresholded rule warning
618852,4L Sundar Nagar Bypass from Km.173.900 to Km.179.600 of NH-21,NHAI,Himachal Pradesh,2026-06,100.0,100.0,0.0,182.26,-4.63084087698185,0.2473896395063248,MODERATE EARLY-WARNING SIGNAL,WORSENING,No thresholded rule warning,No thresholded rule warning,No thresholded rule warning
618853,Construction of Four lane Elevated Structure at Raniwada Circle in Sanchore City on NH-68,NHAI,Rajasthan,2026-06,86.18,95.83333333333333,-9.653333333333322,184.84,-43.51519011227474,0.11536598388614813,MODERATE EARLY-WARNING SIGNAL,STABLE,No thresholded rule warning,No thresholded rule warning,No thresholded rule warning
618854,2L PS of Raebareli - Jagdishpur with 4L Jagdishpur Bypass Spur,National Highways Authority of India [NHAI],Uttar Pradesh,2026-04,97.2,100.0,-2.799999999999997,515.53,-27.02113503489474,0.1594523169215237,MODERATE EARLY-WARNING SIGNAL,,No thresholded rule warning,No thresholded rule warning,No thresholded rule warning
618855,"Improvement and Up-Gradation of Existing Road to 2/4L PS from Km 40.000 to 88.750, start of Khutar bypass to start of Shahjahanpur bypass of NH 731Pkg-I",National Highways Authority of India [NHAI],Uttar Pradesh,2026-04,99.2,100.0,-0.7999999999999972,560.48,-33.17117374922496,0.11877373445388853,MODERATE EARLY-WARNING SIGNAL,,No thresholded rule warning,No thresholded rule warning,No thresholded rule warning
618856,"Improvement and Up-Gradation of Existing Road to 4L PS from Km 123.650 to 175.080, from Start of Shahabad Bypass to End of Hardoi bypass of NH 731 Pkg-2B",NHAI,Uttar Pradesh,2026-06,68.8,100.0,-31.200000000000003,486.98,-55.801014712422514,0.2281690484378806,MODERATE EARLY-WARNING SIGNAL,WORSENING,Progress behind expected,Schedule pressure,No thresholded rule warning
618858,"Improvement and Up-Gradation of Existing Road to 4L PS from Km 88.750 to 123.650, from Start of Shahjahanpur Bypass to start of Shahabad bypass of NH 731Pkg.-2A",NHAI,Uttar Pradesh,2026-06,70.56,100.0,-29.439999999999998,348.38,-63.53340172085331,0.20316621017623504,MODERATE EARLY-WARNING SIGNAL,WORSENING,Progress behind expected,Schedule pressure,No thresholded rule warning
618859,"Improvement and Up-Gradation of Existing Road to 4L PS from Km 229.070 to 260.800, End of Hardoi District to Lucknow Ring road of NH 731 Pkg-4",NHAI,Uttar Pradesh,2026-06,99.33,100.0,-0.6700000000000017,390.09,-32.236042108188855,0.13644118051526782,MODERATE EARLY-WARNING SIGNAL,WORSENING,No thresholded rule warning,No thresholded rule warning,No thresholded rule warning
618861,Bakhtiyarpur-Rajauli Pkg-II from km. 54.405 to km.101.630,NHAI,Bihar,2026-06,97.85,100.0,-2.1500000000000057,914.25,1.8719705833193956,0.31515570340081595,HIGH EARLY-WARNING SIGNAL,WORSENING,Long implementation duration,No thresholded rule warning,No thresholded rule warning
618862,Bakhtiyarpur-Rajauli Pkg-III from km. 101.630 to km.152.520,NHAI,Bihar,2026-06,99.14,100.0,-0.8599999999999994,1815.2,-15.815640333546668,0.31299556575602605,HIGH EARLY-WARNING SIGNAL,WORSENING,No thresholded rule warning,No thresholded rule warning,No thresholded rule warning
618863,Barhi-Koderma Section of NH31 km 0.00 - km 27.5,NHAI,Jharkhand,2026-06,98.5,100.0,-1.5,824.95,24.532033089789252,0.41039213670311087,HIGH EARLY-WARNING SIGNAL,WORSENING,Expenditure ahead of progress,Long implementation duration,No thresholded rule warning
618864,4L from Mathura Bypass Start at Existing Km. 154.20 of NH-44 to Gaju Village at Km 32.982 of NH-530B Pkg-IB,National Highways Authority of India [NHAI],Uttar Pradesh,2026-04,99.9,100.0,-0.09999999999999432,1049.87,-39.035833947889515,0.15709437572155638,MODERATE EARLY-WARNING SIGNAL,,No thresholded rule warning,No thresholded rule warning,No thresholded rule warning
618865,4L from Gaju Village at Km. 32.982 to Devinagar Bypass End at Km. 208.000 of NH- 530B Pkg-1C.,National Highways Authority of India [NHAI],Uttar Pradesh,2026-04,99.99,100.0,-0.010000000000005116,823.04,-40.565717545620636,0.1548569769458907,MODERATE EARLY-WARNING SIGNAL,,No thresholded rule warning,No thresholded rule warning,No thresholded rule warning
618866,"Four Lane Highway from Chandan Nagar Existing Km. 59.025 of NH 530B/Design Km. 179.5000 to Bareilly BypassStartExisting Km. 59.025 of NH 530B/Design Km. 218.000 Section of NH 530B, in the State of Uttar Pradesh on HAM Mode under NH0",NHAI,Uttar Pradesh,2026-06,30.3,29.166666666666668,1.1333333333333329,438.93,-8.033782699406196,0.1341947989602541,MODERATE EARLY-WARNING SIGNAL,STABLE,No thresholded rule warning,No thresholded rule warning,No thresholded rule warning
618867,4L Kasganj-Badaun Section from Km. 123.100 to Km. 179.500 Pkg-III of NH530B,NHAI,Uttar Pradesh,2026-06,37.03,54.166666666666664,-17.136666666666663,549.05,-26.83864580170656,0.16751099720525403,MODERATE EARLY-WARNING SIGNAL,WORSENING,No thresholded rule warning,No thresholded rule warning,No thresholded rule warning
618868,4L from Devinagar Bypass End Existing Km. 208.000 of NH 530B/Design Km. 66.000 to Kasganj Bypass End Existing Km.150.100 of NH 530B/ Design Km. 123.100 of NH 530B,NHAI,Uttar Pradesh,2026-06,70.02,100.0,-29.980000000000004,1027.0,-55.14343617876236,0.21197836626344693,MODERATE EARLY-WARNING SIGNAL,WORSENING,Progress behind expected,Schedule pressure,No thresholded rule warning
618869,"Construction of 4/6 lane Highway of Southern Bareilly Bypass, starting at Ch. 237000 of NH 530 near Jhumka chauraha, Dhantiya village and ending at Ch. 267000 of NH 30 near Invertis University including Trumpet Interchange",NHAI,Uttar Pradesh,2026-06,15.48,20.0,-4.52,603.36,33.77444252330618,0.13195640041021414,MODERATE EARLY-WARNING SIGNAL,WORSENING,Expenditure ahead of progress,No thresholded rule warning,No thresholded rule warning
618870,4L PS from near Hemmige Village Periyapatna - Hassan Road Jn. to near Hunsur - KR Nagar Jn section from Km. 144.900 to Km. 169.000 of NH-275 Pkg. III,NHAI,Karnataka,2026-06,24.27,58.333333333333336,-34.06333333333333,437.77,-8.790543446277816,0.18571897150049355,MODERATE EARLY-WARNING SIGNAL,WORSENING,Progress behind expected,No thresholded rule warning,No thresholded rule warning
618871,4L PS from Near Guddehosur to Start of Kushalnagara Bypass to near Hemmige Village Periyapatna - Hassan Road Jn from Km. 122.200 to Km. 144.900 of NH-275 Pkg. II,NHAI,Karnataka,2026-06,13.61,25.0,-11.39,313.21,9.423977315191344,0.16280632498217304,MODERATE EARLY-WARNING SIGNAL,WORSENING,No thresholded rule warning,No thresholded rule warning,No thresholded rule warning
618872,4L PS from near Hunsur - KR Nagar Junction to near Yalachahalli village KR Nagara - Yelawala Road Junction fcrom Km 169.000 to Km 195.550 of NH-275 Pkg-IV,NHAI,Karnataka,2026-06,18.13,58.333333333333336,-40.20333333333333,272.54,-32.68878517570602,0.15586929651614656,MODERATE EARLY-WARNING SIGNAL,WORSENING,Progress behind expected,No thresholded rule warning,No thresholded rule warning
618873,4L PS from near Yalachahalli village KR Nagara - Yelawala Road junction to Srirangapatna Bypass Near Paschima Vahini from km 195.550 to Km 214.535 of NH- 275 Pkg-V,NHAI,Karnataka,2026-06,16.45,58.333333333333336,-41.88333333333334,462.59,-21.986482911791903,0.17087611503484018,MODERATE EARLY-WARNING SIGNAL,WORSENING,Progress behind expected,No thresholded rule warning,No thresholded rule warning
618874,Four Laning of Trichy - Dindigul from km. 333.00 to km. 421.273 of NH-45,National Highways Authority of India [NHAI],Tamil Nadu,2026-04,100.0,100.0,0.0,9.43,-99.05992363748742,0.16214416094903208,MODERATE EARLY-WARNING SIGNAL,,Long implementation duration,No thresholded rule warning,No thresholded rule warning
618875,4L of Haridwar Nagina section Design Ch. LME from km 13.829 to km 17.110 & km 26.077 to km 27.508 and Design Ch. RME from km 13.839 to km 17.120 & km 26.078 to km 27.509 of EUP mitigation measures on NH74,NHAI,Uttarakhand,2026-06,70.42,100.0,-29.58,115.42,-37.24445411048281,0.23603966250262773,MODERATE EARLY-WARNING SIGNAL,WORSENING,Progress behind expected,Schedule pressure,No thresholded rule warning
618878,Rehabilitation and Upgradation to 4L configuration & Strengthening of Sihuni to Rajol from Km 51.000 to Km 72.000 of NH-154 Package-IIA,NHAI,Himachal Pradesh,2026-06,98.58,100.0,-1.4200000000000017,493.1,-29.2184023541233,0.2031320318736438,MODERATE EARLY-WARNING SIGNAL,WORSENING,No thresholded rule warning,No thresholded rule warning,No thresholded rule warning
618879,Rehabilitation and Upgradation to 2L PS configuration & Strengthening of Padhar to Bijni section from Km 180.000 to Km 202.815 of NH-154 Pkg-VA,NHAI,Himachal Pradesh,2026-06,99.19,79.16666666666667,20.023333333333326,665.28,-7.697272772848052,0.2079034523361419,MODERATE EARLY-WARNING SIGNAL,WORSENING,No thresholded rule warning,No thresholded rule warning,No thresholded rule warning
618880,Rehabilitation and Up-gradation to 4L configuration & Strengthening of Thanpuri to Paror section from Km 85.135 to Km 100.840 of NH-154 Pkg-IIC,NHAI,Himachal Pradesh,2026-06,54.91,100.0,-45.09,486.73,-40.328315025500196,0.21597101057594453,MODERATE EARLY-WARNING SIGNAL,WORSENING,Progress behind expected,Schedule pressure,No thresholded rule warning
618881,4L PS bijni to mandi section from Km 202.815 to Km 208.000 of NH-20 New NH-154 of Pathankot-Mandi Package-VB,NHAI,Himachal Pradesh,2026-06,34.57,50.0,-15.43,525.23,-2.8103717812797626,0.1641097737965446,MODERATE EARLY-WARNING SIGNAL,STABLE,No thresholded rule warning,No thresholded rule warning,No thresholded rule warning
618882,Construction of additional 3-Lane Bridge over River Ganga for connection between Buxar and Bharauli on NH-922 in the State of Uttar Pradesh and Bihar on Hybrid Annuity Mode,NHAI,"Multi-States (Bihar, Uttar Pradesh)",2026-06,20.16,33.333333333333336,-13.173333333333336,46.76,-24.537411510944743,0.10493536017270981,MODERATE EARLY-WARNING SIGNAL,WORSENING,No thresholded rule warning,No thresholded rule warning,No thresholded rule warning
618883,Construction of Four Lane Highway form Ghazipur- Ballia-UP/Bihar State Border Greenfield section of NH-31 Package I [from Hridaipur km 0.000 to Shahapur km 42.500] on EPC Mode in the state of Uttar Pradesh.,NHAI,Uttar Pradesh,2026-06,100.0,100.0,0.0,1440.46,-15.588319747783444,0.23458715091874846,MODERATE EARLY-WARNING SIGNAL,WORSENING,No thresholded rule warning,No thresholded rule warning,No thresholded rule warning
618884,Construction of Four Lane Highway from Ghazipur- Ballia-UP/Bihar State Border Greenfield section of NH-31 Package II [from Shahapur km 42.500 to Pindari km 78.150] on EPC Mode in the state of Uttar Pradesh.,NHAI,Uttar Pradesh,2026-06,96.29,100.0,-3.7099999999999937,757.69,-49.27258728617816,0.17264116322992157,MODERATE EARLY-WARNING SIGNAL,WORSENING,No thresholded rule warning,No thresholded rule warning,No thresholded rule warning
618885,Construction of Four Lane Highway from Ghazipur- Ballia-UP/Bihar State Border Greenfield section of NH-31 Package IV [from Buxur Spur of length km 17.270 on EPC Mode in the state of Uttar Pradesh.,NHAI,Uttar Pradesh,2026-06,91.1,100.0,-8.900000000000006,282.0,-54.36006991648864,0.14411228319995617,MODERATE EARLY-WARNING SIGNAL,STABLE,No thresholded rule warning,No thresholded rule warning,No thresholded rule warning
618886,Road Safety Improvement of Critical Junctions on MuzaffarnagarHaridwar Section of NH-334 from Km 143000 to Km 196000,NHAI,"Multi-States (Uttar Pradesh, Uttarakhand)",2026-06,20.5,33.333333333333336,-12.833333333333336,33.07,-19.476801027961677,0.09815168599949953,LOW EARLY-WARNING SIGNAL,STABLE,No thresholded rule warning,No thresholded rule warning,No thresholded rule warning
618887,4L of Bettadahalli- Shivamogga section from Km.170.415 to km. 226.750 of NH-206 Tumkur- Shivamogga Pkg-IV,NHAI,Karnataka,2026-06,83.78,100.0,-16.22,1621.81,-22.139914929572058,0.3225716897750473,HIGH EARLY-WARNING SIGNAL,WORSENING,Schedule pressure,No thresholded rule warning,No thresholded rule warning
618888,Rehabilitation and Up-gradation of existing road to 2L PS from End of Hamirpur Bypass near Chilbahal to Bhangbar section from Km. 138.295 to Km.175.270 of NH- 88 Pkg-IV,NHAI,Himachal Pradesh,2026-06,95.72,100.0,-4.280000000000001,987.23,-13.86855582407803,0.30693229042359343,HIGH EARLY-WARNING SIGNAL,WORSENING,No thresholded rule warning,No thresholded rule warning,No thresholded rule warning
618889,"4L of Bhangbar Near Ranital to Kangra Bypass Section of Old NH-88 New NH- 303,503 up to Intersection with NH-154 from Km 175.270 to Km 193.400 Pkg-VB",NHAI,Himachal Pradesh,2026-06,97.45,100.0,-2.549999999999997,1101.15,-16.765561812615744,0.25975383833079807,MODERATE EARLY-WARNING SIGNAL,WORSENING,No thresholded rule warning,No thresholded rule warning,No thresholded rule warning
618890,2L PS of Hamirpur Bypass from Km 121.175 to Km.138.295 of NH-103&3,NHAI,Himachal Pradesh,2026-06,93.25,100.0,-6.75,369.59,-50.014200895332635,0.1982701887288602,MODERATE EARLY-WARNING SIGNAL,WORSENING,No thresholded rule warning,No thresholded rule warning,No thresholded rule warning
618891,4L PS from Kalar Bala Village to Nauni Chowk of NH 205 from Km 41.000 to Km 58.450,NHAI,Himachal Pradesh,2026-06,30.43,54.166666666666664,-23.736666666666665,117.5,-44.724592785451975,0.1698611071402252,MODERATE EARLY-WARNING SIGNAL,WORSENING,Progress behind expected,No thresholded rule warning,No thresholded rule warning
618892,"4 Lane with Paved Shoulder from Dareota Village to Kalar Bala NH 205, Design Chainage -Km 33185 to Km 41000, Design Length-7.815 Km Package-IIB",NHAI,Himachal Pradesh,2026-06,0.0,0.0,0.0,5.15,0.5187087676889761,0.1897434702470269,MODERATE EARLY-WARNING SIGNAL,,No thresholded rule warning,No thresholded rule warning,No thresholded rule warning
618893,Varanasi Gorakhpur Section Packege IV from km. 149.540 to km. 215.160 Mau- Gorakhpur,NHAI,Uttar Pradesh,2026-06,97.35,100.0,-2.6500000000000057,3453.91,16.425371549535996,0.37452709368443027,HIGH EARLY-WARNING SIGNAL,WORSENING,Long implementation duration,No thresholded rule warning,No thresholded rule warning
618894,4L of Madathukulam - Pollachi from km. 74.38 to km. 116.95 of old NH-209 New NH- 83,NHAI,Tamil Nadu,2026-06,95.52,100.0,-4.480000000000004,1061.26,-40.11387426430341,0.29716214990132545,MODERATE EARLY-WARNING SIGNAL,WORSENING,Long implementation duration,No thresholded rule warning,No thresholded rule warning
618895,Kamalapuram to Oddanchatram from km. 0.00 to km. 35.822,NHAI,Tamil Nadu,2026-06,92.49,100.0,-7.510000000000005,649.69,-50.759424595655666,0.26042602384713925,MODERATE EARLY-WARNING SIGNAL,WORSENING,Long implementation duration,No thresholded rule warning,No thresholded rule warning
618896,4L of Sannur to Bikarnakatte section from Km 691.350 to Km 736.362 of NH-169 Karkala - Mangalore Package-III,NHAI,Karnataka,2026-06,76.1,100.0,-23.900000000000006,1213.06,-12.503516275849137,0.3829732688981021,HIGH EARLY-WARNING SIGNAL,WORSENING,Progress behind expected,Schedule pressure,No thresholded rule warning
618897,4L of Sethiyathope -Cholapuram section from Km. 65.960 to Km. 116.440 section of NH45 C Pkg-II,National Highways Authority of India [NHAI],Tamil Nadu,2026-04,100.0,100.0,0.0,1011.39,-57.075193426676115,0.23320413037759508,MODERATE EARLY-WARNING SIGNAL,,Long implementation duration,No thresholded rule warning,No thresholded rule warning
618898,Balance Works for Four laning of Vikravandi to Sethiyathope section from Km 0.0 to Km 65.96 of NH-45C in Tamil Nadu under NHDP Phase-IV on EPC mode,NHAI,Tamil Nadu,2026-06,33.64,50.0,-16.36,235.05,-29.792291754429705,0.14012968271720141,MODERATE EARLY-WARNING SIGNAL,WORSENING,No thresholded rule warning,No thresholded rule warning,No thresholded rule warning
618899,Kallagam km.38.700 to Meensurutti Km.98.433 of NH-227 in Tamil Nadu,NHAI,Tamil Nadu,2026-06,100.0,100.0,0.0,1111.8,-25.836490741234854,0.27041569297152096,MODERATE EARLY-WARNING SIGNAL,WORSENING,Long implementation duration,No thresholded rule warning,No thresholded rule warning
618901,4L PS Divided Carriageway from Patan Near Rajpur to Gojariya From Km 52.000 to Km 128.940 of NH-68,NHAI,Gujarat,2026-06,87.12,100.0,-12.879999999999995,923.85,-21.79643455736705,0.17875463919663465,MODERATE EARLY-WARNING SIGNAL,STABLE,Schedule pressure,No thresholded rule warning,No thresholded rule warning
618902,Maheshkunt-Saharsa-Purnea Pkg I km 0.00 to km. 90.00 of NH-107,NHAI,Bihar,2026-06,90.07,100.0,-9.930000000000007,1125.2,69.85689269971618,0.3387514775609037,HIGH EARLY-WARNING SIGNAL,WORSENING,Expenditure ahead of progress,Long implementation duration,No thresholded rule warning
618903,Maheshkunt -Saharsa-Purnea Pkg II,NHAI,Bihar,2026-06,94.0,100.0,-6.0,1220.65,18.707939471739238,0.3486653462119767,HIGH EARLY-WARNING SIGNAL,WORSENING,Long implementation duration,No thresholded rule warning,No thresholded rule warning
618904,Chhapra - Hajipur from km. 143.200 to km. 209.200,National Highways Authority of India [NHAI],Bihar,2026-05,89.81,100.0,-10.189999999999998,98.07,-95.39114415422067,0.1252104010175384,MODERATE EARLY-WARNING SIGNAL,STABLE,Long implementation duration,Schedule pressure,No thresholded rule warning
618905,Widening with additional 3L abetting Chhapra Bypass Section of NH-19 from Km. 143.200 to Km. 159.255 Pkg-1,NHAI,Bihar,2026-06,73.26,91.66666666666667,-18.406666666666666,287.52,-30.55720864328729,0.19754652689607113,MODERATE EARLY-WARNING SIGNAL,WORSENING,Schedule pressure,No thresholded rule warning,No thresholded rule warning
618906,4L of Amritsar-Ghoman - Tanda - Una Section from Km 8.270 to Km 54.000 of NH- 503A Package-I,NHAI,Punjab,2026-06,68.4,100.0,-31.599999999999994,754.44,-12.060705668426749,0.3691460303649958,HIGH EARLY-WARNING SIGNAL,WORSENING,Progress behind expected,Schedule pressure,No thresholded rule warning
618907,2L/4L of Hoshiarpur to Una section including Hoshiarpur Bypass of NH 503A,NHAI,"Multi-States (Himachal Pradesh, Punjab)",2026-06,26.18,54.166666666666664,-27.986666666666665,257.77,-9.049923571486914,0.17934459205904038,MODERATE EARLY-WARNING SIGNAL,WORSENING,Progress behind expected,No thresholded rule warning,No thresholded rule warning
618908,3L Major Bridge over River Brahmani at Km. 401.250 Duburi - Chandikhole Section of NH-200 New NH -53,NHAI,Odisha,2026-06,38.0,100.0,-62.0,73.59,-52.09296269774104,0.19390325228733582,MODERATE EARLY-WARNING SIGNAL,STABLE,Progress behind expected,Schedule pressure,No thresholded rule warning
618909,2L PS of JH / WB Border km. 70.524 - Purulia km.84.400 & Purulia km. 94.30 - Chandil Junction with NH-33 km. 153.705 of Old NH-32,NHAI,"Multi-States (Jharkhand, West Bengal)",2026-06,97.65,100.0,-2.3499999999999943,1649.25,-0.19063180827886583,0.3950903850813878,HIGH EARLY-WARNING SIGNAL,WORSENING,Long implementation duration,No thresholded rule warning,No thresholded rule warning
618910,4L of Purulia Bypass section from Km 84.030 to Km 94.345 of NH-32,National Highways Authority of India [NHAI],West Bengal,2026-05,94.12,100.0,-5.8799999999999955,468.78,-15.921442023136933,0.1517388707688564,MODERATE EARLY-WARNING SIGNAL,STABLE,No thresholded rule warning,No thresholded rule warning,No thresholded rule warning
618911,4L Greenfield Western Side spur of Rampur-Rudrapur Section from Km 0.000 to Km 13.700 connecting NH-24 to NH-87 bypassing rampur town,NHAI,Uttar Pradesh,2026-06,63.79,100.0,-36.21,369.67,-42.79944914664149,0.2071572285135597,MODERATE EARLY-WARNING SIGNAL,WORSENING,Progress behind expected,Schedule pressure,No thresholded rule warning
618912,Construction of Rudrapur Bypass Section from Km. 0.000 to 20.640 in the state of Uttar Pradesh & Uttarakhand,National Highways Authority of India [NHAI],"Multi-States (Uttar Pradesh, Uttarakhand)",2026-04,99.1,100.0,-0.9000000000000057,665.1,-36.76133608435625,0.15500912379184503,MODERATE EARLY-WARNING SIGNAL,,No thresholded rule warning,No thresholded rule warning,No thresholded rule warning
618913,4-L of Rajamunda to Barkote Section of NH-23 from km. 287.200 to km. 337.185,National Highways Authority of India [NHAI],Odisha,2026-04,96.52,100.0,-3.480000000000004,114.77,-81.17382674737135,0.16141503937640173,MODERATE EARLY-WARNING SIGNAL,,Long implementation duration,No thresholded rule warning,No thresholded rule warning
618914,"4L Elevated Corridor and at-grade improvements from Design Ch0000 to Design Ch 19870 of Danapur Bihta Section, Design Ch0000 to Design Ch0231 connecting the existing RoB near Danapur station ,1.35 Km ramps and at-grade improvements to 4- lane section on Danapur side and Upgradation of existing Two lane carriageway to Four Lane carriageway from Design Ch19870 to Design Ch23500 of Bihta - Koilwar section",NHAI,Bihar,2026-06,61.12,90.0,-28.880000000000003,1517.29,-55.77260843181885,0.19223731440511643,MODERATE EARLY-WARNING SIGNAL,STABLE,Progress behind expected,Schedule pressure,No thresholded rule warning
618915,4L of Bal. works of Patna - Gaya -Dobhi Pkg-II from km. 39.00 to km. 83.00 of Old NH- 83,National Highways Authority of India [NHAI],Bihar,2026-04,89.01,100.0,-10.989999999999995,728.91,-55.48070286876485,0.20106400940483124,MODERATE EARLY-WARNING SIGNAL,,Long implementation duration,Schedule pressure,No thresholded rule warning
618916,4L of Bal. works of Patna - Gaya -Dobhi Pkg-III from km. 83.00 to km. 127.217 of Old NH-83,National Highways Authority of India [NHAI],Bihar,2026-04,92.0,100.0,-8.0,774.78,-28.091994134353016,0.1788283498748669,MODERATE EARLY-WARNING SIGNAL,,Long implementation duration,No thresholded rule warning,No thresholded rule warning
618917,4L Greenfield starting from NH-30 near Saristabad Patna to Nathupur Project end point of Patna-Gaya-Dobhi Section of NH-83,NHAI,Bihar,2026-06,87.03,100.0,-12.969999999999999,101.06,-79.30116336228085,0.19991143146561402,MODERATE EARLY-WARNING SIGNAL,WORSENING,Schedule pressure,No thresholded rule warning,No thresholded rule warning
618919,4L PS from Mandlem Existing Km. 38.000/Design Km.30.600 to Atmakur Existing Km.73.000/Design Km 66.115 of NH340C Package2,National Highways Authority of India [NHAI],Andhra Pradesh,2026-04,99.94,100.0,-0.060000000000002274,374.39,-57.80475160039671,0.1276675949905438,MODERATE EARLY-WARNING SIGNAL,,No thresholded rule warning,No thresholded rule warning,No thresholded rule warning
618920,Access Controlled Highway of 4 Lane with Paved Shoulders from TN/AP Border Design Chainage Km 6151 to Puttur Design Chainage Km 81540 of NH-716 & 6 Lane with Paved Shoulders from Mallavaram to Renigunta,NHAI,Andhra Pradesh,2026-06,39.57,75.0,-35.43,188.66,-60.99218900818224,0.1352070274277052,MODERATE EARLY-WARNING SIGNAL,WORSENING,Progress behind expected,No thresholded rule warning,No thresholded rule warning
618921,4L of Kathlighat to Shakral Village from Km 128.835 to Km 146.300 of NH- 5 Shimla Bypass - Pkg I,NHAI,Himachal Pradesh,2026-06,63.14,100.0,-36.86,1139.72,-33.09460633526663,0.34495038338993345,HIGH EARLY-WARNING SIGNAL,WORSENING,Progress behind expected,Schedule pressure,No thresholded rule warning
618922,4L of Shakral Village to Dhalli Section from Km 146.300 to Km 156.560 Shimla Bypass - Pkg II and Shimla connectivity from Km 0.000 to Km 0.725 of NH-5,NHAI,Himachal Pradesh,2026-06,63.17,75.0,-11.829999999999998,1452.65,-0.7435105763037626,0.3041219405774352,HIGH EARLY-WARNING SIGNAL,WORSENING,No thresholded rule warning,No thresholded rule warning,No thresholded rule warning
618923,4L Behsuma at Km 39.250 Ex. Km 39240 To Bijnor at Km 78.810 Ex. Km 86590 Design Length 39.560 Km of NH-119 Pkg-II,NHAI,Uttar Pradesh,2026-06,70.12,100.0,-29.879999999999995,1195.23,-44.619127050319705,0.2195061596979259,MODERATE EARLY-WARNING SIGNAL,WORSENING,Progress behind expected,Schedule pressure,No thresholded rule warning
618924,2L PS of Najibabad Kotdwar section from 112.575 to Km. 138.635 of NH 119,NHAI,Uttar Pradesh,2026-06,55.9,100.0,-44.1,50.34,-73.34674643934981,0.2068435930906092,MODERATE EARLY-WARNING SIGNAL,STABLE,Progress behind expected,Schedule pressure,No thresholded rule warning
618925,Bijnor-Kotawali,NHAI,Uttar Pradesh,2026-06,99.02,100.0,-0.980000000000004,296.47,-1.367356444207843,0.27887189671233303,MODERATE EARLY-WARNING SIGNAL,WORSENING,No thresholded rule warning,No thresholded rule warning,No thresholded rule warning
618926,4L of Siwan- Masrakh section of Ram Janki Marg from Km 230.385 to Km 281.391 of NH-227A,NHAI,Bihar,2026-06,10.33,79.16666666666667,-68.83666666666667,502.89,-44.0329476861167,0.16554515445780116,MODERATE EARLY-WARNING SIGNAL,WORSENING,Progress behind expected,No thresholded rule warning,No thresholded rule warning
618927,4L of Moradabad-Thakurdwara-Kashipur Section from Km. 0.000 to Km. 38.77 of NH- 734 Pkg-II,NHAI,Uttar Pradesh,2026-06,52.68,100.0,-47.32,969.49,-51.69023629423665,0.18950591019445598,MODERATE EARLY-WARNING SIGNAL,STABLE,Progress behind expected,Schedule pressure,No thresholded rule warning
618928,"Improvement & Up-gradation of NH-734 Section of Moradabad-Thakurdwara Kashipur including Moradabad & Kashipur Bypasse Package-III Kashipur Bypass Length 14.490 Km., Starts from Ch. 38770 and ends at Ch. 53260 existing Ch. 05560",NHAI,"Multi-States (Uttar Pradesh, Uttarakhand)",2026-06,53.84,100.0,-46.16,369.85,-60.49117634491304,0.17699983349196236,MODERATE EARLY-WARNING SIGNAL,STABLE,Progress behind expected,Schedule pressure,No thresholded rule warning
618929,4L of Moradabad western side spur connecting NH-734 & NH-24 from Km. 0.000 to Km. 33.200 Pkg-I,NHAI,Uttar Pradesh,2026-06,81.48,100.0,-18.519999999999996,1120.76,-39.1526233495483,0.2213213699893204,MODERATE EARLY-WARNING SIGNAL,WORSENING,Schedule pressure,No thresholded rule warning,No thresholded rule warning
618930,4L PS from Ch. 94.030 in Jabugam Village to Ch. 132.320 in Dhamasiya Village of NH-56 Pkg-III,NHAI,Gujarat,2026-06,23.82,29.166666666666668,-5.346666666666668,147.42,-16.76237876467586,0.13750692444768967,MODERATE EARLY-WARNING SIGNAL,WORSENING,No thresholded rule warning,No thresholded rule warning,No thresholded rule warning
618931,4L PS from Ch. 179.780 in Bitada/Movi Village to Ch. 208.900 in Nasarpore Village of NH-56 Pkg-V,NHAI,Gujarat,2026-06,7.59,29.166666666666668,-21.576666666666668,79.56,-18.753326701744285,0.11562830472130162,MODERATE EARLY-WARNING SIGNAL,WORSENING,Progress behind expected,No thresholded rule warning,No thresholded rule warning
618932,Construction of 6 lane Indore western bypass from km 0000 to Km 34000 Pkg -l in the State of Madhya Pradesh on Hybrid Annuity Mode under NHO,NHAI,Madhya Pradesh,2026-06,22.96,21.73913043478261,1.2208695652173915,655.83,20.994302809499658,0.14127940042622866,MODERATE EARLY-WARNING SIGNAL,WORSENING,Expenditure ahead of progress,No thresholded rule warning,No thresholded rule warning
618933,Construction of 6 lane Indore western bypass from km 34000 to Km 64000 Pkg-II in the state of Madhya Pradesh on Hybrid Annuity Mode under NHO,NHAI,Madhya Pradesh,2026-06,17.5,16.666666666666668,0.8333333333333321,662.12,29.617306043321033,0.1687673652468849,MODERATE EARLY-WARNING SIGNAL,WORSENING,Expenditure ahead of progress,No thresholded rule warning,No thresholded rule warning
618934,Guwahati Ring Road in the State of Assam,NHAI,Assam,2026-06,0.0,10.416666666666666,-10.416666666666666,328.42,-4.684548338095262,0.11557212703560897,MODERATE EARLY-WARNING SIGNAL,WORSENING,No thresholded rule warning,No thresholded rule warning,No thresholded rule warning
618935,4L Ambala - Kalaamb from Km. -0.800 to Km. 33.015 of old NH-72,National Highways Authority of India [NHAI],"Multi-States (Haryana, Punjab)",2026-04,100.0,100.0,0.0,452.48,-61.77409816676523,0.14786054359582265,MODERATE EARLY-WARNING SIGNAL,,No thresholded rule warning,No thresholded rule warning,No thresholded rule warning
618936,Jagadhari - Tajewala from Km -0.175 to 32.337 km of NH-344,NHAI,Haryana,2026-06,67.8,100.0,-32.2,708.89,-44.1599054745963,0.23943863439393057,MODERATE EARLY-WARNING SIGNAL,WORSENING,Progress behind expected,Schedule pressure,No thresholded rule warning
618937,4L of Nagpur-Katol Section from Km. 13.00 to Km. 62.900 of NH-353J,NHAI,Maharashtra,2026-06,81.54,100.0,-18.459999999999994,1182.28,1.3128127785013959,0.4061954117452184,HIGH EARLY-WARNING SIGNAL,WORSENING,Schedule pressure,No thresholded rule warning,No thresholded rule warning
618938,4L of Rajura-Korpana-Adilabad Road upto M.S. Border from km 32.910 to km 89.090 of NH-353B,National Highways Authority of India [NHAI],"Multi-States (Maharashtra, Telangana)",2026-04,100.0,100.0,0.0,630.06,-37.82282178559799,0.14052416311352106,MODERATE EARLY-WARNING SIGNAL,,No thresholded rule warning,No thresholded rule warning,No thresholded rule warning
618939,Construction of Standalone Flyover cum ROB from Design Ch.66.600 to Design Ch.68.800 in Gadchandur Town on NH-353B,NHAI,Maharashtra,2026-06,36.99,45.833333333333336,-8.843333333333334,33.97,-28.07681250326695,0.13106637338573113,MODERATE EARLY-WARNING SIGNAL,STABLE,No thresholded rule warning,No thresholded rule warning,No thresholded rule warning
618941,4L of Bamni - Rajura - Warur - Devada upto M.S. Border of NH - 930D from km 19.000 to km 51.985,NHAI,"Multi-States (Maharashtra, Telangana)",2026-06,73.73,100.0,-26.269999999999996,805.71,-16.769794948608023,0.2138565504477343,MODERATE EARLY-WARNING SIGNAL,WORSENING,Progress behind expected,Schedule pressure,No thresholded rule warning
618942,Balance work of 2L PS from Km 30.800 to Km 70.800 and 2L with Rigid Carriageway from Km 70.800 to km 84.120 of Khanapur- KA/GOA Border section of NH-4A,NHAI,"Multi-States (Goa, Karnataka)",2026-06,84.7,100.0,-15.299999999999997,110.31,-51.35385429529017,0.15609738339304,MODERATE EARLY-WARNING SIGNAL,STABLE,Schedule pressure,No thresholded rule warning,No thresholded rule warning
618943,Salem - Ulundurpet section from km 0.313 to km 136.670 of NH-68,National Highways Authority of India [NHAI],Tamil Nadu,2026-04,100.0,100.0,0.0,137.29,-84.05884606899434,0.17373467254150904,MODERATE EARLY-WARNING SIGNAL,,Long implementation duration,No thresholded rule warning,No thresholded rule warning
618944,Hyderabad - Maneguda,NHAI,Telangana,2026-06,21.84,79.16666666666667,-57.32666666666667,408.06,-36.60988048307365,0.1993128345377977,MODERATE EARLY-WARNING SIGNAL,WORSENING,Progress behind expected,No thresholded rule warning,No thresholded rule warning
618945,4L of Kodad Design Km 0.00/Existing Km 185.00 of NH-65 to Khammam Design Km 31.800/Existing Km 29.400 of NH-365A,NHAI,Telangana,2026-06,99.98,100.0,-0.01999999999999602,871.58,-24.155694979855028,0.20916857566322442,MODERATE EARLY-WARNING SIGNAL,WORSENING,No thresholded rule warning,No thresholded rule warning,No thresholded rule warning
618946,4L of Mehgama - Hansdiha from km. 41.900 to km. 93.000 of NH -133A Pkg-II,National Highways Authority of India [NHAI],Jharkhand,2026-04,99.5,100.0,-0.5,878.2,-40.65093396047901,0.19080050049281488,MODERATE EARLY-WARNING SIGNAL,,No thresholded rule warning,No thresholded rule warning,No thresholded rule warning
618947,4L of NH-80 from km 215.00 to km 260.00 Mirza Chauki to Farkka Pkg-I,NHAI,Jharkhand,2026-06,91.83,100.0,-8.170000000000002,1029.73,-31.57030834662413,0.3377993387441688,HIGH EARLY-WARNING SIGNAL,WORSENING,No thresholded rule warning,No thresholded rule warning,No thresholded rule warning
618948,4L of NH-80 section of Mirza Chauki to Farakka section from existing km 190.00 to design km 200.75 junction at km 3.100 of NH 133 B and from existing km 260.00 to existing km 283.00 design km 274.133 in the state of Jharkhand package - II,NHAI,"Multi-States (Jharkhand, West Bengal)",2026-06,5.64,17.391304347826086,-11.751304347826085,202.69,8.52216825438824,0.13021067269173864,MODERATE EARLY-WARNING SIGNAL,WORSENING,No thresholded rule warning,No thresholded rule warning,No thresholded rule warning
618949,4L of Basukinath- Deoghar Section of NH-114A,NHAI,Jharkhand,2026-06,90.02,100.0,-9.980000000000004,723.48,-49.93010090384376,0.22971181980577293,MODERATE EARLY-WARNING SIGNAL,WORSENING,No thresholded rule warning,No thresholded rule warning,No thresholded rule warning
618950,Construction of Bypass to NH-114A Connecting NH-333 and NH-133 Deoghar Bypass from design km 0.000 to design Km 49.000,NHAI,Jharkhand,2026-06,9.0,20.833333333333332,-11.833333333333332,55.24,-17.30468059645559,0.09838214606004568,LOW EARLY-WARNING SIGNAL,WORSENING,No thresholded rule warning,No thresholded rule warning,No thresholded rule warning
618951,Hariharganj to Parwa Mode section from km 23.284 to km 57.049 of NH-98,NHAI,"Multi-States (Bihar, Jharkhand)",2026-06,91.3,100.0,-8.700000000000003,830.06,-26.26800973547229,0.26825892891653114,MODERATE EARLY-WARNING SIGNAL,WORSENING,No thresholded rule warning,No thresholded rule warning,No thresholded rule warning
618952,4L of Sahibganj - Manihari Ganga Bridge including Manihari Bypass,NHAI,"Multi-States (Bihar, Jharkhand)",2026-06,86.54,100.0,-13.459999999999994,2008.25,2.7358717393862264,0.435465242615014,HIGH EARLY-WARNING SIGNAL,WORSENING,Long implementation duration,Schedule pressure,No thresholded rule warning
618953,Umagaon-Saharsa Package-IV Koshi Bridge & approach Road - Bheja-Bakaur,NHAI,Bihar,2026-06,91.99,100.0,-8.010000000000005,1308.0,9.038163357175023,0.37160565903023995,HIGH EARLY-WARNING SIGNAL,STABLE,Long implementation duration,No thresholded rule warning,No thresholded rule warning
618954,Umagaon - Saharsa Package - I Combined Umagaon-Kaluahi0.000KM to 21.609Km of NH227LSaharghat-Rahika0.000 Km to 26.130KM of NH227JRahika-Rampatti 0.00 KM to 15.00KM of NH527ABideshwarsthan-Bheja0.000KM to 25.915KM of NH527A.,NHAI,Bihar,2026-06,21.5,56.666666666666664,-35.166666666666664,641.88,-13.096207801611001,0.16283856884543313,MODERATE EARLY-WARNING SIGNAL,WORSENING,Progress behind expected,No thresholded rule warning,No thresholded rule warning
618955,2L PS of Majhauli to Charout section from km. 0.00 to km. 63.655,NHAI,Bihar,2026-06,99.8,100.0,-0.20000000000000284,1096.09,71.72288458224318,0.32546717752369325,HIGH EARLY-WARNING SIGNAL,WORSENING,Expenditure ahead of progress,Long implementation duration,No thresholded rule warning
618956,Construction of Major Bridge over Baghmati and Lakhandei River along with Approaches from Design km.16.500 to km.21.500,NHAI,Bihar,2026-06,25.03,66.66666666666667,-41.63666666666667,43.95,-57.85852188842349,0.14666926965766477,MODERATE EARLY-WARNING SIGNAL,STABLE,Progress behind expected,No thresholded rule warning,No thresholded rule warning
618957,4 laning of Champa - Korba from km 0.00 to km 38.2,NHAI,Chhattisgarh,2026-06,98.75,100.0,-1.25,944.63,-5.756587151935989,0.31509860576522786,HIGH EARLY-WARNING SIGNAL,WORSENING,No thresholded rule warning,No thresholded rule warning,No thresholded rule warning
618958,2L with ES of Yagyi - Kalewa section from Milepost 40/0 to Milepost 115/5 in Myanmar,NHAI,Assam,2026-06,52.0,100.0,-48.0,0.0,-100.0,0.227522137490997,MODERATE EARLY-WARNING SIGNAL,WORSENING,Progress behind expected,Long implementation duration,Schedule pressure
618959,4L Prayagraj Greenfield By-pass from design Km 50860 near Nibi Kala Uperhar to design Km 64763 on NH-19 near Khodaypur Kasgaon including Interchange loop at NH-19,National Highways Authority of India [NHAI],Uttar Pradesh,2026-04,100.0,100.0,0.0,406.6,-60.05854674407411,0.12732614697509592,MODERATE EARLY-WARNING SIGNAL,,No thresholded rule warning,No thresholded rule warning,No thresholded rule warning
618960,4 Lane Inner Ring Road around Allahabad City Pkg-2 Prayagraj Southern Bypass 43.200 - 50.860,NHAI,Uttar Pradesh,2026-06,44.64,100.0,-55.36,447.26,-67.53127019041604,0.1681080285327171,MODERATE EARLY-WARNING SIGNAL,STABLE,Progress behind expected,Schedule pressure,No thresholded rule warning
618961,4 Lane Inner Ring Road around Allahabad City Pkg-1 Prayagraj Southern Bypass 34.400 43.200,NHAI,Uttar Pradesh,2026-06,18.5,25.0,-6.5,42.97,-19.462200685620022,0.10765555370303422,MODERATE EARLY-WARNING SIGNAL,WORSENING,No thresholded rule warning,No thresholded rule warning,No thresholded rule warning
618962,4L of Budhni to Shahganj Bypass End Package-III of NH-146B from Km. 73.750 to Km. 102.000,NHAI,Madhya Pradesh,2026-06,27.25,41.666666666666664,-14.416666666666664,174.55,-25.841213571840875,0.12674785460480878,MODERATE EARLY-WARNING SIGNAL,WORSENING,No thresholded rule warning,No thresholded rule warning,No thresholded rule warning
618963,Construction work of 4-laning of Shahganj bypass end to Badi Package-IV of NH-146B from design km 102.000 to design km 142.357 Design length 40.357 km,NHAI,Madhya Pradesh,2026-06,50.13,62.5,-12.369999999999997,318.15,-21.926888055704346,0.16746738347013196,MODERATE EARLY-WARNING SIGNAL,WORSENING,No thresholded rule warning,No thresholded rule warning,No thresholded rule warning
618964,4 Laning of Sandalpur to Nasrullaganj Pkg-1 section of NH-146B Length 43.2 Km.,NHAI,Madhya Pradesh,2026-06,10.9,20.833333333333332,-9.933333333333332,197.48,-6.984611752385494,0.11855099458705105,MODERATE EARLY-WARNING SIGNAL,WORSENING,No thresholded rule warning,No thresholded rule warning,No thresholded rule warning
618966,Six laning with both sides Service Road of Ayodhya Bypass from Design Km 0000 near Ashram Tiraha on NH-46 to Km 16439 end at Ratnagiri Tiraha on Nh-146,NHAI,Madhya Pradesh,2026-06,20.09,41.666666666666664,-21.576666666666664,141.71,-29.049698620867723,0.10274334889132306,MODERATE EARLY-WARNING SIGNAL,STABLE,Progress behind expected,No thresholded rule warning,No thresholded rule warning
618967,Upgradation and Strengthening of Chenani to Nashri Section via Patnitop of NH244 from Km 0.000 to Km 39.100,NHAI,Jammu and Kashmir,2026-06,64.18,91.66666666666667,-27.486666666666665,176.11,-31.980501141010876,0.15047385546401634,MODERATE EARLY-WARNING SIGNAL,STABLE,Progress behind expected,Schedule pressure,No thresholded rule warning
618968,6L access control Greenfield highway of Vill-Khyawari to Vill-Latifpur at Saharanpur Bypass from Km. 82.000 to Km. 119.790 Pkg-4,NHAI,Uttar Pradesh,2026-06,99.24,100.0,-0.7600000000000051,1394.44,-2.3631309559652465,0.3094927089295216,HIGH EARLY-WARNING SIGNAL,WORSENING,No thresholded rule warning,No thresholded rule warning,No thresholded rule warning
618969,4/6L of Spur to Haridwar Greenfield from Km. 0.000 to Km. 50.70,NHAI,"Multi-States (Uttar Pradesh, Uttarakhand)",2026-06,91.95,100.0,-8.049999999999997,1540.17,-28.561886871216856,0.23779575754875146,MODERATE EARLY-WARNING SIGNAL,WORSENING,No thresholded rule warning,No thresholded rule warning,No thresholded rule warning
618970,6L access control Greenfield highway of Vill-Lohadda to Vill-Karaunda Mahajan from Km. 27.000 to Km. 56.500 Pkg-2,NHAI,Uttar Pradesh,2026-06,98.06,100.0,-1.9399999999999977,1253.61,-6.1282713692014,0.3386606634567305,HIGH EARLY-WARNING SIGNAL,WORSENING,No thresholded rule warning,No thresholded rule warning,No thresholded rule warning
618971,Pune Metro Rail Project Phase-2 Corridor 2A Vanaz to Chandani Chowk and Corridor 2B Ramwadi to Wagholi/Vitthalwadi,Maharashtra Metro Rail Corporation Limited [MMRCL],Maharashtra,2026-06,1.88,22.916666666666668,-21.03666666666667,4.48,-22.79312272032004,0.09323182772885298,LOW EARLY-WARNING SIGNAL,STABLE,Progress behind expected,No thresholded rule warning,No thresholded rule warning
618972,Devbhumi Dwarka [Okha] - Kanalus Doubling,Western Railway [WR] - II,Gujarat,2026-05,0.0,13.88888888888889,-13.88888888888889,0.28,-13.869668284400879,0.06114326403070657,LOW EARLY-WARNING SIGNAL,IMPROVING,No thresholded rule warning,No thresholded rule warning,No thresholded rule warning
618976,"Gadarwara Super Thermal Power Project, Stage-II [2x800 MW]",National Thermal Power Corporation [NTPC],Madhya Pradesh,2026-06,10.0,22.413793103448278,-12.413793103448278,2141.47,-11.94000850010288,0.13968898885643882,MODERATE EARLY-WARNING SIGNAL,STABLE,No thresholded rule warning,No thresholded rule warning,No thresholded rule warning
618977,"Development of New Greenfield Airport at Bundi, Kota Rajasthan.",Airport Authority of India [AAI],Rajasthan,2026-06,13.3,33.333333333333336,-20.033333333333335,71.13,-28.6133598761336,0.09268964742518328,LOW EARLY-WARNING SIGNAL,STABLE,Progress behind expected,No thresholded rule warning,No thresholded rule warning
618978,Gondia - Dongargarh 4th line [84 Km],South Eastern Central Railway,"Multi-States (Chhattisgarh, Maharashtra)",2026-05,0.0,11.666666666666666,-11.666666666666666,0.0,-11.666666666666666,0.0745645818071664,LOW EARLY-WARNING SIGNAL,IMPROVING,No thresholded rule warning,No thresholded rule warning,No thresholded rule warning
618981,810 MW Solar Power Project - Rajasthan,NLC India Limited [NLCIL],Rajasthan,2026-06,0.0,30.0,-30.0,249.95,-23.972853122807187,0.11731015906856399,MODERATE EARLY-WARNING SIGNAL,WORSENING,Progress behind expected,No thresholded rule warning,No thresholded rule warning
618982,Talabira II & III OCP - FMC,NLC India Limited [NLCIL],Odisha,2026-06,73.65,100.0,-26.349999999999994,324.74,-37.84285577567232,0.17162926449301696,MODERATE EARLY-WARNING SIGNAL,STABLE,Progress behind expected,Schedule pressure,No thresholded rule warning
618985,Pune Metro Rail Project Phase-2 Line-4 Kharadi to Khadakwasla with Spur Line 4A Nal Stop - Warje - Manikbaug,Maharashtra Metro Rail Corporation Limited [MMRCL],Maharashtra,2026-06,1.3,10.0,-8.7,7.41,-9.92483147948082,0.1089450985637142,MODERATE EARLY-WARNING SIGNAL,STABLE,No thresholded rule warning,No thresholded rule warning,No thresholded rule warning
618986,Furkating-New Tinsukia[194 Km],Northeast Frontier Railway [NFR],Assam,2026-05,0.0,17.77777777777778,-17.77777777777778,0.0,-17.77777777777778,0.05805748739796744,LOW EARLY-WARNING SIGNAL,IMPROVING,No thresholded rule warning,No thresholded rule warning,No thresholded rule warning
618991,200 MW SPP part of 510 MW CPSU scheme,NLC India Limited [NLCIL],Gujarat,2026-06,0.0,81.81818181818181,-81.81818181818181,66.07,-76.40885980509857,0.15570131849680094,MODERATE EARLY-WARNING SIGNAL,STABLE,Progress behind expected,Schedule pressure,No thresholded rule warning
618992,100 MW SPP part of SECI 150 MW Hybrid,NLC India Limited [NLCIL],Gujarat,2026-06,1.2,81.25,-80.05,2.66,-80.69661729216942,0.13389079546523444,MODERATE EARLY-WARNING SIGNAL,STABLE,Progress behind expected,Schedule pressure,No thresholded rule warning
618995,New Line between Junagarh - Nabarangpur [116.21 Km],Indian Railway,Odisha,2026-05,0.0,15.0,-15.0,1.06,-14.962995416319021,0.08414303466303433,LOW EARLY-WARNING SIGNAL,IMPROVING,No thresholded rule warning,No thresholded rule warning,No thresholded rule warning
619003,Solan - Kaithlighat Section of NH-22 Now NH-5 from Km. 106.139 to Km.129.05,NHAI,Himachal Pradesh,2026-06,90.11,100.0,-9.89,1345.12,52.55290675255745,0.4031563318168269,HIGH EARLY-WARNING SIGNAL,WORSENING,Expenditure ahead of progress,Long implementation duration,No thresholded rule warning
619004,"Construction of Dubrajpur Bypass with 4-lane configuration of length 5.676 km on NH- 60 new NH-14 from design chainage 0.00 existing km 316.135 on NH-60 to design chainage 5.676 existing km 320.980 on NH-60 in the district of Birbhum, West Bengal under Annual Plan 2022-23 in EPC Mode- reg. Job. No. 014-WB-2022- 23/518 .",MoRTH,West Bengal,2026-06,5.5,25.0,-19.5,0.03,-24.994650403894507,0.1045871732237444,MODERATE EARLY-WARNING SIGNAL,STABLE,No thresholded rule warning,No thresholded rule warning,No thresholded rule warning
619005,Construction of bypass around Chatra Town on NH-22 old NH-99 in the state of Jharkhand under EPC Mode,MoRTH,Jharkhand,2026-06,12.0,20.833333333333332,-8.833333333333332,0.86,-20.468028771274035,0.10978219590289297,MODERATE EARLY-WARNING SIGNAL,STABLE,No thresholded rule warning,No thresholded rule warning,No thresholded rule warning
619007,Upgradation of Sarvardewla to Pal MP/MH Border Road section of NH-347 C from Design Chainge km 81.600 to 137.400 Total length 55.80 km to two lane with paved shoulder configuration along with One time improvement of 1 .95 km in the State of Madhya Pradesh on EPC mode.,MoRTH,Madhya Pradesh,2026-06,0.0,20.833333333333332,-20.833333333333332,0.0,-20.833333333333332,0.09519652251924199,LOW EARLY-WARNING SIGNAL,STABLE,Progress behind expected,No thresholded rule warning,No thresholded rule warning
619008,Rehabilitation and Up gradation of Charthana Jintur Section of NH 752 I Km 25100 to 47100 to 2 Lane with Paved Shoulder configuration Flexible Pavement in the state of Maharashtra on EPC mode. Reg- Resubmission of Annual Plan Estimate.,MoRTH,Maharashtra,2026-06,51.0,27.77777777777778,23.22222222222222,0.01,-27.77143622155988,0.1299793800783944,MODERATE EARLY-WARNING SIGNAL,STABLE,No thresholded rule warning,No thresholded rule warning,No thresholded rule warning
619009,Upgradation to Two Lane with Paved Shoulders from Km 0.000 to Km 41.920 Green Field Alignment of Gowrelly to Valigonda Section of NH-930P in the State of Telangana on EPC Mode under Annual Plan 2022-23,MoRTH,Telangana,2026-06,0.0,4.3478260869565215,-4.3478260869565215,0.0,-4.3478260869565215,0.12769548324552857,MODERATE EARLY-WARNING SIGNAL,STABLE,No thresholded rule warning,No thresholded rule warning,No thresholded rule warning
619010,Up-gradation to 2 lane with paved shoutders of Pawlrang - Rulchawm section- of NH- 102B of Aizawl - Imphal Economic Corridor from Existing Chainage km 72.030 to km 104.129 including 2.459 km re-alignment section from Tuivai River to Rulchawm connecting km 48.150 of NH-6 [Design Chainage km 68.170 to km 98.579] in the State of Mizoram under Bharatmala Pariyojna on EPC mode under NHO-NE Package-3 Keifang- Tuivai Pkg-3,NHIDCL,Mizoram,2026-06,99.52,100.0,-0.480000000000004,442.08,-11.739338763775748,0.2807905833238275,MODERATE EARLY-WARNING SIGNAL,WORSENING,No thresholded rule warning,No thresholded rule warning,No thresholded rule warning
619013,"Construction of Balance Work of 4-Laning of the Section from Jhanji to Demow of NH- 37 Old from Km 501.800 to Km 514.800 13.000 Km, under SARDP- NE under EPC Mode in the state of Assam Pkg-II Road Works",NHIDCL,Assam,2026-06,73.88,100.0,-26.120000000000005,111.01,-78.18028146866892,0.2817839546467403,MODERATE EARLY-WARNING SIGNAL,WORSENING,Progress behind expected,Schedule pressure,No thresholded rule warning
619014,"lmprovement and Widening to 2 lane with paved Shoulder of NH-15 old NH-52 from Existing Km 770.600 Design Km 24.819 to Existing km 805.750 Design Km 59.885 Kamlang T-Junction to Chowkham, Existing Length 35.150 Km, Design Length-35.066 Km in the state of Arunachal Pradesh on EPC mode Pkg-2",NHIDCL,Arunachal Pradesh,2026-06,11.74,16.666666666666668,-4.926666666666668,0.0,-16.666666666666668,0.09193052882297098,LOW EARLY-WARNING SIGNAL,STABLE,No thresholded rule warning,No thresholded rule warning,No thresholded rule warning
619022,"Metro connectivity from Millennium City Centre to Cyber City with Spur to Dwarka Expressway, Gurugram.",Gurugram Metro Rail Limited [GMRL],Haryana,2026-06,4.3,62.857142857142854,-58.55714285714286,159.67,-59.928879531683265,0.11738784636431401,MODERATE EARLY-WARNING SIGNAL,STABLE,Progress behind expected,No thresholded rule warning,No thresholded rule warning
619024,Mahan Transmission Limited,Adani Transmission Limited,Madhya Pradesh,2026-06,18.0,60.0,-42.0,317.79,-49.83176122765029,0.1324435124883053,MODERATE EARLY-WARNING SIGNAL,STABLE,Progress behind expected,No thresholded rule warning,No thresholded rule warning
619025,RAJASTHAN PART I POWER TRANSMISSION LIMITED,Adani Transmission Limited,"Multi-States (Madhya Pradesh, Rajasthan, Uttar Pradesh)",2026-06,4.0,31.48148148148148,-27.48148148148148,426.05,-29.77728148148148,0.10937606420608574,MODERATE EARLY-WARNING SIGNAL,STABLE,Progress behind expected,No thresholded rule warning,No thresholded rule warning
619026,KPSIII HVDC Transmission Limited,Adani Transmission Limited,Gujarat,2026-06,1.0,12.5,-11.5,20.0,-12.394736842105264,0.14151407044914194,MODERATE EARLY-WARNING SIGNAL,WORSENING,No thresholded rule warning,No thresholded rule warning,No thresholded rule warning
619027,WRNES Talegaon Power Transmission Limited,Adani Transmission Limited,Maharashtra,2026-06,5.0,40.625,-35.625,18.0,-39.725,0.1590182511049197,MODERATE EARLY-WARNING SIGNAL,WORSENING,Progress behind expected,No thresholded rule warning,No thresholded rule warning
619028,Augmentation of 1x500 MVA 400/220kV ICT [3rd] at Thrissur VSC HVDC Station in Kerala,Power Grid Corporation of India Limited [POWERGRID],Kerala,2026-06,1.5,41.666666666666664,-40.166666666666664,2.08,-40.465326710561776,0.0686501019302476,LOW EARLY-WARNING SIGNAL,STABLE,Progress behind expected,No thresholded rule warning,No thresholded rule warning
619029,Transmission System for Reliable Power Supply to Dholera,Power Grid Corporation of India Limited [POWERGRID],Gujarat,2026-06,31.0,100.0,-69.0,63.88,-80.0012522697389,0.2526172865870032,MODERATE EARLY-WARNING SIGNAL,WORSENING,Progress behind expected,Schedule pressure,No thresholded rule warning
619030,Inter-Regional Strengthening between SR Grid and ER Grid,Power Grid Corporation of India Limited [POWERGRID],"Multi-States (Andhra Pradesh, Odisha)",2026-06,1.77,13.333333333333334,-11.563333333333334,143.2,-8.07346189164371,0.09233818198391716,LOW EARLY-WARNING SIGNAL,STABLE,No thresholded rule warning,No thresholded rule warning,No thresholded rule warning
619031,Delhi Metro Rail Phase V A,Delhi Metro Rail Corporation Limited [DMRC],Delhi,2026-06,5.63,14.285714285714286,-8.655714285714286,253.96,-12.172007233393462,0.09949928511206388,LOW EARLY-WARNING SIGNAL,STABLE,No thresholded rule warning,No thresholded rule warning,No thresholded rule warning
619032,JAYANT EXPN. [20 TO 38 MTPA],NCL - CIL,Madhya Pradesh,2026-06,2.02,18.823529411764707,-16.803529411764707,256.7,-17.819244672198,0.12876402795098169,MODERATE EARLY-WARNING SIGNAL,STABLE,No thresholded rule warning,No thresholded rule warning,No thresholded rule warning
619033,"1000 seater Boys hostel, 500 seater Girls hostel, 1.5 MLD Sewage Treatment Plant and Faculty Residence - 72 nos. Flats",NIT Rourkela,Odisha,2026-06,47.0,100.0,-53.0,51.73,-74.00110569432577,0.1972237725673677,MODERATE EARLY-WARNING SIGNAL,STABLE,Progress behind expected,Schedule pressure,No thresholded rule warning
619038,Construction/upgradation to 2-lane with paved shoulder from Design Km 95.55 Bandarkoot to Km. 111.06 Chattroo of 15.52 Km length on Khellani-Kishtwar-Chattroo section on NH-244 in UT of Jammu and Kashmir on EPC Mode Pkg-5,NHIDCL,Jammu and Kashmir,2026-06,99.97,100.0,-0.030000000000001137,270.8,-45.52294353135247,0.198010251204594,MODERATE EARLY-WARNING SIGNAL,STABLE,No thresholded rule warning,No thresholded rule warning,No thresholded rule warning
619039,"Balance Works of Rehabilitation and Up gradation of NH-43 New NH-30 from Krn 162120 to Krn 173500 Length 11.380 Km. Keshkal Bypass 4-Lane with Paved shoulder in the State Of Chhattisgarh under NHDP-IV through Engineering, Procurement & Construction EPC Basis",MoRTH,Chhattisgarh,2026-06,0.0,0.0,0.0,0.0,0.0,0.19121902600394824,MODERATE EARLY-WARNING SIGNAL,,No thresholded rule warning,No thresholded rule warning,No thresholded rule warning
619042,"Construction of six lane Flyover at Katraj junction at Km, 3/880 of NH 548-DD Vadgaon - Katraj - Kondhwa - Mantarwadi Chowk - Loni Kalbhor - Theur Phata - Lonikand Road in Pune Dist of the State of Maharashtra. On Engineering Procurement and construction EPC Basis mode L.1.326 Km,",MoRTH,Maharashtra,2026-06,83.19,100.0,-16.810000000000002,0.0,-100.0,0.21591715433170966,MODERATE EARLY-WARNING SIGNAL,STABLE,Schedule pressure,No thresholded rule warning,No thresholded rule warning
619045,Construction of New Double Tier 4L Elevated Corridor from Chennai Port to Maduravoyal in Chennai District from km -0.342 to Km 20.593 and Package IV from Km 14.185 to Km 20.593,NHAI,Tamil Nadu,2026-06,8.58,100.0,-91.42,86.0,-92.86543885847021,0.16822623443554932,MODERATE EARLY-WARNING SIGNAL,WORSENING,Progress behind expected,Schedule pressure,No thresholded rule warning
619049,Khavda IVA Power Transmission Limited,Adani Transmission Limited,Gujarat,2026-06,60.0,91.66666666666667,-31.66666666666667,2332.7,-39.8288888888889,0.20313669832886996,MODERATE EARLY-WARNING SIGNAL,WORSENING,Progress behind expected,Schedule pressure,No thresholded rule warning
619051,"Nabinagar Super Thermal Power Project, Stage-II [3x800 MW]",National Thermal Power Corporation [NTPC],Bihar,2026-06,13.65,23.4375,-9.7875,3099.94,-13.086424802991852,0.13431624772156325,MODERATE EARLY-WARNING SIGNAL,STABLE,No thresholded rule warning,No thresholded rule warning,No thresholded rule warning
619052,LUCKNOW METRO RAIL PROJECT PHASE-1B EAST WEST CORRIDOR,Uttar Pradesh metro rail corporation [UPMRC],Uttar Pradesh,2026-06,1.5,1.694915254237288,-0.19491525423728806,0.0,-1.694915254237288,0.08188253497778258,LOW EARLY-WARNING SIGNAL,STABLE,No thresholded rule warning,No thresholded rule warning,No thresholded rule warning
619053,RPR FOR RAMPUR BATURA OCP,SECL - CIL,Madhya Pradesh,2026-06,0.3,22.413793103448278,-22.113793103448277,75.23,-17.725660193041907,0.11849633019383693,MODERATE EARLY-WARNING SIGNAL,STABLE,Progress behind expected,No thresholded rule warning,No thresholded rule warning
619054,Development of Keshod Airport.,Airport Authority of India [AAI],Gujarat,2026-06,41.5,61.111111111111114,-19.611111111111114,102.3,-32.937054377428936,0.13991306552750185,MODERATE EARLY-WARNING SIGNAL,STABLE,No thresholded rule warning,No thresholded rule warning,No thresholded rule warning
619055,SAONER-III EXPN UG MINE 1.54,WCL - CIL,Maharashtra,2026-06,0.0,12.658227848101266,-12.658227848101266,0.0,-12.658227848101266,0.12288441469011284,MODERATE EARLY-WARNING SIGNAL,STABLE,No thresholded rule warning,No thresholded rule warning,No thresholded rule warning
619056,"Darlipali Super Thermal Power Project, Stage-II [1x800 MW]",National Thermal Power Corporation [NTPC],Odisha,2026-06,2.45,11.290322580645162,-8.84032258064516,560.18,-6.257710955454255,0.12692682457194854,MODERATE EARLY-WARNING SIGNAL,STABLE,No thresholded rule warning,No thresholded rule warning,No thresholded rule warning
619057,Construction of 4-Lane Badarpur Bypass from Design Chainage km 27300 at crossing with NH-6 Old NH-44 Near Siddeswar Pt.-I Village to Design Chainage km 38600 on NH-37 Old NH-44 at Kandigram Chaita Village on Silchar - Churaibari stretch in the State of Assam on EPC Mode under Bharatmala Pariyojana in Economic Corridors Silchar- Churaibari Pkg-3,NHIDCL,Assam,2026-06,71.09,93.33333333333333,-22.243333333333325,318.82,-37.814927036533966,0.14612280792955673,MODERATE EARLY-WARNING SIGNAL,STABLE,Progress behind expected,Schedule pressure,No thresholded rule warning
619059,Construction of 2-Lane with hard shoulders of Merangkong-Tamlu-Mon Road on EPC Basis from existing road Km. 76.640 to Km 98.065 Design chainage Km. 63.800 to Km. 86.835 Design Length-23.035 Km in the state of Nagaland under SARDP-NE PKG-IV Balance work,NHIDCL,Nagaland,2026-06,79.03,100.0,-20.97,143.39,-55.741095129328976,0.2348946607087126,MODERATE EARLY-WARNING SIGNAL,STABLE,Progress behind expected,Schedule pressure,No thresholded rule warning
619060,"Construction of Balance Work of 4-Laning of the Section from Jhanji to Demow of NH- 37 Old from Km 514.800 to Km 534.800 20.000 Km, under SARDP- NE under EPC Mode in the state of Assam Pkg-III Road Works",NHIDCL,Assam,2026-06,72.0,100.0,-28.0,54.48,-84.19541063502655,0.27396911670325613,MODERATE EARLY-WARNING SIGNAL,WORSENING,Progress behind expected,Schedule pressure,No thresholded rule warning
619061,Construction of 4 lane with PS Idar-Badoli bypass section from design km 81/300 to km 95/500 of NH 168G in the State of Gujarat,MoRTH,Gujarat,2026-06,4.0,4.166666666666667,-0.16666666666666696,0.0,-4.166666666666667,0.08199103107320914,LOW EARLY-WARNING SIGNAL,IMPROVING,No thresholded rule warning,No thresholded rule warning,No thresholded rule warning
619063,4L Greenfield spur from Delhi-Vadodara Greenfield expressway near Bandikui to Jaipur,National Highways Authority of India [NHAI],Rajasthan,2026-04,100.0,100.0,0.0,1205.29,-26.333771353482263,0.1786903400807326,MODERATE EARLY-WARNING SIGNAL,,No thresholded rule warning,No thresholded rule warning,No thresholded rule warning
619064,Vadodara Mumbai Expressway Talsari to Karvad Phase IB - Pkg X [Km 103.400 to Km 128.000],NHAI,"Multi-States (Dadra & Nagar Haveli and Daman & Diu, Gujarat, Maharashtra)",2026-06,36.23,100.0,-63.77,1096.51,-42.58328358834187,0.3196193851037753,HIGH EARLY-WARNING SIGNAL,WORSENING,Progress behind expected,Schedule pressure,No thresholded rule warning
619065,4L Expressway from Km 26.400 to km 53.500 of Malur to Bangarpet section of Bangalore-Chennai Expressway Phase-I Package-II,NHAI,Karnataka,2026-06,99.8,100.0,-0.20000000000000284,1103.13,-36.78338108882521,0.2308523257785189,MODERATE EARLY-WARNING SIGNAL,,No thresholded rule warning,No thresholded rule warning,No thresholded rule warning
619066,Delhi-Amritsar-Katra Expressway Phase-II Pkg-XIV from Junction with Pathankot- Gurdaspur road NH-54 near Balsua to Junction with Hiranagar Road near village Gurha Baildaran km 423500 to km 468100,NHAI,"Multi-States (Jammu and Kashmir, Punjab)",2026-06,83.6,100.0,-16.400000000000006,1773.85,-41.726729784955424,0.29554052291631844,MODERATE EARLY-WARNING SIGNAL,WORSENING,Schedule pressure,No thresholded rule warning,No thresholded rule warning
619067,6L of Chiloda-Naroda section from Km. 540.595 to Km. 555.595 of NH-8Package-VII,National Highways Authority of India [NHAI],Gujarat,2026-04,100.0,100.0,0.0,103.23,-71.05159842961301,0.16182842922655188,MODERATE EARLY-WARNING SIGNAL,,Long implementation duration,No thresholded rule warning,No thresholded rule warning
619068,Construction of Greenfield Connectivity to Jewar International Airport from DND- Faridabad-Ballabhgarh Bypass KMP Link - Spur to Delhi Mumbai Expressway,NHAI,"Multi-States (Haryana, Uttar Pradesh)",2026-06,74.08,100.0,-25.92,1756.53,-39.85907439680349,0.24222715299263972,MODERATE EARLY-WARNING SIGNAL,STABLE,Progress behind expected,Schedule pressure,No thresholded rule warning
619069,Satara Km 725.000 to Pune Km 865.350 of NH - 4 New NH - 48 in Maharashtra,NHAI,Maharashtra,2026-06,99.05,100.0,-0.9500000000000028,384.55,6.31151166648236,0.3646856207264579,HIGH EARLY-WARNING SIGNAL,WORSENING,Long implementation duration,No thresholded rule warning,No thresholded rule warning
619071,Tumkur - Nelamangala 6L,NHAI,Karnataka,2026-06,61.16,100.0,-38.84,1069.89,-47.35181950151317,0.34247519079245875,HIGH EARLY-WARNING SIGNAL,WORSENING,Progress behind expected,Schedule pressure,No thresholded rule warning
619072,Bangalore/TN border to Hoskote,NHAI,Karnataka,2026-06,94.89,100.0,-5.109999999999999,1150.16,-2.6673888023830443,0.3056283970974702,HIGH EARLY-WARNING SIGNAL,WORSENING,No thresholded rule warning,No thresholded rule warning,No thresholded rule warning
619073,4L of 42.000 to km 80.00 of Dodaballapur Bypass to Hoskote section of NH-648 Old NH-207 [Bangalore Ring Road Pkg 2],NHAI,Karnataka,2026-06,99.2,100.0,-0.7999999999999972,1304.65,-0.9933674321186174,0.3931186897794538,HIGH EARLY-WARNING SIGNAL,WORSENING,Long implementation duration,No thresholded rule warning,No thresholded rule warning
619074,6-laning of Krishnagiri Km.0.000 to Walajahpet Km.148.300 section on NH-46 under NHDP-V,NHAI,Tamil Nadu,2026-06,99.99,100.0,-0.010000000000005116,701.37,-58.08136650788623,0.23103912681337757,MODERATE EARLY-WARNING SIGNAL,WORSENING,Long implementation duration,No thresholded rule warning,No thresholded rule warning
619075,6L of Bhubaneswar - Jagatpur - Chandikhole Section of NH-16,National Highways Authority of India [NHAI],Odisha,2026-04,97.48,100.0,-2.519999999999996,52.23,-91.83012670107931,0.16896707027853258,MODERATE EARLY-WARNING SIGNAL,,Long implementation duration,No thresholded rule warning,No thresholded rule warning
619076,Six Laning of Vijayawada Bypass from Chinna Avutapalli to Gollapudi in Vijayawada - Gundugolanu Section from km. 0.00 to km. 30.00 Pkg-III,NHAI,Andhra Pradesh,2026-06,98.2,100.0,-1.7999999999999972,1024.75,-35.19326604437025,0.23659391623880888,MODERATE EARLY-WARNING SIGNAL,WORSENING,Long implementation duration,No thresholded rule warning,No thresholded rule warning
619077,6 laning of Balance Work of Chennai - Tada from km. 21.40 to km. 54.40,NHAI,"Multi-States (Andhra Pradesh, Tamil Nadu)",2026-06,100.0,100.0,0.0,389.75,-16.114243898239422,0.2840887737209865,MODERATE EARLY-WARNING SIGNAL,WORSENING,Long implementation duration,No thresholded rule warning,No thresholded rule warning
619078,Six Laning of Bihar - Jharkhand Border Chordaha - Gorhar section of NH-2 from km 249.525 to km 320.810,NHAI,"Multi-States (Bihar, Jharkhand)",2026-06,78.0,100.0,-22.0,1273.56,-28.157048569978002,0.3595533677395051,HIGH EARLY-WARNING SIGNAL,WORSENING,Progress behind expected,Long implementation duration,Schedule pressure
619080,4L PS of Ambala Ring Road of New NH-44,NHAI,Haryana,2026-06,88.77,100.0,-11.230000000000004,590.67,-45.97612841267664,0.21249903349859955,MODERATE EARLY-WARNING SIGNAL,WORSENING,Schedule pressure,No thresholded rule warning,No thresholded rule warning
619083,Thumbipadi-Namakkal from km. 180.00 to km. 248.625 Package No. NS-2/BOT/TN- 02,National Highways Authority of India [NHAI],Tamil Nadu,2026-04,100.0,100.0,0.0,206.64,-19.132782843501744,0.18713573985456422,MODERATE EARLY-WARNING SIGNAL,,Long implementation duration,No thresholded rule warning,No thresholded rule warning
619084,Start of Karur Bypass - Dindigul from km. 292.600 to km. 305.600 Contract Package No. NS2/BOT/TN-4,National Highways Authority of India [NHAI],Tamil Nadu,2026-04,100.0,100.0,0.0,42.28,-90.8393638687871,0.1847275842425648,MODERATE EARLY-WARNING SIGNAL,,Long implementation duration,No thresholded rule warning,No thresholded rule warning
619086,Chengapalli km 102.035 to Neelambur Km144.680 and Madukkarai Km 170.880 to Walayar K183.010 Package No. NS-2/BOT/TN-08,NHAI,Tamil Nadu,2026-06,100.0,100.0,0.0,6.93,-99.18661971830986,0.1895796486387198,MODERATE EARLY-WARNING SIGNAL,WORSENING,Long implementation duration,No thresholded rule warning,No thresholded rule warning
619087,Widening to 6L of Existing 4L Jetpur - Gondal - Rajkot Section from Km. 117.600 to Km. 185.00 on NH-27,NHAI,Gujarat,2026-06,73.08,100.0,-26.92,1048.83,-49.34265180348139,0.2757837287621912,MODERATE EARLY-WARNING SIGNAL,WORSENING,Progress behind expected,Schedule pressure,No thresholded rule warning
619089,Balance work of 4L of NarimbangloJatinga Junction- Harangajoroad section from Km 0.000 to Km 49.230 of NH-27,NHAI,Assam,2026-06,94.59,100.0,-5.409999999999997,1386.87,-27.388244903087994,0.22128774267928572,MODERATE EARLY-WARNING SIGNAL,STABLE,No thresholded rule warning,No thresholded rule warning,No thresholded rule warning
619090,8L of Dwarka Expressway Pkg-II RuB near Dwarka Sector 21-DL/HR Border from 5.300 Km.to 9.500 Km. of NH-248BB,NHAI,Delhi,2026-06,100.0,100.0,0.0,2341.79,13.257434697026113,0.37711879882756755,HIGH EARLY-WARNING SIGNAL,WORSENING,Long implementation duration,No thresholded rule warning,No thresholded rule warning
619092,4L of Jind-Gohana road Package-1 from km. 0.00 to km. 40.601 of NH-352 A under NHO,NHAI,Haryana,2026-06,99.97,100.0,-0.030000000000001137,1064.47,7.065840558427709,0.3453647353534187,HIGH EARLY-WARNING SIGNAL,WORSENING,Long implementation duration,No thresholded rule warning,No thresholded rule warning
619093,4L Ismailabad to Ambala Section of NH-152 Lot-4/Package-1,NHAI,"Multi-States (Haryana, Punjab)",2026-06,75.05,100.0,-24.950000000000003,203.25,-66.64314317599948,0.1997237279666965,MODERATE EARLY-WARNING SIGNAL,STABLE,Progress behind expected,Schedule pressure,No thresholded rule warning
619094,Thorapalli - Agraharam - Jittandahalli Section from km 23.350 to km 60.100 [Hosur to Dhamrapuri Pkg-2],NHAI,Tamil Nadu,2026-06,77.57,100.0,-22.430000000000007,827.88,-33.42714925577168,0.318106512093809,HIGH EARLY-WARNING SIGNAL,WORSENING,Progress behind expected,Schedule pressure,No thresholded rule warning
619095,Balance works of 4L Panvel Indapur section of NH66 old NH17 from km 42.300 kasu to km 84.600 Indapur,NHAI,Maharashtra,2026-06,81.63,100.0,-18.370000000000005,420.7,-23.010760559256283,0.14550405701591185,MODERATE EARLY-WARNING SIGNAL,STABLE,Schedule pressure,No thresholded rule warning,No thresholded rule warning
619096,Goa / Karnataka Km.93.700 to Kundapur Km.283.30,NHAI,Karnataka,2026-06,97.94,100.0,-2.0600000000000023,1848.87,12.39877927194027,0.4010449586827578,HIGH EARLY-WARNING SIGNAL,WORSENING,Long implementation duration,No thresholded rule warning,No thresholded rule warning
619097,Thalassery Mahe Bypass Km 170.600 to Km 189.200 of NH-17New NH-66 in Kerala,NHAI,"Multi-States (Kerala, Puducherry)",2026-06,100.0,100.0,0.0,1534.73,29.938532917908447,0.3526950037194873,HIGH EARLY-WARNING SIGNAL,WORSENING,Expenditure ahead of progress,Long implementation duration,No thresholded rule warning
619098,Kozhikode Bypass Calicut Bypass Vengalam Jn. to Ramanattukara Jn.,NHAI,Kerala,2026-06,98.75,100.0,-1.25,1064.53,-25.28408093937969,0.28772706141823545,MODERATE EARLY-WARNING SIGNAL,WORSENING,Long implementation duration,No thresholded rule warning,No thresholded rule warning
619099,6L Amritsar-Bathinda Greenfield section from Jn. with Moga Jalandhar road NH-703 near Dharamkot to Jn. with Bhagta Bhai Ka-Bhadaur Road near Dyalpura Bhai Ka from km 39.000 to km 93.000 of NH-754A Pkg-2,NHAI,Punjab,2026-06,64.6,100.0,-35.400000000000006,1268.39,-29.587480639735304,0.2806545483972224,MODERATE EARLY-WARNING SIGNAL,WORSENING,Progress behind expected,Schedule pressure,No thresholded rule warning
619100,Dhangaon - Borgaon section km 81.000 to km 139.000 [Indore - Edlabad Pkg IV],NHAI,Madhya Pradesh,2026-06,99.8,100.0,-0.20000000000000284,746.36,-13.815242494226325,0.3301355985787891,HIGH EARLY-WARNING SIGNAL,WORSENING,No thresholded rule warning,No thresholded rule warning,No thresholded rule warning
619101,4L Shahpur to Muktainagar from Km. 186.000 to km 216.278 of NH 753L Pkg II of Boregaon Buzurg to Muktainagar,NHAI,"Multi-States (Madhya Pradesh, Maharashtra)",2026-06,64.0,100.0,-36.0,330.42,-57.87339835532607,0.14947976201945423,MODERATE EARLY-WARNING SIGNAL,STABLE,Progress behind expected,Schedule pressure,No thresholded rule warning
619102,4 L of China Orampadu-Renigunta section of NH-716 Package-II of Kadapa- Renigunta section,NHAI,Andhra Pradesh,2026-06,0.0,12.5,-12.5,120.46,-4.469922205704915,0.12438480066295701,MODERATE EARLY-WARNING SIGNAL,WORSENING,No thresholded rule warning,No thresholded rule warning,No thresholded rule warning
619103,4/6 Laning of Raipur-Simga Pkg-I from km. 0.00 to km. 48.58,NHAI,Chhattisgarh,2026-06,100.0,100.0,0.0,905.25,-17.443366286068652,0.25171333548349484,MODERATE EARLY-WARNING SIGNAL,WORSENING,Long implementation duration,No thresholded rule warning,No thresholded rule warning
619104,4L/2L PS of Govindpur Raiganj - Chas - WB border section of from km. 0.00 to km. 56.889 of Old NH-32,National Highways Authority of India [NHAI],"Multi-States (Jharkhand, West Bengal)",2026-04,99.84,100.0,-0.1599999999999966,6.64,-99.41736498047646,0.18359286339343375,MODERATE EARLY-WARNING SIGNAL,,Long implementation duration,No thresholded rule warning,No thresholded rule warning
619105,6L Access Controlled Ludhiana-Bathinda Greenfield highway from Jn. with Moga- Barnala Road NH-703 near village Tallewal to Jn. with Delhi-Katra Expressway NE-5 near Ludhiana village Ballowal from Km 30.300 to Km 75.543 of NH-754AD Pkg-2,NHAI,Punjab,2026-06,23.56,37.5,-13.940000000000001,698.87,7.439651347475774,0.23459303627780018,MODERATE EARLY-WARNING SIGNAL,WORSENING,No thresholded rule warning,No thresholded rule warning,No thresholded rule warning
619106,4 Lane with PS from Des. Ch 182.300 to Des. Ch. 228.500 of Belgaum-Hungund- Raichur Section of NH 748 A Package-5,NHAI,Karnataka,2026-06,37.9,79.16666666666667,-41.26666666666667,254.24,-56.90163006036829,0.17499341962880846,MODERATE EARLY-WARNING SIGNAL,WORSENING,Progress behind expected,No thresholded rule warning,No thresholded rule warning
619107,4 Lane with PS from Des. Ch 136.100 to Des. Ch. 182.300 of Belgaum-Hungund- Raichur Section of NH-748A Package-4,NHAI,Karnataka,2026-06,13.18,37.5,-24.32,227.3,-20.167510542088287,0.1244734458871581,MODERATE EARLY-WARNING SIGNAL,WORSENING,Progress behind expected,No thresholded rule warning,No thresholded rule warning
619108,4 Lane with PS from Des. Ch 0.000 to Des. Ch. 43.800 of Belgaum-Hungund-Raichur Section of NH-748A Package-1,NHAI,Karnataka,2026-06,38.45,50.0,-11.549999999999997,490.31,-16.242090840866688,0.1849298838577103,MODERATE EARLY-WARNING SIGNAL,WORSENING,No thresholded rule warning,No thresholded rule warning,No thresholded rule warning
619109,6L of Badakumari - Karki Section from Km 179.000 to km 226.500 of NH-130-CD Package OD-3,NHAI,Odisha,2026-06,99.7,100.0,-0.29999999999999716,713.4,-35.24905605576532,0.20556296739798438,MODERATE EARLY-WARNING SIGNAL,WORSENING,No thresholded rule warning,No thresholded rule warning,No thresholded rule warning
619111,6L Jakkuva Korlam Section of NH-130CD Road from km 396.800 to km 421.100 Pkg 2,NHAI,Andhra Pradesh,2026-06,99.5,100.0,-0.5,573.89,-31.721216880227473,0.15246849939375284,MODERATE EARLY-WARNING SIGNAL,WORSENING,No thresholded rule warning,No thresholded rule warning,No thresholded rule warning
619112,6L Kantakapalle Sabbavaram Section of NH-130CD Road from Km 445.100 to Km 464.662 Pkg-4,NHAI,Andhra Pradesh,2026-06,84.0,100.0,-16.0,702.32,-30.639856997540917,0.19861979539795635,MODERATE EARLY-WARNING SIGNAL,WORSENING,Schedule pressure,No thresholded rule warning,No thresholded rule warning
619114,Indore - Harda Pkg-II [Raghavgarh to Nanasa from km. 29.30 to km. 92.30],NHAI,Madhya Pradesh,2026-06,40.25,100.0,-59.75,369.26,-65.85699623674307,0.1571092323896696,MODERATE EARLY-WARNING SIGNAL,STABLE,Progress behind expected,Schedule pressure,No thresholded rule warning
619117,Hassan km 184.912 to Maranahally km 230.060 of NH - 75 in Karnataka,NHAI,Karnataka,2026-06,97.8,100.0,-2.200000000000003,1068.77,4.620339281693859,0.36305049575369647,HIGH EARLY-WARNING SIGNAL,WORSENING,Long implementation duration,No thresholded rule warning,No thresholded rule warning
619118,Four Laning of Angul to Sambalpur from Km.112.000 to Km.265.000,NHAI,Odisha,2026-06,99.98,100.0,-0.01999999999999602,2459.45,-2.0155057289923803,0.35902707652875077,HIGH EARLY-WARNING SIGNAL,WORSENING,Long implementation duration,No thresholded rule warning,No thresholded rule warning
619119,Cuttack-Angul Section of NH-42 New NH-55 from km 0.400 to km 60.200 Pkg-I in the State of Odisha,NHAI,Odisha,2026-06,99.0,100.0,-1.0,1128.44,12.9207861345715,0.3334167795495342,HIGH EARLY-WARNING SIGNAL,WORSENING,Long implementation duration,No thresholded rule warning,No thresholded rule warning
619120,Nidagatta-Mysore Pkg II,NHAI,Karnataka,2026-06,99.19,100.0,-0.8100000000000023,3713.89,27.1967258031372,0.3300930259735342,HIGH EARLY-WARNING SIGNAL,WORSENING,Expenditure ahead of progress,Long implementation duration,No thresholded rule warning
619121,4L of Hubli - Hospet Section of NH-63 from Km 128.850 to Km 272.571,National Highways Authority of India [NHAI],Karnataka,2026-04,99.65,100.0,-0.3499999999999943,1360.9,-46.25176244771898,0.20961403450919425,MODERATE EARLY-WARNING SIGNAL,,Long implementation duration,No thresholded rule warning,No thresholded rule warning
619122,Akshardham - DL/UP Border Pkg-01,National Highways Authority of India [NHAI],"Multi-States (Delhi, Uttar Pradesh)",2026-04,100.0,100.0,0.0,1343.18,-9.196738821811493,0.21084873808915477,MODERATE EARLY-WARNING SIGNAL,,No thresholded rule warning,No thresholded rule warning,No thresholded rule warning
619123,6L Access Controlled Greenfield Highway from Narayanmpet Ch. 203500 to Chandrasekharpuram Ch. 228000Package-10,NHAI,Andhra Pradesh,2026-06,66.12,100.0,-33.879999999999995,223.05,-72.58682987980237,0.14331197372442686,MODERATE EARLY-WARNING SIGNAL,WORSENING,Progress behind expected,Schedule pressure,No thresholded rule warning
619124,6L Access Controlled Greenfield Highway from Polavaram Ch. 260000 to Marripudi Ch. 285500 of [NH-544G]Package-12,NHAI,Andhra Pradesh,2026-06,70.2,100.0,-29.799999999999997,242.62,-67.53335385191826,0.1448230526189408,MODERATE EARLY-WARNING SIGNAL,STABLE,Progress behind expected,Schedule pressure,No thresholded rule warning
619125,6L Access Controlled Greenfield Highway from Somavarappadu Ch.314.600 to Muppavaram Ch.343240 of [NH-544G] Package-14,NHAI,Andhra Pradesh,2026-06,44.56,100.0,-55.44,259.07,-76.53138871274572,0.1853243692066283,MODERATE EARLY-WARNING SIGNAL,WORSENING,Progress behind expected,Schedule pressure,No thresholded rule warning
619126,6L Access Controlled Greenfield Highway from Marripudi Ch. 285500 to Somavarappadu Ch. 314600 of [NH-544G] Package-13,NHAI,Andhra Pradesh,2026-06,73.0,100.0,-27.0,370.82,-62.022101371350146,0.1762608556331616,MODERATE EARLY-WARNING SIGNAL,STABLE,Progress behind expected,Schedule pressure,No thresholded rule warning
619127,4L of Greenfield Alignment from Km. 47.000 to Km. 89.210 of Balbhadarpur to Bela Nawda Section of NH-119D,NHAI,Bihar,2026-06,29.13,100.0,-70.87,717.01,-67.19615692554044,0.2179062619281537,MODERATE EARLY-WARNING SIGNAL,STABLE,Progress behind expected,Schedule pressure,No thresholded rule warning
619128,Khammam-Devarapalle Pkg II [4L Access Controlled Greenfield from Somavaram village to Chintagudem village Design Chainage 33604 to 63117],NHAI,Telangana,2026-06,98.02,100.0,-1.980000000000004,524.03,-14.89980187729384,0.3052338362825516,HIGH EARLY-WARNING SIGNAL,WORSENING,No thresholded rule warning,No thresholded rule warning,No thresholded rule warning
619129,Mahabalipuram - Pondicherry Pkg-I [Mamallapuram to Mugaiyur],NHAI,Tamil Nadu,2026-06,58.65,100.0,-41.35,897.36,-34.04383553589015,0.2760317832215466,MODERATE EARLY-WARNING SIGNAL,WORSENING,Progress behind expected,Schedule pressure,No thresholded rule warning
619130,Mahabalipuram - Pondicherry Pkg-II [Mugaiyur to Marakkanam],NHAI,Tamil Nadu,2026-06,53.41,100.0,-46.59,771.85,-30.845869208783924,0.24841244359485828,MODERATE EARLY-WARNING SIGNAL,STABLE,Progress behind expected,Schedule pressure,No thresholded rule warning
619131,Four Laning of Chettikulam to Natham section of NH-785,NHAI,Tamil Nadu,2026-06,99.75,100.0,-0.25,641.93,-23.36170771600149,0.24364581427335086,MODERATE EARLY-WARNING SIGNAL,WORSENING,Long implementation duration,No thresholded rule warning,No thresholded rule warning
619132,4/6L of Gurgaon - Pataudi - Rewari from km. 0.00 to km.43.87 of NH-352W,NHAI,Haryana,2026-06,76.98,100.0,-23.019999999999996,1267.19,-29.991049921548694,0.3556864254397951,HIGH EARLY-WARNING SIGNAL,WORSENING,Progress behind expected,Schedule pressure,No thresholded rule warning
619134,6L of Ambala-Chandigarh greenfield section from Km. 0.000 to Km. 25.000 with 4L spur to Lalru from Km. 0.000 to Km. 5.828 & spur to PR-7 road from Km. 0.000 to Km. 11.157,NHAI,"Multi-States (Haryana, Punjab)",2026-06,85.5,100.0,-14.5,1258.95,-23.312378933518517,0.24119043197090312,MODERATE EARLY-WARNING SIGNAL,WORSENING,Schedule pressure,No thresholded rule warning,No thresholded rule warning
619136,Rehabilitation and Upgradation of Chorma - Bairgania Section of National Highway No 227F to 2 lane with paved shoulders from Design Ch.0.000 to Ch. 34.566,NHAI,Bihar,2026-06,100.0,100.0,0.0,336.7,-44.87376796882674,0.14869525821494287,MODERATE EARLY-WARNING SIGNAL,STABLE,No thresholded rule warning,No thresholded rule warning,No thresholded rule warning
619138,Yekkambi-Haveri,NHAI,Karnataka,2026-06,24.7,100.0,-75.3,94.8,-69.40948693126815,0.22849520262997905,MODERATE EARLY-WARNING SIGNAL,STABLE,Progress behind expected,Schedule pressure,No thresholded rule warning
619139,Construction of New Double Tier 4L Elevated Corridor from Chennai Port to Maduravoyal in Chennai District from km -0.342 to Km 20.593 and Package III from Km 9.700 to Km 14.185,NHAI,Tamil Nadu,2026-06,17.24,100.0,-82.76,189.12,-85.44514222386405,0.18011112068680052,MODERATE EARLY-WARNING SIGNAL,WORSENING,Progress behind expected,Schedule pressure,No thresholded rule warning
619140,6L of Naidupeta Junction - Turpukanupur Section from km 57.046 to km 91.927,NHAI,Andhra Pradesh,2026-06,48.9,100.0,-51.1,374.07,-73.25855709016042,0.19136950061641322,MODERATE EARLY-WARNING SIGNAL,STABLE,Progress behind expected,Schedule pressure,No thresholded rule warning
619141,Construction of four lane access controlled highway from Chillakuru cross road to Turpu KanupurPart 1 of Package - II km 0.000 131.500 of NH - 16 to km 23.770 on New NH-516W including sixlane flyover and approaches on NH-16 length km 1.050 and six lane access controlled from TurpuKanupur to Port South Gate Part 2 of Package - II km 23.770 to km 35.015 on New NH-516W inthe state of Andhra Pradesh on HAM Mode under Bharatmala Pariyojana Phase I,NHAI,Andhra Pradesh,2026-06,54.11,100.0,-45.89,358.97,-58.46216153668133,0.1901378613960175,MODERATE EARLY-WARNING SIGNAL,WORSENING,Progress behind expected,Schedule pressure,No thresholded rule warning
619142,Construction of 4-lane connectivity to Banbasa ICP at India Nepal border from NH-09 old NH-125 Sitarganj-Tanakpur at Km 40.00 near Jagbuda bridge under Bharatmala Priyojana of NH-109D on EPC mode in the State of Uttarakhand,NHAI,Uttarakhand,2026-06,75.24,100.0,-24.760000000000005,213.92,-1.4057242936811605,0.22209911807676155,MODERATE EARLY-WARNING SIGNAL,WORSENING,Progress behind expected,Schedule pressure,No thresholded rule warning
619143,4L Access Controlled Greenfield Highway section on NH-163G Khammam Vijayawada from BrahmanapalliK village at Design Ch. 250.400 Km to Remidicherla village at Design Ch. 280.200 KmPackage-II,NHAI,"Multi-States (Andhra Pradesh, Telangana)",2026-06,23.73,62.5,-38.769999999999996,165.28,-42.49055701504824,0.1486637980121168,MODERATE EARLY-WARNING SIGNAL,WORSENING,Progress behind expected,No thresholded rule warning,No thresholded rule warning
619144,Hospet - Chitradurga from km. 299.00 to km. 418.750,National Highways Authority of India [NHAI],Karnataka,2026-04,100.0,100.0,0.0,36.36,-97.60745400468507,0.1335369808390093,MODERATE EARLY-WARNING SIGNAL,,Long implementation duration,No thresholded rule warning,No thresholded rule warning
619145,Four Laning of Una to Kodinar from km. 180.478 to km. 221.610 Package-V,NHAI,Gujarat,2026-06,100.0,100.0,0.0,1008.77,14.932039056180287,0.3285680405303274,HIGH EARLY-WARNING SIGNAL,WORSENING,Long implementation duration,No thresholded rule warning,No thresholded rule warning
619146,Kagvadar - Una Package-IV,National Highways Authority of India [NHAI],Gujarat,2026-05,97.93,100.0,-2.069999999999993,363.42,-51.57821805923814,0.10477138886830209,MODERATE EARLY-WARNING SIGNAL,IMPROVING,Long implementation duration,No thresholded rule warning,No thresholded rule warning
619147,4L of Bal Works of Mahuva to Kagvadar from 100.450 Km. to 140.470 Km. of NH-8E Pkg- III,National Highways Authority of India [NHAI],Gujarat,2026-04,99.71,100.0,-0.29000000000000625,624.41,3.536844199774478,0.19133217824282545,MODERATE EARLY-WARNING SIGNAL,,Long implementation duration,No thresholded rule warning,No thresholded rule warning
619148,4L of Bhavnagar - Talaja Package-I from Km. 6.945 to Km. 54.990 of Old NH-8E,National Highways Authority of India [NHAI],Gujarat,2026-04,100.0,100.0,0.0,53.18,-95.51473440952718,0.1440391187182237,MODERATE EARLY-WARNING SIGNAL,,Long implementation duration,No thresholded rule warning,No thresholded rule warning
619149,4L of Ratnagiri - Kolhapur section of NH-166 from km 0.000 to km 19.769 and km 31.000 to km 67.140 Pkg I,NHAI,Maharashtra,2026-06,93.75,100.0,-6.25,1427.82,-19.515453515442246,0.24132794076850356,MODERATE EARLY-WARNING SIGNAL,WORSENING,No thresholded rule warning,No thresholded rule warning,No thresholded rule warning
619150,BRT Tiger Reserve Boundary Km.287.500 to Bangalore Section Km.458.420 of NH- 209 in Karnataka,NHAI,Karnataka,2026-06,99.7,100.0,-0.29999999999999716,2242.71,7.68333261311092,0.32333925288064447,HIGH EARLY-WARNING SIGNAL,WORSENING,Long implementation duration,No thresholded rule warning,No thresholded rule warning
619152,Bakhtiyarpur Km 153.300 to Mokama Km 197.900,NHAI,Bihar,2026-06,99.95,100.0,-0.04999999999999716,1797.43,51.94599895176424,0.3150407132464076,HIGH EARLY-WARNING SIGNAL,WORSENING,Expenditure ahead of progress,Long implementation duration,No thresholded rule warning
619153,4L of HP/Punjab Border - Mo from km. 11.00 to km. 42.00 of Old NH-20 New NH-154 Package-IA,NHAI,Himachal Pradesh,2026-06,67.66,100.0,-32.34,819.71,-18.20159463531948,0.34683618671543665,HIGH EARLY-WARNING SIGNAL,WORSENING,Progress behind expected,Schedule pressure,No thresholded rule warning
619154,Construction of Four Lane Highway from Ghazipur- Ballia-UP/Bihar State Border Greenfield section of NH-31 Package III [from Pindari km 78.150 to Rawalganj Bypass Km 117.120] on EPC Mode in the state of Uttar Pradesh.,NHAI,"Multi-States (Bihar, Uttar Pradesh)",2026-06,83.0,100.0,-17.0,1042.03,-30.22899229996652,0.26359509775816165,MODERATE EARLY-WARNING SIGNAL,IMPROVING,Schedule pressure,No thresholded rule warning,No thresholded rule warning
619155,Upgradation and 4L of Haridwar Bypass from Km 0.000 Km 188.100 of NH-58 to Km. 15.100 Km 5.100 of NH 74 PKg-1,NHAI,Uttarakhand,2026-06,79.75,100.0,-20.25,770.27,-51.94492448015772,0.2593738182154625,MODERATE EARLY-WARNING SIGNAL,WORSENING,Progress behind expected,Schedule pressure,No thresholded rule warning
619156,4 Laning of Paramakudi to Ramanathapuram Section of NH-87 Old NH-49,NHAI,Tamil Nadu,2026-06,0.0,4.166666666666667,-4.166666666666667,159.26,4.427302553476223,0.11751849841389432,MODERATE EARLY-WARNING SIGNAL,STABLE,No thresholded rule warning,No thresholded rule warning,No thresholded rule warning
619157,4 Laning of Talcher to end of Kamakhyanagar Bypass km 8.844 - km 15.725 of NH- 149 and km 301.875 - km 335.946 of NH-53 Pkg-I,NHAI,Odisha,2026-06,99.0,100.0,-1.0,713.62,-10.256797203148963,0.3173847270421799,HIGH EARLY-WARNING SIGNAL,WORSENING,Long implementation duration,No thresholded rule warning,No thresholded rule warning
619158,4 Laning of Duburi Chandikhole from km 388.376 to km 428.074 Pkg-III,NHAI,Odisha,2026-06,86.0,100.0,-14.0,724.86,-8.129277566539926,0.35201500270419955,HIGH EARLY-WARNING SIGNAL,WORSENING,Long implementation duration,Schedule pressure,No thresholded rule warning
619160,Balance works in AP Portion and punch list items in TN & AP portion of NH-205,NHAI,Andhra Pradesh,2026-06,100.0,100.0,0.0,98.52,-40.83593562334855,0.10213210157544453,MODERATE EARLY-WARNING SIGNAL,STABLE,No thresholded rule warning,No thresholded rule warning,No thresholded rule warning
619161,Access Controlled Highway of 4 Lane with Paved Shoulders from Tiruvallur Design Chainage Km 1756 to TN/AP Broder Design Chainage Km 6151 of NH-716 Chennai- Tirupati Package-1,NHAI,Tamil Nadu,2026-06,40.8,75.0,-34.2,180.68,-61.87014025143522,0.18201913854883228,MODERATE EARLY-WARNING SIGNAL,WORSENING,Progress behind expected,No thresholded rule warning,No thresholded rule warning
619162,4L of Najibabad Bypass from Km. 105.423 to Km. 118.373 excluding 2.45 Km. of NH- 74 Bypass of NH-119,NHAI,Uttar Pradesh,2026-06,100.0,100.0,0.0,440.68,-23.760423514757278,0.14654257339798843,MODERATE EARLY-WARNING SIGNAL,WORSENING,No thresholded rule warning,No thresholded rule warning,No thresholded rule warning
619163,4L of Baramati to Indapur Pkg-II from km. 41.400 to km. 84.550 of NH-965G Saint Tukaram Marg,NHAI,Maharashtra,2026-06,86.2,100.0,-13.799999999999997,1071.0,-27.20822118913628,0.2983815435311026,MODERATE EARLY-WARNING SIGNAL,WORSENING,Schedule pressure,No thresholded rule warning,No thresholded rule warning
619164,Belgaum-Khanapur Pkg I Km 0.000-Km 30.800 of NH-4A,NHAI,Karnataka,2026-06,75.63,100.0,-24.370000000000005,917.82,-24.415712756320517,0.3030461524987183,HIGH EARLY-WARNING SIGNAL,WORSENING,Progress behind expected,Long implementation duration,Schedule pressure
619165,Thanamcherla-Jamandlapally 2LPS,NHAI,Telangana,2026-06,100.0,100.0,0.0,8.3,-95.31549836324642,0.20011277455470605,MODERATE EARLY-WARNING SIGNAL,STABLE,Long implementation duration,No thresholded rule warning,No thresholded rule warning
619166,Umagaon-Saharsa Package-V Bakaur-Parsarma-Bangaon-Bariyahi & Spur to Mahishi,NHAI,Bihar,2026-06,99.5,100.0,-0.5,503.02,-34.53243964339168,0.17715482457795861,MODERATE EARLY-WARNING SIGNAL,STABLE,No thresholded rule warning,No thresholded rule warning,No thresholded rule warning
619167,4 Laning with PS of Pathrapalli-Katghora km 53.3 to km 92.6 Pkg-II of Bilaspur Kathghora,NHAI,Chhattisgarh,2026-06,93.1,100.0,-6.900000000000006,851.38,-1.5859438215235286,0.35414416480444205,HIGH EARLY-WARNING SIGNAL,WORSENING,Long implementation duration,No thresholded rule warning,No thresholded rule warning
619168,6L access controlled Greenfield highway of Junction of EPE Vill.-Mavikalan to Vill.- Lohadda from Km. 0.000 to Km. 27.000 Pkg-1,NHAI,Uttar Pradesh,2026-06,99.29,100.0,-0.7099999999999937,1419.77,-11.401702361339929,0.31286228449184494,HIGH EARLY-WARNING SIGNAL,WORSENING,No thresholded rule warning,No thresholded rule warning,No thresholded rule warning
619171,RPR FOR DURGAPUR OCP 10 MTY,SECL - CIL,Chhattisgarh,2026-06,0.01,11.538461538461538,-11.528461538461539,2.35,-11.441189703004092,0.12078981858334596,MODERATE EARLY-WARNING SIGNAL,STABLE,No thresholded rule warning,No thresholded rule warning,No thresholded rule warning
619172,MADANNAGAR OCP 12 MTY - MDO,SECL - CIL,Chhattisgarh,2026-06,0.0,18.181818181818183,-18.181818181818183,0.45,-18.15761409294077,0.12043227049060552,MODERATE EARLY-WARNING SIGNAL,STABLE,No thresholded rule warning,No thresholded rule warning,No thresholded rule warning
619181,Rehabilitation and Up gradation from 4 to 8 laning of Chandikhole Paradip Section of NH-53 Old NH 5A from Km.60.000 to Km.76.646 Package-4,NHAI,Odisha,2026-06,33.02,82.6086956521739,-49.588695652173904,196.63,-60.326413369891625,0.1785239344210311,MODERATE EARLY-WARNING SIGNAL,WORSENING,Progress behind expected,Schedule pressure,No thresholded rule warning
619183,Widening of Existing Road from Intermediate Lane 2-lane to 4-lane Between Km 19.994 to Km 35.180 of NH-848A Rakholi-Khadoli-Velugam Section in U.T. of Dadra and Nagar Haveli and Daman and Diu,MoRTH,Dadra & Nagar Haveli and Daman & Diu,2026-06,80.0,100.0,-20.0,75.95,-61.653034434009896,0.23714316044315234,MODERATE EARLY-WARNING SIGNAL,WORSENING,Schedule pressure,No thresholded rule warning,No thresholded rule warning
619184,"Rehabilitation and up-gradation of section to Intermediate/2-Lane with hard shoulder from Km 107.760 to Km 129.445 After Middle strait to Humphrey, Km 130.600 to Km 138.00 After Humphrey to Kadamtala & Km 155.00 to Km 181.0 End of Jarwa to Rangat of NH-04 in UT of A&N on EPC Package-IIIA",NHIDCL,Andaman & Nicobar,2026-06,81.32,100.0,-18.680000000000007,0.0,-100.0,0.16314151778392333,MODERATE EARLY-WARNING SIGNAL,STABLE,Schedule pressure,No thresholded rule warning,No thresholded rule warning
619185,Rehabilitation and up-gradation and completion of balance work of section from Km 155.00 to Km 181.00 End of Jarwa to Rangat of NH -4 Total length 26 Km to Intermediate Lane/2-lane with hard shoulders in the UT of A&N Islands on EPC basis - Package-III.B Balance work,NHIDCL,Andaman & Nicobar,2026-06,50.15,100.0,-49.85,0.0,-100.0,0.15813114511401585,MODERATE EARLY-WARNING SIGNAL,STABLE,Progress behind expected,Schedule pressure,No thresholded rule warning
619186,Construction of Balance works of Major Bridge over Middle Strait Creek between Km.106.590 to km108.553 of NH-04 connecting South Andaman & Baratang Island in the Union Territory of Andaman & Nicobar Islands on EPC basis,NHIDCL,Andaman & Nicobar,2026-06,12.98,100.0,-87.02,0.0,-100.0,0.17267119824127222,MODERATE EARLY-WARNING SIGNAL,STABLE,Progress behind expected,Schedule pressure,No thresholded rule warning
619187,"Slope protection and landslide mitigation at 4 vulnerable locations km 1.950 to Km 2.100, km 11.100 to 11.450, km 22.435 to km 22.485 and km 22.610 to km 22.680 within Sevoke-Rangpo section of NH-10 old NH-31A in Darjeeling & Kalimpong district in the State of West Bengal on EPC mode",NHIDCL,West Bengal,2026-06,32.21,50.0,-17.79,0.0,-50.0,0.10994695732858344,MODERATE EARLY-WARNING SIGNAL,STABLE,No thresholded rule warning,No thresholded rule warning,No thresholded rule warning
619191,Kanpur LPG Bottling Plant,MinistryofPetroleumNaturalGas,Uttar Pradesh,2026-06,60.0,37.5,22.5,130.8,27.252475247524757,0.13038577441265775,MODERATE EARLY-WARNING SIGNAL,STABLE,Expenditure ahead of progress,No thresholded rule warning,No thresholded rule warning
619193,Rehabilitation and upgradation of NH-221 from km 121/0 to 165/0 Rudrampur to Bhadrachalam section to two lane with paved shoulder under NHDPIV in the state of Telangana through EPC mode,MoRTH,Telangana,2026-06,82.76,100.0,-17.239999999999995,375.14,26.963820354012242,0.303593634904775,HIGH EARLY-WARNING SIGNAL,STABLE,Expenditure ahead of progress,Long implementation duration,Schedule pressure
619194,"Construction of Four Lane Gola Flyover at Km 99.850 of NH 730 Major Junction with State Highways -93 of Engineering, Procurement and Construction EPC mode in the State of Uttar Pradesh.",MoRTH,Uttar Pradesh,2026-06,2.0,5.882352941176471,-3.882352941176471,0.0,-5.882352941176471,0.08605340157513318,LOW EARLY-WARNING SIGNAL,IMPROVING,No thresholded rule warning,No thresholded rule warning,No thresholded rule warning
619196,Change of service of existing Mundra-Panipat Pipeline [Panipat - Churwa section] from Crude oil to Product,IOCL,Haryana,2026-06,39.6,56.52173913043478,-16.92173913043478,40.86,-45.14012353154899,0.14304842509125434,MODERATE EARLY-WARNING SIGNAL,STABLE,No thresholded rule warning,No thresholded rule warning,No thresholded rule warning
619197,Delhi-Vadodara Greenfield Alignment NH-148N Pkg-27 Ch.729.700 to Ch.756.052,NHAI,Gujarat,2026-06,97.21,100.0,-2.7900000000000063,1037.33,-12.512545437677645,0.4622667800938492,HIGH EARLY-WARNING SIGNAL,IMPROVING,No thresholded rule warning,No thresholded rule warning,No thresholded rule warning
619198,Vadodara Mumbai Expressway Phase II - Pkg XII [Km. 50.700 to Km. 77.000] Masvan - Ganjad,NHAI,Maharashtra,2026-06,99.38,100.0,-0.6200000000000045,979.41,-42.770746415173726,0.18573401110534923,MODERATE EARLY-WARNING SIGNAL,WORSENING,No thresholded rule warning,No thresholded rule warning,No thresholded rule warning
619199,Bangalore Chennai Expressway Phase-II Pkg-I from km.71.000 to Km 96.000 Bethamangala in the state of Karnataka to Byreddypalli,NHAI,"Multi-States (Andhra Pradesh, Karnataka)",2026-06,99.05,100.0,-0.9500000000000028,736.08,-47.79611492117077,0.1944676728809668,MODERATE EARLY-WARNING SIGNAL,WORSENING,No thresholded rule warning,No thresholded rule warning,No thresholded rule warning
619200,Delhi-Amritsar-Katra Expressway Phase-I Spur-III from Junction with Amritsar- Jalandhar road NH-3 near Bhishambarpura to Junction with Amritsar-Anjala road NH- 354 near Amritsar Airport [Km 71000 to Km 99000 of Amritsar connectivity],NHAI,Punjab,2026-06,33.58,100.0,-66.42,1345.26,-18.059387848332577,0.28832930503332516,MODERATE EARLY-WARNING SIGNAL,WORSENING,Progress behind expected,Schedule pressure,No thresholded rule warning
619201,Karnal ring road Lot-4/Pkg-1,NHAI,Haryana,2026-06,96.42,100.0,-3.5799999999999983,831.11,-52.27482844755807,0.22749000010980364,MODERATE EARLY-WARNING SIGNAL,WORSENING,No thresholded rule warning,No thresholded rule warning,No thresholded rule warning
619202,Dwarka Expressway from Km -0.600 to Km 5.300 - Pkg-I Shivmurti Chowk-RuB near Dwarka Sector 21,NHAI,Delhi,2026-06,98.8,100.0,-1.2000000000000028,3329.23,55.23273976882223,0.3768663520223925,HIGH EARLY-WARNING SIGNAL,WORSENING,Expenditure ahead of progress,Long implementation duration,No thresholded rule warning
619203,Vadape to Thane from km 539.202 to km 563.000 section of NH-3 new NH-848,NHAI,Maharashtra,2026-06,80.78,100.0,-19.22,491.81,-60.74689525268972,0.24547828078900177,MODERATE EARLY-WARNING SIGNAL,WORSENING,Long implementation duration,Schedule pressure,No thresholded rule warning
619204,"Capacity Augmentation in the stretch of Pimpri Sado Vadape section of NH848 Km. 460900 to Km. 537000 by Construction of Slip/Service Road on either side at various locations total length 25.140 Km LHSRHS, Flyover 2 x 25m at Borivali Junction Km. 528550 & LVUP 1 x 15m at Sherekarpada Km. 528800",NHAI,Maharashtra,2026-06,1.0,11.11111111111111,-10.11111111111111,0.0,-11.11111111111111,0.21461834213823697,MODERATE EARLY-WARNING SIGNAL,,No thresholded rule warning,No thresholded rule warning,No thresholded rule warning
619205,Six Laning of KT/KL Border Thalapaddy -Chengala from Km. 17.200 to Km. 57.20,NHAI,"Multi-States (Karnataka, Kerala)",2026-06,100.0,100.0,0.0,1699.07,-14.234731735880104,0.3817718489430497,HIGH EARLY-WARNING SIGNAL,WORSENING,No thresholded rule warning,No thresholded rule warning,No thresholded rule warning
619206,6L of Perole Nileshwar town to Taliparamba from Km 94.248 to Km 134.650 of NH-66,NHAI,Kerala,2026-06,86.65,100.0,-13.349999999999994,2526.41,-16.9394900793977,0.32036240079341805,HIGH EARLY-WARNING SIGNAL,WORSENING,Schedule pressure,No thresholded rule warning,No thresholded rule warning
619207,Start of Kollam Bypass - Kadambattukonam,NHAI,Kerala,2026-06,81.8,100.0,-18.200000000000003,1990.7,-24.63380745597928,0.2517092685346285,MODERATE EARLY-WARNING SIGNAL,WORSENING,Schedule pressure,No thresholded rule warning,No thresholded rule warning
619208,Kadambattukonam-Kazhakuttom,NHAI,Kerala,2026-06,44.34,100.0,-55.66,2124.09,-41.57589860382216,0.29295430345919893,MODERATE EARLY-WARNING SIGNAL,WORSENING,Progress behind expected,Schedule pressure,No thresholded rule warning
619209,4L of existing 2/4L stretch from Lonand to Dive Ghat Km 166.400 to Km 220.900 of Mohol Alandi section of NH-965 Pkg - V,National Highways Authority of India [NHAI],Maharashtra,2026-04,98.52,100.0,-1.480000000000004,1125.89,-34.14153349399845,0.22844854851288848,MODERATE EARLY-WARNING SIGNAL,,No thresholded rule warning,No thresholded rule warning,No thresholded rule warning
619210,Dharampuri-Lonand from km. 117.00 to 166.40 Pkg-IV on Mohol-Alandi Section,NHAI,Maharashtra,2026-06,97.4,100.0,-2.5999999999999943,1471.41,4.22891387041247,0.4343867747410576,HIGH EARLY-WARNING SIGNAL,WORSENING,No thresholded rule warning,No thresholded rule warning,No thresholded rule warning
619211,6L of MH/KN Border Nimbal Village to KN/TS Border Singnodi Village from Km. 97.000 to Km. 162.500 in Yadgir of NH-150C Pkg-III,NHAI,Karnataka,2026-06,73.9,100.0,-26.099999999999994,983.95,-53.249869340048456,0.27089550081992236,MODERATE EARLY-WARNING SIGNAL,WORSENING,Progress behind expected,Schedule pressure,No thresholded rule warning
619212,6L Access Controlled Greenfield Highway of Julekal village to Dinnedevarapadu village from Km 242.200 to Km 280.400 Pkg-2,NHAI,"Multi-States (Andhra Pradesh, Telangana)",2026-06,68.53,100.0,-31.47,528.05,-56.98412310499605,0.21682188601386462,MODERATE EARLY-WARNING SIGNAL,WORSENING,Progress behind expected,Schedule pressure,No thresholded rule warning
619213,6L of Hatibena - Badakumari Section from Km 146.50 to km 179.00 of NH-130-CD Package OD-2,NHAI,Odisha,2026-06,99.95,100.0,-0.04999999999999716,733.58,-7.2790929888645906,0.31848364266795376,HIGH EARLY-WARNING SIGNAL,WORSENING,No thresholded rule warning,No thresholded rule warning,No thresholded rule warning
619214,4L of Channarayapatna Bypass and Hassan Bypass with structures in Devihalli - Hassan section,NHAI,Karnataka,2026-06,82.34,100.0,-17.659999999999997,600.43,-12.72819767441861,0.3441807682755098,HIGH EARLY-WARNING SIGNAL,WORSENING,Long implementation duration,Schedule pressure,No thresholded rule warning
619215,Cuttack-Angul Section of NH-42 New NH-55 from Km.60.200 to Km. 112.000 Pkg-II in the State of Odisha,NHAI,Odisha,2026-06,99.66,100.0,-0.3400000000000034,1083.76,9.31501598733118,0.34694772234561805,HIGH EARLY-WARNING SIGNAL,WORSENING,Long implementation duration,No thresholded rule warning,No thresholded rule warning
619216,6L access Controlled Greenfield Highway from Adhoya Musalmana to Sadopur section of Shamli -Ambala Package-III Design Ch. Form km 84.400 to km 121.786,NHAI,"Multi-States (Haryana, Punjab)",2026-06,79.56,100.0,-20.439999999999998,724.49,-51.43257447778404,0.21262373944388088,MODERATE EARLY-WARNING SIGNAL,STABLE,Progress behind expected,Schedule pressure,No thresholded rule warning
619217,4L of Haridwar-Nagina section from km. 0.00 to km. 71.614 of NH-74,NHAI,"Multi-States (Uttar Pradesh, Uttarakhand)",2026-06,99.85,100.0,-0.15000000000000568,1540.99,-7.120039539032732,0.3347850645550968,HIGH EARLY-WARNING SIGNAL,WORSENING,Long implementation duration,No thresholded rule warning,No thresholded rule warning
619218,4L Tumkur-Shimoga Pkg-I from Mallasandra to Karadi village of NH-206 from Km. 12.300 to Km. 65.195,NHAI,Karnataka,2026-06,100.0,100.0,0.0,1336.5,-2.0261849956749387,0.3495251654791596,HIGH EARLY-WARNING SIGNAL,WORSENING,Long implementation duration,No thresholded rule warning,No thresholded rule warning
619219,4L of Tumkur-Shimoga Pkg-II from Km 65.195 Karadi to Km 121.900 Banawara of NH-206,NHAI,Karnataka,2026-06,99.98,100.0,-0.01999999999999602,1297.99,-13.803499684563533,0.345016699355271,HIGH EARLY-WARNING SIGNAL,WORSENING,Long implementation duration,No thresholded rule warning,No thresholded rule warning
619220,Tumkur-Shimoga Pkg-III from Km 121.900 Banawara to Km 170.415 Bettadahalli of Old NH-206,NHAI,Karnataka,2026-06,98.0,100.0,-2.0,872.92,-39.56940117687781,0.21307746733871472,MODERATE EARLY-WARNING SIGNAL,WORSENING,Long implementation duration,No thresholded rule warning,No thresholded rule warning
619222,"Balance works of four lane from km 43.950 Thiruvallur Bypass to km 61.470 Veppampattu Bypass passing through Thannerkulam, Thozur and Sevapet Bypass 17.520 kms of Tirupathi- Tiruttani- Chennai section of NH 205",NHAI,Tamil Nadu,2026-06,97.92,100.0,-2.0799999999999983,594.43,27.017671317763188,0.2872545672171154,MODERATE EARLY-WARNING SIGNAL,WORSENING,Expenditure ahead of progress,No thresholded rule warning,No thresholded rule warning
619223,Petro Resid Fluidized Catalytic Cracking [PRFCC] Unit and its associated facilities at Mumbai Refinery,Ministry of Petroleum & Natural Gas,Maharashtra,2026-06,6.1,25.0,-18.9,81.87,-24.39916336415676,0.09782165504255701,LOW EARLY-WARNING SIGNAL,STABLE,No thresholded rule warning,No thresholded rule warning,No thresholded rule warning
619224,Augmentation of DUPL-DPPL Pipeline,Ministry of Petroleum & Natural Gas,Maharashtra,2026-06,7.3,36.36363636363637,-29.063636363636366,0.61,-36.29136148211978,0.07904856718796101,LOW EARLY-WARNING SIGNAL,STABLE,Progress behind expected,No thresholded rule warning,No thresholded rule warning
619225,Installation of Compression facility at GAIL Usar,Ministry of Petroleum & Natural Gas,Maharashtra,2026-06,0.0,58.333333333333336,-58.333333333333336,0.0,-58.333333333333336,0.16315984658617125,MODERATE EARLY-WARNING SIGNAL,STABLE,Progress behind expected,No thresholded rule warning,No thresholded rule warning
619226,Provision of four bitumen tanks with capacity of 5 TMT each at Visakh Refinery,Ministry of Petroleum and Natural Gas,Andhra Pradesh,2026-06,15.7,30.0,-14.3,7.12,-27.243942091816987,0.06748210768025847,LOW EARLY-WARNING SIGNAL,STABLE,No thresholded rule warning,No thresholded rule warning,No thresholded rule warning
619227,Network Expansion Scheme in Maharashtra for removal of Transmission constraints in Pune Region-I [765/400kV AIS Pune East],Power Grid Corporation of India Limited [POWERGRID],Maharashtra,2026-06,0.5,12.5,-12.0,7.95,-11.940140845070422,0.09372522038379211,LOW EARLY-WARNING SIGNAL,STABLE,No thresholded rule warning,No thresholded rule warning,No thresholded rule warning
619228,Transmission System Strengthening for integration of additional RE Potential at Davanagere [0.25 GW] and Bellary [2.75 GW],Power Grid Corporation of India Limited [POWERGRID],Karnataka,2026-06,1.0,16.666666666666668,-15.666666666666668,13.44,-15.456945694569459,0.09516699870645894,LOW EARLY-WARNING SIGNAL,STABLE,No thresholded rule warning,No thresholded rule warning,No thresholded rule warning
619229,"Integrated development of Outer Container Terminal and berth No. 1 though 5 NSD at KDS, SMPK on DBFOT basis through PPP mode",Syama Prasad Mookerjee Port Kolkata,West Bengal,2026-05,0.0,,,0.0,,0.1951088380265608,MODERATE EARLY-WARNING SIGNAL,,No thresholded rule warning,No thresholded rule warning,No thresholded rule warning
619248,"lmprovement and Widening to 2-lane with Paved Shoulder of NH-13 & 15 Old NH-52 from Existing Km 745.60 Design Km 0.000 to Existing km 770.600 Design Km 24.819 Brahmakund T-junction to Kamlang T-Junction, Existing Length 25.00 Km, Design Length 24.819 Km in the state of Arunachal Pradesh on EPC mode Pkg-1",NHIDCL,Arunachal Pradesh,2026-06,0.0,0.0,0.0,0.0,0.0,0.18129064573149448,MODERATE EARLY-WARNING SIGNAL,,No thresholded rule warning,No thresholded rule warning,No thresholded rule warning
619251,Construction of two lane with paved shoulder of Ghatol Bypass from km 133.250 to km 140.950 of NH-56 old NH No. 113 on EPC mode in the State of Rajasthan.,MoRTH,Rajasthan,2026-06,11.0,16.666666666666668,-5.666666666666668,0.0,-16.666666666666668,0.11700697128356112,MODERATE EARLY-WARNING SIGNAL,STABLE,No thresholded rule warning,No thresholded rule warning,No thresholded rule warning
619253,Construction of 4 lane Bypass to Nalgonda Town lrorn Km 000 Existing Ch. 181590 to Km 14.00 Existing Ch. 28/685 ol Nakrekal to Nagarjunsagar Section of NH -565 in the State of Telangara on EPC under Annual Plan 2024 -25,MoRTH,Telangana,2026-06,49.34,33.333333333333336,16.006666666666668,0.0,-33.333333333333336,0.10685730206296853,MODERATE EARLY-WARNING SIGNAL,STABLE,No thresholded rule warning,No thresholded rule warning,No thresholded rule warning
619270,"Upgradation of 6 laned Jaipur- Kishangarh section of NH-48 from km 274100 to 363885 involving construction of flyovers and Service road in Rajasthan On Engineering, Procurement & Construction EPC Mode",NHAI,Rajasthan,2026-06,0.0,,,0.0,,0.18074919784580495,MODERATE EARLY-WARNING SIGNAL,,No thresholded rule warning,No thresholded rule warning,No thresholded rule warning
619271,Construction of Elevated Corridor at Kherwara Town on Udaipur Ratanpur Shamlaji Section of NH-48 in Udaipur District in the State of Rajasthan on EPC mode,NHAI,Rajasthan,2026-06,0.0,,,0.38,,0.18364991158240918,MODERATE EARLY-WARNING SIGNAL,,No thresholded rule warning,No thresholded rule warning,No thresholded rule warning
619289,4L of Munger Mirzachauki section from Munger to Kharia village junction from Km 69520 to Km 95580 Pkg-1,NHAI,Bihar,2026-06,82.72,100.0,-17.28,670.56,-59.60019520306541,0.27236439004770474,MODERATE EARLY-WARNING SIGNAL,STABLE,Schedule pressure,No thresholded rule warning,No thresholded rule warning
619291,4L Poanta SahebMednipur from Km. 435.65 to km. 458.65 of NH-07Pkg-1,NHAI,"Multi-States (Himachal Pradesh, Uttarakhand)",2026-05,94.25,100.0,-5.75,254.27,-51.52514584207115,0.15268449419827437,MODERATE EARLY-WARNING SIGNAL,STABLE,No thresholded rule warning,No thresholded rule warning,No thresholded rule warning
619292,4L Medinipur to Ballupur from Km. 458.65 to Km. 487.65 of NH-07Pkg-2,NHAI,Uttarakhand,2026-06,93.9,100.0,-6.099999999999994,736.71,-32.591270930551744,0.17021181633768576,MODERATE EARLY-WARNING SIGNAL,STABLE,No thresholded rule warning,No thresholded rule warning,No thresholded rule warning
619293,Construction of 4 Lane Access Controlled Bypass for Dehradun on NH307 from Design Chainage km 0050 Jhajra on NH-07 to Design Chainage km 12220 Asharori on EPC Mode in the State of Uttarakhand under NHO,NHAI,Uttarakhand,2026-06,58.09,58.333333333333336,-0.2433333333333323,179.03,-33.32809568371115,0.1519284418861522,MODERATE EARLY-WARNING SIGNAL,STABLE,No thresholded rule warning,No thresholded rule warning,No thresholded rule warning
619294,Road Safety Improvement of existing four lane section of Dehradun-Lal Tappar-Nepali Farm Section of NH-7 and Nepali Farm-Motichur NH-34 on EPC Mode in Uttarakhand under NHO.,NHAI,Uttarakhand,2026-06,5.02,13.333333333333334,-8.313333333333334,2.7,-12.958681967243445,0.09571514124509181,LOW EARLY-WARNING SIGNAL,STABLE,No thresholded rule warning,No thresholded rule warning,No thresholded rule warning
619295,Four/Six laning of Bhaniyawala-Jollygrant-Rishikesh spur section of NH-07 from Km. 0.000 to Km 19.780,NHAI,Uttarakhand,2026-06,0.0,26.08695652173913,-26.08695652173913,12.47,-24.407336894299505,0.11047658514498954,MODERATE EARLY-WARNING SIGNAL,STABLE,Progress behind expected,No thresholded rule warning,No thresholded rule warning
619298,Construction of 6 Lane Elevated corridor from KM 612582 to KM 617540 including construction of Service Roads in Kolhapur City on NH -48 in the State of Maharashtra on EPC mode under NHO,NHAI,Maharashtra,2026-06,0.0,0.0,0.0,0.0,0.0,0.1908441555736737,MODERATE EARLY-WARNING SIGNAL,,No thresholded rule warning,No thresholded rule warning,No thresholded rule warning
619299,Construction of a 6-Lane Elevated Corridor from Km 593766 to Km 596620 Including Construction of Service Roads in Kagal City on NH-48 in the State of Maharashtra on EPC Mode.,NHAI,Maharashtra,2026-06,0.0,0.0,0.0,0.0,0.0,0.22044572275838795,MODERATE EARLY-WARNING SIGNAL,,No thresholded rule warning,No thresholded rule warning,No thresholded rule warning
619300,Construction of Four Lane Nagpur-Katol section of NH-353J including Mitigation Structures from Design Ch. 37000 to Ch. 45990 Tiger Corridor-I Mitigation Structures from Design Ch. 37000 to Ch. 45990 Tiger Corridor-I in the State of Maharashtra on EPC Mode,NHAI,Maharashtra,2026-06,0.0,0.0,0.0,0.0,0.0,0.219258824845029,MODERATE EARLY-WARNING SIGNAL,,No thresholded rule warning,No thresholded rule warning,No thresholded rule warning
619301,Construction of Approach Road to Rail-cum- Road Bridge across river Ganga at Munger Ghat NH-333 B,NHAI,Bihar,2026-06,99.99,100.0,-0.010000000000005116,573.9,6.6966609652710645,0.3044713871241644,HIGH EARLY-WARNING SIGNAL,WORSENING,Long implementation duration,No thresholded rule warning,No thresholded rule warning
619305,4L of Munger Mirzachauki section from start of existing Bhagalpur bypass to Rasulpur from Km 125000 to Km 157350 Pkg-3,NHAI,Bihar,2026-06,77.3,100.0,-22.700000000000003,672.67,-61.985306583780726,0.2694031788474432,MODERATE EARLY-WARNING SIGNAL,WORSENING,Progress behind expected,Schedule pressure,No thresholded rule warning
619306,4L of Munger Mirzachauki section from Km 95580 to Km 125000 Pkg-2,NHAI,Bihar,2026-06,95.31,100.0,-4.689999999999998,633.41,-37.9520786803025,0.21342080441640182,MODERATE EARLY-WARNING SIGNAL,STABLE,No thresholded rule warning,No thresholded rule warning,No thresholded rule warning
619307,4L of Munger Mirzachauki section from Km 157350 to Km 193931 Pkg-4,NHAI,"Multi-States (Bihar, Jharkhand)",2026-06,92.0,100.0,-8.0,893.28,-35.10780496309641,0.2231165995074601,MODERATE EARLY-WARNING SIGNAL,STABLE,No thresholded rule warning,No thresholded rule warning,No thresholded rule warning
619308,6L access-controlled highway from Ganeshpur tonear Mohand of Ganeshpur Dehradun section from Km.0 to Km.8.3 of NH-72A Package-1,NHAI,Uttar Pradesh,2026-06,98.92,100.0,-1.0799999999999983,811.84,-2.917822634650335,0.285721732520866,MODERATE EARLY-WARNING SIGNAL,STABLE,No thresholded rule warning,No thresholded rule warning,No thresholded rule warning
619311,Kalai-II Hydro Electric Project [1200 MW],THDC India Limited,Arunachal Pradesh,2026-06,0.0,2.5641025641025643,-2.5641025641025643,188.62,-1.2269249573966845,0.13972923503567058,MODERATE EARLY-WARNING SIGNAL,STABLE,No thresholded rule warning,No thresholded rule warning,No thresholded rule warning
619312,Bulk Loading Hub- Kanpur,MinistryofPetroleumNaturalGas,Uttar Pradesh,2026-06,60.0,37.5,22.5,95.21,13.688172043010752,0.10808117048352268,MODERATE EARLY-WARNING SIGNAL,STABLE,No thresholded rule warning,No thresholded rule warning,No thresholded rule warning
619313,Setting up of 50 MW [plus/minus 5 percent] Wind Power Plant for Captive Consumption at MR,MinistryofPetroleumNaturalGas,Maharashtra,2026-06,65.9,78.72340425531915,-12.823404255319147,360.28,-4.152886393001808,0.16351294683750342,MODERATE EARLY-WARNING SIGNAL,STABLE,No thresholded rule warning,No thresholded rule warning,No thresholded rule warning
619314,Pipeline Replacement Project- PRP-IX,Ministry of Petroleum & Natural Gas,Offshore,2026-06,21.2,47.61904761904762,-26.41904761904762,864.28,-34.6884671283235,0.16022223340412486,MODERATE EARLY-WARNING SIGNAL,WORSENING,Progress behind expected,No thresholded rule warning,No thresholded rule warning
619316,"Group Gathering Station, Lakwagaon",Ministry of Petroleum & Natural Gas,Assam,2026-06,7.8,33.333333333333336,-25.533333333333335,20.04,-29.289668206918357,0.07834605931150965,LOW EARLY-WARNING SIGNAL,STABLE,Progress behind expected,No thresholded rule warning,No thresholded rule warning
619317,4L of Hajipur-Muzaffarpur Section of the existing NH-77 from Km. 0000 Ramashish Chowk to Km. 46300 and new bypass starting at Km. 46300 and connecting NH-28 of E-W Corridor at Km. 515045,NHAI,Bihar,2026-06,99.45,100.0,-0.5499999999999972,2160.8,-20.657709692699157,0.28352309344600096,MODERATE EARLY-WARNING SIGNAL,WORSENING,Long implementation duration,No thresholded rule warning,No thresholded rule warning
619318,4/6L Greenfield Ludhiana Rupnagar highway from Jn. with NE-5 village near to ManewalLudhiana to Jn. with NH-205 near Bheora Village Rupnagar from Km. 0.00 to Km. 37.7 including spur to Kharar with Ludhiana bypass of NH-205K Pkg-1,NHAI,Punjab,2026-06,15.31,100.0,-84.69,530.32,-61.259688365195665,0.20149241064387216,MODERATE EARLY-WARNING SIGNAL,WORSENING,Progress behind expected,Schedule pressure,No thresholded rule warning
619320,Muzaffarpur - Sonbarsa Section of NH-77 from km 2.800 to km 89.000,NHAI,Bihar,2026-04,100.0,100.0,0.0,468.71,-79.53874764266257,0.2121462509969214,MODERATE EARLY-WARNING SIGNAL,,Long implementation duration,No thresholded rule warning,No thresholded rule warning
619321,Balance work of widening to two laning/re-alignment and geometric improvement from Km. 11000 to Km. 114618 with rectification of damaged stretches and provision of protection works in vulnerable location of NH-44 in the State of Mizoram.,MoRTH,Mizoram,2026-06,2.0,4.166666666666667,-2.166666666666667,0.0,-4.166666666666667,0.08424778614218117,LOW EARLY-WARNING SIGNAL,IMPROVING,No thresholded rule warning,No thresholded rule warning,No thresholded rule warning
619326,Nidadavolu-Duvvada 3rd & 4th Lines,South Central Railway [SCR] - II,Andhra Pradesh,2026-05,0.01,1.4492753623188406,-1.4392753623188406,0.01,-1.4491742423136633,0.14548162275140616,MODERATE EARLY-WARNING SIGNAL,,No thresholded rule warning,No thresholded rule warning,No thresholded rule warning
619328,ONGC-BP Redevelopment Phase-1 Scheme of Mumbai High Field,Ministry of Petroleum & Natural Gas,Maharashtra,2026-06,53.2,43.75,9.450000000000003,1557.5,-1.8073059729627872,0.18044807565641746,MODERATE EARLY-WARNING SIGNAL,IMPROVING,No thresholded rule warning,No thresholded rule warning,No thresholded rule warning
619341,"Telangana Super Thermal Power Project , Stage-II [3 x 800 MW]",National Thermal Power Corporation [NTPC],Telangana,2026-06,0.78,4.285714285714286,-3.5057142857142853,729.63,-1.7993154797909292,0.13692477034663295,MODERATE EARLY-WARNING SIGNAL,IMPROVING,No thresholded rule warning,No thresholded rule warning,No thresholded rule warning
619347,Balance Work Estimate of Rehabilitation and Up-gradation of NH- 43 from Km. 468.600 to Km. 531.250 Pathalgaon to kunkuri Section to two-lane with paved shoulder in the State of Chhattisgarh on SBD mode under NHO under Annual plan 2025-26,MoRTH,Chhattisgarh,2026-06,0.0,0.0,0.0,0.0,0.0,0.17391170977766357,MODERATE EARLY-WARNING SIGNAL,,No thresholded rule warning,No thresholded rule warning,No thresholded rule warning
701101,"Construction of New Domestic Terminal Building [Phase-I and II] and other allied structures at JPNI Airport, Patna",Airport Authority of India [AAI],Bihar,2026-06,99.19,100.0,-0.8100000000000023,1202.07,-1.2186703919796287,0.33147538279853567,HIGH EARLY-WARNING SIGNAL,STABLE,Long implementation duration,No thresholded rule warning,No thresholded rule warning
701105,Goa Airport Terminal Building Extension Project,Airport Authority of India [AAI],Goa,2026-04,100.0,100.0,0.0,156.7,-38.714850013688455,0.20295523046011962,MODERATE EARLY-WARNING SIGNAL,,Long implementation duration,No thresholded rule warning,No thresholded rule warning
701107,Construction of New Integrated Terminal Building and associated works including apron to park 3 code E type of aircraft or 6 code C type of aircraft at Vijayawada Airport.,Airport Authority of India [AAI],Andhra Pradesh,2026-06,88.25,100.0,-11.75,527.74,-13.739784243216732,0.2373249530617935,MODERATE EARLY-WARNING SIGNAL,STABLE,Long implementation duration,Schedule pressure,No thresholded rule warning
701113,"Development of Lal Bahadur Shastri International airport, Varanasi including C/o New Terminal Building, Apron Extension, Runway Extension, PTT and allied works.",Airport Authority of India [AAI],Uttar Pradesh,2026-06,31.0,63.888888888888886,-32.888888888888886,677.21,-40.28984370916314,0.13348137395918194,MODERATE EARLY-WARNING SIGNAL,STABLE,Progress behind expected,No thresholded rule warning,No thresholded rule warning
701121,Construction of New Domestic Terminal Building at Rajahmundry Airport.,Airport Authority of India [AAI],Andhra Pradesh,2026-06,94.5,100.0,-5.5,189.48,-45.41840702866196,0.09904220768864624,LOW EARLY-WARNING SIGNAL,STABLE,No thresholded rule warning,No thresholded rule warning,No thresholded rule warning
701122,Development of New Integrated Civil Enclave at Agra Airport,Airport Authority of India [AAI],Uttar Pradesh,2026-06,43.22,95.83333333333333,-52.61333333333333,217.42,-58.28238341968911,0.1676509021584161,MODERATE EARLY-WARNING SIGNAL,STABLE,Progress behind expected,Schedule pressure,No thresholded rule warning
701126,"Development of Dholera International Greenfield Airport , Gujarat",Airport Authority of India [AAI],Gujarat,2026-06,87.0,100.0,-13.0,949.24,-27.261302681992333,0.1855228598072312,MODERATE EARLY-WARNING SIGNAL,STABLE,Schedule pressure,No thresholded rule warning,No thresholded rule warning
701127,Construction of New Passenger Terminal Building for Domestic Operations at Jodhpur Airport.,Airport Authority of India [AAI],Rajasthan,2026-06,100.0,100.0,0.0,348.01,-27.49791666666667,0.1068291838363515,MODERATE EARLY-WARNING SIGNAL,STABLE,No thresholded rule warning,No thresholded rule warning,No thresholded rule warning
701128,Construction of New Integrated Passenger Terminal Building at Udaipur Airport,Airport Authority of India [AAI],Rajasthan,2026-06,74.71,100.0,-25.290000000000006,565.41,-36.25591882750845,0.14311329753237265,MODERATE EARLY-WARNING SIGNAL,STABLE,Progress behind expected,Schedule pressure,No thresholded rule warning
701167,AIIMS Kashmir at Awantipora Jammu & Kashmir,PMSSY AND Institute of NATIONAL Importance,Jammu and Kashmir,2026-06,78.0,100.0,-22.0,1594.22,-12.788840262582056,0.44079182569170683,HIGH EARLY-WARNING SIGNAL,STABLE,Progress behind expected,Long implementation duration,Schedule pressure
701168,ALL India Institute of Medical Sciences-AIIMS Madurai,PMSSY AND Institute of NATIONAL Importance,Tamil Nadu,2026-06,52.0,100.0,-48.0,522.72,-58.64556962025316,0.26861496562745474,MODERATE EARLY-WARNING SIGNAL,STABLE,Progress behind expected,Long implementation duration,Schedule pressure
701170,AIIMS Rajkot,PMSSY AND Institute of NATIONAL Importance,Gujarat,2026-06,93.85,100.0,-6.150000000000006,793.03,-33.63765690376569,0.26301838279820694,MODERATE EARLY-WARNING SIGNAL,STABLE,Long implementation duration,No thresholded rule warning,No thresholded rule warning
701171,AIIMS Bibinagar,PMSSY AND Institute of NATIONAL Importance,Telangana,2026-06,87.32,100.0,-12.680000000000007,989.98,-3.6984435797665327,0.30202692404138487,HIGH EARLY-WARNING SIGNAL,STABLE,Schedule pressure,No thresholded rule warning,No thresholded rule warning
701172,AIIMS Darbhanga,PMSSY AND Institute of NATIONAL Importance,Bihar,2026-06,0.0,100.0,-100.0,27.81,-97.7998417721519,0.1988902565758384,MODERATE EARLY-WARNING SIGNAL,STABLE,Progress behind expected,Long implementation duration,Schedule pressure
701173,AIIMS Majra Rewari Haryana,PMSSY AND Institute of NATIONAL Importance,Haryana,2026-06,64.85,93.61702127659575,-28.767021276595756,717.42,-38.38838386320083,0.32362083398821034,HIGH EARLY-WARNING SIGNAL,STABLE,Progress behind expected,Long implementation duration,Schedule pressure
701228,Kochi - Koottanad - Bangalore - Mangalore Pipeline Phase-II,Ministry of Petroleum & Natural Gas,"Multi-States (Karnataka, Kerala, Tamil Nadu)",2026-06,97.0,100.0,-3.0,4856.3,66.59691252144083,0.4288885859286839,HIGH EARLY-WARNING SIGNAL,STABLE,Expenditure ahead of progress,Long implementation duration,No thresholded rule warning
701263,Rajasthan Refinery Project,MinistryofPetroleumNaturalGas,Rajasthan,2026-04,91.9,100.0,-8.099999999999994,69202.21,60.45401006283478,0.4340069649221211,HIGH EARLY-WARNING SIGNAL,,Expenditure ahead of progress,Long implementation duration,No thresholded rule warning
701289,Capacity Expansion of Panipat Refinery from 15 to 25 MMTPA,Ministry of Petroleum & Natural Gas,Haryana,2026-06,94.0,100.0,-6.0,27518.03,-20.530135443440088,0.2969994720057903,MODERATE EARLY-WARNING SIGNAL,WORSENING,Long implementation duration,No thresholded rule warning,No thresholded rule warning
701324,Barauni Refinery Capacity Expansion from 6.0 to 9.0 MMTPA,Ministry of Petroleum & Natural Gas,Bihar,2026-06,91.6,100.0,-8.400000000000006,74990.3,406.34908845374747,0.3401709680943837,HIGH EARLY-WARNING SIGNAL,STABLE,Expenditure ahead of progress,Long implementation duration,No thresholded rule warning
701329,Petrochemical and Lube Integration Project at Gujarat Refinery,Ministry of Petroleum & Natural Gas,Gujarat,2026-06,89.2,100.0,-10.799999999999997,75182.67,297.0356463878327,0.36561645329437564,HIGH EARLY-WARNING SIGNAL,STABLE,Expenditure ahead of progress,Long implementation duration,Schedule pressure
701330,Mehsana-Bhatinda & Bhatinda-Jammu Natural Gas Pipeline,Ministry of Petroleum & Natural Gas,"Multi-States (Gujarat, Haryana, Punjab, Rajasthan)",2026-06,90.2,100.0,-9.799999999999997,6362.31,-13.929788961038966,0.5014180745671833,VERY HIGH EARLY-WARNING SIGNAL,STABLE,Long implementation duration,No thresholded rule warning,No thresholded rule warning
701338,City Gas Distribution Maharashtra Natural Gas Limited,Ministry of Petroleum & Natural Gas,"Multi-States (Karnataka, Maharashtra)",2026-06,47.0,80.32786885245902,-33.32786885245902,4392.58,-0.9677965850696779,0.4329808802951383,HIGH EARLY-WARNING SIGNAL,STABLE,Progress behind expected,Long implementation duration,Schedule pressure
701343,Srikakulam Angul Gas Pipeline Project,Ministry of Petroleum & Natural Gas,"Multi-States (Andhra Pradesh, Odisha)",2026-05,97.8,100.0,-2.200000000000003,2315.2,-12.90805540299587,0.3461832319927833,HIGH EARLY-WARNING SIGNAL,STABLE,Long implementation duration,No thresholded rule warning,No thresholded rule warning
701344,Dhamra Haldia Pipeline Project,Ministry of Petroleum & Natural Gas,"Multi-States (Odisha, West Bengal)",2026-06,94.3,100.0,-5.700000000000003,924.4,-10.309028283122316,0.30468336066869367,HIGH EARLY-WARNING SIGNAL,STABLE,Long implementation duration,No thresholded rule warning,No thresholded rule warning
701346,North East Gas Grid,Ministry of Petroleum & Natural Gas,"Multi-States (Arunachal Pradesh, Assam, Manipur, Meghalaya, Mizoram, Nagaland, Sikkim, Tripura, West Bengal)",2026-06,88.0,100.0,-12.0,6900.0,-25.526173772261203,0.2660384558784608,MODERATE EARLY-WARNING SIGNAL,STABLE,Long implementation duration,Schedule pressure,No thresholded rule warning
701349,Paradip-Numaligarh Crude Oil Pipeline [PNCPL] & Crude Oil Import Terminal [COIT] at Paradip,Ministry of Petroleum & Natural Gas,"Multi-States (Assam, Bihar, Jharkhand, Odisha, West Bengal)",2026-06,92.9,100.0,-7.099999999999994,11036.0,7.899882675009778,0.4047818918906148,HIGH EARLY-WARNING SIGNAL,STABLE,Long implementation duration,No thresholded rule warning,No thresholded rule warning
701370,Borolia Irrigation Project,"Department of Water Resources, River Development & GR",Assam,2026-06,55.44,100.0,-44.56,44.7,-82.54996876951905,0.26817168817768083,MODERATE EARLY-WARNING SIGNAL,STABLE,Progress behind expected,Long implementation duration,Schedule pressure
701372,Sardar Sarovar Project,"Narmada and Water Resources, Water Supply and Kalpsar Department-GJ",Gujarat,2026-06,93.7,100.0,-6.299999999999997,31943.15,54.179399049240374,0.4031556094238613,HIGH EARLY-WARNING SIGNAL,STABLE,Expenditure ahead of progress,Long implementation duration,No thresholded rule warning
701376,"Subernarekha Multipurpose Project, Jharkhand",Department of Water Resources-JH,Jharkhand,2026-06,70.0,100.0,-30.0,6040.27,58.630116840040245,0.5142098447555116,VERY HIGH EARLY-WARNING SIGNAL,STABLE,Progress behind expected,Expenditure ahead of progress,Long implementation duration
701377,Upper Tunga Irrigation Project,Water Resources-KA,Karnataka,2026-06,99.32,100.0,-0.6800000000000068,1515.6,96.79027734496728,0.34337365948929116,HIGH EARLY-WARNING SIGNAL,STABLE,Expenditure ahead of progress,Long implementation duration,No thresholded rule warning
701383,Waghur Project,Department of water resources-MH - II,Maharashtra,2026-06,89.57,100.0,-10.430000000000007,1634.36,54.331957808855606,0.4224443798029398,HIGH EARLY-WARNING SIGNAL,STABLE,Expenditure ahead of progress,Long implementation duration,Schedule pressure
701386,Gosikhurd Project,Department of water resources-MH - II,Maharashtra,2026-06,72.65,100.0,-27.349999999999994,14385.73,99.89981199115678,0.49701320109250957,HIGH EARLY-WARNING SIGNAL,STABLE,Progress behind expected,Expenditure ahead of progress,Long implementation duration
701391,Aruna Medium Irrigation Project,Department of water resources-MH - II,Maharashtra,2026-06,100.0,100.0,0.0,1734.71,724.2860536944643,0.34102050206715034,HIGH EARLY-WARNING SIGNAL,STABLE,Expenditure ahead of progress,Long implementation duration,No thresholded rule warning
701395,Morna [Gureghar] Irrigation Project,"Department of Water Resources, River Development & GR",Uttar Pradesh,2026-05,31.5,100.0,-68.5,115.2,-47.61255115961801,0.24728882630499147,MODERATE EARLY-WARNING SIGNAL,IMPROVING,Progress behind expected,Long implementation duration,Schedule pressure
701396,Lower Pedhi Project,Department of water resources-MH - II,Maharashtra,2026-06,65.0,100.0,-35.0,3066.05,1097.816150330117,0.41215013279721335,HIGH EARLY-WARNING SIGNAL,WORSENING,Progress behind expected,Expenditure ahead of progress,Long implementation duration
701398,Nardave Medium Irrigation Project,Department of water resources-MH - II,Maharashtra,2026-06,74.0,100.0,-26.0,879.16,315.7571171852833,0.3310760053696292,HIGH EARLY-WARNING SIGNAL,STABLE,Progress behind expected,Expenditure ahead of progress,Long implementation duration
701399,Kudali Irrigation Project,"Department of Water Resources, River Development & GR",Chhattisgarh,2026-06,86.31,100.0,-13.689999999999998,249.06,-34.85050616024485,0.26312740729270445,MODERATE EARLY-WARNING SIGNAL,STABLE,Long implementation duration,Schedule pressure,No thresholded rule warning
701400,Thoubal Multipurpose Project,Water Resources Department-MN,Manipur,2026-06,99.0,100.0,-1.0,1848.17,27.509244949773702,0.3556374597326077,HIGH EARLY-WARNING SIGNAL,STABLE,Expenditure ahead of progress,Long implementation duration,No thresholded rule warning
701402,"Subernarekha Project, Odisha","Department of Water Resources, River Development & GR",Odisha,2026-06,95.5,100.0,-4.5,8289.65,171.26883254578058,0.46298213687785034,HIGH EARLY-WARNING SIGNAL,STABLE,Expenditure ahead of progress,Long implementation duration,No thresholded rule warning
701404,Kanupur Irrigation Project,Irrigation and CAD-TG,Odisha,2026-06,79.5,100.0,-20.5,2804.16,183.41166125951304,0.41458425099032997,HIGH EARLY-WARNING SIGNAL,STABLE,Progress behind expected,Expenditure ahead of progress,Long implementation duration
701405,J. Chokka Rao Devadula Lift Irrigation Scheme,Irrigation and CAD-TG,Telangana,2026-06,87.7,100.0,-12.299999999999997,4841.09,-40.967428429977396,0.3885962751555778,HIGH EARLY-WARNING SIGNAL,WORSENING,Long implementation duration,Schedule pressure,No thresholded rule warning
701406,Rajiv Bhima Lift Irrigation Scheme,Irrigation and CAD-TG,Telangana,2026-05,100.0,100.0,0.0,1839.76,31.223965763195423,0.3746633519477686,HIGH EARLY-WARNING SIGNAL,IMPROVING,Expenditure ahead of progress,Long implementation duration,No thresholded rule warning
701408,Madhya Ganga canal Phase-II,Irrigation & Water Resources-UP,Uttar Pradesh,2026-06,82.39,100.0,-17.61,4575.74,331.4009069738938,0.35477030171865237,HIGH EARLY-WARNING SIGNAL,STABLE,Expenditure ahead of progress,Long implementation duration,Schedule pressure
701410,Relining of Rajasthan feeder and Sirhind Feeder canal,Department of Water Resources-PB,Punjab,2026-06,95.0,100.0,-5.0,2342.05,62.500173459334206,0.42465726913553486,HIGH EARLY-WARNING SIGNAL,STABLE,Expenditure ahead of progress,Long implementation duration,No thresholded rule warning
701411,Shahpur Kandi Dam Project,Department of Water Resources-PB,Punjab,2026-06,88.0,100.0,-12.0,2201.94,-3.669158853972988,0.37578606689364186,HIGH EARLY-WARNING SIGNAL,STABLE,Long implementation duration,Schedule pressure,No thresholded rule warning
701412,North Koel Reservoir Project,"Department of Water Resources, River Development & GR","Multi-States (Bihar, Jharkhand)",2026-06,44.0,100.0,-56.0,172.97,-89.33777977771888,0.24328690921274704,MODERATE EARLY-WARNING SIGNAL,STABLE,Progress behind expected,Long implementation duration,Schedule pressure
701415,Polavaram Irrigation Project,Water Resources-AP,Andhra Pradesh,2026-06,86.14,100.0,-13.86,27726.15,173.13605305466234,0.4423792637071306,HIGH EARLY-WARNING SIGNAL,STABLE,Expenditure ahead of progress,Long implementation duration,Schedule pressure
701530,Ken-Betwa Linking Development Project,"Department of Water Resources, River Development,","Multi-States (Madhya Pradesh, Uttar Pradesh)",2026-06,0.0,60.714285714285715,-60.714285714285715,8530.86,-20.149093132260035,0.2865457286001913,MODERATE EARLY-WARNING SIGNAL,WORSENING,Progress behind expected,No thresholded rule warning,No thresholded rule warning
701565,Jal Marg Vikas Project,Inland Waterways Authority of India [IWAI],"Multi-States (Bihar, Jharkhand, Uttar Pradesh, West Bengal)",2026-06,83.72,100.0,-16.28,4117.61,-23.310263392175358,0.36829407096926065,HIGH EARLY-WARNING SIGNAL,WORSENING,Long implementation duration,Schedule pressure,No thresholded rule warning
701570,"Replacement and revamping of pipeline projects in oil jetty area, Kandla",Deendayal Port Trust [DPT],Gujarat,2026-06,92.0,100.0,-8.0,149.5,-12.57309941520468,0.1854734470021498,MODERATE EARLY-WARNING SIGNAL,STABLE,No thresholded rule warning,No thresholded rule warning,No thresholded rule warning
701574,Deepening and Optimization of Inner Harbour facilities including development of Western Dock on BOT basis to handle Cape size vessels,Paradip Port Trust [PPT],Odisha,2026-06,74.0,69.49152542372882,4.508474576271183,2244.12,5.197204969031688,0.23419371240992992,MODERATE EARLY-WARNING SIGNAL,STABLE,No thresholded rule warning,No thresholded rule warning,No thresholded rule warning
701593,4G Services by BSNL,Department of Telecommunications [DoT],PAN India,2026-06,98.4,100.0,-1.5999999999999943,9142.63,-67.88228061547109,0.28345130598242957,MODERATE EARLY-WARNING SIGNAL,WORSENING,Long implementation duration,No thresholded rule warning,No thresholded rule warning
701597,Provision of 4G Mobile Services in Uncovered Villages of Arunachal Pradesh and 2 Districts of Assam,Department of Telecommunications,"Multi-States (Arunachal Pradesh, Assam)",2026-06,99.6,100.0,-0.4000000000000057,237.98,-81.044851014345,0.14828915835062148,MODERATE EARLY-WARNING SIGNAL,STABLE,No thresholded rule warning,No thresholded rule warning,No thresholded rule warning
701598,Provision of 4G based Mobile Services in Uncovered Villages and National Highways of Meghalaya,Department of Telecommunications,Meghalaya,2026-06,99.84,100.0,-0.1599999999999966,167.23,-82.79455944689082,0.1760446947660078,MODERATE EARLY-WARNING SIGNAL,STABLE,Long implementation duration,No thresholded rule warning,No thresholded rule warning
701599,Mobile connectivity in Left Wing Extremism [LWE] affected areas-Phase2,Department of Telecommunications [DoT],"Multi-States (Andhra Pradesh, Bihar, Chhattisgarh, Jharkhand, Madhya Pradesh, Maharashtra, Odisha, Telangana, Uttar Pradesh, West Bengal)",2026-06,88.0,100.0,-12.0,480.91,-69.51577426041317,0.19462733018768444,MODERATE EARLY-WARNING SIGNAL,STABLE,Schedule pressure,No thresholded rule warning,No thresholded rule warning
701602,"Provision of 4G based mobile services in 7,287 uncovered villages of 44 Aspirational District across 5 states of Andhra Pradesh, Chhattisgarh, Jharkhand, Maharashtra & Odisha",Department of Telecommunications [DoT],"Multi-States (Andhra Pradesh, Chhattisgarh, Jharkhand, Maharashtra, Odisha)",2026-06,81.2,100.0,-18.799999999999997,1100.41,-70.13812754409769,0.32025646334230456,HIGH EARLY-WARNING SIGNAL,STABLE,Schedule pressure,No thresholded rule warning,No thresholded rule warning
701657,Tumakuru Node - Phase 1 - Roads and Services Development,National Highways & Infrastructure Development Corporation Ltd. [NHIDCL],Karnataka,2026-06,25.67,93.02325581395348,-67.35325581395348,324.12,-73.97765142803496,0.21231909642556476,MODERATE EARLY-WARNING SIGNAL,STABLE,Progress behind expected,Schedule pressure,No thresholded rule warning
701658,Krishnapatnam Node - Phase 1 - Roads and Services Development,National Industrial Corridor Development Corporation,Andhra Pradesh,2026-06,45.43,77.77777777777777,-32.34777777777777,981.35,-31.908297913888156,0.23609712810487377,MODERATE EARLY-WARNING SIGNAL,WORSENING,Progress behind expected,No thresholded rule warning,No thresholded rule warning
701668,Development of Palakkad Node under extension of CBIC to Kochi,National Industrial Corridor Development Corporation,Kerala,2026-06,5.25,19.047619047619047,-13.797619047619047,0.0,-19.047619047619047,0.08211953743950992,LOW EARLY-WARNING SIGNAL,STABLE,No thresholded rule warning,No thresholded rule warning,No thresholded rule warning
701719,Rehablitation in Junavadaj Area Smart City Project,ministry of housing and urban affairs,Gujarat,2026-06,98.5,100.0,-1.5,623.44,15.66604823747683,0.30695222990843357,HIGH EARLY-WARNING SIGNAL,STABLE,Long implementation duration,No thresholded rule warning,No thresholded rule warning
701745,New Suburba Station Development Project,ministry of housing and urban affairs,Maharashtra,2026-06,6.0,100.0,-94.0,17.62,-93.29426092251484,0.23352292183871873,MODERATE EARLY-WARNING SIGNAL,STABLE,Progress behind expected,Long implementation duration,Schedule pressure
701766,Green Building Development Project,ministry of housing and urban affairs,Uttarakhand,2026-06,40.05,100.0,-59.95,56.76,-62.40312644896337,0.24165986920375385,MODERATE EARLY-WARNING SIGNAL,STABLE,Progress behind expected,Long implementation duration,Schedule pressure
701991,Kalyan Station Precinct Imporvement Project,ministry of housing and urban affairs,Maharashtra,2026-06,84.0,100.0,-16.0,523.76,-12.706666666666663,0.2792708515071872,MODERATE EARLY-WARNING SIGNAL,STABLE,Long implementation duration,Schedule pressure,No thresholded rule warning
702625,Bhopal Metro Rail Project,Madhya Pradesh Metro Rail Co Limited [MPMRCL],Madhya Pradesh,2026-06,62.5,100.0,-37.5,4362.43,-37.15345607514334,0.3248606062315675,HIGH EARLY-WARNING SIGNAL,STABLE,Progress behind expected,Long implementation duration,Schedule pressure
702626,Indore Metro Rail Project,Madhya Pradesh Metro Rail Co Limited [MPMRCL],Madhya Pradesh,2026-06,65.19,100.0,-34.81,5044.0,-32.75383959044369,0.3312821209940533,HIGH EARLY-WARNING SIGNAL,STABLE,Progress behind expected,Long implementation duration,Schedule pressure
702627,Patna Metro Rail Project,Patna Metro Rail Corporation Ltd. [PMRCL],Bihar,2026-06,50.05,100.0,-49.95,5198.09,-61.10893723294655,0.2819520583234913,MODERATE EARLY-WARNING SIGNAL,STABLE,Progress behind expected,Long implementation duration,Schedule pressure
702628,Kanpur Metro Rail Project,Uttar Pradesh metro rail corporation [UPMRC],Uttar Pradesh,2026-06,82.5,100.0,-17.5,9131.15,-17.56270945282256,0.2814527525117283,MODERATE EARLY-WARNING SIGNAL,STABLE,Long implementation duration,Schedule pressure,No thresholded rule warning
702629,Agra Metro Rail Project,Uttar Pradesh metro rail corporation [UPMRC],Uttar Pradesh,2026-06,72.5,100.0,-27.5,6081.28,-27.427735386568855,0.24137872715307537,MODERATE EARLY-WARNING SIGNAL,STABLE,Progress behind expected,Long implementation duration,Schedule pressure
702630,Surat Metro Rail Project,Gujarat Metro Rail Corporation Limited [GMRCL],Gujarat,2026-06,81.1,100.0,-18.900000000000006,9166.71,-23.739883796770812,0.3067513895603304,HIGH EARLY-WARNING SIGNAL,STABLE,Long implementation duration,Schedule pressure,No thresholded rule warning
702632,DMRTS Phase - IV [3 Priority Corridors],Delhi Metro Rail Corporation Limited [DMRC],Delhi,2026-06,82.2,100.0,-17.799999999999997,21041.39,-15.661208121481522,0.36352060074550835,HIGH EARLY-WARNING SIGNAL,WORSENING,Long implementation duration,Schedule pressure,No thresholded rule warning
702635,Construction of Bangalore Metro Rail Project Phase 2.,Bengaluru Metro Rail,Karnataka,2026-06,95.6,100.0,-4.400000000000006,29812.97,12.905934223412572,0.4213410560818973,HIGH EARLY-WARNING SIGNAL,STABLE,Long implementation duration,No thresholded rule warning,No thresholded rule warning
702637,Mumbai Metro Line 3,Mumbai Metro Rail Corporation Limited [MMRC],Maharashtra,2026-06,97.86,100.0,-2.1400000000000006,33648.26,45.43680843706778,0.41719730258559,HIGH EARLY-WARNING SIGNAL,STABLE,Expenditure ahead of progress,Long implementation duration,No thresholded rule warning
702658,Nagpur Metro Rail Phase II Development Project,Maharashtra Metro Rail Corporation Limited [MMRCL],Maharashtra,2026-06,40.86,70.0,-29.14,2026.56,-39.78890876565295,0.23212935970277954,MODERATE EARLY-WARNING SIGNAL,WORSENING,Progress behind expected,No thresholded rule warning,No thresholded rule warning
702664,Kochi Metro Rail Phase 2 Development Project,CSPCC Projects,Kerala,2026-06,38.0,89.58333333333333,-51.58333333333333,752.34,-51.14077948953782,0.18313025419745635,MODERATE EARLY-WARNING SIGNAL,STABLE,Progress behind expected,Schedule pressure,No thresholded rule warning
702665,Construction Bangalore Metro Rail Project Phase-2A & 2B,Bengaluru Metro Rail,Karnataka,2026-06,66.0,100.0,-34.0,10376.43,-29.832568078387354,0.32353300024089543,HIGH EARLY-WARNING SIGNAL,STABLE,Progress behind expected,Long implementation duration,Schedule pressure
702668,Chennai Metro Rail Phase-II Development Project,Chennai Metro Rail Limited [CMRL],Tamil Nadu,2026-06,53.36,63.80952380952381,-10.44952380952381,33774.0,-10.408518212331892,0.28174246477241527,MODERATE EARLY-WARNING SIGNAL,STABLE,Long implementation duration,No thresholded rule warning,No thresholded rule warning
702674,"ESR - 8 nos., distribution system - 216 Km, new house service connections - 38760 nos. upgrading of feeder mains, pumping station etc. - Phase II",Ministry of Housing & Urban Affairs,Andhra Pradesh,2026-06,82.0,100.0,-18.0,88.86,-48.403205202647776,0.18510124695104954,MODERATE EARLY-WARNING SIGNAL,STABLE,Long implementation duration,Schedule pressure,No thresholded rule warning
702699,Muzaffarpur Storm Water Drainage Phase-I Project,Ministry of Housing & Urban Affairs,Bihar,2026-06,85.0,100.0,-15.0,135.72,-14.523239702733349,0.23978103944912793,MODERATE EARLY-WARNING SIGNAL,STABLE,Long implementation duration,Schedule pressure,No thresholded rule warning
702734,Sewerage Management Scheme Part-3 Implementation,Ministry of Housing & Urban Affairs,Haryana,2026-06,88.0,100.0,-12.0,228.49,-17.81230890975145,0.2320797483935613,MODERATE EARLY-WARNING SIGNAL,STABLE,Long implementation duration,Schedule pressure,No thresholded rule warning
702741,Dhanbad Water Supply Infrastructure Project,Ministry of Housing & Urban Affairs,Jharkhand,2026-06,76.0,100.0,-24.0,129.16,-40.35557607942739,0.29517580218458356,MODERATE EARLY-WARNING SIGNAL,STABLE,Progress behind expected,Long implementation duration,Schedule pressure
702742,SAAP-3 Water Supply Infrastructure SAAP-3 Project,Ministry of Housing & Urban Affairs,Jharkhand,2026-06,67.0,100.0,-33.0,87.5,-45.07563869185864,0.31596340945535095,HIGH EARLY-WARNING SIGNAL,STABLE,Progress behind expected,Long implementation duration,Schedule pressure
702746,Augmentation and Strenghthning of Urban Water Supply Phase 1 - SAAP 3,Ministry of Housing & Urban Affairs,Jharkhand,2026-06,81.0,100.0,-19.0,186.5,-32.981170044559434,0.28321059410201843,MODERATE EARLY-WARNING SIGNAL,STABLE,Long implementation duration,Schedule pressure,No thresholded rule warning
702760,Belgavi Improvement in Sewerage System Project,Ministry of Housing & Urban Affairs,Karnataka,2026-06,80.0,100.0,-20.0,79.5,-51.14607017759479,0.2667230300040114,MODERATE EARLY-WARNING SIGNAL,STABLE,Long implementation duration,Schedule pressure,No thresholded rule warning
702793,Indore Water Supply Infrastructure Project,Ministry of Housing & Urban Affairs,Madhya Pradesh,2026-06,99.0,100.0,-1.0,252.5,-12.072988125500586,0.2762782783341246,MODERATE EARLY-WARNING SIGNAL,STABLE,Long implementation duration,No thresholded rule warning,No thresholded rule warning
702808,Satna Sewerage Management and Treatment Infrastructure Project,Ministry of Housing & Urban Affairs,Madhya Pradesh,2026-06,96.0,100.0,-4.0,200.32,4.572979745249526,0.3097664015599156,HIGH EARLY-WARNING SIGNAL,STABLE,Long implementation duration,No thresholded rule warning,No thresholded rule warning
702810,Singrauli Sewerage Management and Treatment Infrastructure Project,Ministry of Housing & Urban Affairs,Madhya Pradesh,2026-06,90.0,100.0,-10.0,371.17,-7.6714509589313735,0.27440511810701723,MODERATE EARLY-WARNING SIGNAL,STABLE,Long implementation duration,No thresholded rule warning,No thresholded rule warning
702833,Kalyan-Dombivali Water Supply Infrastructure Project,Ministry of Housing & Urban Affairs,Maharashtra,2026-06,75.0,100.0,-25.0,136.56,-29.680741503604523,0.2554421906225215,MODERATE EARLY-WARNING SIGNAL,STABLE,Progress behind expected,Long implementation duration,Schedule pressure
702851,Pune Water Supply Infrastructure Project,Ministry of Housing & Urban Affairs,Maharashtra,2026-05,96.0,100.0,-4.0,220.77,-6.433566433566426,0.26047730573963634,MODERATE EARLY-WARNING SIGNAL,IMPROVING,Long implementation duration,No thresholded rule warning,No thresholded rule warning
702949,Jhansi Water Supply Infrastructure Phase-II Project,Ministry of Housing & Urban Affairs,Uttar Pradesh,2026-06,95.0,100.0,-5.0,506.52,-9.830170541531672,0.2477142602861366,MODERATE EARLY-WARNING SIGNAL,STABLE,Long implementation duration,No thresholded rule warning,No thresholded rule warning
702958,Lucknow Sewerage Management Infrastructure Project,Ministry of Housing & Urban Affairs,Uttar Pradesh,2026-06,95.0,100.0,-5.0,152.65,7.152885020356592,0.18683975856392437,MODERATE EARLY-WARNING SIGNAL,STABLE,Long implementation duration,No thresholded rule warning,No thresholded rule warning
703021,Jalandhar Water Supply Infrastructure Project,Ministry of Housing & Urban Affairs,Punjab,2026-06,90.0,100.0,-10.0,161.02,-37.717092793873036,0.1749937824840369,MODERATE EARLY-WARNING SIGNAL,STABLE,Long implementation duration,No thresholded rule warning,No thresholded rule warning
703057,Patiala Water Supply Infrastructure Part-2 Project,Ministry of Housing & Urban Affairs,Punjab,2026-06,99.0,100.0,-1.0,213.64,-25.5609756097561,0.19572827850618202,MODERATE EARLY-WARNING SIGNAL,STABLE,Long implementation duration,No thresholded rule warning,No thresholded rule warning
703585,Yeshvanthpur - Channasandra Doubling Project [21.70 Km],Karnataka Rail Infrastructure Development Company Limited [K-RIDE],Karnataka,2026-05,56.8,100.0,-43.2,173.5,-44.76281439032156,0.22806950273210835,MODERATE EARLY-WARNING SIGNAL,IMPROVING,Progress behind expected,Long implementation duration,Schedule pressure
703586,Baiyyappanahalli - Hosur Doubling Project [48 km],Karnataka Rail Infrastructure Development Company Limited [K-RIDE],"Multi-States (Karnataka, Tamil Nadu)",2026-06,88.3,100.0,-11.700000000000003,713.85,43.14216964106677,0.2598953223046833,MODERATE EARLY-WARNING SIGNAL,STABLE,Expenditure ahead of progress,Long implementation duration,Schedule pressure
704495,"502 Aspirational District Scheme in Four states - Bihar, Madhya Pradesh, Rajastha and Uttar Pradesh",Department of Telecommunications [DoT],"Multi-States (Bihar, Madhya Pradesh, Rajasthan, Uttar Pradesh)",2026-06,99.0,100.0,-1.0,152.96,-63.72346733072453,0.2006852442429253,MODERATE EARLY-WARNING SIGNAL,WORSENING,Long implementation duration,No thresholded rule warning,No thresholded rule warning
705237,Western Dedicated Freight Corridor,DFCCIL,"Multi-States (Gujarat, Haryana, Maharashtra, Rajasthan, Uttar Pradesh)",2026-06,96.0,100.0,-4.0,124623.0,143.87585370149313,0.4455878686421093,HIGH EARLY-WARNING SIGNAL,STABLE,Expenditure ahead of progress,Long implementation duration,No thresholded rule warning
705244,Coach Production Factory Upgradation Project,CPM/ICF,Tamil Nadu,2026-06,0.0,100.0,-100.0,192.25,-63.02884615384615,0.23989432763765325,MODERATE EARLY-WARNING SIGNAL,STABLE,Progress behind expected,Long implementation duration,Schedule pressure
705252,Kazipet Wagon Overhauling Project,RVNL,Telangana,2026-05,0.0,100.0,-100.0,0.0,-100.0,0.210070282414269,MODERATE EARLY-WARNING SIGNAL,IMPROVING,Progress behind expected,Long implementation duration,Schedule pressure
705253,Kurnool Coach Midlife Rehabilitation Project,South Central Railway [SCR] - II,Andhra Pradesh,2026-06,75.01,100.0,-24.989999999999995,959.27,70.3854351687389,0.4017568785384056,HIGH EARLY-WARNING SIGNAL,STABLE,Progress behind expected,Expenditure ahead of progress,Long implementation duration
705298,North Region Video Surveillance Project,RCIL,PAN India,2026-06,48.0,100.0,-52.0,0.0,-100.0,0.18872738113449183,MODERATE EARLY-WARNING SIGNAL,STABLE,Progress behind expected,Schedule pressure,No thresholded rule warning
705356,Ahmednagar - Beed - Parli - Vaijnath New Broad Gauge Line Railway Project [261.3 km],Central Railway [CR] - II,Maharashtra,2026-06,93.0,100.0,-7.0,5233.2,106.13943521607771,0.5408440041858062,VERY HIGH EARLY-WARNING SIGNAL,STABLE,Expenditure ahead of progress,Long implementation duration,No thresholded rule warning
705357,Baramati Lonand New Line Project,Central Railway,Maharashtra,2026-06,60.0,97.32142857142857,-37.32142857142857,1039.72,653.4873524799868,0.40107375913440274,HIGH EARLY-WARNING SIGNAL,STABLE,Progress behind expected,Expenditure ahead of progress,Long implementation duration
705358,Khurda-Bolangir New Broad Gauge Rail Link [301km],East Coast Railway [ECoR] - II,Odisha,2026-06,92.5,98.05825242718447,-5.55825242718447,5789.53,54.619226475769125,0.5956618973563592,VERY HIGH EARLY-WARNING SIGNAL,STABLE,Expenditure ahead of progress,Long implementation duration,No thresholded rule warning
705359,Talcher-Bimlagarh New Railway Line,East Coast Railway [ECoR] - II,Odisha,2026-06,57.0,100.0,-43.0,2127.3,10.337136929460598,0.4960352752989824,HIGH EARLY-WARNING SIGNAL,STABLE,Progress behind expected,Long implementation duration,Schedule pressure
705362,"Jaynagar-Bijalpura, incl. extn. Bet, Bijalpura-Bardibas [Nepal]",East Central Railway [ECR] - I,Offshore,2026-05,75.0,100.0,-25.0,580.51,-29.119658119658126,0.31289970917250837,HIGH EARLY-WARNING SIGNAL,IMPROVING,Progress behind expected,Long implementation duration,Schedule pressure
705364,Khagaria-Kusheshwar Asthan [42Km] new line project,East Central Railway [ECR] - I,Bihar,2026-05,55.7,100.0,-44.3,491.56,-19.9413680781759,0.25065836847454387,MODERATE EARLY-WARNING SIGNAL,IMPROVING,Progress behind expected,Long implementation duration,Schedule pressure
705366,Hajipur-Sagauli New line,East Central Railway [ECR] - I,Bihar,2026-06,75.6,100.0,-24.400000000000006,2182.46,5.5858732462506,0.4738597342708482,HIGH EARLY-WARNING SIGNAL,STABLE,Progress behind expected,Long implementation duration,Schedule pressure
705368,Araria Supaul New BG Line,East Central Railway [ECR] - I,Bihar,2026-06,46.9,100.0,-53.1,1725.95,7.535825545171335,0.36634793699262147,HIGH EARLY-WARNING SIGNAL,STABLE,Progress behind expected,Long implementation duration,Schedule pressure
705373,"Fatuha-Islampur incl. MM for extn.of NL from Neora to Daniawan , Daniawan to Biharsharif, Biharsharif to Barbigha , Barbigha to Shekhpura",East Central Railway [ECR] - I,Bihar,2026-06,98.2,100.0,-1.7999999999999972,2712.19,84.12695179904955,0.36903609169058554,HIGH EARLY-WARNING SIGNAL,STABLE,Expenditure ahead of progress,Long implementation duration,No thresholded rule warning
705375,Koderma-Tilaiya New Line,East Central Railway [ECR] - I,"Multi-States (Bihar, Jharkhand)",2026-06,95.6,100.0,-4.400000000000006,2221.76,36.63960639606398,0.479439503954322,HIGH EARLY-WARNING SIGNAL,STABLE,Expenditure ahead of progress,Long implementation duration,No thresholded rule warning
705385,Pirpainti - Jasidih [100.52 Km] New BG line,Eastern Railway [ER] - I,"Multi-States (Bihar, Jharkhand)",2026-06,61.9,70.83333333333333,-8.93333333333333,1117.17,-27.108480104370514,0.34629530825579147,HIGH EARLY-WARNING SIGNAL,STABLE,No thresholded rule warning,No thresholded rule warning,No thresholded rule warning
705391,Jiribam-Imphal new line project,Northeast Frontier Railway [NFR],Manipur,2026-06,73.05,97.36842105263158,-24.318421052631578,16327.07,16.623549903173767,0.49370828682919227,HIGH EARLY-WARNING SIGNAL,STABLE,Progress behind expected,Long implementation duration,Schedule pressure
705392,Dimapur [Dhansiri]-Sukhobi Kohima [Zubza] NL [82.5 Km],Northeast Frontier Railway [NFR] - II,"Multi-States (Assam, Nagaland)",2026-06,46.5,100.0,-53.5,6748.9,1.2892090649857408,0.3936607949727781,HIGH EARLY-WARNING SIGNAL,STABLE,Progress behind expected,Long implementation duration,Schedule pressure
705394,Tetlia-Byrnihat New Railway Line,Northeast Frontier Railway [NFR],"Multi-States (Assam, Meghalaya)",2026-06,86.16,100.0,-13.840000000000003,1258.8,-3.5121338014134267,0.48588053563076955,HIGH EARLY-WARNING SIGNAL,STABLE,Long implementation duration,Schedule pressure,No thresholded rule warning
705396,Byrnihat-Shillong New Rail Line- 108 km,Northeast Frontier Railway [NFR],Meghalaya,2026-05,2.04,100.0,-97.96,266.12,-96.80308687357946,0.23546244477311878,MODERATE EARLY-WARNING SIGNAL,IMPROVING,Progress behind expected,Long implementation duration,Schedule pressure
705401,Murkongselek-Pasighat,Northeast Frontier Railway [NFR] - II,"Multi-States (Arunachal Pradesh, Assam)",2026-06,72.0,100.0,-28.0,887.87,104.1080459770115,0.22695714977996398,MODERATE EARLY-WARNING SIGNAL,STABLE,Progress behind expected,Expenditure ahead of progress,Schedule pressure
705410,Nangal Dam-Talwara New Broad Gauge Line [84 KM] and Taking Over Siding Mukerian-Talwara [29 KM],Northen Railway [NR],"Multi-States (Himachal Pradesh, Punjab)",2026-06,85.5,100.0,-14.5,2398.08,18.834489593657082,0.4357992495281785,HIGH EARLY-WARNING SIGNAL,STABLE,Long implementation duration,Schedule pressure,No thresholded rule warning
705419,Gwalior - Seopurkala with extension to Kota [Gauge Conversion],North Central Railway,"Multi-States (Madhya Pradesh, Rajasthan)",2026-06,95.0,100.0,-5.0,2270.23,-22.065568142808104,0.39937217457354623,HIGH EARLY-WARNING SIGNAL,STABLE,Long implementation duration,No thresholded rule warning,No thresholded rule warning
705424,Chandigarh-Baddi New Rail Line- 36 km,Northen Railway [NR],"Multi-States (Haryana, Himachal Pradesh)",2026-06,44.0,94.33962264150944,-50.339622641509436,606.07,-54.98442783631462,0.29635675700698755,MODERATE EARLY-WARNING SIGNAL,STABLE,Progress behind expected,Long implementation duration,Schedule pressure
705428,Bhanupalli-Bilaspur-Beri New Railway Line Project,RVNL - II,"Multi-States (Himachal Pradesh, Punjab)",2026-05,64.0,95.0,-31.0,7688.76,-37.821744627054365,0.40856011871201536,HIGH EARLY-WARNING SIGNAL,IMPROVING,Progress behind expected,Long implementation duration,Schedule pressure
705429,Rishikesh-Karnaprayag New Rail Line- 125 km,RVNL - II,Uttarakhand,2026-05,74.5,100.0,-25.5,28508.86,-26.812158241983923,0.3663858129390197,HIGH EARLY-WARNING SIGNAL,IMPROVING,Progress behind expected,Long implementation duration,Schedule pressure
705432,Sivok-Rangpo New Rail Line,Indian Railway Construction International Limited [IRCON],"Multi-States (Sikkim, West Bengal)",2026-06,80.0,100.0,-20.0,11090.47,40.79560746477085,0.6031944393659536,VERY HIGH EARLY-WARNING SIGNAL,IMPROVING,Recent progress slowdown,Expenditure ahead of progress,Long implementation duration
705433,Dallirajhra- Rowghat New Railway Line - Phase I [95 km],Rail Vikas Nigam Limited,Chhattisgarh,2026-06,82.0,100.0,-18.0,1440.85,-11.495700245700249,0.4567841026460712,HIGH EARLY-WARNING SIGNAL,STABLE,Long implementation duration,Schedule pressure,No thresholded rule warning
705434,New Railway Line between Ginigera and Raichur [165.57 km],South Western Railway [SWR] - II,Karnataka,2026-05,70.5,100.0,-29.5,2373.6,-7.461988304093566,0.5453500543079369,VERY HIGH EARLY-WARNING SIGNAL,STABLE,Progress behind expected,Long implementation duration,Schedule pressure
705436,Kotapalli - Narasapur New Line,South Central Railway [SCR] - II,Andhra Pradesh,2026-05,30.02,87.35632183908046,-57.33632183908047,1417.7,-30.670995969428326,0.3146534035876796,HIGH EARLY-WARNING SIGNAL,IMPROVING,Progress behind expected,Long implementation duration,Schedule pressure
705437,Manoharabad-Kothapalli New Rail Line [151 km],South Central Railway [SCR] - II,Telangana,2026-05,72.02,91.80327868852459,-19.78327868852459,3073.41,173.1458592425099,0.4794250583066302,HIGH EARLY-WARNING SIGNAL,IMPROVING,Expenditure ahead of progress,Long implementation duration,Schedule pressure
705444,Gevra Road-Pendra Road New Railway Line [135 km],Indian Railway Construction International Limited [IRCON],Chhattisgarh,2026-06,83.36,100.0,-16.64,5327.55,7.194164989939637,0.5777857536402063,VERY HIGH EARLY-WARNING SIGNAL,STABLE,Long implementation duration,Schedule pressure,No thresholded rule warning
705450,Jogbani-Biratnagar New Rail Line project,Indian Railway Construction International Limited [IRCON],Bihar,2026-06,86.5,100.0,-13.5,369.48,-8.089552238805965,0.3110173205989476,HIGH EARLY-WARNING SIGNAL,STABLE,Long implementation duration,Schedule pressure,No thresholded rule warning
705453,"New line Dahod-Indore via Sardarpur, Jabuwa and Dhar",Western Railway [WR] - II,"Multi-States (Gujarat, Madhya Pradesh)",2026-06,55.0,95.45454545454545,-40.45454545454545,4166.4,818.0894280582924,0.41597710876659794,HIGH EARLY-WARNING SIGNAL,STABLE,Progress behind expected,Expenditure ahead of progress,Long implementation duration
705454,Chhota Udaipur - Dhar New Line Project [157 km],Western Railway [WR] - II,"Multi-States (Gujarat, Madhya Pradesh)",2026-06,80.5,100.0,-19.5,1828.91,1.9459308807134903,0.5401363554709714,VERY HIGH EARLY-WARNING SIGNAL,STABLE,Long implementation duration,Schedule pressure,No thresholded rule warning
705457,Ratlam-Mhow-Khandwa-Akola Gauge Conversion,Western Railway [WR] - II,"Multi-States (Madhya Pradesh, Maharashtra)",2026-06,83.0,95.58823529411765,-12.588235294117652,4606.71,182.55274583795781,0.5220431278052993,VERY HIGH EARLY-WARNING SIGNAL,STABLE,Expenditure ahead of progress,Long implementation duration,Schedule pressure
705458,Miyagam-Karjan-Dabhoi-Samlaya [GC],Western Railway [WR] - II,Gujarat,2026-06,45.0,100.0,-55.0,723.52,49.52467553938993,0.2709676174187062,MODERATE EARLY-WARNING SIGNAL,STABLE,Progress behind expected,Expenditure ahead of progress,Long implementation duration
705464,Bangalore-Satyamanglam New Line Project [260 Km] - Part Hejjala - Chamarajanagar [142 Km],South Western Railway [SWR] - II,Karnataka,2026-05,0.0,,,0.0,,0.2634337182253729,MODERATE EARLY-WARNING SIGNAL,IMPROVING,No thresholded rule warning,No thresholded rule warning,No thresholded rule warning
705479,Wadsa-Gadchiroli,South East Central Railway,Maharashtra,2026-06,68.0,95.0,-27.0,846.22,-50.13149522799576,0.36749583372940137,HIGH EARLY-WARNING SIGNAL,WORSENING,Progress behind expected,Long implementation duration,Schedule pressure
705480,"Lalitpur-Satna, Rewa-Singrauli & Mahoba-Khajuraho",North Central Railway,Madhya Pradesh,2026-06,74.0,97.41379310344827,-23.41379310344827,6889.55,-20.124697299095573,0.4123471107297752,HIGH EARLY-WARNING SIGNAL,STABLE,Progress behind expected,Long implementation duration,Schedule pressure
705481,Ramganjmandi-Bhopal New Line Project [276.50 km],West Central Railway [WCR] - II,"Multi-States (Madhya Pradesh, Rajasthan)",2026-04,81.0,100.0,-19.0,4139.87,36.53924802110819,0.5135779141243194,VERY HIGH EARLY-WARNING SIGNAL,,Expenditure ahead of progress,Long implementation duration,Schedule pressure
705482,Dholpur - Sirmuttra Gauge Conversion,North Central Railway,Rajasthan,2026-05,49.7,,,509.8,,0.23175810345423717,MODERATE EARLY-WARNING SIGNAL,IMPROVING,Long implementation duration,No thresholded rule warning,No thresholded rule warning
705489,Madurai- Tuticorin New Line,Ministry of Railways,Tamil Nadu,2026-04,0.0,100.0,-100.0,641.26,6.622549590143507,0.41148960755380565,HIGH EARLY-WARNING SIGNAL,,Progress behind expected,Long implementation duration,Schedule pressure
705490,Gadag-Wadi New Railway Line [257 km],South Western Railway [SWR] - II,Karnataka,2026-06,36.5,92.17391304347827,-55.673913043478265,1604.89,-35.70346969372457,0.4641071986508369,HIGH EARLY-WARNING SIGNAL,IMPROVING,Progress behind expected,Recent progress slowdown,Long implementation duration
705491,Marikuppam - Kuppam New Line Project [23.70 Km],South Western Railway [SWR] - II,"Multi-States (Andhra Pradesh, Karnataka)",2026-06,21.5,100.0,-78.5,147.99,-50.17171717171717,0.29034653909086033,MODERATE EARLY-WARNING SIGNAL,STABLE,Progress behind expected,Long implementation duration,Schedule pressure
705492,Kadur - Chickamagalur - Sakleshpur [93km],South Western Railway [SWR] - II,Karnataka,2026-06,84.8,100.0,-15.200000000000003,789.58,-4.2933333333333366,0.4519500503121536,HIGH EARLY-WARNING SIGNAL,STABLE,Long implementation duration,Schedule pressure,No thresholded rule warning
705493,Hubli-Ankola New Line Project [164.44 km],South Western Railway [SWR] - II,Karnataka,2026-06,4.7,100.0,-95.3,180.48,-96.51178971781987,0.3031494041748436,HIGH EARLY-WARNING SIGNAL,STABLE,Progress behind expected,Long implementation duration,Schedule pressure
705494,Rayadurg-Tumkur via Kalyandurg New Line [207 km],South Western Railway [SWR] - II,"Multi-States (Andhra Pradesh, Karnataka)",2026-06,73.0,100.0,-27.0,1943.23,-22.146233974358978,0.4920052226410298,HIGH EARLY-WARNING SIGNAL,STABLE,Progress behind expected,Long implementation duration,Schedule pressure
705495,Bagalkot-Kudachi New Railway Line [142 km],South Western Railway [SWR] - II,Karnataka,2026-06,36.5,94.76744186046511,-58.26744186046511,809.24,-36.04175245553042,0.3975600835935071,HIGH EARLY-WARNING SIGNAL,STABLE,Progress behind expected,Long implementation duration,Schedule pressure
705496,Tumkur-Chitradurga-Davangere New Rail Line Project [191 km],South Western Railway [SWR] - II,Karnataka,2026-06,16.0,100.0,-84.0,602.36,-67.8912579957356,0.27757701284276304,MODERATE EARLY-WARNING SIGNAL,STABLE,Progress behind expected,Long implementation duration,Schedule pressure
705497,Wardha - Yavatmal Nanded Railway Line Project,Central Railways,Maharashtra,2026-06,47.0,96.34146341463415,-49.34146341463415,4053.03,21.296563601567442,0.43932037579600036,HIGH EARLY-WARNING SIGNAL,STABLE,Progress behind expected,Expenditure ahead of progress,Long implementation duration
705498,3rd Line Kalyan - Kasara [67.35 Kilometres],Central Railway,Maharashtra,2026-06,73.0,95.55555555555556,-22.555555555555557,1088.38,41.71190903600193,0.47975355881011034,HIGH EARLY-WARNING SIGNAL,STABLE,Progress behind expected,Expenditure ahead of progress,Long implementation duration
705500,3rd Line Wardha - Sewagram - Nagpur,Central Railway [CR] - II,Maharashtra,2026-06,88.0,100.0,-12.0,842.78,56.06459020036294,0.4152118215152964,HIGH EARLY-WARNING SIGNAL,STABLE,Expenditure ahead of progress,Long implementation duration,Schedule pressure
705502,3rd Line Wardha - Ballarshah [132 Kilometres],Central Railway [CR] - II,Maharashtra,2026-06,86.0,100.0,-14.0,1841.71,33.00233982321336,0.5129911521128687,VERY HIGH EARLY-WARNING SIGNAL,WORSENING,Expenditure ahead of progress,Long implementation duration,Schedule pressure
705504,Doubling of Daund Manmad Line [247.6 km],Central Railway,Maharashtra,2026-06,92.0,100.0,-8.0,3111.8,49.514479140140395,0.44974451426545686,HIGH EARLY-WARNING SIGNAL,STABLE,Expenditure ahead of progress,Long implementation duration,No thresholded rule warning
705505,4th Line Wardha - Nagpur [78.7 Kilometres],Central Railway [CR] - II,Maharashtra,2026-06,88.0,100.0,-12.0,1061.23,66.3500274316169,0.4287630968647612,HIGH EARLY-WARNING SIGNAL,STABLE,Expenditure ahead of progress,Long implementation duration,Schedule pressure
705506,3rd Line Manmad - Jalgaon [160 Kilometres],Central Railway [CR] - II,Maharashtra,2026-06,100.0,100.0,0.0,1843.54,78.09227559024691,0.3923539396890504,HIGH EARLY-WARNING SIGNAL,STABLE,Expenditure ahead of progress,Long implementation duration,No thresholded rule warning
705507,Itarsi - Nagpur Third Railway Line [280 km],Central Railway [CR] - II,"Multi-States (Madhya Pradesh, Maharashtra)",2026-06,55.0,92.85714285714286,-37.85714285714286,2195.77,-3.2305851468596245,0.5717397650437315,VERY HIGH EARLY-WARNING SIGNAL,STABLE,Progress behind expected,Long implementation duration,Schedule pressure
705510,Bhadrak-Nergundi Third Line,East Coast Railway [ECoR] - II,Odisha,2026-06,95.8,100.0,-4.200000000000003,1379.6,7.445482866043619,0.5696916702262856,VERY HIGH EARLY-WARNING SIGNAL,STABLE,Long implementation duration,No thresholded rule warning,No thresholded rule warning
705511,Jagdalpur-Koraput,East Coast Railway [ECoR] - II,"Multi-States (Chhattisgarh, Odisha)",2026-06,92.55,100.0,-7.450000000000003,1403.9,-9.250161603102782,0.634921911155283,VERY HIGH EARLY-WARNING SIGNAL,STABLE,Recent progress slowdown,Long implementation duration,No thresholded rule warning
705512,Doubling of Kottavalasa-Koraput Rail Line [189 KM],East Coast Railway [ECoR] - II,"Multi-States (Andhra Pradesh, Odisha)",2026-06,73.0,100.0,-27.0,2217.87,-11.285200000000003,0.5554249529118099,VERY HIGH EARLY-WARNING SIGNAL,STABLE,Progress behind expected,Long implementation duration,Schedule pressure
705513,Koraput - Singapur Railway Doubling,East Coast Railway [ECoR] - II,Odisha,2026-06,67.67,87.5,-19.83,2007.83,-2.494496189669775,0.660951624616419,VERY HIGH EARLY-WARNING SIGNAL,IMPROVING,Recent progress slowdown,Long implementation duration,Schedule pressure
705514,Jarapada- Budhapank with flyover at Talcher road 3rd and 4th Line,East Coast Railway [ECoR] - II,Odisha,2026-06,59.0,100.0,-41.0,478.83,-52.117,0.3367187587107988,HIGH EARLY-WARNING SIGNAL,STABLE,Progress behind expected,Long implementation duration,Schedule pressure
705515,3rd & 4th Railway Line Project from Salegaon to Budhapank via Rajathgarh.,East Coast Railway [ECoR] - II,Odisha,2026-06,90.0,100.0,-10.0,2138.09,82.27536231884059,0.5196077433869319,VERY HIGH EARLY-WARNING SIGNAL,STABLE,Expenditure ahead of progress,Long implementation duration,No thresholded rule warning
705526,Samastipur-Darbhanga Doubling Railway Project,East Central Railway [ECR] - I,Bihar,2026-06,100.0,100.0,0.0,412.58,-20.504816955684007,0.2498808956552998,MODERATE EARLY-WARNING SIGNAL,STABLE,Long implementation duration,No thresholded rule warning,No thresholded rule warning
705527,Sagauli-Valmiknagar,East Central Railway [ECR] - I,Bihar,2026-06,93.0,100.0,-7.0,2102.51,72.90378289473688,0.3571867294962936,HIGH EARLY-WARNING SIGNAL,STABLE,Expenditure ahead of progress,Long implementation duration,No thresholded rule warning
705528,Muzaffarpur-Sugauli,East Central Railway [ECR] - I,Bihar,2026-06,99.0,100.0,-1.0,1509.67,-4.812736443883992,0.3972745306731206,HIGH EARLY-WARNING SIGNAL,STABLE,Long implementation duration,No thresholded rule warning,No thresholded rule warning
705562,Chhapra-Ballia Patch Doubling,North Eastern Railway [NER],"Multi-States (Bihar, Uttar Pradesh)",2026-06,96.0,100.0,-4.0,918.18,-4.654205607476641,0.39790888963082166,HIGH EARLY-WARNING SIGNAL,STABLE,Long implementation duration,No thresholded rule warning,No thresholded rule warning
705567,Burhwal Gonda 3rd line,North Eastern Railway [NER],Uttar Pradesh,2026-06,88.5,100.0,-11.5,1058.77,4.2096456692913335,0.3212676054418469,HIGH EARLY-WARNING SIGNAL,STABLE,Long implementation duration,Schedule pressure,No thresholded rule warning
705572,Doubling of New Bonggigaon to Kamakhya via Goalpara - 176 km,Northeast Frontier Railway [NFR],Assam,2026-06,95.16,100.0,-4.840000000000003,3831.06,-5.6389162561576285,0.41651336347738294,HIGH EARLY-WARNING SIGNAL,STABLE,Long implementation duration,No thresholded rule warning,No thresholded rule warning
705583,Anand Vihar-Tilak Bridge 3rd & 4th line,CAO/C/NR,Delhi,2026-06,23.0,100.0,-77.0,333.72,-49.96701649175412,0.3000402427873183,HIGH EARLY-WARNING SIGNAL,WORSENING,Progress behind expected,Long implementation duration,Schedule pressure
705588,Janghai-Pratapgarh- Amethi,CAO/C/II/NR,Uttar Pradesh,2026-06,70.0,100.0,-30.0,1729.27,139.51108033240996,0.3129901758056671,HIGH EARLY-WARNING SIGNAL,STABLE,Progress behind expected,Expenditure ahead of progress,Long implementation duration
705598,Jhansi - Bina Third Railway Line [153 Km],CAO/C/NCR,"Multi-States (Madhya Pradesh, Uttar Pradesh)",2026-06,98.0,100.0,-2.0,1960.31,-2.082417582417577,0.3885420905031634,HIGH EARLY-WARNING SIGNAL,STABLE,Long implementation duration,No thresholded rule warning,No thresholded rule warning
705608,Jhansi-Khairar-Manikpur & Khirar-Bhimsen,North Central Railway,"Multi-States (Madhya Pradesh, Uttar Pradesh)",2026-06,73.0,100.0,-27.0,3102.72,-28.34364896073903,0.3632845367835222,HIGH EARLY-WARNING SIGNAL,STABLE,Progress behind expected,Long implementation duration,Schedule pressure
705610,"Renigunta, Wadi & Gooty Bypass Railway Project",South Central Railway [SCR] - II,"Multi-States (Andhra Pradesh, Karnataka)",2026-06,89.04,100.0,-10.959999999999994,636.74,110.84105960264901,0.35202466188900117,HIGH EARLY-WARNING SIGNAL,STABLE,Expenditure ahead of progress,Long implementation duration,Schedule pressure
705612,Kazipet-Vijayawada 3rd line with electrification [220 km],South Central Railway [SCR] - II,"Multi-States (Andhra Pradesh, Telangana)",2026-05,95.02,100.0,-4.980000000000004,5192.51,165.87352790578598,0.5636997902417005,VERY HIGH EARLY-WARNING SIGNAL,STABLE,Expenditure ahead of progress,Long implementation duration,No thresholded rule warning
705613,Third Line [new] between Kazipet - Balharshah with electrification [201.04 Km],South Central Railway [SCR] - II,"Multi-States (Maharashtra, Telangana)",2026-05,94.8,100.0,-5.200000000000003,4154.83,60.10905587668594,0.5215394396675881,VERY HIGH EARLY-WARNING SIGNAL,IMPROVING,Expenditure ahead of progress,Long implementation duration,No thresholded rule warning
705616,Jharsuguda-Bilaspur Fourth Railway Line [206 km],SECR,"Multi-States (Chhattisgarh, Odisha)",2026-06,97.0,100.0,-3.0,2302.69,7.6023364485981375,0.5235427945710364,VERY HIGH EARLY-WARNING SIGNAL,STABLE,Long implementation duration,No thresholded rule warning,No thresholded rule warning
705617,Rajnandgaon - Nagpur [Kalumna] Third Railway Line [228.30 km],South East Central Railway [SECR] - II,"Multi-States (Chhattisgarh, Maharashtra)",2026-06,96.0,100.0,-4.0,3678.97,3.7791255289139656,0.4694384132493742,HIGH EARLY-WARNING SIGNAL,STABLE,Long implementation duration,No thresholded rule warning,No thresholded rule warning
705628,Doubling of Hatia [Ranchi]-Bondamunda Rail Line - 159 km,South Eastern Railway - JH,"Multi-States (Jharkhand, Odisha)",2026-06,94.0,100.0,-6.0,2649.22,-12.53813139650049,0.4209423624306664,HIGH EARLY-WARNING SIGNAL,STABLE,Long implementation duration,No thresholded rule warning,No thresholded rule warning
705629,Narayangarh-Bhadrak 3rd line,South Eastern Railway [SER] - I,"Multi-States (Odisha, West Bengal)",2026-06,82.0,100.0,-18.0,2713.19,13.04958333333333,0.38225270585706805,HIGH EARLY-WARNING SIGNAL,STABLE,Long implementation duration,Schedule pressure,No thresholded rule warning
705632,Vijayawada - Kazipet Byepass line,South Central Railway [SCR] - II,"Multi-States (Andhra Pradesh, Telangana)",2026-06,93.6,100.0,-6.400000000000006,1249.39,93.10510046367853,0.4855362044543184,HIGH EARLY-WARNING SIGNAL,STABLE,Expenditure ahead of progress,Long implementation duration,No thresholded rule warning
705633,Guntur-Guntakal Doubling Project,South Central Railway [SCR] - II,Andhra Pradesh,2026-05,94.05,100.0,-5.950000000000003,5552.65,48.74497723010984,0.419153667809675,HIGH EARLY-WARNING SIGNAL,IMPROVING,Expenditure ahead of progress,Long implementation duration,No thresholded rule warning
705635,Trivandrum- Kanyakumari,Southern Railway [SR] - I,"Multi-States (Kerala, Tamil Nadu)",2026-06,58.0,100.0,-42.0,3213.64,124.41620111731842,0.3474462322876256,HIGH EARLY-WARNING SIGNAL,STABLE,Progress behind expected,Expenditure ahead of progress,Long implementation duration
705638,Kumbalam-Turavur doubling project [15.59 Km],Ministry of Railways,Kerala,2026-06,35.0,80.85106382978724,-45.851063829787236,151.83,-62.175787077019706,0.1519218489442938,MODERATE EARLY-WARNING SIGNAL,STABLE,Progress behind expected,Schedule pressure,No thresholded rule warning
705639,Ernakulam-Kumbalam doubling project [7.71 Km],SR-ERS,Kerala,2026-06,28.0,64.40677966101696,-36.406779661016955,313.97,-12.165515101948728,0.1544571742356929,MODERATE EARLY-WARNING SIGNAL,STABLE,Progress behind expected,No thresholded rule warning,No thresholded rule warning
705648,Vijaywada-Gudur 3rd Line,RVNL - II,Andhra Pradesh,2026-05,96.0,100.0,-4.0,6181.65,-7.0987376014427355,0.4347554261106121,HIGH EARLY-WARNING SIGNAL,STABLE,Long implementation duration,No thresholded rule warning,No thresholded rule warning
705650,Hospet - Tinaighat - Vasco Rail Doubling Project,RVNL - II,"Multi-States (Goa, Karnataka)",2026-05,86.2,94.31818181818181,-8.11818181818181,5332.52,11.06758893280633,0.7163268093232315,VERY HIGH EARLY-WARNING SIGNAL,WORSENING,Long implementation duration,No thresholded rule warning,No thresholded rule warning
705659,Satna-Rewa Railway Line Doubling Project,West Central Railway [WCR] - II,Madhya Pradesh,2026-06,88.0,100.0,-12.0,573.8,14.759999999999991,0.2941377615148799,MODERATE EARLY-WARNING SIGNAL,STABLE,Long implementation duration,Schedule pressure,No thresholded rule warning
705660,Doubling of Katni - Singrauli Railway Line [261 km],Indian Railway Construction International Limited [IRCON],Madhya Pradesh,2026-05,81.2,100.0,-18.799999999999997,3360.89,37.4597137014315,0.45618256902527105,HIGH EARLY-WARNING SIGNAL,IMPROVING,Expenditure ahead of progress,Long implementation duration,Schedule pressure
705661,Katni Grade Separator/Bye Pass,Indian Railway Construction International Limited [IRCON],Madhya Pradesh,2026-06,95.0,100.0,-5.0,1850.38,48.267628205128204,0.4319181337355229,HIGH EARLY-WARNING SIGNAL,STABLE,Expenditure ahead of progress,Long implementation duration,No thresholded rule warning
705663,Bangalore-Whitefield-Bangalore City-Krishnarajapuram [23.08 km] - Quadrupling,South Western Railway [SWR] - II,Karnataka,2026-06,85.9,100.0,-14.099999999999994,337.37,-31.567951318458412,0.20540077263783957,MODERATE EARLY-WARNING SIGNAL,STABLE,Schedule pressure,No thresholded rule warning,No thresholded rule warning
705667,Mathura-Jhansi Third Railway Line [274 Km],RVNL - II,"Multi-States (Madhya Pradesh, Rajasthan, Uttar Pradesh)",2026-06,96.71,100.0,-3.2900000000000063,5195.18,-12.847173293071634,0.4926653724692182,HIGH EARLY-WARNING SIGNAL,STABLE,Long implementation duration,No thresholded rule warning,No thresholded rule warning
705668,KHARAGPUR-ADITYAPUR THIRD RAIL LINE- 132 KM,RVNL - I,"Multi-States (Jharkhand, West Bengal)",2026-06,98.0,100.0,-2.0,3294.29,1.3627692307692314,0.40622567404805354,HIGH EARLY-WARNING SIGNAL,STABLE,Long implementation duration,No thresholded rule warning,No thresholded rule warning
705728,Mumbai-Ahmedabad High Speed Rail Project- 508 km,National High Speed Rail Corporation [NHSRC],"Multi-States (Dadra & Nagar Haveli and Daman & Diu, Gujarat, Maharashtra)",2026-06,60.87,88.23529411764706,-27.36529411764706,90966.89,-4.006692265795209,0.4178405389250148,HIGH EARLY-WARNING SIGNAL,STABLE,Progress behind expected,Long implementation duration,Schedule pressure
705730,Joka-BBD Bag new metro project,RVNL - II,West Bengal,2026-05,51.0,96.5,-45.5,4998.49,6.881385729058948,0.4745802169623078,HIGH EARLY-WARNING SIGNAL,IMPROVING,Progress behind expected,Long implementation duration,Schedule pressure
705735,Solapur-tuljapur-Osmanabad,Central Railway,Maharashtra,2026-06,22.0,76.92307692307692,-54.92307692307692,1277.63,64.26398933692398,0.37277992092481954,HIGH EARLY-WARNING SIGNAL,STABLE,Progress behind expected,Expenditure ahead of progress,No thresholded rule warning
705741,Jeypore-Navarangpur New Rail Line Project,East Coast Railway [ECoR] - II,Odisha,2026-06,2.13,60.317460317460316,-58.187460317460314,15.91,-58.190454969866735,0.24068024013692105,MODERATE EARLY-WARNING SIGNAL,STABLE,Progress behind expected,No thresholded rule warning,No thresholded rule warning
705742,Jeypore-Malkanagiri New Railway Line Project,East Coast Railway [ECoR] - II,Odisha,2026-04,23.1,24.347826086956523,-1.2478260869565219,549.72,-0.8956076569223939,0.6144957269037749,VERY HIGH EARLY-WARNING SIGNAL,,No thresholded rule warning,No thresholded rule warning,No thresholded rule warning
705747,Parasnath-Madhuban-Giridih new line,East Central Railway [ECR] - I,Jharkhand,2026-05,0.1,100.0,-99.9,0.0,-100.0,0.26027630204528873,MODERATE EARLY-WARNING SIGNAL,IMPROVING,Progress behind expected,Long implementation duration,Schedule pressure
705752,Gudha-Thatha Mithri Construction of Railway Track Project,North Western Railway [NWR],Rajasthan,2026-06,95.0,94.50549450549451,0.4945054945054892,405.39,-45.03631893073979,0.22938792533862193,MODERATE EARLY-WARNING SIGNAL,STABLE,Long implementation duration,No thresholded rule warning,No thresholded rule warning
705761,SHIMOGA - SHIKARIPURA - RANEBENNUR [96 Km],South Western Railway [SWR] - II,Karnataka,2026-06,13.9,68.96551724137932,-55.06551724137932,102.64,-61.90637006118674,0.2876609540746894,MODERATE EARLY-WARNING SIGNAL,WORSENING,Progress behind expected,No thresholded rule warning,No thresholded rule warning
705762,Construction of New BG line between Hassan [Alur] to Belur [ Km 27.34],South Western Railway [SWR] - II,Karnataka,2026-05,0.3,80.0,-79.7,1.15,-79.84643324519936,0.48175483640219285,HIGH EARLY-WARNING SIGNAL,WORSENING,Progress behind expected,Schedule pressure,No thresholded rule warning
705763,Indore - Budni New Railway Line [198 kms],RVNL - II,Madhya Pradesh,2026-05,37.0,56.30252100840336,-19.30252100840336,2617.51,-21.280979665079833,0.3277308824140663,HIGH EARLY-WARNING SIGNAL,IMPROVING,Long implementation duration,No thresholded rule warning,No thresholded rule warning
705764,Nimach-Badi Sadri New Rail Line Project,Western Railway [WR] - II,"Multi-States (Madhya Pradesh, Rajasthan)",2026-06,60.0,100.0,-40.0,294.57,-40.49090909090909,0.22791973240713637,MODERATE EARLY-WARNING SIGNAL,STABLE,Progress behind expected,Schedule pressure,No thresholded rule warning
705765,Gomoh - Flyover for DN trains,East Central Railway [ECR] - I,Jharkhand,2026-06,66.7,100.0,-33.3,634.71,-7.476676384839649,0.43518334703002814,HIGH EARLY-WARNING SIGNAL,STABLE,Progress behind expected,Long implementation duration,Schedule pressure
705766,Lalitpur-Birari with flyover at Lalitpur- 16 Km,North Central Railway,Uttar Pradesh,2026-06,86.0,100.0,-14.0,283.67,-6.822362370253586,0.31051722019395805,HIGH EARLY-WARNING SIGNAL,STABLE,Long implementation duration,Schedule pressure,No thresholded rule warning
705771,Allahabad-Bamhrauli Flyover Construction & 4th Railway Line Project,North Central Railway,Uttar Pradesh,2026-05,80.0,100.0,-20.0,410.3,-16.94331983805668,0.23483033816840765,MODERATE EARLY-WARNING SIGNAL,IMPROVING,Long implementation duration,Schedule pressure,No thresholded rule warning
705772,"Mughalsarai-Allahabad, 3rd line",North Central Railway,Uttar Pradesh,2026-06,74.0,95.34883720930233,-21.34883720930233,2024.65,-18.918108632480894,0.42670386140333977,HIGH EARLY-WARNING SIGNAL,STABLE,Progress behind expected,Long implementation duration,Schedule pressure
705774,Aligarh -Daud Khan Flyover Construction & 3rd Railway Line Project,CAO/C/NCR,Uttar Pradesh,2026-06,83.0,100.0,-17.0,511.12,-32.56992084432717,0.21496685870398666,MODERATE EARLY-WARNING SIGNAL,STABLE,Long implementation duration,Schedule pressure,No thresholded rule warning
705777,Bhandai - Flyover for Etawah bound down train- 10 Km,North Central Railway [NCR] - II,Uttar Pradesh,2026-06,9.0,100.0,-91.0,163.27,-34.73898792869133,0.21408932576970557,MODERATE EARLY-WARNING SIGNAL,STABLE,Progress behind expected,Long implementation duration,Schedule pressure
705780,Bhatni-Aurnihar with electrification excluding Indara-Mau,RVNL - I,Uttar Pradesh,2026-06,96.7,100.0,-3.299999999999997,2171.72,-14.127323052589972,0.4222274028216033,HIGH EARLY-WARNING SIGNAL,STABLE,Long implementation duration,No thresholded rule warning,No thresholded rule warning
705782,Barabanki-Malhaur 3rd & 4th Railway Line Project,Ministry of Railways,Uttar Pradesh,2026-06,78.0,100.0,-22.0,417.22,2.511056511056509,0.2922966943674321,MODERATE EARLY-WARNING SIGNAL,STABLE,Progress behind expected,Long implementation duration,Schedule pressure
705783,Ludhiana- Killa Raipur Railway Doubling Project,Railway,Punjab,2026-06,57.0,100.0,-43.0,137.05,-42.32873253660999,0.17373270888431172,MODERATE EARLY-WARNING SIGNAL,STABLE,Progress behind expected,Schedule pressure,No thresholded rule warning
705785,Lodhma - Piska - Link Line bypassing Hatia/Ranchi with Y connection,South Eastern Railway [SER] - I,Jharkhand,2026-06,10.0,100.0,-90.0,349.31,-26.15010570824525,0.2909293328614916,MODERATE EARLY-WARNING SIGNAL,STABLE,Progress behind expected,Long implementation duration,Schedule pressure
705793,Raising of speed to 160 kmph/200 kmph on existing New Delhi-Mumbai route incl. Vadodara-Ahmedabad,PCE/WR,"Multi-States (Delhi, Gujarat, Madhya Pradesh, Maharashtra, Rajasthan)",2026-06,66.32,100.0,-33.68000000000001,9480.86,39.292493579609896,0.36861356662729755,HIGH EARLY-WARNING SIGNAL,STABLE,Progress behind expected,Expenditure ahead of progress,Long implementation duration
705794,New Delhi- Howrah Speed Booster[160Kmph] Project,PCE/NCR,"Multi-States (Bihar, Delhi, Jharkhand, Uttar Pradesh, West Bengal)",2026-05,0.0,100.0,-100.0,127.03,-98.0997216076448,0.18653754032045738,MODERATE EARLY-WARNING SIGNAL,IMPROVING,Progress behind expected,Long implementation duration,Schedule pressure
705799,Nagpur- Nagbhir Railway Line Gauge Conversion Project,MRIDC,Maharashtra,2026-05,80.0,100.0,-20.0,1472.0,5.142857142857139,0.3563362309716407,HIGH EARLY-WARNING SIGNAL,IMPROVING,Long implementation duration,Schedule pressure,No thresholded rule warning
705912,Sawai Madhopur-Jaipur Railway Line Project,North Western Railway [NWR],Rajasthan,2026-05,19.0,78.72340425531915,-59.72340425531915,208.67,-61.39042532867303,0.1351123609701838,MODERATE EARLY-WARNING SIGNAL,IMPROVING,Progress behind expected,No thresholded rule warning,No thresholded rule warning
705918,Allahabad division - Aligarh - Harduaganj Flyover,North Central Railway,Uttar Pradesh,2026-05,36.0,92.6470588235294,-56.647058823529406,400.19,-65.18034640074286,0.2102661760350353,MODERATE EARLY-WARNING SIGNAL,IMPROVING,Progress behind expected,Long implementation duration,Schedule pressure
705919,Agra Fort-Bandikui Doubling Line Project,CAO/C/NCR,Rajasthan,2026-06,56.0,84.21052631578948,-28.21052631578948,529.92,-46.08678530859524,0.23550941789972996,MODERATE EARLY-WARNING SIGNAL,STABLE,Progress behind expected,Long implementation duration,Schedule pressure
705933,Nimach-Ratlam Doubling [133 Km],Western Railway [WR] - II,Madhya Pradesh,2026-06,100.0,77.77777777777777,22.22222222222223,1284.91,39.47137358916022,0.34723586832821546,HIGH EARLY-WARNING SIGNAL,STABLE,Expenditure ahead of progress,No thresholded rule warning,No thresholded rule warning
705941,Bangalore Suburban Railway Project,Karnataka Rail Infrastructure Development Company Limited [K-RIDE],Karnataka,2026-06,20.02,91.89189189189189,-71.87189189189189,3277.99,-71.10169718142065,0.29245445036957285,MODERATE EARLY-WARNING SIGNAL,STABLE,Progress behind expected,Long implementation duration,Schedule pressure
706718,C/o NITB Imphal Airport,Airport Authority of India [AAI],Manipur,2026-06,52.64,100.0,-47.36,206.83,-58.55110220440882,0.23663377841361974,MODERATE EARLY-WARNING SIGNAL,STABLE,Progress behind expected,Schedule pressure,No thresholded rule warning
706724,Guwahati Airport New Integrated Terminal Building Construction Project,Adani Airport Holdings Limited,Assam,2026-06,99.3,100.0,-0.7000000000000028,2660.15,55.382593457943926,0.3135669933497862,HIGH EARLY-WARNING SIGNAL,STABLE,Expenditure ahead of progress,Long implementation duration,No thresholded rule warning
706757,Modasa-Shamlaji Road Railway Line Project,Western Railway WR - II,Gujarat,2026-05,64.0,100.0,-36.0,387.82,48.02290076335879,0.285413861131318,MODERATE EARLY-WARNING SIGNAL,IMPROVING,Progress behind expected,Expenditure ahead of progress,Long implementation duration
706759,Rampur Dumra-Tal-Rajendrapul Additional Bridge and Railway Line Doubling,Indian Railway Construction International Limited [IRCON],Bihar,2026-06,98.5,100.0,-1.5,1581.96,-33.35299371429534,0.2964589867460109,MODERATE EARLY-WARNING SIGNAL,STABLE,Long implementation duration,No thresholded rule warning,No thresholded rule warning
706763,Rajkot - Kanalus Doubling Project [111.2 Kms],Western Railway WR - II,Gujarat,2026-06,82.0,93.10344827586206,-11.103448275862064,969.78,-3.357200890198797,0.3148206923957908,HIGH EARLY-WARNING SIGNAL,STABLE,Schedule pressure,No thresholded rule warning,No thresholded rule warning
706775,BharatNet,Department of Telecommunications [DoT],PAN India,2026-06,99.98,100.0,-0.01999999999999602,48809.69,-20.126838927162936,0.38508649680882645,HIGH EARLY-WARNING SIGNAL,WORSENING,Long implementation duration,No thresholded rule warning,No thresholded rule warning
706776,Noapara-Barasat via Bimanbandar - Construction of Metro railway [18 km],"Metro Railway, Kolkata",West Bengal,2026-05,32.2,98.4771573604061,-66.2771573604061,3350.62,-29.10614286765248,0.3258403232284665,HIGH EARLY-WARNING SIGNAL,IMPROVING,Progress behind expected,Long implementation duration,Schedule pressure
706777,Baranagar-Barrackpore and Dakshineshwar- Construction of Metro Railway,RVNL - II,West Bengal,2026-05,17.0,96.51741293532338,-79.51741293532338,429.56,-77.8246366080823,0.25797761514858525,MODERATE EARLY-WARNING SIGNAL,IMPROVING,Progress behind expected,Long implementation duration,Schedule pressure
706779,Mumbai Urban Transport Project [MUTP] - PHASE II,Mumbai Rail Vikas Corporation Ltd.[MRVC],Maharashtra,2026-05,90.0,100.0,-10.0,7522.09,-6.985408680598496,0.4543452022966626,HIGH EARLY-WARNING SIGNAL,STABLE,Long implementation duration,No thresholded rule warning,No thresholded rule warning
706780,Mumbai Urban Transport Project [MUTP] Phase-IIIA,Mumbai Rail Vikas Corporation Ltd.[MRVC],Maharashtra,2026-05,25.0,81.73076923076923,-56.730769230769226,3741.95,-70.62376418476151,0.24533756530007764,MODERATE EARLY-WARNING SIGNAL,IMPROVING,Progress behind expected,Long implementation duration,Schedule pressure
706781,Mumbai Urban Transport Project Phase-III,Mumbai Rail Vikas Corporation Ltd.[MRVC],Maharashtra,2026-05,75.0,100.0,-25.0,6732.2,-38.50187265917603,0.3169469009840036,HIGH EARLY-WARNING SIGNAL,IMPROVING,Progress behind expected,Long implementation duration,Schedule pressure
706811,NMDC Slurry Pipeline Project Phase-1,National Mineral Development Corporation Limited [NMDC],Chhattisgarh,2026-06,95.2,100.0,-4.799999999999997,3639.5,25.19779841761266,0.3861735516415465,HIGH EARLY-WARNING SIGNAL,STABLE,Expenditure ahead of progress,Long implementation duration,No thresholded rule warning
706835,Belgaum-Dharwad via Kittur [73.10Km],South Western Railway [SWR] - II,Karnataka,2026-05,0.0,42.42424242424242,-42.42424242424242,0.38,-42.400358074776676,0.19112728332581957,MODERATE EARLY-WARNING SIGNAL,IMPROVING,Progress behind expected,No thresholded rule warning,No thresholded rule warning
706836,Dedicated Test Track for RDSO /Phase-II Project,North Western Railway [NWR],Rajasthan,2026-06,98.0,100.0,-2.0,538.22,15.393851035547357,0.2362035078333257,MODERATE EARLY-WARNING SIGNAL,STABLE,No thresholded rule warning,No thresholded rule warning,No thresholded rule warning
706837,Pradhan Kuntha Jn Line Doubling Project,East Central Railway [ECR] - I,Jharkhand,2026-06,72.0,71.66666666666667,0.3333333333333286,145.57,-29.982341599373854,0.174173256336789,MODERATE EARLY-WARNING SIGNAL,STABLE,No thresholded rule warning,No thresholded rule warning,No thresholded rule warning
706854,Boridand - Ambikapur Doubling Line Project,South East Central Railway [SECR] - II,Chhattisgarh,2026-06,30.0,51.02040816326531,-21.02040816326531,312.72,-28.293663977218795,0.23845593708422755,MODERATE EARLY-WARNING SIGNAL,WORSENING,Progress behind expected,No thresholded rule warning,No thresholded rule warning
706860,Barauni-Bachwara [16 km] - 3rd & 4th line incl. Barauni yard remodelling [32 km],East Central Railway [ECR] - I,Bihar,2026-06,56.9,,,54.13,,0.1618159584351713,MODERATE EARLY-WARNING SIGNAL,STABLE,No thresholded rule warning,No thresholded rule warning,No thresholded rule warning
706865,Chandargaon - Cansaulium Rail Flyover Project [16 Km],South Western Railway [SWR] - II,Goa,2026-06,0.0,3.389830508474576,-3.389830508474576,0.0,-3.389830508474576,0.2409649347787797,MODERATE EARLY-WARNING SIGNAL,STABLE,No thresholded rule warning,No thresholded rule warning,No thresholded rule warning
706866,Sawaimadhopur Bye Pass Line Project,North Western Railway [NWR],Rajasthan,2026-06,77.0,100.0,-23.0,93.09,-69.3782894736842,0.14553721178426482,MODERATE EARLY-WARNING SIGNAL,STABLE,Progress behind expected,Schedule pressure,No thresholded rule warning
706898,Khurda Road - Balangir Electrification of Railway Track Project,Ministry of Railways,Odisha,2026-05,0.0,100.0,-100.0,0.0,-100.0,0.23868007930865967,MODERATE EARLY-WARNING SIGNAL,STABLE,Progress behind expected,Long implementation duration,Schedule pressure
706922,Guwahati-Dibrugarh via Tinsukia & Simaluguri-Dibrugarh,Central Organisation for Railway Electrification (CORE),Assam,2026-05,89.0,100.0,-11.0,391.73,-56.00318972101173,0.1637117412872021,MODERATE EARLY-WARNING SIGNAL,IMPROVING,Long implementation duration,Schedule pressure,No thresholded rule warning
706940,"Mariani-Jorhat, Tinsukia-Dangri and Makum -TirapTrack Electrification Project",GM/C/ NFR,Assam,2026-05,0.0,100.0,-100.0,0.0,-100.0,0.18231628391790367,MODERATE EARLY-WARNING SIGNAL,STABLE,Progress behind expected,Schedule pressure,No thresholded rule warning
706942,Harmuty-Murkongselek Branch Line Electrification Project,GM/C/ NFR,Assam,2026-05,0.0,100.0,-100.0,0.0,-100.0,0.18813573695393876,MODERATE EARLY-WARNING SIGNAL,STABLE,Progress behind expected,Schedule pressure,No thresholded rule warning
706950,Hospet-Hubli-Vasco da Gama Line Electrification Project,RVNL,"Multi-States (Goa, Karnataka)",2026-05,99.7,100.0,-0.29999999999999716,1161.44,56.00478179693482,0.311515478148574,HIGH EARLY-WARNING SIGNAL,STABLE,Expenditure ahead of progress,Long implementation duration,No thresholded rule warning
706965,Establishment of new GMC Saran [Chhapara],"Medical Education, Ministry of Health and Family Welfare",Bihar,2026-06,0.0,,,113.4,,0.2039991772392802,MODERATE EARLY-WARNING SIGNAL,STABLE,Long implementation duration,No thresholded rule warning,No thresholded rule warning
706966,Establishment of new GMC Samastipur,"Medical Education, Ministry of Health and Family Welfare",Bihar,2026-06,0.0,,,113.4,,0.2039991772392802,MODERATE EARLY-WARNING SIGNAL,STABLE,Long implementation duration,No thresholded rule warning,No thresholded rule warning
706988,Establishment of new GMC Gondia,"Medical Education, Ministry of Health and Family Welfare",Maharashtra,2026-06,0.0,,,113.4,,0.22244566073316954,MODERATE EARLY-WARNING SIGNAL,STABLE,Long implementation duration,No thresholded rule warning,No thresholded rule warning
706989,Establishment of new GMC West Garo Hills [Tura],"Medical Education, Ministry of Health and Family Welfare",Meghalaya,2026-06,0.0,,,170.1,,0.24714197366432297,MODERATE EARLY-WARNING SIGNAL,WORSENING,Long implementation duration,No thresholded rule warning,No thresholded rule warning
707016,Establishment of new GMC Sitamarhi,"Medical Education, Ministry of Health and Family Welfare",Bihar,2026-06,0.0,,,150.0,,0.21679130720188566,MODERATE EARLY-WARNING SIGNAL,STABLE,Long implementation duration,No thresholded rule warning,No thresholded rule warning
707017,Establishment of new GMC Jhanjharpur,"Medical Education, Ministry of Health and Family Welfare",Bihar,2026-06,0.0,,,150.0,,0.21679130720188566,MODERATE EARLY-WARNING SIGNAL,STABLE,Long implementation duration,No thresholded rule warning,No thresholded rule warning
707018,Establishment of new GMC Siwan,"Medical Education, Ministry of Health and Family Welfare",Bihar,2026-06,0.0,,,150.0,,0.21679130720188566,MODERATE EARLY-WARNING SIGNAL,STABLE,Long implementation duration,No thresholded rule warning,No thresholded rule warning
707019,Establishment of new GMC Buxar,"Medical Education, Ministry of Health and Family Welfare",Bihar,2026-06,0.0,,,150.0,,0.21679130720188566,MODERATE EARLY-WARNING SIGNAL,STABLE,Long implementation duration,No thresholded rule warning,No thresholded rule warning
707020,Establishment of new GMC Jamui,"Medical Education, Ministry of Health and Family Welfare",Bihar,2026-06,50.0,100.0,-50.0,103.21,-58.716,0.19887472029059927,MODERATE EARLY-WARNING SIGNAL,STABLE,Progress behind expected,Schedule pressure,No thresholded rule warning
707021,Establishment of new GMC Koderma,"Medical Education, Ministry of Health and Family Welfare",Jharkhand,2026-06,40.0,93.33333333333333,-53.33333333333333,271.0,15.066666666666677,0.20459942377398113,MODERATE EARLY-WARNING SIGNAL,STABLE,Progress behind expected,Schedule pressure,No thresholded rule warning
707022,Establishment of new GMC Chaibasa [Singhbhum],"Medical Education, Ministry of Health and Family Welfare",Jharkhand,2026-06,57.0,100.0,-43.0,65.0,-74.0,0.2365691100601553,MODERATE EARLY-WARNING SIGNAL,STABLE,Progress behind expected,Schedule pressure,No thresholded rule warning
707039,Establishment of new GMC Gangtok,"Medical Education, Ministry of Health and Family Welfare",Sikkim,2026-06,92.0,93.75,-1.75,667.21,173.13400000000001,0.2955670036015212,MODERATE EARLY-WARNING SIGNAL,STABLE,Expenditure ahead of progress,Long implementation duration,No thresholded rule warning
707044,Establishment of new GMC Korba,"Medical Education, Ministry of Health and Family Welfare",Chhattisgarh,2026-06,54.0,84.21052631578948,-30.21052631578948,178.49,-29.290526315789478,0.13205283529970704,MODERATE EARLY-WARNING SIGNAL,STABLE,Progress behind expected,Schedule pressure,No thresholded rule warning
707045,Establishment of new GMC Mahasamund,"Medical Education, Ministry of Health and Family Welfare",Chhattisgarh,2026-06,82.0,100.0,-18.0,322.5,-0.7692307692307736,0.16215593430266845,MODERATE EARLY-WARNING SIGNAL,STABLE,Schedule pressure,No thresholded rule warning,No thresholded rule warning
707046,Establishment of new GMC Kanker,"Medical Education, Ministry of Health and Family Welfare",Chhattisgarh,2026-06,59.0,70.0,-11.0,36.0,-58.92307692307692,0.19391838006154288,MODERATE EARLY-WARNING SIGNAL,STABLE,No thresholded rule warning,No thresholded rule warning,No thresholded rule warning
707049,Establishment of new GMC Panchmahal,"Medical Education, Ministry of Health and Family Welfare",Gujarat,2026-06,87.5,100.0,-12.5,457.34,40.72,0.15771915201575637,MODERATE EARLY-WARNING SIGNAL,STABLE,Expenditure ahead of progress,Schedule pressure,No thresholded rule warning
707050,Establishment of new GMC Porbandar,"Medical Education, Ministry of Health and Family Welfare",Gujarat,2026-06,81.0,100.0,-19.0,936.64,188.1969230769231,0.18933791680403447,MODERATE EARLY-WARNING SIGNAL,STABLE,Expenditure ahead of progress,Schedule pressure,No thresholded rule warning
707051,Establishment of new GMc Udhampur,"Medical Education, Ministry of Health and Family Welfare",Jammu and Kashmir,2026-06,75.0,85.48387096774194,-10.483870967741936,222.0,-17.17617866004963,0.2830822181750328,MODERATE EARLY-WARNING SIGNAL,IMPROVING,Schedule pressure,No thresholded rule warning,No thresholded rule warning
707052,Establishment of new GMC Handwara [Distt. Kupwara],"Medical Education, Ministry of Health and Family Welfare",Jammu and Kashmir,2026-06,0.0,,,173.0,,0.21988873151251975,MODERATE EARLY-WARNING SIGNAL,STABLE,Long implementation duration,No thresholded rule warning,No thresholded rule warning
707057,Establishment of new GMC Leh,"Medical Education, Ministry of Health and Family Welfare",Ladakh,2026-06,0.0,,,127.0,,0.2166973397472638,MODERATE EARLY-WARNING SIGNAL,STABLE,Long implementation duration,No thresholded rule warning,No thresholded rule warning
707058,Establishment of new GMC Rajgarh,"Medical Education, Ministry of Health and Family Welfare",Madhya Pradesh,2026-06,84.0,100.0,-16.0,179.0,-44.92307692307692,0.14445428235247837,MODERATE EARLY-WARNING SIGNAL,STABLE,Schedule pressure,No thresholded rule warning,No thresholded rule warning
707059,Establishment of new GMC Mandla,"Medical Education, Ministry of Health and Family Welfare",Madhya Pradesh,2026-06,43.0,100.0,-57.0,83.41,-74.33538461538461,0.16111827900865555,MODERATE EARLY-WARNING SIGNAL,STABLE,Progress behind expected,Schedule pressure,No thresholded rule warning
707067,Establishment of new GMC Mon,"Medical Education, Ministry of Health and Family Welfare",Nagaland,2026-06,0.0,,,155.0,,0.23074247515229734,MODERATE EARLY-WARNING SIGNAL,STABLE,Long implementation duration,No thresholded rule warning,No thresholded rule warning
707069,Establishment of new GMC Kapurthala,"Medical Education, Ministry of Health and Family Welfare",Punjab,2026-06,0.0,,,0.0,,0.16113149127876697,MODERATE EARLY-WARNING SIGNAL,STABLE,No thresholded rule warning,No thresholded rule warning,No thresholded rule warning
707070,Establishment of new GMC Hoshiarpur,"Medical Education, Ministry of Health and Family Welfare",Punjab,2026-06,1.0,9.090909090909092,-8.090909090909092,2.0,-8.475524475524477,0.16584452408721972,MODERATE EARLY-WARNING SIGNAL,STABLE,No thresholded rule warning,No thresholded rule warning,No thresholded rule warning
707086,Establishment of new GMC Rudrapur,"Medical Education, Ministry of Health and Family Welfare",Uttarakhand,2026-06,60.0,82.3529411764706,-22.352941176470594,274.0,1.9547511312217125,0.17551665144005282,MODERATE EARLY-WARNING SIGNAL,STABLE,Progress behind expected,Schedule pressure,No thresholded rule warning
707087,Establishment of new GMC Pithoragarh,"Medical Education, Ministry of Health and Family Welfare",Uttarakhand,2026-06,84.0,86.36363636363636,-2.3636363636363598,327.08,14.27636363636364,0.20829676392388108,MODERATE EARLY-WARNING SIGNAL,STABLE,No thresholded rule warning,No thresholded rule warning,No thresholded rule warning
707215,National Maritime Heritage Complex [NMHC] Phase-I,Indian Port Rail & Ropeway Corporation Ltd. [IPRCL],Gujarat,2026-06,78.92,100.0,-21.08,636.91,11.153577661431058,0.2791177494249573,MODERATE EARLY-WARNING SIGNAL,STABLE,Progress behind expected,Schedule pressure,No thresholded rule warning
707229,"Integrated Command control Center [ICCC] - Construction and Development of Integrated Command Control Center with Security, Surveillance, ITMS, Connecting Port, Ship Service, Smart Solid Waste Management, Smart Public Transport System",ministry of housing and urban affairs,Andaman & Nicobar,2026-06,97.0,100.0,-3.0,37.35,-82.2041166380789,0.1599112470572362,MODERATE EARLY-WARNING SIGNAL,IMPROVING,No thresholded rule warning,No thresholded rule warning,No thresholded rule warning
707410,Integrated Multi Modal Logistics Hub at Nangal Chaudhary in Haryana - Other Trunk Infrastructure Development Phase 1,National Highways & Infrastructure Development Corporation Ltd. [NHIDCL],Haryana,2026-06,60.0,100.0,-40.0,430.0,-43.6435124508519,0.25031707633099304,MODERATE EARLY-WARNING SIGNAL,STABLE,Progress behind expected,Schedule pressure,No thresholded rule warning
707419,IMC at Prayagraj,National Industrial Corridor Development Corporation,Uttar Pradesh,2026-06,22.54,14.285714285714286,8.254285714285713,75.63,-2.7917933130699097,0.14652878050237433,MODERATE EARLY-WARNING SIGNAL,WORSENING,No thresholded rule warning,No thresholded rule warning,No thresholded rule warning
708687,Amended BharatNet Program - UP (West),Department of Telecommunications,Uttar Pradesh,2026-06,0.0,44.44444444444444,-44.44444444444444,183.16,-34.88993218570683,0.1794423209521749,MODERATE EARLY-WARNING SIGNAL,,Progress behind expected,No thresholded rule warning,No thresholded rule warning
709747,Bagodara Solar Power Project,Satluj Jal Vidyut Nigam [SJVN] Thermal Limited,Gujarat,2026-06,51.86,100.0,-48.14,370.0,9.031972889347273,0.2826412243243659,MODERATE EARLY-WARNING SIGNAL,STABLE,Progress behind expected,Long implementation duration,Schedule pressure
709750,Laying of new 28 inch Desal Water Pipeline and 10 inch Reject Water Pipeline between CPCL Manali Refinery and CPCL Desalination plant at Ennore,Chennai Petroleum Corporation Limited [CPCL],Tamil Nadu,2026-06,74.8,100.0,-25.200000000000003,114.87,-43.96585365853659,0.1736634097095716,MODERATE EARLY-WARNING SIGNAL,STABLE,Progress behind expected,Schedule pressure,No thresholded rule warning
709752,HP-COAT [Crude to Olefins and Aromatics Technology] demo unit at Visakh Refinery,Hindustan Petroleum Corporation Limited,Andhra Pradesh,2026-06,93.5,100.0,-6.5,152.82,-4.487499999999997,0.1938253577312052,MODERATE EARLY-WARNING SIGNAL,STABLE,No thresholded rule warning,No thresholded rule warning,No thresholded rule warning
709753,Haldia Panagarh Pipeline Project,Hindustan Petroleum Corporation Limited,West Bengal,2026-06,97.2,100.0,-2.799999999999997,865.19,-14.33762376237624,0.20658547058679577,MODERATE EARLY-WARNING SIGNAL,STABLE,No thresholded rule warning,No thresholded rule warning,No thresholded rule warning
709754,"Construction of LPG Facilities at Kamardanga, Assam",Hindustan Petroleum Corporation Limited,Assam,2026-06,79.8,75.0,4.799999999999997,109.34,-5.071629572780765,0.11271993940771238,MODERATE EARLY-WARNING SIGNAL,STABLE,No thresholded rule warning,No thresholded rule warning,No thresholded rule warning
709755,"Setting up of new rail fed POL facility at Kamardanga, Assam",Hindustan Petroleum Corporation Limited [HPCL],Assam,2026-06,85.5,75.0,10.5,235.27,-13.738152275804609,0.11159892225440736,MODERATE EARLY-WARNING SIGNAL,STABLE,No thresholded rule warning,No thresholded rule warning,No thresholded rule warning
709759,"Petrochemical evacuation marketing terminal at Barmer, Rajasthan",Hindustan Petroleum Corporation Limited [HPCL],Rajasthan,2026-06,95.8,83.33333333333333,12.466666666666669,235.1,-32.34103314897155,0.1290354681164656,MODERATE EARLY-WARNING SIGNAL,STABLE,No thresholded rule warning,No thresholded rule warning,No thresholded rule warning
709760,HP TDAE Unit in Mumbai Refinery,Hindustan Petroleum Corporation Limited,Maharashtra,2026-04,85.0,100.0,-15.0,151.04,-37.06666666666667,0.25012719842741366,MODERATE EARLY-WARNING SIGNAL,,Schedule pressure,No thresholded rule warning,No thresholded rule warning
709770,City Gas Distribution Project at Pathankot District,MinistryofPetroleumNaturalGas,Punjab,2026-06,2.0,36.95652173913044,-34.95652173913044,8.96,-31.02274690469335,0.1964699816424623,MODERATE EARLY-WARNING SIGNAL,WORSENING,Progress behind expected,No thresholded rule warning,No thresholded rule warning
709771,"City Gas Distribution Project at Beed, Jalgaon and Jalna Districts",MinistryofPetroleumNaturalGas,Maharashtra,2026-06,3.4,44.73684210526316,-41.33684210526316,84.85,-34.92759355034986,0.2320148034126433,MODERATE EARLY-WARNING SIGNAL,WORSENING,Progress behind expected,No thresholded rule warning,No thresholded rule warning
709772,"City Gas Distribution Project at East Mednipore, West Mednipore & Jhargram Districts",MinistryofPetroleumNaturalGas,West Bengal,2026-06,2.9,45.945945945945944,-43.045945945945945,63.62,-35.499312120001775,0.22289952280868827,MODERATE EARLY-WARNING SIGNAL,WORSENING,Progress behind expected,No thresholded rule warning,No thresholded rule warning
709773,"City Gas Distribution Project at Jammu, Udhampur, Reasi, Samba and Kathua Districts",MinistryofPetroleumNaturalGas,Jammu and Kashmir,2026-06,0.6,34.0,-33.4,4.3,-33.20074349442379,0.20744329486755808,MODERATE EARLY-WARNING SIGNAL,WORSENING,Progress behind expected,No thresholded rule warning,No thresholded rule warning
709774,Revamping/ Augmentation of facilities at existing port terminal at Mangalore,Ministry of Petroleum & Natural Gas,Karnataka,2026-06,85.0,100.0,-15.0,321.59,-30.542116630669554,0.18866621319443092,MODERATE EARLY-WARNING SIGNAL,STABLE,Schedule pressure,No thresholded rule warning,No thresholded rule warning
709776,Augmentation/Revamping of Facilities at existing Guwahati Terminal at Betkuchi,MinistryofPetroleumNaturalGas,Assam,2026-06,84.2,94.33962264150944,-10.139622641509433,234.57,-9.657312172195361,0.21601914716461243,MODERATE EARLY-WARNING SIGNAL,STABLE,Schedule pressure,No thresholded rule warning,No thresholded rule warning
709777,Installation of Bitumen Manufacturing Unit along with allied facilities at Barauni Refinery,MinistryofPetroleumNaturalGas,Bihar,2026-06,64.6,100.0,-35.400000000000006,130.89,-66.38243225889303,0.20177548092610745,MODERATE EARLY-WARNING SIGNAL,STABLE,Progress behind expected,Schedule pressure,No thresholded rule warning
709778,Installation of new Biturox Unit along with allied facilities at Gujarat Refinery,MinistryofPetroleumNaturalGas,Gujarat,2026-06,87.0,100.0,-13.0,227.48,-30.707606079990256,0.18324915318503662,MODERATE EARLY-WARNING SIGNAL,STABLE,Schedule pressure,No thresholded rule warning,No thresholded rule warning
709779,Capacity Expansion of Digboi Refinery from 0.65 to 1.0 MMTPA,MinistryofPetroleumNaturalGas,Assam,2026-06,59.4,100.0,-40.6,225.2,-70.67708333333333,0.17346425903299437,MODERATE EARLY-WARNING SIGNAL,STABLE,Progress behind expected,Schedule pressure,No thresholded rule warning
709780,Construction of Additional Tankages and Allied Facilities at JNPT Terminal,MinistryofPetroleumNaturalGas,Maharashtra,2026-06,72.4,96.15384615384616,-23.753846153846155,304.75,-6.896897438150418,0.2295337560418364,MODERATE EARLY-WARNING SIGNAL,STABLE,Progress behind expected,Schedule pressure,No thresholded rule warning
709781,Revamping / Augmentation of Facilities at Mathura Bitumen Plant,MinistryofPetroleumNaturalGas,Uttar Pradesh,2026-06,55.7,80.64516129032258,-24.945161290322574,24.1,-71.38020665400089,0.23690684777865564,MODERATE EARLY-WARNING SIGNAL,WORSENING,Progress behind expected,Schedule pressure,No thresholded rule warning
709782,ATF Pipeline from Jawaharlal Nehru Port Trust to Navi Mumbai International Airport,Indian Oil Corporation Limited [IOCL],Maharashtra,2026-04,97.8,100.0,-2.200000000000003,101.62,-38.412121212121214,0.18705162702366143,MODERATE EARLY-WARNING SIGNAL,,No thresholded rule warning,No thresholded rule warning,No thresholded rule warning
709783,"Installation of Multiple Effect Evaporator [MEE] for ETP-1, 2 & 4 of Panipat Refinery and Petrochemical Complex.",MinistryofPetroleumNaturalGas,Haryana,2026-06,91.8,100.0,-8.200000000000003,186.64,13.026100647974332,0.2365640308224728,MODERATE EARLY-WARNING SIGNAL,STABLE,Long implementation duration,No thresholded rule warning,No thresholded rule warning
709785,Laying of Natural Gas Pipeline from Hazaribagh to Ranchi [HRPL],MinistryofPetroleumNaturalGas,Jharkhand,2026-06,58.1,100.0,-41.9,65.3,-67.68446577918543,0.18381580217186946,MODERATE EARLY-WARNING SIGNAL,STABLE,Progress behind expected,Schedule pressure,No thresholded rule warning
709786,"Augmentation/ Revamping of Dimapur Depot, Dimapur",MinistryofPetroleumNaturalGas,Nagaland,2026-06,41.6,66.66666666666667,-25.06666666666667,27.63,-54.52801452713587,0.1638529200564331,MODERATE EARLY-WARNING SIGNAL,STABLE,Progress behind expected,No thresholded rule warning,No thresholded rule warning
709791,City Gas Distribution Projects at Alipurduar and Cooch Behar,Bharat Petroleum Corporation Limited [BPCL],West Bengal,2026-06,43.7,48.275862068965516,-4.575862068965513,232.5,-25.414505136812124,0.19804352876413492,MODERATE EARLY-WARNING SIGNAL,WORSENING,No thresholded rule warning,No thresholded rule warning,No thresholded rule warning
709792,"City Gas Distribution Projects at Darbhanga, Madhubani, Supaul, Sitamarhi and Sheohar districts",Bharat Petroleum Corporation Limited [BPCL],Bihar,2026-06,33.5,48.275862068965516,-14.775862068965516,489.42,-34.8228659172338,0.1563284201863106,MODERATE EARLY-WARNING SIGNAL,WORSENING,No thresholded rule warning,No thresholded rule warning,No thresholded rule warning
709793,"City Gas Distribution Projects at Gopalganj, Siwan, West Champaran, East Champaran and Deoria districts",Bharat Petroleum Corporation Limited [BPCL],Bihar,2026-06,30.2,46.666666666666664,-16.466666666666665,518.13,-33.44569192821298,0.16048182431196387,MODERATE EARLY-WARNING SIGNAL,WORSENING,No thresholded rule warning,No thresholded rule warning,No thresholded rule warning
709794,"City Gas Distribution Projects at Fazilka [except area already authorized], Ganganagar and Hanumangarh districts",Bharat Petroleum Corporation Limited [BPCL],"Multi-States (Punjab, Rajasthan)",2026-06,31.0,46.666666666666664,-15.666666666666664,422.99,-33.47708138447147,0.17147673046279807,MODERATE EARLY-WARNING SIGNAL,WORSENING,No thresholded rule warning,No thresholded rule warning,No thresholded rule warning
709795,"City Gas Distribution Projects at Lakhimpur Kheri , Sitapur, Bahraich, Shravasti,Balrampur, Siddharth Nagar & Maharajganj districts",Bharat Petroleum Corporation Limited [BPCL],Uttar Pradesh,2026-06,19.0,46.666666666666664,-27.666666666666664,738.62,-42.23157599775829,0.12895953928545859,MODERATE EARLY-WARNING SIGNAL,WORSENING,Progress behind expected,No thresholded rule warning,No thresholded rule warning
709796,City Gas Distribution Projects at the Nilgiris and Erode districts,Bharat Petroleum Corporation Limited [BPCL],Tamil Nadu,2026-06,25.5,48.275862068965516,-22.775862068965516,297.76,-40.19553642446077,0.1663535345688881,MODERATE EARLY-WARNING SIGNAL,WORSENING,Progress behind expected,No thresholded rule warning,No thresholded rule warning
709797,POL & LOBS Installations with Receipt Pipelines at Rasayani,Bharat Petroleum Corporation Limited [BPCL],Maharashtra,2026-06,85.4,100.0,-14.599999999999994,1416.51,-45.2027079303675,0.24538988703198328,MODERATE EARLY-WARNING SIGNAL,STABLE,Schedule pressure,No thresholded rule warning,No thresholded rule warning
709798,Ethylene Cracker Project at Bina Refinery including downstream Petrochemical Plants and expansion of Refinery,MinistryofPetroleumNaturalGas,Madhya Pradesh,2026-06,30.7,61.666666666666664,-30.966666666666665,5596.0,-48.76284578904082,0.1908557496274703,MODERATE EARLY-WARNING SIGNAL,WORSENING,Progress behind expected,No thresholded rule warning,No thresholded rule warning
709799,Setting up Polypropylene Unit at Kochi Refinery,MinistryofPetroleumNaturalGas,Kerala,2026-06,40.5,65.21739130434783,-24.717391304347828,893.86,-45.17568726847339,0.16834175491077835,MODERATE EARLY-WARNING SIGNAL,WORSENING,Progress behind expected,No thresholded rule warning,No thresholded rule warning
709800,"CUF POL Depot at Sadashibpur [Meramundali], Odisha",MinistryofPetroleumNaturalGas,Odisha,2026-06,83.5,100.0,-16.5,232.3,-40.9716928393556,0.20798498247275832,MODERATE EARLY-WARNING SIGNAL,STABLE,Long implementation duration,Schedule pressure,No thresholded rule warning
709811,GANDHAMARDAN IRON ORE MINES TO GOALDIH STATION/12.76kms,East Coast Railway [ECoR] - II,Odisha,2026-05,5.0,42.857142857142854,-37.857142857142854,3.4,-41.06766917293233,0.1007240520362081,MODERATE EARLY-WARNING SIGNAL,IMPROVING,Progress behind expected,No thresholded rule warning,No thresholded rule warning
709812,NADIAD-PETLAD [37.26 KM],Railway,Gujarat,2026-06,8.0,40.0,-32.0,186.9,0.46242774566474054,0.15056020305407172,MODERATE EARLY-WARNING SIGNAL,WORSENING,Progress behind expected,No thresholded rule warning,No thresholded rule warning
709813,NEW BG LINE INTERSECTION [5 NOS] BETWEEN GERATPUR-SANAND & BOTAD-AHMEDABAD [16.51 KM],Western Railway [WR] - II,Gujarat,2026-06,22.0,31.428571428571427,-9.428571428571427,117.95,-4.450688946469004,0.10920411419984695,MODERATE EARLY-WARNING SIGNAL,STABLE,No thresholded rule warning,No thresholded rule warning,No thresholded rule warning
709815,4TH LINE - BHATAPARA-HATHBAND [8.8 KM] [PB-72/NR/2022-23],SECR,Chhattisgarh,2026-06,18.0,78.125,-60.125,12.3,-71.17702508049483,0.1340866715710169,MODERATE EARLY-WARNING SIGNAL,STABLE,Progress behind expected,No thresholded rule warning,No thresholded rule warning
709816,4TH LINE - BHILAI-BHILAI NAGAR [8.8 KM] [PB-72/NR/2022-23],SECR,Chhattisgarh,2026-06,11.0,75.75757575757575,-64.75757575757575,32.49,-57.43683593576454,0.1455996893785347,MODERATE EARLY-WARNING SIGNAL,STABLE,Progress behind expected,No thresholded rule warning,No thresholded rule warning
709817,4TH LINE - DADHAPARA-BELHA [9.2 KM] [PB-72/NR/2022-23],SECR,Chhattisgarh,2026-04,65.0,76.66666666666667,-11.666666666666671,22.52,-63.34595212744983,0.2228701211394665,MODERATE EARLY-WARNING SIGNAL,,No thresholded rule warning,No thresholded rule warning,No thresholded rule warning
709818,4TH LINE RAJNANDGAON-DONGARHGARH [31.2 KM] [PB-72/NR/2022-23],SECR,Chhattisgarh,2026-06,36.0,78.125,-42.125,96.2,-48.82610251568496,0.15716540137496487,MODERATE EARLY-WARNING SIGNAL,STABLE,Progress behind expected,No thresholded rule warning,No thresholded rule warning
709819,3RD AND 4TH LINE - SARAGBUNDIA AND MADWARANI,SECR,Chhattisgarh,2026-06,11.0,68.42105263157895,-57.421052631578945,28.01,-51.71262982079393,0.1267569368144442,MODERATE EARLY-WARNING SIGNAL,STABLE,Progress behind expected,No thresholded rule warning,No thresholded rule warning
709826,SCREENING PLANT-III AT KIRANDUL,National Mineral Development Corporation Limited [NMDC],Chhattisgarh,2026-06,83.15,100.0,-16.849999999999994,1748.76,-35.67992231981286,0.3432453003873912,HIGH EARLY-WARNING SIGNAL,STABLE,Schedule pressure,No thresholded rule warning,No thresholded rule warning
709831,SOURCING OF BAUXITE ARRANGEMENT FOR 5TH STREAM ALUMINA REFINERY FROM SOUTH BLOCK MINING LEASE OF PANCHPATMAILI MINES,National Aluminium Company Limited [NALCO],Odisha,2026-06,93.1,100.0,-6.900000000000006,451.7,-6.480331262939956,0.32893893297899895,HIGH EARLY-WARNING SIGNAL,WORSENING,Long implementation duration,No thresholded rule warning,No thresholded rule warning
709832,25.5 MW WIND POWER PROJECT AT KAYATHAR IN TAMILNADU,National Aluminium Company Limited [NALCO],Tamil Nadu,2026-06,66.73,100.0,-33.269999999999996,135.0,-18.674698795180717,0.27181241537639705,MODERATE EARLY-WARNING SIGNAL,STABLE,Progress behind expected,Long implementation duration,Schedule pressure
709837,"Creation of Gas Dehydration Facilities, Tripura Asset",Oil and Natural Gas Corporation Limited [ONGC],Tripura,2026-06,70.5,100.0,-29.5,79.98,-61.79238522906416,0.22241837292590882,MODERATE EARLY-WARNING SIGNAL,STABLE,Progress behind expected,Schedule pressure,No thresholded rule warning
709838,Commercial Polymer Flooding Project in Bechraji field,Oil and Natural Gas Corporation Limited [ONGC],Gujarat,2026-06,48.2,100.0,-51.8,251.74,-59.48825233344061,0.2200063151071629,MODERATE EARLY-WARNING SIGNAL,STABLE,Progress behind expected,Schedule pressure,No thresholded rule warning
709839,Daman Upside Development Project,Oil and Natural Gas Corporation Limited [ONGC],Offshore,2026-06,99.9,100.0,-0.09999999999999432,6284.81,51.645469439558354,0.30586759144879033,HIGH EARLY-WARNING SIGNAL,STABLE,Expenditure ahead of progress,No thresholded rule warning,No thresholded rule warning
709840,"Restoration of Gas Terminal, Phase-I [Part-A], Hazira",Oil and Natural Gas Corporation Limited [ONGC],Gujarat,2026-06,97.5,100.0,-2.5,218.03,-12.58870224110973,0.2526076406028965,MODERATE EARLY-WARNING SIGNAL,STABLE,No thresholded rule warning,No thresholded rule warning,No thresholded rule warning
709841,Old Pipe Line Replacement [OPRP] Group-A,Oil and Natural Gas Corporation Limited [ONGC],Gujarat,2026-06,94.5,100.0,-5.5,167.98,-2.9185690342715134,0.2542185152207817,MODERATE EARLY-WARNING SIGNAL,STABLE,No thresholded rule warning,No thresholded rule warning,No thresholded rule warning
709842,"Kalol Redevelopment Project, Ahmedabad Asset",Oil and Natural Gas Corporation Limited [ONGC],Gujarat,2026-06,65.0,83.63636363636364,-18.63636363636364,945.45,-20.072853911405495,0.19663650271949837,MODERATE EARLY-WARNING SIGNAL,STABLE,Schedule pressure,No thresholded rule warning,No thresholded rule warning
709845,"Revamping of SV Stations, Gas Terminal & Kribhco Terminal",Oil and Natural Gas Corporation Limited [ONGC],Gujarat,2026-06,70.1,95.55555555555556,-25.455555555555563,451.61,-41.62166967885076,0.1534017236636641,MODERATE EARLY-WARNING SIGNAL,STABLE,Progress behind expected,Schedule pressure,No thresholded rule warning
709847,Pipeline Network Project Rudrasagar,Ministry of Petroleum & Natural Gas,Assam,2026-06,54.8,100.0,-45.2,238.7,-50.377315344157324,0.14695872848371944,MODERATE EARLY-WARNING SIGNAL,STABLE,Progress behind expected,Schedule pressure,No thresholded rule warning
709848,MHN TCPP PGC BGC Project [MTPBP],Ministry of Petroleum & Natural Gas,Offshore,2026-06,95.5,100.0,-4.5,1929.54,-17.167571744403176,0.2474486850724312,MODERATE EARLY-WARNING SIGNAL,STABLE,No thresholded rule warning,No thresholded rule warning,No thresholded rule warning
709849,PRP-VIII Group B [NH & BS Asset],Ministry of Petroleum & Natural Gas,Offshore,2026-06,98.7,100.0,-1.2999999999999972,2923.49,22.843972704047317,0.1861548966029682,MODERATE EARLY-WARNING SIGNAL,IMPROVING,Expenditure ahead of progress,No thresholded rule warning,No thresholded rule warning
709850,Borholla GGS Life Extension Project [BLEP],Ministry of Petroleum & Natural Gas,Assam,2026-06,62.5,100.0,-37.5,103.59,-47.8661298439859,0.14247234063531894,MODERATE EARLY-WARNING SIGNAL,STABLE,Progress behind expected,Schedule pressure,No thresholded rule warning
709851,Integrated Development of 4 Contract Areas under DSF-II,Ministry of Petroleum & Natural Gas,Offshore,2026-06,43.9,78.72340425531915,-34.823404255319154,2023.95,-45.99347649257171,0.18634296914367912,MODERATE EARLY-WARNING SIGNAL,STABLE,Progress behind expected,No thresholded rule warning,No thresholded rule warning
709856,MPLS-IP BASED ACCESS AND AGGREGATION NETWORK [MAAN] IN BSNL ALONG WITH TEST AND MEASURING EQUIPMENT,BSNL,PAN India,2026-06,92.1,100.0,-7.900000000000006,407.15,-36.88868910142142,0.13367805638114025,MODERATE EARLY-WARNING SIGNAL,STABLE,No thresholded rule warning,No thresholded rule warning,No thresholded rule warning
709857,"Planning, Engineering, Supply, Installation, Testing, Commissioning, Integration & Annual Maintenance of 4G mobile network at 1 Lakh sites on PAN India basis including Mumbai & Delhi LSA on turnkey basis under Phase IX.2 Project.",BSNL,PAN India,2026-06,98.41,100.0,-1.5900000000000034,9143.48,-62.74741235834431,0.20783389359325916,MODERATE EARLY-WARNING SIGNAL,WORSENING,No thresholded rule warning,No thresholded rule warning,No thresholded rule warning
709859,SETTING UP OF PHYSICAL INFRASTRUCTURE FOR THE NATIONAL INSTITUTE OF COMMUNICATION FINANCE [NICF] AT GHITORNI,National Communication Academy - Finance [Erstwhile NICF],Delhi,2026-06,98.0,100.0,-2.0,237.43,-4.339242546333594,0.2522246565614831,MODERATE EARLY-WARNING SIGNAL,STABLE,Long implementation duration,No thresholded rule warning,No thresholded rule warning
709864,DCU Revamp Project,NRL,Assam,2026-06,78.6,100.0,-21.400000000000006,310.38,-16.11351351351351,0.23233656044106119,MODERATE EARLY-WARNING SIGNAL,STABLE,Progress behind expected,Schedule pressure,No thresholded rule warning
709865,Power Recovery Turbine [PRT] in PFCCU unit as an Energy Conservation Scheme,NRL,Assam,2026-06,99.0,100.0,-1.0,81.84,-72.11584327086882,0.1110881262044569,MODERATE EARLY-WARNING SIGNAL,STABLE,No thresholded rule warning,No thresholded rule warning,No thresholded rule warning
900808,Transmission System for Kurnool Wind Energy Zone/ Solar Energy Zone Part-A and Part-B,Power Grid Corporation of India Limited [POWERGRID],"Multi-States (Andhra Pradesh, Telangana)",2026-04,99.69,100.0,-0.3100000000000023,3532.75,-0.4000631530276877,0.2011120837168236,MODERATE EARLY-WARNING SIGNAL,,No thresholded rule warning,No thresholded rule warning,No thresholded rule warning
900874,JHAJHA - BATIA,East Central Railway [ECR] - I,Bihar,2026-06,0.1,65.0,-64.9,2.38,-64.59536196402462,0.17370991068395872,MODERATE EARLY-WARNING SIGNAL,STABLE,Progress behind expected,No thresholded rule warning,No thresholded rule warning
