Project Code,Report_Month,previous_ml_probability,current_ml_probability,risk_probability_change,risk_trend
108841,2026-06,,0.19848174419320674,,
222253,2026-06,,0.19134420031790658,,
400006,2026-04,,0.3689230494129566,,
400006,2026-05,0.3689230494129566,0.26382383810623994,-0.10509921130671668,IMPROVING
400006,2026-06,0.26382383810623994,0.2655101106661444,0.0016862725599044448,STABLE
400010,2026-04,,0.3162962418665518,,
400010,2026-05,0.3162962418665518,0.2929737289601105,-0.02332251290644133,STABLE
400010,2026-06,0.2929737289601105,0.27734942987178973,-0.015624299088320748,STABLE
400012,2026-04,,0.3089684751671756,,
400012,2026-05,0.3089684751671756,0.35473540312731144,0.04576692796013582,STABLE
400012,2026-06,0.35473540312731144,0.36171355265663857,0.006978149529327127,STABLE
400013,2026-04,,0.32619384414391805,,
400013,2026-05,0.32619384414391805,0.19291647629520844,-0.1332773678487096,IMPROVING
400013,2026-06,0.19291647629520844,0.24183345962110592,0.04891698332589747,STABLE
400018,2026-04,,0.43603134460631526,,
400018,2026-05,0.43603134460631526,0.18724632301178615,-0.24878502159452912,IMPROVING
400018,2026-06,0.18724632301178615,0.2857954982343753,0.09854917522258913,WORSENING
400019,2026-04,,0.42299050390576926,,
400019,2026-05,0.42299050390576926,0.24142992184160264,-0.18156058206416661,IMPROVING
400022,2026-04,,0.40301999219879725,,
400022,2026-05,0.40301999219879725,0.2909873729227834,-0.11203261927601382,IMPROVING
400022,2026-06,0.2909873729227834,0.34555222208539343,0.05456484916261001,WORSENING
400023,2026-04,,0.47095652783182,,
400023,2026-05,0.47095652783182,0.2258235008765409,-0.2451330269552791,IMPROVING
400023,2026-06,0.2258235008765409,0.22448860513679558,-0.0013348957397453232,STABLE
400033,2026-04,,0.5029024120416209,,
400033,2026-05,0.5029024120416209,0.19387054015680696,-0.30903187188481396,IMPROVING
400033,2026-06,0.19387054015680696,0.2791653472745465,0.08529480711773954,WORSENING
400035,2026-04,,0.20297143239815363,,
400043,2026-04,,0.32434944548061967,,
400043,2026-05,0.32434944548061967,0.20951750363112567,-0.114831941849494,IMPROVING
400043,2026-06,0.20951750363112567,0.2184658951927968,0.008948391561671126,STABLE
400045,2026-04,,0.2571717671517084,,
400045,2026-05,0.2571717671517084,0.20557822715440194,-0.05159353999730648,IMPROVING
400045,2026-06,0.20557822715440194,0.21195823114959178,0.006380003995189842,STABLE
400047,2026-04,,0.2666404300965323,,
400047,2026-05,0.2666404300965323,0.23146098463076806,-0.035179445465764264,STABLE
400047,2026-06,0.23146098463076806,0.231158453013409,-0.00030253161735904754,STABLE
400048,2026-04,,0.202350795327228,,
400048,2026-05,0.202350795327228,0.19308197716149333,-0.00926881816573466,STABLE
400048,2026-06,0.19308197716149333,0.19191229022742373,-0.0011696869340696026,STABLE
400062,2026-04,,0.18917330575436536,,
400062,2026-05,0.18917330575436536,0.10846401554048453,-0.08070929021388083,IMPROVING
400062,2026-06,0.10846401554048453,0.12828687582551548,0.019822860285030955,STABLE
400073,2026-04,,0.8129047552661994,,
400073,2026-05,0.8129047552661994,0.38478015382150466,-0.4281246014446948,IMPROVING
400073,2026-06,0.38478015382150466,0.31744812370797154,-0.06733203011353311,IMPROVING
400074,2026-04,,0.8617101953394145,,
400074,2026-05,0.8617101953394145,0.3679676157212424,-0.4937425796181721,IMPROVING
400074,2026-06,0.3679676157212424,0.32567336696894056,-0.042294248752301866,STABLE
400078,2026-04,,0.26470130845232315,,
400078,2026-05,0.26470130845232315,0.25695764462247317,-0.007743663829849978,STABLE
400081,2026-04,,0.23734642418007468,,
400081,2026-05,0.23734642418007468,0.1877948426117503,-0.04955158156832437,STABLE
400081,2026-06,0.1877948426117503,0.19524681356429063,0.007451970952540327,STABLE
400087,2026-04,,0.39733612389748757,,
400087,2026-05,0.39733612389748757,0.36883153803127605,-0.028504585866211518,STABLE
400087,2026-06,0.36883153803127605,0.4003455099396007,0.03151397190832467,STABLE
400100,2026-04,,0.33825858363311206,,
400100,2026-05,0.33825858363311206,0.2572357190383327,-0.08102286459477936,IMPROVING
400100,2026-06,0.2572357190383327,0.30193782588879836,0.04470210685046566,STABLE
400101,2026-04,,0.3302653298298776,,
400101,2026-05,0.3302653298298776,0.2571169558194815,-0.07314837401039609,IMPROVING
400101,2026-06,0.2571169558194815,0.25834908639041965,0.001232130570938128,STABLE
400102,2026-04,,0.4397732027399833,,
400102,2026-05,0.4397732027399833,0.34521695076625303,-0.0945562519737303,IMPROVING
400102,2026-06,0.34521695076625303,0.36979139861288307,0.024574447846630043,STABLE
400103,2026-04,,0.4636175613224824,,
400103,2026-05,0.4636175613224824,0.4064711156208526,-0.0571464457016298,IMPROVING
400103,2026-06,0.4064711156208526,0.4227347188971887,0.016263603276336136,STABLE
400111,2026-04,,0.42152849610557597,,
400111,2026-05,0.42152849610557597,0.3044323289933729,-0.11709616711220305,IMPROVING
400111,2026-06,0.3044323289933729,0.3496834788793116,0.0452511498859387,STABLE
400115,2026-04,,0.45815559890723817,,
400115,2026-05,0.45815559890723817,0.31827947759743874,-0.13987612130979943,IMPROVING
400115,2026-06,0.31827947759743874,0.36306886341375716,0.04478938581631842,STABLE
400116,2026-04,,0.4796630306458711,,
400116,2026-05,0.4796630306458711,0.411962321037005,-0.06770070960886615,IMPROVING
400116,2026-06,0.411962321037005,0.44040025090715007,0.028437929870145096,STABLE
400119,2026-04,,0.3947318062190412,,
400119,2026-05,0.3947318062190412,0.4120389644086747,0.01730715818963352,STABLE
400119,2026-06,0.4120389644086747,0.4206300167886524,0.008591052379977704,STABLE
400120,2026-04,,0.3495030610942761,,
400120,2026-05,0.3495030610942761,0.3701995997775132,0.02069653868323712,STABLE
400120,2026-06,0.3701995997775132,0.42309581895840526,0.052896219180892046,WORSENING
400121,2026-04,,0.3339964587564285,,
400121,2026-05,0.3339964587564285,0.19031955671731005,-0.14367690203911848,IMPROVING
400121,2026-06,0.19031955671731005,0.2187656656911129,0.02844610897380284,STABLE
400136,2026-04,,0.4462785135462112,,
400136,2026-05,0.4462785135462112,0.1750102258094503,-0.27126828773676087,IMPROVING
400136,2026-06,0.1750102258094503,0.1404870207981249,-0.034523205011325414,STABLE
400138,2026-04,,0.8538167374604242,,
400138,2026-05,0.8538167374604242,0.4076175696037932,-0.446199167856631,IMPROVING
400138,2026-06,0.4076175696037932,0.4196986080321522,0.012081038428359003,STABLE
400139,2026-04,,0.852064967938901,,
400139,2026-05,0.852064967938901,0.4803509013572335,-0.37171406658166745,IMPROVING
400139,2026-06,0.4803509013572335,0.5342438152939007,0.05389291393666723,WORSENING
400141,2026-04,,0.427692577518354,,
400141,2026-05,0.427692577518354,0.42907020563763626,0.0013776281192822704,STABLE
400141,2026-06,0.42907020563763626,0.42803038460080434,-0.0010398210368319227,STABLE
400142,2026-04,,0.6019063617644658,,
400142,2026-05,0.6019063617644658,0.4279302747753487,-0.1739760869891171,IMPROVING
400142,2026-06,0.4279302747753487,0.4468002801675384,0.018870005392189748,STABLE
400144,2026-04,,0.5011756111766166,,
400144,2026-05,0.5011756111766166,0.21700753723568578,-0.2841680739409308,IMPROVING
400144,2026-06,0.21700753723568578,0.2810517565272262,0.06404421929154042,WORSENING
400148,2026-04,,0.569770639263501,,
400148,2026-05,0.569770639263501,0.3432152390974676,-0.22655540016603343,IMPROVING
400148,2026-06,0.3432152390974676,0.302788347935163,-0.04042689116230458,STABLE
400149,2026-04,,0.5664146599889445,,
400149,2026-05,0.5664146599889445,0.32185115119018437,-0.2445635087987601,IMPROVING
400149,2026-06,0.32185115119018437,0.3780115540432376,0.05616040285305324,WORSENING
400150,2026-04,,0.8887338344652729,,
400150,2026-05,0.8887338344652729,0.46836519823873746,-0.4203686362265354,IMPROVING
400150,2026-06,0.46836519823873746,0.5635166423307033,0.09515144409196585,WORSENING
400151,2026-04,,0.8506164835418846,,
400151,2026-05,0.8506164835418846,0.5138760569478014,-0.3367404265940832,IMPROVING
400151,2026-06,0.5138760569478014,0.5820021711819737,0.06812611423417236,WORSENING
400153,2026-04,,0.8375089539127807,,
400153,2026-05,0.8375089539127807,0.3352654232019647,-0.502243530710816,IMPROVING
400153,2026-06,0.3352654232019647,0.40685663585486137,0.0715912126528967,WORSENING
400154,2026-04,,0.6807257910611348,,
400154,2026-05,0.6807257910611348,0.3275734084185732,-0.35315238264256166,IMPROVING
400154,2026-06,0.3275734084185732,0.4049245096001876,0.07735110118161442,WORSENING
400155,2026-04,,0.8660228443619258,,
400155,2026-05,0.8660228443619258,0.40584915708631214,-0.46017368727561364,IMPROVING
400155,2026-06,0.40584915708631214,0.4683073640594705,0.06245820697315835,WORSENING
400156,2026-04,,0.8858083286717895,,
400156,2026-05,0.8858083286717895,0.43513473199315883,-0.45067359667863066,IMPROVING
400156,2026-06,0.43513473199315883,0.43950537367765025,0.0043706416844914164,STABLE
400160,2026-04,,0.7903048067550354,,
400160,2026-05,0.7903048067550354,0.6686055503429679,-0.12169925641206758,IMPROVING
400160,2026-06,0.6686055503429679,0.5531512700031543,-0.11545428033981353,IMPROVING
400162,2026-04,,0.3560588182622898,,
400162,2026-05,0.3560588182622898,0.2092236799986632,-0.1468351382636266,IMPROVING
400162,2026-06,0.2092236799986632,0.25760463584789134,0.048380955849228136,STABLE
400165,2026-04,,0.5378764044348702,,
400165,2026-05,0.5378764044348702,0.3349193473600958,-0.20295705707477435,IMPROVING
400165,2026-06,0.3349193473600958,0.3832647217931403,0.048345374433044486,STABLE
400166,2026-04,,0.5659363926674592,,
400166,2026-05,0.5659363926674592,0.35547336875327173,-0.21046302391418747,IMPROVING
400166,2026-06,0.35547336875327173,0.3956542704923013,0.04018090173902955,STABLE
400167,2026-04,,0.45425353873568536,,
400167,2026-05,0.45425353873568536,0.36257012898439017,-0.09168340975129519,IMPROVING
400167,2026-06,0.36257012898439017,0.40825233009092265,0.04568220110653248,STABLE
400168,2026-04,,0.322047408043597,,
400168,2026-05,0.322047408043597,0.34734307502297423,0.02529566697937724,STABLE
400168,2026-06,0.34734307502297423,0.3573544398067336,0.010011364783759358,STABLE
400169,2026-04,,0.24626924324334748,,
400169,2026-05,0.24626924324334748,0.25656443041184285,0.010295187168495368,STABLE
400169,2026-06,0.25656443041184285,0.2445560080344343,-0.01200842237740854,STABLE
400171,2026-04,,0.38799323763843324,,
400171,2026-05,0.38799323763843324,0.5419714167291969,0.15397817909076367,WORSENING
400171,2026-06,0.5419714167291969,0.47937013415448415,-0.06260128257471276,IMPROVING
400172,2026-04,,0.5577123491249161,,
400172,2026-05,0.5577123491249161,0.23532770408379838,-0.3223846450411177,IMPROVING
400172,2026-06,0.23532770408379838,0.3293844476160648,0.0940567435322664,WORSENING
400173,2026-04,,0.32246932035599757,,
400173,2026-05,0.32246932035599757,0.19851504841227136,-0.12395427194372621,IMPROVING
400173,2026-06,0.19851504841227136,0.22248070490787034,0.02396565649559898,STABLE
400174,2026-04,,0.5359907029126642,,
400174,2026-05,0.5359907029126642,0.6633836180835472,0.12739291517088303,WORSENING
400174,2026-06,0.6633836180835472,0.5994499687600283,-0.06393364932351886,IMPROVING
400177,2026-04,,0.4194311352583929,,
400177,2026-05,0.4194311352583929,0.22841936772472418,-0.1910117675336687,IMPROVING
400177,2026-06,0.22841936772472418,0.3096144922792107,0.08119512455448649,WORSENING
400178,2026-04,,0.5279530092385749,,
400178,2026-05,0.5279530092385749,0.27567910739611956,-0.25227390184245535,IMPROVING
400178,2026-06,0.27567910739611956,0.3820575686055493,0.10637846120942973,WORSENING
400180,2026-04,,0.23695162805860878,,
400180,2026-05,0.23695162805860878,0.1847403956129305,-0.05221123244567827,IMPROVING
400180,2026-06,0.1847403956129305,0.19179873121277657,0.007058335599846061,STABLE
400181,2026-04,,0.507552102580671,,
400181,2026-05,0.507552102580671,0.21504888781782583,-0.29250321476284513,IMPROVING
400181,2026-06,0.21504888781782583,0.29787699156055236,0.08282810374272653,WORSENING
400183,2026-04,,0.5622065296218387,,
400183,2026-05,0.5622065296218387,0.26857795301112075,-0.29362857661071795,IMPROVING
400183,2026-06,0.26857795301112075,0.3628125917861213,0.09423463877500055,WORSENING
400185,2026-04,,0.4582861035193617,,
400185,2026-05,0.4582861035193617,0.2457618604804736,-0.21252424303888812,IMPROVING
400185,2026-06,0.2457618604804736,0.29594842662724674,0.05018656614677314,WORSENING
400186,2026-04,,0.25573490220888523,,
400186,2026-05,0.25573490220888523,0.10742876042730337,-0.14830614178158186,IMPROVING
400186,2026-06,0.10742876042730337,0.16647040961746096,0.059041649190157586,WORSENING
400187,2026-04,,0.5920658193771586,,
400187,2026-05,0.5920658193771586,0.47752430974383275,-0.11454150963332588,IMPROVING
400187,2026-06,0.47752430974383275,0.5376127369334657,0.06008842718963292,WORSENING
400188,2026-04,,0.6303832945138558,,
400188,2026-05,0.6303832945138558,0.3421373403643579,-0.2882459541494979,IMPROVING
400188,2026-06,0.3421373403643579,0.35434497170308876,0.012207631338730873,STABLE
400192,2026-04,,0.6029247531433858,,
400192,2026-05,0.6029247531433858,0.2916666122466613,-0.3112581408967245,IMPROVING
400192,2026-06,0.2916666122466613,0.3601888488311856,0.06852223658452433,WORSENING
400203,2026-04,,0.5513048984634988,,
400203,2026-05,0.5513048984634988,0.24368301676432377,-0.30762188169917504,IMPROVING
400203,2026-06,0.24368301676432377,0.32351336604577297,0.07983034928144919,WORSENING
400204,2026-04,,0.4584448962330432,,
400204,2026-05,0.4584448962330432,0.23189839607651233,-0.22654650015653086,IMPROVING
400204,2026-06,0.23189839607651233,0.2781858344375312,0.04628743836101887,STABLE
400205,2026-04,,0.4335070983837352,,
400205,2026-05,0.4335070983837352,0.21855374292410626,-0.21495335545962893,IMPROVING
400205,2026-06,0.21855374292410626,0.2531502279415238,0.03459648501741755,STABLE
400220,2026-04,,0.43149556021997065,,
400220,2026-05,0.43149556021997065,0.48965208673608873,0.05815652651611808,WORSENING
400220,2026-06,0.48965208673608873,0.4969533811626342,0.007301294426545479,STABLE
400223,2026-04,,0.5330129711319417,,
400223,2026-05,0.5330129711319417,0.4338902487290673,-0.0991227224028744,IMPROVING
400223,2026-06,0.4338902487290673,0.42927759759504547,-0.004612651134021817,STABLE
400231,2026-04,,0.3772568792197838,,
400231,2026-05,0.3772568792197838,0.16467715509530065,-0.21257972412448314,IMPROVING
400231,2026-06,0.16467715509530065,0.2006040586213259,0.03592690352602526,STABLE
400232,2026-04,,0.6403132730319447,,
400232,2026-05,0.6403132730319447,0.4083061068700398,-0.23200716616190492,IMPROVING
400232,2026-06,0.4083061068700398,0.47577480278500267,0.06746869591496285,WORSENING
400247,2026-04,,0.4854841946924096,,
400247,2026-05,0.4854841946924096,0.3872413466141273,-0.09824284807828232,IMPROVING
400247,2026-06,0.3872413466141273,0.4166265697170118,0.029385223102884495,STABLE
400253,2026-04,,0.5560256601974003,,
400253,2026-05,0.5560256601974003,0.44474053825119675,-0.11128512194620355,IMPROVING
400254,2026-04,,0.2995729278970293,,
400254,2026-05,0.2995729278970293,0.19432041063066555,-0.10525251726636373,IMPROVING
400254,2026-06,0.19432041063066555,0.22281984813460448,0.028499437503938935,STABLE
400261,2026-04,,0.4832360550477496,,
400261,2026-05,0.4832360550477496,0.4408833993612454,-0.042352655686504204,STABLE
400261,2026-06,0.4408833993612454,0.4865255211301769,0.04564212176893151,STABLE
400271,2026-04,,0.528674640983627,,
400271,2026-05,0.528674640983627,0.3583907518274428,-0.17028388915618425,IMPROVING
400273,2026-04,,0.44478421295055426,,
400273,2026-05,0.44478421295055426,0.40419186078850716,-0.040592352162047096,STABLE
400273,2026-06,0.40419186078850716,0.4177440437137203,0.013552182925213152,STABLE
400275,2026-04,,0.46996994053508095,,
400275,2026-05,0.46996994053508095,0.30600750069651944,-0.1639624398385615,IMPROVING
400275,2026-06,0.30600750069651944,0.3315555870821536,0.02554808638563416,STABLE
400277,2026-04,,0.48493604131187795,,
400277,2026-05,0.48493604131187795,0.5140637012793848,0.02912765996750688,STABLE
400280,2026-04,,0.35413680702889666,,
400280,2026-05,0.35413680702889666,0.21273885086060304,-0.14139795616829362,IMPROVING
400280,2026-06,0.21273885086060304,0.2468820300190049,0.03414317915840187,STABLE
400291,2026-04,,0.6218308343799442,,
400291,2026-05,0.6218308343799442,0.6366044425340722,0.014773608154127982,STABLE
400291,2026-06,0.6366044425340722,0.6276208397292958,-0.008983602804776392,STABLE
400298,2026-04,,0.5835821021443531,,
400298,2026-05,0.5835821021443531,0.4407061900326203,-0.14287591211173284,IMPROVING
400298,2026-06,0.4407061900326203,0.4517551818142405,0.011048991781620221,STABLE
400299,2026-04,,0.47305946582073033,,
400299,2026-05,0.47305946582073033,0.23093734133765173,-0.2421221244830786,IMPROVING
400299,2026-06,0.23093734133765173,0.2560548569596464,0.025117515621994685,STABLE
400301,2026-04,,0.4506405580065808,,
400301,2026-05,0.4506405580065808,0.47173632014721,0.021095762140629193,STABLE
400301,2026-06,0.47173632014721,0.4576240970879823,-0.014112223059227713,STABLE
400312,2026-04,,0.5489028627937901,,
400312,2026-05,0.5489028627937901,0.3057592762457028,-0.24314358654808726,IMPROVING
400312,2026-06,0.3057592762457028,0.3466480336210091,0.040888757375306284,STABLE
400315,2026-04,,0.49807167380967066,,
400315,2026-05,0.49807167380967066,0.21438320368204652,-0.2836884701276241,IMPROVING
400315,2026-06,0.21438320368204652,0.27801214467492286,0.06362894099287633,WORSENING
400321,2026-04,,0.39687132697430477,,
400321,2026-05,0.39687132697430477,0.24627013193042843,-0.15060119504387634,IMPROVING
400321,2026-06,0.24627013193042843,0.28308053036134695,0.03681039843091852,STABLE
400352,2026-04,,0.8861707768640709,,
400352,2026-05,0.8861707768640709,0.3969525280932098,-0.48921824877086106,IMPROVING
400352,2026-06,0.3969525280932098,0.43392895753944816,0.03697642944623836,STABLE
400353,2026-04,,0.4775635592952495,,
400353,2026-05,0.4775635592952495,0.19085418143104146,-0.286709377864208,IMPROVING
400353,2026-06,0.19085418143104146,0.2612505121047457,0.07039633067370424,WORSENING
400354,2026-04,,0.5652627902142487,,
400354,2026-05,0.5652627902142487,0.3349443646613652,-0.23031842555288357,IMPROVING
400354,2026-06,0.3349443646613652,0.38773847187907584,0.05279410721771066,WORSENING
400369,2026-04,,0.3010790695742434,,
400369,2026-05,0.3010790695742434,0.26617232330558566,-0.03490674626865775,STABLE
400369,2026-06,0.26617232330558566,0.3042847457293179,0.03811242242373225,STABLE
400382,2026-04,,0.34141371753526845,,
400382,2026-05,0.34141371753526845,0.31544708350325956,-0.025966634032008884,STABLE
400392,2026-04,,0.6073302540612445,,
400392,2026-05,0.6073302540612445,0.4105035413191499,-0.19682671274209462,IMPROVING
400392,2026-06,0.4105035413191499,0.4307131611169338,0.020209619797783906,STABLE
400416,2026-04,,0.5913555176583943,,
400416,2026-05,0.5913555176583943,0.4478327476098325,-0.14352277004856184,IMPROVING
400416,2026-06,0.4478327476098325,0.47673090928358763,0.02889816167375514,STABLE
400424,2026-04,,0.4944792535571142,,
400424,2026-05,0.4944792535571142,0.38536146954475964,-0.10911778401235456,IMPROVING
400424,2026-06,0.38536146954475964,0.40651866097872197,0.02115719143396233,STABLE
400425,2026-04,,0.6064139396150211,,
400425,2026-05,0.6064139396150211,0.3844421118555082,-0.2219718277595129,IMPROVING
400425,2026-06,0.3844421118555082,0.44008432288730137,0.055642211031793176,WORSENING
400426,2026-04,,0.530361172326305,,
400426,2026-05,0.530361172326305,0.34468247252059925,-0.18567869980570573,IMPROVING
400426,2026-06,0.34468247252059925,0.34265986034326645,-0.0020226121773327943,STABLE
601812,2026-04,,0.20551261024864234,,
601812,2026-05,0.20551261024864234,0.060941609748482325,-0.14457100050016003,IMPROVING
601812,2026-06,0.060941609748482325,0.0976336106820248,0.03669200093354247,STABLE
602096,2026-04,,0.47929711248774043,,
602096,2026-05,0.47929711248774043,0.5351933883962953,0.05589627590855484,WORSENING
602096,2026-06,0.5351933883962953,0.5232146819090578,-0.011978706487237423,STABLE
602098,2026-04,,0.2700067710378484,,
602098,2026-05,0.2700067710378484,0.2432737885133988,-0.02673298252444964,STABLE
602098,2026-06,0.2432737885133988,0.2338565489422978,-0.009417239571100994,STABLE
602099,2026-04,,0.28578847012655584,,
602099,2026-05,0.28578847012655584,0.3100840057274676,0.024295535600911744,STABLE
602099,2026-06,0.3100840057274676,0.2895456155821566,-0.020538390145311003,STABLE
602181,2026-04,,0.3691423715938431,,
602181,2026-05,0.3691423715938431,0.31478406750752774,-0.05435830408631537,IMPROVING
602181,2026-06,0.31478406750752774,0.3437432155397306,0.02895914803220284,STABLE
602182,2026-04,,0.28700605514393945,,
602182,2026-05,0.28700605514393945,0.13475185567693634,-0.1522541994670031,IMPROVING
602182,2026-06,0.13475185567693634,0.1564632077718045,0.021711352094868158,STABLE
602184,2026-04,,0.542510626934308,,
602184,2026-05,0.542510626934308,0.47630423759763335,-0.06620638933667461,IMPROVING
602184,2026-06,0.47630423759763335,0.48346896041348997,0.007164722815856617,STABLE
602185,2026-04,,0.5856955890645309,,
602185,2026-05,0.5856955890645309,0.6524156191293352,0.06672003006480431,WORSENING
602185,2026-06,0.6524156191293352,0.5957136372076988,-0.056701981921636446,IMPROVING
602195,2026-04,,0.5415380980921667,,
602195,2026-05,0.5415380980921667,0.5168137215084422,-0.024724376583724506,STABLE
602195,2026-06,0.5168137215084422,0.5223166246587495,0.005502903150307326,STABLE
602223,2026-04,,0.4427600174239557,,
602223,2026-05,0.4427600174239557,0.5003185034955471,0.057558486071591364,WORSENING
602223,2026-06,0.5003185034955471,0.4885927552220963,-0.011725748273450798,STABLE
602525,2026-04,,0.3734290378726453,,
602525,2026-05,0.3734290378726453,0.40234879953189934,0.02891976165925403,STABLE
602525,2026-06,0.40234879953189934,0.39352676285287413,-0.008822036679025202,STABLE
602532,2026-04,,0.3835718161664637,,
602532,2026-05,0.3835718161664637,0.37686616025406183,-0.006705655912401853,STABLE
602532,2026-06,0.37686616025406183,0.36902682642754314,-0.00783933382651869,STABLE
602535,2026-04,,0.3708890304840898,,
602535,2026-05,0.3708890304840898,0.2669587905749817,-0.1039302399091081,IMPROVING
602535,2026-06,0.2669587905749817,0.27231225093678385,0.005353460361802176,STABLE
602538,2026-04,,0.3116996455769081,,
602538,2026-05,0.3116996455769081,0.34465322171050194,0.03295357613359384,STABLE
602538,2026-06,0.34465322171050194,0.4006245145929512,0.05597129288244923,WORSENING
602579,2026-04,,0.3194188309420255,,
602579,2026-05,0.3194188309420255,0.3919886978071792,0.07256986686515371,WORSENING
602579,2026-06,0.3919886978071792,0.3914026537667857,-0.0005860440403935296,STABLE
602582,2026-04,,0.37718912522455894,,
602582,2026-05,0.37718912522455894,0.38406761389867694,0.006878488674118,STABLE
602582,2026-06,0.38406761389867694,0.38692655306430396,0.002858939165627017,STABLE
602593,2026-04,,0.4866417376882765,,
602593,2026-05,0.4866417376882765,0.37056142566746225,-0.11608031202081426,IMPROVING
602593,2026-06,0.37056142566746225,0.3951474255192372,0.024585999851774953,STABLE
602792,2026-04,,0.22294134998619655,,
602792,2026-05,0.22294134998619655,0.1876445134606864,-0.03529683652551016,STABLE
602792,2026-06,0.1876445134606864,0.19104501322671985,0.00340049976603346,STABLE
602797,2026-04,,0.4961609176286898,,
602797,2026-05,0.4961609176286898,0.24281396261406357,-0.25334695501462623,IMPROVING
602797,2026-06,0.24281396261406357,0.28066060581445323,0.03784664320038966,STABLE
602961,2026-04,,0.3142250083536277,,
602961,2026-05,0.3142250083536277,0.19913082369169013,-0.11509418466193758,IMPROVING
602961,2026-06,0.19913082369169013,0.2387868172491372,0.03965599355744706,STABLE
603210,2026-05,,0.1608109263817926,,
603210,2026-06,0.1608109263817926,0.07499513652024689,-0.0858157898615457,IMPROVING
603293,2026-04,,0.5863695070975846,,
603293,2026-05,0.5863695070975846,0.343964743128095,-0.24240476396948962,IMPROVING
603293,2026-06,0.343964743128095,0.43024623482682034,0.08628149169872534,WORSENING
603945,2026-04,,0.4424630797479883,,
603945,2026-05,0.4424630797479883,0.3092074484899214,-0.13325563125806694,IMPROVING
603945,2026-06,0.3092074484899214,0.3329628931301512,0.023755444640229828,STABLE
604791,2026-04,,0.3029356994515335,,
604791,2026-05,0.3029356994515335,0.3275075887218343,0.024571889270300795,STABLE
604791,2026-06,0.3275075887218343,0.3139960542989377,-0.013511534422896598,STABLE
604795,2026-04,,0.32155706010521623,,
604795,2026-05,0.32155706010521623,0.20150336729049526,-0.12005369281472097,IMPROVING
604795,2026-06,0.20150336729049526,0.2369980651281323,0.035494697837637035,STABLE
604833,2026-04,,0.4323188534340902,,
604833,2026-05,0.4323188534340902,0.2735062193931076,-0.15881263404098261,IMPROVING
604833,2026-06,0.2735062193931076,0.28655664744271464,0.013050428049607044,STABLE
604852,2026-04,,0.19941530387325143,,
604852,2026-05,0.19941530387325143,0.09999012819733895,-0.09942517567591248,IMPROVING
604852,2026-06,0.09999012819733895,0.15467849594100422,0.05468836774366527,WORSENING
604853,2026-04,,0.3641789364350191,,
604853,2026-05,0.3641789364350191,0.37827621762678715,0.014097281191768063,STABLE
604853,2026-06,0.37827621762678715,0.3533220841838563,-0.024954133442930848,STABLE
604859,2026-04,,0.2525473569039884,,
604859,2026-05,0.2525473569039884,0.3894233085371566,0.13687595163316824,WORSENING
604859,2026-06,0.3894233085371566,0.37053878296553977,-0.01888452557161685,STABLE
604863,2026-04,,0.25057629225809785,,
604863,2026-05,0.25057629225809785,0.2660335420085537,0.01545724975045587,STABLE
604863,2026-06,0.2660335420085537,0.24138741815410195,-0.02464612385445178,STABLE
605155,2026-04,,0.3092322301409276,,
605155,2026-05,0.3092322301409276,0.20232966831871038,-0.10690256182221722,IMPROVING
605155,2026-06,0.20232966831871038,0.23828092630192502,0.035951257983214635,STABLE
605156,2026-04,,0.3495919079770725,,
605156,2026-05,0.3495919079770725,0.41309881363752776,0.06350690566045525,WORSENING
605156,2026-06,0.41309881363752776,0.40289459182660636,-0.010204221810921399,STABLE
605292,2026-04,,0.2478220559677685,,
605292,2026-05,0.2478220559677685,0.21082223669814718,-0.036999819269621315,STABLE
605292,2026-06,0.21082223669814718,0.2175392982095769,0.006717061511429728,STABLE
606013,2026-04,,0.18643263852177652,,
606013,2026-05,0.18643263852177652,0.15517317180516121,-0.03125946671661531,STABLE
606013,2026-06,0.15517317180516121,0.15451190666600503,-0.0006612651391561808,STABLE
606112,2026-04,,0.22891281911018127,,
606112,2026-05,0.22891281911018127,0.2289866266639595,7.380755377822679e-05,STABLE
606112,2026-06,0.2289866266639595,0.22278130296641527,-0.006205323697544229,STABLE
606431,2026-04,,0.2609415943891086,,
606431,2026-05,0.2609415943891086,0.19755853467991946,-0.06338305970918912,IMPROVING
606431,2026-06,0.19755853467991946,0.18963565876849284,-0.007922875911426625,STABLE
606479,2026-04,,0.21682767956769197,,
606479,2026-05,0.21682767956769197,0.3109662623974936,0.09413858282980161,WORSENING
606479,2026-06,0.3109662623974936,0.2626857346804054,-0.048280527717088184,STABLE
607653,2026-04,,0.22973937598490432,,
607653,2026-05,0.22973937598490432,0.23848550883765668,0.008746132852752359,STABLE
607653,2026-06,0.23848550883765668,0.16794575136287057,-0.07053975747478611,IMPROVING
607709,2026-04,,0.34256340845290495,,
607709,2026-05,0.34256340845290495,0.3448878260291988,0.002324417576293869,STABLE
607709,2026-06,0.3448878260291988,0.35635386423939847,0.011466038210199647,STABLE
609019,2026-04,,0.2252857559810832,,
609019,2026-05,0.2252857559810832,0.19907012771305974,-0.026215628268023455,STABLE
609019,2026-06,0.19907012771305974,0.24060794102881095,0.04153781331575121,STABLE
609424,2026-04,,0.2711123699527014,,
609424,2026-05,0.2711123699527014,0.2117256565059298,-0.05938671344677157,IMPROVING
609424,2026-06,0.2117256565059298,0.21773024276216935,0.006004586256239536,STABLE
609736,2026-04,,0.2955523148837474,,
609736,2026-05,0.2955523148837474,0.25470427819084224,-0.040848036692905154,STABLE
609736,2026-06,0.25470427819084224,0.2577058583955145,0.003001580204672283,STABLE
609996,2026-04,,0.18114118292664527,,
609996,2026-05,0.18114118292664527,0.14293248304020703,-0.03820869988643824,STABLE
609996,2026-06,0.14293248304020703,0.12803880195007597,-0.014893681090131061,STABLE
610315,2026-04,,0.23856988963220285,,
610315,2026-05,0.23856988963220285,0.1805932231280459,-0.05797666650415695,IMPROVING
610315,2026-06,0.1805932231280459,0.18570387784435782,0.005110654716311919,STABLE
610984,2026-04,,0.4340780787927998,,
610984,2026-05,0.4340780787927998,0.2821109380520311,-0.15196714074076872,IMPROVING
610984,2026-06,0.2821109380520311,0.3515237912432165,0.0694128531911854,WORSENING
611047,2026-04,,0.23743176358046525,,
611047,2026-05,0.23743176358046525,0.1299836892069153,-0.10744807437354995,IMPROVING
611047,2026-06,0.1299836892069153,0.16159836186208115,0.03161467265516585,STABLE
611452,2026-04,,0.23488192304932157,,
611452,2026-05,0.23488192304932157,0.20257799548305205,-0.032303927566269514,STABLE
611495,2026-04,,0.2506681691537474,,
611495,2026-05,0.2506681691537474,0.1896522189210376,-0.06101595023270981,IMPROVING
611495,2026-06,0.1896522189210376,0.19209750367248352,0.0024452847514459253,STABLE
611509,2026-04,,0.24630880766954102,,
611509,2026-05,0.24630880766954102,0.10495005580135858,-0.14135875186818245,IMPROVING
611509,2026-06,0.10495005580135858,0.12754256376570902,0.022592507964350445,STABLE
611570,2026-04,,0.2608851243760208,,
611570,2026-05,0.2608851243760208,0.16626581948570363,-0.09461930489031717,IMPROVING
611570,2026-06,0.16626581948570363,0.19364820685494416,0.027382387369240535,STABLE
611586,2026-04,,0.35030960290541513,,
611586,2026-05,0.35030960290541513,0.15272593852272368,-0.19758366438269145,IMPROVING
611586,2026-06,0.15272593852272368,0.20915225220052605,0.056426313677802376,WORSENING
611602,2026-04,,0.2976372963820182,,
611602,2026-05,0.2976372963820182,0.17519144306551634,-0.12244585331650185,IMPROVING
611602,2026-06,0.17519144306551634,0.20627436495735638,0.031082921891840032,STABLE
611669,2026-04,,0.29520893637707296,,
611669,2026-05,0.29520893637707296,0.1467379556300585,-0.14847098074701445,IMPROVING
611669,2026-06,0.1467379556300585,0.2163352776016102,0.06959732197155169,WORSENING
611698,2026-04,,0.17005493872933294,,
611698,2026-05,0.17005493872933294,0.06050639031586334,-0.1095485484134696,IMPROVING
611698,2026-06,0.06050639031586334,0.09034874491173653,0.029842354595873186,STABLE
611699,2026-04,,0.17284485924314527,,
611699,2026-05,0.17284485924314527,0.059665712310123534,-0.11317914693302174,IMPROVING
611699,2026-06,0.059665712310123534,0.09622456865318199,0.03655885634305846,STABLE
611716,2026-04,,0.19995039488320165,,
611716,2026-05,0.19995039488320165,0.06813430227545227,-0.1318160926077494,IMPROVING
611716,2026-06,0.06813430227545227,0.10258265371298338,0.03444835143753111,STABLE
611735,2026-04,,0.203367460319939,,
611735,2026-05,0.203367460319939,0.11895449269951619,-0.0844129676204228,IMPROVING
611735,2026-06,0.11895449269951619,0.21124091177033769,0.0922864190708215,WORSENING
611751,2026-04,,0.3740170441615264,,
611751,2026-05,0.3740170441615264,0.24276028808145986,-0.13125675608006657,IMPROVING
611751,2026-06,0.24276028808145986,0.2682551557049653,0.02549486762350542,STABLE
611752,2026-04,,0.26191099947201724,,
611754,2026-04,,0.20554806230408645,,
611754,2026-05,0.20554806230408645,0.1469220951013386,-0.05862596720274785,IMPROVING
611754,2026-06,0.1469220951013386,0.14160682092557825,-0.005315274175760359,STABLE
611855,2026-04,,0.2607764718786015,,
611855,2026-05,0.2607764718786015,0.14079518518344544,-0.11998128669515604,IMPROVING
611855,2026-06,0.14079518518344544,0.16879072134874684,0.0279955361653014,STABLE
611861,2026-04,,0.25351272871762853,,
611861,2026-05,0.25351272871762853,0.17293180504996092,-0.08058092366766761,IMPROVING
611864,2026-04,,0.3895453649315312,,
611864,2026-05,0.3895453649315312,0.11173343207415186,-0.2778119328573793,IMPROVING
611864,2026-06,0.11173343207415186,0.17857026080587,0.06683682873171813,WORSENING
611884,2026-04,,0.293783891525795,,
611884,2026-05,0.293783891525795,0.14035998963255297,-0.153423901893242,IMPROVING
611884,2026-06,0.14035998963255297,0.17018145255144898,0.029821462918896008,STABLE
611917,2026-04,,0.2842016608023953,,
611917,2026-05,0.2842016608023953,0.2916848907031793,0.007483229900784039,STABLE
611917,2026-06,0.2916848907031793,0.30802205887069645,0.016337168167517124,STABLE
611918,2026-04,,0.2306243444838745,,
611918,2026-05,0.2306243444838745,0.16695568594492266,-0.06366865853895184,IMPROVING
611918,2026-06,0.16695568594492266,0.19528928721828376,0.028333601273361098,STABLE
611927,2026-04,,0.41918004679788384,,
611927,2026-05,0.41918004679788384,0.23186903013853916,-0.1873110166593447,IMPROVING
611927,2026-06,0.23186903013853916,0.27636863564352976,0.0444996055049906,STABLE
611929,2026-04,,0.17549290466953388,,
611929,2026-05,0.17549290466953388,0.14051279111668202,-0.034980113552851855,STABLE
611929,2026-06,0.14051279111668202,0.14943155922635196,0.008918768109669933,STABLE
611930,2026-04,,0.2605985674201816,,
611930,2026-05,0.2605985674201816,0.1428896618836904,-0.11770890553649122,IMPROVING
611930,2026-06,0.1428896618836904,0.16830201939788278,0.02541235751419238,STABLE
611943,2026-04,,0.21551956183040616,,
611943,2026-05,0.21551956183040616,0.1120303031128307,-0.10348925871757546,IMPROVING
611943,2026-06,0.1120303031128307,0.1411634763609449,0.029133173248114194,STABLE
611945,2026-04,,0.3088359866843972,,
611945,2026-05,0.3088359866843972,0.1312389937140385,-0.17759699297035872,IMPROVING
611945,2026-06,0.1312389937140385,0.18920100090830297,0.057962007194264475,WORSENING
611948,2026-04,,0.19787486198215207,,
611949,2026-04,,0.19014896660274958,,
611949,2026-05,0.19014896660274958,0.19438463487293534,0.004235668270185761,STABLE
611949,2026-06,0.19438463487293534,0.21252540914737886,0.018140774274443522,STABLE
611957,2026-04,,0.45105497908077097,,
611957,2026-05,0.45105497908077097,0.1417016780387903,-0.30935330104198067,IMPROVING
611957,2026-06,0.1417016780387903,0.22465292924591207,0.08295125120712177,WORSENING
611961,2026-04,,0.2414112691561205,,
611961,2026-05,0.2414112691561205,0.14620777565794482,-0.09520349349817567,IMPROVING
611961,2026-06,0.14620777565794482,0.15515831034162567,0.008950534683680844,STABLE
611963,2026-04,,0.35214269748762317,,
611963,2026-05,0.35214269748762317,0.17811315139782868,-0.17402954608979448,IMPROVING
611963,2026-06,0.17811315139782868,0.2348933130663751,0.05678016166854641,WORSENING
611966,2026-04,,0.18147694505465617,,
611966,2026-05,0.18147694505465617,0.18296416501110757,0.0014872199564514021,STABLE
611967,2026-04,,0.15335872390583652,,
611970,2026-04,,0.21527568803199504,,
611970,2026-05,0.21527568803199504,0.07947167372038745,-0.1358040143116076,IMPROVING
611970,2026-06,0.07947167372038745,0.12198992697781239,0.042518253257424934,STABLE
611971,2026-04,,0.34628269886418345,,
611971,2026-05,0.34628269886418345,0.1446788501188127,-0.20160384874537074,IMPROVING
611971,2026-06,0.1446788501188127,0.20160922091403335,0.05693037079522065,WORSENING
611974,2026-04,,0.2137597676585411,,
611974,2026-05,0.2137597676585411,0.20888995269835328,-0.004869814960187818,STABLE
611974,2026-06,0.20888995269835328,0.14232082073575938,-0.0665691319625939,IMPROVING
611977,2026-04,,0.23591450078611947,,
611977,2026-05,0.23591450078611947,0.13258506722500735,-0.10332943356111213,IMPROVING
611978,2026-04,,0.16419605365164122,,
611978,2026-05,0.16419605365164122,0.13380030134419352,-0.030395752307447704,STABLE
611979,2026-04,,0.12758129070500518,,
611979,2026-05,0.12758129070500518,0.1242105539842552,-0.0033707367207499728,STABLE
612066,2026-05,,0.2680180157256001,,
612066,2026-06,0.2680180157256001,0.17023682074816474,-0.09778119497743534,IMPROVING
612068,2026-05,,0.18409996362222852,,
612068,2026-06,0.18409996362222852,0.12362417544290638,-0.06047578817932214,IMPROVING
612072,2026-04,,0.22906441118609722,,
612072,2026-05,0.22906441118609722,0.12217337421023457,-0.10689103697586265,IMPROVING
612072,2026-06,0.12217337421023457,0.1661137828041995,0.04394040859396493,STABLE
612096,2026-04,,0.42385967497424853,,
612096,2026-05,0.42385967497424853,0.27411701379252806,-0.14974266118172047,IMPROVING
612096,2026-06,0.27411701379252806,0.2843412840925508,0.010224270300022709,STABLE
612128,2026-04,,0.19841035777643498,,
612128,2026-05,0.19841035777643498,0.10350042768050116,-0.09490993009593382,IMPROVING
612128,2026-06,0.10350042768050116,0.10664335313420206,0.003142925453700901,STABLE
612132,2026-04,,0.21791560534358217,,
612132,2026-05,0.21791560534358217,0.21456114148952413,-0.0033544638540580485,STABLE
612132,2026-06,0.21456114148952413,0.24725771985223535,0.032696578362711226,STABLE
612133,2026-04,,0.22964430544694048,,
612133,2026-05,0.22964430544694048,0.1434528325245224,-0.08619147292241808,IMPROVING
612133,2026-06,0.1434528325245224,0.16192859981790106,0.01847576729337866,STABLE
612134,2026-04,,0.22211306596985006,,
612134,2026-05,0.22211306596985006,0.1435559192870756,-0.07855714668277447,IMPROVING
612134,2026-06,0.1435559192870756,0.19356283849524988,0.050006919208174294,WORSENING
612138,2026-04,,0.20763012900434916,,
612138,2026-05,0.20763012900434916,0.21946696666243837,0.011836837658089211,STABLE
612138,2026-06,0.21946696666243837,0.2267178058349669,0.007250839172528528,STABLE
612139,2026-04,,0.23123143947983318,,
612139,2026-05,0.23123143947983318,0.14560440870975302,-0.08562703077008016,IMPROVING
612139,2026-06,0.14560440870975302,0.19200439418731366,0.046399985477560635,STABLE
612140,2026-04,,0.20896249387763152,,
612140,2026-05,0.20896249387763152,0.15097135263304928,-0.05799114124458224,IMPROVING
612140,2026-06,0.15097135263304928,0.2386627869290398,0.08769143429599052,WORSENING
612142,2026-04,,0.2347474906863925,,
612142,2026-05,0.2347474906863925,0.11765564383627973,-0.11709184685011277,IMPROVING
612142,2026-06,0.11765564383627973,0.15607797670624404,0.03842233286996431,STABLE
612167,2026-04,,0.14183545571543404,,
612167,2026-05,0.14183545571543404,0.08473042009867128,-0.057105035616762764,IMPROVING
612167,2026-06,0.08473042009867128,0.12419980628054512,0.039469386181873845,STABLE
612183,2026-04,,0.23207464733268243,,
612183,2026-05,0.23207464733268243,0.08436153766320788,-0.14771310966947454,IMPROVING
612183,2026-06,0.08436153766320788,0.12910295481289832,0.044741417149690446,STABLE
612186,2026-04,,0.173144597117061,,
612186,2026-05,0.173144597117061,0.09465356958451908,-0.07849102753254193,IMPROVING
612186,2026-06,0.09465356958451908,0.1250431691308519,0.030389599546332816,STABLE
612194,2026-04,,0.2626357093128218,,
612194,2026-05,0.2626357093128218,0.1352058433791021,-0.12742986593371972,IMPROVING
612194,2026-06,0.1352058433791021,0.15374335372444475,0.01853751034534265,STABLE
612211,2026-04,,0.1797587887737288,,
612211,2026-05,0.1797587887737288,0.1191911504231759,-0.0605676383505529,IMPROVING
612211,2026-06,0.1191911504231759,0.13767564721080006,0.01848449678762415,STABLE
612213,2026-04,,0.29132606772325986,,
612213,2026-05,0.29132606772325986,0.20435464796920266,-0.0869714197540572,IMPROVING
612213,2026-06,0.20435464796920266,0.2349056293498866,0.030550981380683934,STABLE
612259,2026-04,,0.2782547499097867,,
612259,2026-05,0.2782547499097867,0.2489458015310347,-0.029308948378752003,STABLE
612259,2026-06,0.2489458015310347,0.20722443455622921,-0.041721366974805496,STABLE
612513,2026-04,,0.2746954012859408,,
612513,2026-05,0.2746954012859408,0.13833382272943162,-0.13636157855650916,IMPROVING
612513,2026-06,0.13833382272943162,0.17053168923501158,0.03219786650557996,STABLE
612745,2026-04,,0.35981108606637807,,
612745,2026-05,0.35981108606637807,0.16875771698396624,-0.19105336908241183,IMPROVING
612745,2026-06,0.16875771698396624,0.25414704544001493,0.08538932845604869,WORSENING
612748,2026-04,,0.2801844917863232,,
612748,2026-05,0.2801844917863232,0.1916569408956002,-0.088527550890723,IMPROVING
612748,2026-06,0.1916569408956002,0.1694490566030427,-0.02220788429255749,STABLE
612781,2026-04,,0.2637393195429013,,
612781,2026-05,0.2637393195429013,0.2182709849582908,-0.0454683345846105,STABLE
612781,2026-06,0.2182709849582908,0.22985325630410836,0.011582271345817546,STABLE
612786,2026-04,,0.1897378509324164,,
612786,2026-05,0.1897378509324164,0.13945039032215892,-0.05028746061025749,IMPROVING
612786,2026-06,0.13945039032215892,0.14107051845524454,0.0016201281330856243,STABLE
612787,2026-04,,0.21099825762463,,
612787,2026-05,0.21099825762463,0.15223207778289957,-0.05876617984173044,IMPROVING
612787,2026-06,0.15223207778289957,0.1335420829952449,-0.01868999478765468,STABLE
612788,2026-04,,0.16427755845950634,,
612788,2026-05,0.16427755845950634,0.11312342516613294,-0.0511541332933734,IMPROVING
612788,2026-06,0.11312342516613294,0.11932280672997067,0.00619938156383773,STABLE
612789,2026-04,,0.24869035430280817,,
612789,2026-05,0.24869035430280817,0.16617181408685924,-0.08251854021594893,IMPROVING
612789,2026-06,0.16617181408685924,0.1640954121375225,-0.0020764019493367536,STABLE
612790,2026-04,,0.2300972023180425,,
612790,2026-05,0.2300972023180425,0.08652582017683252,-0.14357138214120999,IMPROVING
612790,2026-06,0.08652582017683252,0.10532179749121627,0.018795977314383747,STABLE
612791,2026-04,,0.23101468283942916,,
612791,2026-05,0.23101468283942916,0.21510815053778615,-0.015906532301643017,STABLE
612791,2026-06,0.21510815053778615,0.1760823425229243,-0.03902580801486186,STABLE
612793,2026-04,,0.23777517425910835,,
612793,2026-05,0.23777517425910835,0.13134893545162574,-0.10642623880748261,IMPROVING
612793,2026-06,0.13134893545162574,0.16898460490218106,0.037635669450555326,STABLE
612815,2026-04,,0.22380014916375776,,
612815,2026-05,0.22380014916375776,0.11068750332355712,-0.11311264584020064,IMPROVING
612815,2026-06,0.11068750332355712,0.1397141713461591,0.02902666802260198,STABLE
612816,2026-04,,0.21510781776653654,,
612816,2026-05,0.21510781776653654,0.08606376686874458,-0.12904405089779197,IMPROVING
612816,2026-06,0.08606376686874458,0.1433285991103738,0.05726483224162922,WORSENING
612827,2026-04,,0.24007554774152146,,
612827,2026-05,0.24007554774152146,0.14468476019299803,-0.09539078754852343,IMPROVING
612827,2026-06,0.14468476019299803,0.16415119781052678,0.019466437617528753,STABLE
612834,2026-04,,0.2182840843224427,,
612834,2026-05,0.2182840843224427,0.17371837005954757,-0.04456571426289513,STABLE
612834,2026-06,0.17371837005954757,0.18645325234931776,0.012734882289770183,STABLE
612845,2026-04,,0.2392495945401353,,
612845,2026-05,0.2392495945401353,0.07387960539560544,-0.16536998914452988,IMPROVING
612845,2026-06,0.07387960539560544,0.11655404621940832,0.04267444082380288,STABLE
612851,2026-04,,0.248890853308838,,
612851,2026-05,0.248890853308838,0.231211567296223,-0.01767928601261501,STABLE
612851,2026-06,0.231211567296223,0.20892918138983105,-0.02228238590639195,STABLE
612853,2026-04,,0.2576346320242052,,
612853,2026-05,0.2576346320242052,0.1572867682777878,-0.10034786374641744,IMPROVING
612853,2026-06,0.1572867682777878,0.12086838893227667,-0.03641837934551112,STABLE
612855,2026-04,,0.195275991085127,,
612855,2026-05,0.195275991085127,0.2141288272819737,0.01885283619684669,STABLE
612855,2026-06,0.2141288272819737,0.2556044605649439,0.041475633282970215,STABLE
612876,2026-04,,0.41574603286371553,,
612876,2026-05,0.41574603286371553,0.21121353533364376,-0.20453249753007177,IMPROVING
612876,2026-06,0.21121353533364376,0.25256858577764446,0.0413550504440007,STABLE
612877,2026-04,,0.3906430803460443,,
612877,2026-05,0.3906430803460443,0.3042833372246977,-0.08635974312134659,IMPROVING
612877,2026-06,0.3042833372246977,0.31439494115695965,0.010111603932261959,STABLE
612878,2026-04,,0.2663629539419179,,
612878,2026-05,0.2663629539419179,0.17514075377046093,-0.09122220017145696,IMPROVING
612878,2026-06,0.17514075377046093,0.17700110728293522,0.0018603535124742943,STABLE
612883,2026-04,,0.26256918048522027,,
612883,2026-05,0.26256918048522027,0.10081523551335085,-0.1617539449718694,IMPROVING
612883,2026-06,0.10081523551335085,0.1355884301035439,0.034773194590193054,STABLE
612885,2026-04,,0.3795996447906938,,
612885,2026-05,0.3795996447906938,0.24785315338851835,-0.13174649140217545,IMPROVING
612885,2026-06,0.24785315338851835,0.2621487329639747,0.014295579575456324,STABLE
612894,2026-04,,0.24731393764169118,,
612894,2026-05,0.24731393764169118,0.2146091312558138,-0.03270480638587739,STABLE
612894,2026-06,0.2146091312558138,0.23654391162277136,0.021934780366957563,STABLE
612898,2026-04,,0.46689809711126345,,
612898,2026-05,0.46689809711126345,0.3311799109941353,-0.13571818611712816,IMPROVING
612898,2026-06,0.3311799109941353,0.3662263934578523,0.035046482463717,STABLE
612916,2026-04,,0.22944055022203472,,
612916,2026-05,0.22944055022203472,0.18173999495295082,-0.0477005552690839,STABLE
612916,2026-06,0.18173999495295082,0.18409987927775381,0.0023598843248029966,STABLE
613002,2026-04,,0.2241380365979908,,
613002,2026-05,0.2241380365979908,0.1330219928991773,-0.09111604369881351,IMPROVING
613002,2026-06,0.1330219928991773,0.17705438416774152,0.04403239126856423,STABLE
613008,2026-04,,0.3301853492405994,,
613008,2026-05,0.3301853492405994,0.13316916272944587,-0.19701618651115352,IMPROVING
613008,2026-06,0.13316916272944587,0.17327107659239763,0.040101913862951755,STABLE
613013,2026-04,,0.4187073517475048,,
613013,2026-05,0.4187073517475048,0.31001318576420234,-0.10869416598330245,IMPROVING
613013,2026-06,0.31001318576420234,0.320810938627736,0.010797752863533683,STABLE
613015,2026-04,,0.2948012714051336,,
613015,2026-05,0.2948012714051336,0.13007573144708617,-0.16472553995804745,IMPROVING
613015,2026-06,0.13007573144708617,0.15687659844951207,0.0268008670024259,STABLE
613785,2026-04,,0.22316342090373212,,
613785,2026-05,0.22316342090373212,0.07928325247326967,-0.14388016843046245,IMPROVING
613786,2026-04,,0.23860937653699263,,
613786,2026-05,0.23860937653699263,0.11398552390105349,-0.12462385263593914,IMPROVING
613787,2026-04,,0.30522523822433933,,
613787,2026-05,0.30522523822433933,0.15029135336814448,-0.15493388485619486,IMPROVING
613787,2026-06,0.15029135336814448,0.1870511567667887,0.036759803398644236,STABLE
613793,2026-04,,0.288314350798254,,
613793,2026-05,0.288314350798254,0.17891120594893656,-0.10940314484931746,IMPROVING
613793,2026-06,0.17891120594893656,0.21249573592139323,0.03358452997245667,STABLE
613794,2026-04,,0.26723872257031467,,
613794,2026-05,0.26723872257031467,0.12173842938930408,-0.1455002931810106,IMPROVING
613794,2026-06,0.12173842938930408,0.16931285900360402,0.04757442961429993,STABLE
613798,2026-04,,0.39364706068315936,,
613798,2026-05,0.39364706068315936,0.2182022672362138,-0.17544479344694555,IMPROVING
613798,2026-06,0.2182022672362138,0.23804219899892776,0.019839931762713953,STABLE
613799,2026-04,,0.3896682590743745,,
613799,2026-05,0.3896682590743745,0.22872970541266038,-0.16093855366171414,IMPROVING
613799,2026-06,0.22872970541266038,0.2807971694709909,0.05206746405833054,WORSENING
613800,2026-04,,0.34455405518731097,,
613800,2026-05,0.34455405518731097,0.21929401435969298,-0.125260040827618,IMPROVING
613800,2026-06,0.21929401435969298,0.25506396354491406,0.035769949185221084,STABLE
613801,2026-04,,0.4267625392929678,,
613801,2026-05,0.4267625392929678,0.2144273461783475,-0.21233519311462032,IMPROVING
613801,2026-06,0.2144273461783475,0.24750834240190575,0.03308099622355826,STABLE
613802,2026-04,,0.41131677474089406,,
613802,2026-05,0.41131677474089406,0.20988375639868898,-0.2014330183422051,IMPROVING
613802,2026-06,0.20988375639868898,0.24790851647046613,0.03802476007177716,STABLE
613803,2026-04,,0.2703064195374754,,
613803,2026-05,0.2703064195374754,0.08735266217414424,-0.1829537573633312,IMPROVING
613803,2026-06,0.08735266217414424,0.1493079581734511,0.06195529599930687,WORSENING
613804,2026-04,,0.3519379617264396,,
613804,2026-05,0.3519379617264396,0.22382380887941608,-0.12811415284702352,IMPROVING
613804,2026-06,0.22382380887941608,0.24754273105322583,0.023718922173809748,STABLE
613808,2026-04,,0.42480738589394873,,
613808,2026-05,0.42480738589394873,0.2907892117932702,-0.1340181741006785,IMPROVING
613808,2026-06,0.2907892117932702,0.3175347146456972,0.026745502852426994,STABLE
615183,2026-04,,0.34243742695126855,,
615183,2026-05,0.34243742695126855,0.1926871902132729,-0.14975023673799565,IMPROVING
615183,2026-06,0.1926871902132729,0.25469656493292137,0.06200937471964846,WORSENING
615184,2026-04,,0.4465903511226671,,
615184,2026-05,0.4465903511226671,0.21841077332575629,-0.2281795777969108,IMPROVING
615184,2026-06,0.21841077332575629,0.3004855041008375,0.08207473077508123,WORSENING
615185,2026-04,,0.24884809965828766,,
615185,2026-05,0.24884809965828766,0.153522785611472,-0.09532531404681566,IMPROVING
615185,2026-06,0.153522785611472,0.19869699174798244,0.045174206136510436,STABLE
615186,2026-04,,0.36505219381955345,,
615186,2026-05,0.36505219381955345,0.19592037490905037,-0.16913181891050308,IMPROVING
615186,2026-06,0.19592037490905037,0.2323588682578,0.03643849334874963,STABLE
615187,2026-04,,0.2428264268248934,,
615187,2026-05,0.2428264268248934,0.11914632354261995,-0.12368010328227344,IMPROVING
615187,2026-06,0.11914632354261995,0.150815828908685,0.031669505366065054,STABLE
615188,2026-04,,0.34635154559968534,,
615188,2026-05,0.34635154559968534,0.197374937157469,-0.14897660844221633,IMPROVING
615188,2026-06,0.197374937157469,0.2447458103616737,0.04737087320420469,STABLE
615189,2026-04,,0.2420934779901226,,
615189,2026-05,0.2420934779901226,0.16622258196056433,-0.07587089602955827,IMPROVING
615189,2026-06,0.16622258196056433,0.19243601018480097,0.02621342822423664,STABLE
615190,2026-04,,0.3216281321005956,,
615190,2026-05,0.3216281321005956,0.13198690706543711,-0.18964122503515848,IMPROVING
615190,2026-06,0.13198690706543711,0.21803240169875746,0.08604549463332034,WORSENING
615191,2026-04,,0.24039768927084884,,
615191,2026-05,0.24039768927084884,0.11075791313890605,-0.12963977613194277,IMPROVING
615191,2026-06,0.11075791313890605,0.1426466942256796,0.03188878108677355,STABLE
615192,2026-04,,0.2628402950971377,,
615192,2026-05,0.2628402950971377,0.1841673791852848,-0.07867291591185288,IMPROVING
615192,2026-06,0.1841673791852848,0.22126441632878283,0.03709703714349802,STABLE
615194,2026-04,,0.22862440459564395,,
615194,2026-05,0.22862440459564395,0.08757157095406642,-0.14105283364157753,IMPROVING
615194,2026-06,0.08757157095406642,0.1630499416199005,0.07547837066583407,WORSENING
615195,2026-04,,0.20601351320104205,,
615195,2026-05,0.20601351320104205,0.08582810499884305,-0.120185408202199,IMPROVING
615195,2026-06,0.08582810499884305,0.11527503066217779,0.029446925663334733,STABLE
615199,2026-04,,0.2465190675567039,,
615199,2026-05,0.2465190675567039,0.12521591384341443,-0.12130315371328948,IMPROVING
615199,2026-06,0.12521591384341443,0.15388461095744366,0.028668697114029223,STABLE
615202,2026-04,,0.595826875506521,,
615202,2026-05,0.595826875506521,0.2189207453983844,-0.3769061301081366,IMPROVING
615202,2026-06,0.2189207453983844,0.2929374911703641,0.0740167457719797,WORSENING
615206,2026-04,,0.3330654377138625,,
615206,2026-05,0.3330654377138625,0.16255210884495708,-0.1705133288689054,IMPROVING
615206,2026-06,0.16255210884495708,0.1997098274686467,0.037157718623689634,STABLE
615330,2026-04,,0.2505284367488209,,
615330,2026-05,0.2505284367488209,0.10763051974945555,-0.14289791699936538,IMPROVING
615330,2026-06,0.10763051974945555,0.1599205434491293,0.05229002369967374,WORSENING
615331,2026-04,,0.2203939143917676,,
615331,2026-05,0.2203939143917676,0.07702531238802197,-0.14336860200374563,IMPROVING
615331,2026-06,0.07702531238802197,0.14153001584072,0.06450470345269803,WORSENING
615332,2026-04,,0.25934417394093634,,
615332,2026-05,0.25934417394093634,0.15098604355706727,-0.10835813038386907,IMPROVING
615332,2026-06,0.15098604355706727,0.18655455251902298,0.03556850896195571,STABLE
615333,2026-04,,0.2686380953355362,,
615333,2026-05,0.2686380953355362,0.16581434038699022,-0.10282375494854595,IMPROVING
615333,2026-06,0.16581434038699022,0.197401889350713,0.03158754896372279,STABLE
615334,2026-04,,0.2688117946159379,,
615334,2026-05,0.2688117946159379,0.1277838023705645,-0.1410279922453734,IMPROVING
615334,2026-06,0.1277838023705645,0.18832626089332968,0.060542458522765186,WORSENING
615335,2026-04,,0.26196049292311213,,
615335,2026-05,0.26196049292311213,0.14138843055128725,-0.12057206237182488,IMPROVING
615335,2026-06,0.14138843055128725,0.17407483420378544,0.0326864036524982,STABLE
615336,2026-04,,0.19303721246988595,,
615336,2026-05,0.19303721246988595,0.29453969451003276,0.10150248204014681,WORSENING
615336,2026-06,0.29453969451003276,0.29334278829812865,-0.001196906211904103,STABLE
615337,2026-04,,0.21415401550631466,,
615337,2026-05,0.21415401550631466,0.20671333762691405,-0.0074406778794006145,STABLE
615337,2026-06,0.20671333762691405,0.2089474834072102,0.002234145780296154,STABLE
615338,2026-04,,0.21611674463082262,,
615338,2026-05,0.21611674463082262,0.15692607747163917,-0.05919066715918345,IMPROVING
615338,2026-06,0.15692607747163917,0.21036910044706325,0.05344302297542408,WORSENING
615339,2026-04,,0.2549406181728339,,
615339,2026-05,0.2549406181728339,0.10739960136507545,-0.14754101680775847,IMPROVING
615339,2026-06,0.10739960136507545,0.14977904963539207,0.042379448270316616,STABLE
615340,2026-04,,0.2363995938603567,,
615340,2026-05,0.2363995938603567,0.0914227336511905,-0.1449768602091662,IMPROVING
615340,2026-06,0.0914227336511905,0.15143547980573252,0.060012746154542024,WORSENING
615342,2026-04,,0.17679639838525477,,
615342,2026-05,0.17679639838525477,0.12090822769840538,-0.055888170686849384,IMPROVING
615342,2026-06,0.12090822769840538,0.14222871791134997,0.02132049021294459,STABLE
615343,2026-04,,0.18840445428356759,,
615343,2026-05,0.18840445428356759,0.08885733490945112,-0.09954711937411646,IMPROVING
615343,2026-06,0.08885733490945112,0.10417524375494831,0.015317908845497191,STABLE
615344,2026-04,,0.23674056710735977,,
615344,2026-05,0.23674056710735977,0.15186890710986417,-0.0848716599974956,IMPROVING
615344,2026-06,0.15186890710986417,0.18233206754935713,0.03046316043949296,STABLE
615345,2026-04,,0.2256474275850672,,
615345,2026-05,0.2256474275850672,0.11962452465889456,-0.10602290292617264,IMPROVING
615345,2026-06,0.11962452465889456,0.1966798553711446,0.07705533071225004,WORSENING
615346,2026-04,,0.2759671476712683,,
615346,2026-05,0.2759671476712683,0.2138556285779985,-0.062111519093269785,IMPROVING
615346,2026-06,0.2138556285779985,0.18815313205514594,-0.025702496522852558,STABLE
615347,2026-04,,0.18197618546447755,,
615347,2026-05,0.18197618546447755,0.1153522414754565,-0.06662394398902105,IMPROVING
615347,2026-06,0.1153522414754565,0.11886298187724191,0.003510740401785409,STABLE
615349,2026-04,,0.7262655782139036,,
615349,2026-05,0.7262655782139036,0.32021097039777524,-0.40605460781612834,IMPROVING
615349,2026-06,0.32021097039777524,0.3274589418384546,0.007247971440679346,STABLE
615818,2026-04,,0.27486489947483456,,
615818,2026-05,0.27486489947483456,0.18943526585252882,-0.08542963362230574,IMPROVING
615818,2026-06,0.18943526585252882,0.2045554749760537,0.01512020912352488,STABLE
615820,2026-04,,0.2782030470256986,,
615820,2026-05,0.2782030470256986,0.16104353226894827,-0.11715951475675032,IMPROVING
615820,2026-06,0.16104353226894827,0.1815946150598476,0.020551082790899344,STABLE
615821,2026-04,,0.2411278259157248,,
615821,2026-05,0.2411278259157248,0.08979691309329227,-0.15133091282243252,IMPROVING
615821,2026-06,0.08979691309329227,0.13431166091936952,0.044514747826077256,STABLE
615822,2026-04,,0.8243656682003216,,
615822,2026-05,0.8243656682003216,0.42842435604338164,-0.39594131215694,IMPROVING
615822,2026-06,0.42842435604338164,0.40003864153457397,-0.02838571450880767,STABLE
615843,2026-04,,0.6947833228665223,,
615843,2026-05,0.6947833228665223,0.36723652681980956,-0.3275467960467128,IMPROVING
615843,2026-06,0.36723652681980956,0.3229483842003044,-0.044288142619505144,STABLE
615857,2026-04,,0.38880314572605545,,
615857,2026-05,0.38880314572605545,0.29409009998160757,-0.09471304574444789,IMPROVING
615857,2026-06,0.29409009998160757,0.30764448534600647,0.013554385364398902,STABLE
615858,2026-04,,0.41649250893702394,,
615858,2026-05,0.41649250893702394,0.24480379130792485,-0.1716887176290991,IMPROVING
615858,2026-06,0.24480379130792485,0.3192146518400926,0.07441086053216778,WORSENING
615860,2026-04,,0.3885304125220381,,
615860,2026-05,0.3885304125220381,0.2584496169423849,-0.13008079557965324,IMPROVING
615860,2026-06,0.2584496169423849,0.3087300071449262,0.050280390202541325,WORSENING
615861,2026-04,,0.27460439960689065,,
615861,2026-05,0.27460439960689065,0.1976955941656331,-0.07690880544125756,IMPROVING
615861,2026-06,0.1976955941656331,0.22695543484356567,0.02925984067793258,STABLE
615862,2026-04,,0.2946099828202666,,
615862,2026-05,0.2946099828202666,0.18154378696311407,-0.11306619585715255,IMPROVING
615862,2026-06,0.18154378696311407,0.211191195200582,0.02964740823746792,STABLE
615863,2026-04,,0.34520585165426965,,
615863,2026-05,0.34520585165426965,0.285450224208986,-0.05975562744528362,IMPROVING
615863,2026-06,0.285450224208986,0.30208533182338615,0.016635107614400124,STABLE
615865,2026-04,,0.4495412289612569,,
615865,2026-05,0.4495412289612569,0.24086752963970634,-0.20867369932155058,IMPROVING
615865,2026-06,0.24086752963970634,0.27237713110898193,0.03150960146927559,STABLE
615914,2026-04,,0.3780962463901533,,
615914,2026-05,0.3780962463901533,0.167301501880079,-0.21079474451007432,IMPROVING
615914,2026-06,0.167301501880079,0.22591567858739536,0.05861417670731636,WORSENING
615915,2026-04,,0.22442946968299238,,
615915,2026-05,0.22442946968299238,0.27948752322283194,0.05505805353983956,WORSENING
615915,2026-06,0.27948752322283194,0.1445270566046226,-0.13496046661820935,IMPROVING
615916,2026-04,,0.21746870907675786,,
615916,2026-05,0.21746870907675786,0.07727450086727053,-0.14019420820948733,IMPROVING
615916,2026-06,0.07727450086727053,0.12090019910434861,0.043625698237078084,STABLE
615917,2026-04,,0.20704809137948024,,
615917,2026-05,0.20704809137948024,0.08169048359248615,-0.1253576077869941,IMPROVING
615917,2026-06,0.08169048359248615,0.11661948930549845,0.0349290057130123,STABLE
615918,2026-04,,0.40912429059170613,,
615918,2026-05,0.40912429059170613,0.18421370107902474,-0.2249105895126814,IMPROVING
615918,2026-06,0.18421370107902474,0.24669764284885493,0.06248394176983019,WORSENING
615919,2026-04,,0.21659314203652358,,
615919,2026-05,0.21659314203652358,0.09201402190011682,-0.12457912013640676,IMPROVING
615919,2026-06,0.09201402190011682,0.14038414876193003,0.04837012686181322,STABLE
615982,2026-04,,0.3755459076470824,,
615982,2026-05,0.3755459076470824,0.20422955206400648,-0.17131635558307592,IMPROVING
615982,2026-06,0.20422955206400648,0.25665241613165146,0.052422864067644986,WORSENING
616044,2026-04,,0.23148633513083558,,
616044,2026-05,0.23148633513083558,0.19728862303051697,-0.034197712100318606,STABLE
616044,2026-06,0.19728862303051697,0.17450573395476293,-0.022782889075754043,STABLE
616050,2026-04,,0.31840712264768634,,
616050,2026-05,0.31840712264768634,0.18165944069778356,-0.13674768194990278,IMPROVING
616050,2026-06,0.18165944069778356,0.2228551086973004,0.04119566799951685,STABLE
616221,2026-05,,0.12849456445208368,,
616221,2026-06,0.12849456445208368,0.0779493666659639,-0.05054519778611978,IMPROVING
616223,2026-04,,0.31821753794676466,,
616223,2026-05,0.31821753794676466,0.19371594042831752,-0.12450159751844714,IMPROVING
616223,2026-06,0.19371594042831752,0.23386765519887684,0.040151714770559316,STABLE
616225,2026-04,,0.27387075098714225,,
616225,2026-05,0.27387075098714225,0.10142249335492409,-0.17244825763221816,IMPROVING
616225,2026-06,0.10142249335492409,0.15265495729904552,0.051232463944121426,WORSENING
616226,2026-04,,0.3158064100112699,,
616226,2026-05,0.3158064100112699,0.13373853338152422,-0.1820678766297457,IMPROVING
616226,2026-06,0.13373853338152422,0.16586327692671926,0.03212474354519504,STABLE
616227,2026-04,,0.1691248013169231,,
616227,2026-05,0.1691248013169231,0.06611875271926872,-0.10300604859765437,IMPROVING
616227,2026-06,0.06611875271926872,0.09710680467553585,0.030988051956267137,STABLE
616229,2026-04,,0.1855300121349841,,
616229,2026-05,0.1855300121349841,0.07373582076506095,-0.11179419136992315,IMPROVING
616229,2026-06,0.07373582076506095,0.10245538951841508,0.02871956875335413,STABLE
616230,2026-04,,0.19870800914465947,,
616230,2026-05,0.19870800914465947,0.09749987128483932,-0.10120813785982015,IMPROVING
616230,2026-06,0.09749987128483932,0.1512644754210721,0.05376460413623278,WORSENING
616231,2026-04,,0.3314461650959588,,
616231,2026-05,0.3314461650959588,0.11391484892473085,-0.21753131617122795,IMPROVING
616231,2026-06,0.11391484892473085,0.1460452528701492,0.03213040394541834,STABLE
616232,2026-04,,0.35406523875668905,,
616232,2026-05,0.35406523875668905,0.11985853147720457,-0.23420670727948448,IMPROVING
616232,2026-06,0.11985853147720457,0.19098250831006053,0.07112397683285596,WORSENING
616233,2026-04,,0.29533175580264354,,
616233,2026-05,0.29533175580264354,0.08657708963396518,-0.20875466616867835,IMPROVING
616233,2026-06,0.08657708963396518,0.13260026996168944,0.04602318032772426,STABLE
616234,2026-04,,0.29293189530832353,,
616234,2026-05,0.29293189530832353,0.09579245597502109,-0.19713943933330244,IMPROVING
616234,2026-06,0.09579245597502109,0.1701788215957301,0.07438636562070902,WORSENING
616236,2026-04,,0.762666020322977,,
616236,2026-05,0.762666020322977,0.2811071000469824,-0.4815589202759946,IMPROVING
616236,2026-06,0.2811071000469824,0.37111113102572035,0.09000403097873794,WORSENING
616253,2026-04,,0.3998495319030367,,
616253,2026-05,0.3998495319030367,0.08567465914147668,-0.31417487276156,IMPROVING
616253,2026-06,0.08567465914147668,0.13475986909000734,0.04908520994853066,STABLE
616254,2026-04,,0.24728612816631737,,
616254,2026-05,0.24728612816631737,0.1151227550610312,-0.13216337310528617,IMPROVING
616254,2026-06,0.1151227550610312,0.13571849211681028,0.02059573705577908,STABLE
616586,2026-04,,0.18838917447174114,,
616586,2026-05,0.18838917447174114,0.06523700793250205,-0.12315216653923909,IMPROVING
616586,2026-06,0.06523700793250205,0.0900023455923432,0.024765337659841152,STABLE
616587,2026-04,,0.18616980762547447,,
616587,2026-05,0.18616980762547447,0.06619705977481587,-0.1199727478506586,IMPROVING
616588,2026-04,,0.21421090745951843,,
616588,2026-05,0.21421090745951843,0.08589363589533633,-0.1283172715641821,IMPROVING
616588,2026-06,0.08589363589533633,0.12162215681347592,0.03572852091813959,STABLE
616594,2026-04,,0.2467750817969188,,
616594,2026-05,0.2467750817969188,0.13627422543962783,-0.11050085635729096,IMPROVING
616594,2026-06,0.13627422543962783,0.14848747464273115,0.012213249203103321,STABLE
616600,2026-04,,0.2042813557482425,,
616600,2026-05,0.2042813557482425,0.13746114868588014,-0.06682020706236236,IMPROVING
616600,2026-06,0.13746114868588014,0.1532330916393123,0.015771942953432178,STABLE
616604,2026-04,,0.1655973058677447,,
616604,2026-05,0.1655973058677447,0.14810627280226263,-0.01749103306548208,STABLE
616604,2026-06,0.14810627280226263,0.15540606408905344,0.007299791286790813,STABLE
616605,2026-04,,0.2523288133855311,,
616605,2026-05,0.2523288133855311,0.18143890419880157,-0.07088990918672952,IMPROVING
616605,2026-06,0.18143890419880157,0.18133215107290113,-0.00010675312590044395,STABLE
616611,2026-04,,0.42912425772217405,,
616611,2026-05,0.42912425772217405,0.20994517879085997,-0.21917907893131408,IMPROVING
616611,2026-06,0.20994517879085997,0.2649572669733039,0.055012088182443936,WORSENING
616612,2026-04,,0.40902516688123963,,
616612,2026-05,0.40902516688123963,0.22948825023837832,-0.1795369166428613,IMPROVING
616612,2026-06,0.22948825023837832,0.2562863083682357,0.02679805812985736,STABLE
616615,2026-04,,0.35858103407674763,,
616615,2026-05,0.35858103407674763,0.28574788071872687,-0.07283315335802076,IMPROVING
616615,2026-06,0.28574788071872687,0.2861417231548983,0.0003938424361714099,STABLE
616616,2026-04,,0.36806963129528836,,
616616,2026-05,0.36806963129528836,0.2834509109558065,-0.08461872033948187,IMPROVING
616616,2026-06,0.2834509109558065,0.2876279899496694,0.004177078993862937,STABLE
616670,2026-04,,0.22855055672143118,,
616670,2026-05,0.22855055672143118,0.12148905279498257,-0.10706150392644861,IMPROVING
616670,2026-06,0.12148905279498257,0.13406694275672407,0.0125778899617415,STABLE
616671,2026-04,,0.21224315669708746,,
616671,2026-05,0.21224315669708746,0.08295934077181463,-0.12928381592527283,IMPROVING
616671,2026-06,0.08295934077181463,0.1442310165831505,0.06127167581133586,WORSENING
616672,2026-04,,0.20920003842564347,,
616672,2026-05,0.20920003842564347,0.10680780770975157,-0.1023922307158919,IMPROVING
616672,2026-06,0.10680780770975157,0.15750714351813713,0.050699335808385565,WORSENING
616691,2026-04,,0.37130585894647233,,
616691,2026-05,0.37130585894647233,0.2560298696358242,-0.11527598931064814,IMPROVING
616691,2026-06,0.2560298696358242,0.28417061623758677,0.02814074660176258,STABLE
616694,2026-04,,0.22929755877032576,,
616694,2026-05,0.22929755877032576,0.1394722339904712,-0.08982532477985455,IMPROVING
616694,2026-06,0.1394722339904712,0.14350523014205982,0.004032996151588614,STABLE
616695,2026-04,,0.21651072997577459,,
616695,2026-05,0.21651072997577459,0.11291570473640272,-0.10359502523937186,IMPROVING
616695,2026-06,0.11291570473640272,0.1296398183951199,0.016724113658717177,STABLE
616697,2026-04,,0.21095598447250175,,
616697,2026-05,0.21095598447250175,0.1761768501317359,-0.03477913434076585,STABLE
616697,2026-06,0.1761768501317359,0.15171898275954251,-0.02445786737219338,STABLE
616699,2026-04,,0.2534913154300616,,
616699,2026-05,0.2534913154300616,0.1091526667947043,-0.14433864863535728,IMPROVING
616699,2026-06,0.1091526667947043,0.13834512325151307,0.029192456456808777,STABLE
616701,2026-04,,0.18507412793055272,,
616701,2026-05,0.18507412793055272,0.06236844561000826,-0.12270568232054446,IMPROVING
616701,2026-06,0.06236844561000826,0.10562881950672852,0.04326037389672026,STABLE
616839,2026-04,,0.19751752549272641,,
616839,2026-05,0.19751752549272641,0.06362149027598679,-0.13389603521673962,IMPROVING
616839,2026-06,0.06362149027598679,0.09178912911954737,0.028167638843560577,STABLE
616841,2026-04,,0.22148222759445346,,
616841,2026-05,0.22148222759445346,0.12659416939879156,-0.0948880581956619,IMPROVING
616841,2026-06,0.12659416939879156,0.14649769863505577,0.019903529236264206,STABLE
616842,2026-04,,0.255181950930749,,
616842,2026-05,0.255181950930749,0.154640274372026,-0.10054167655872304,IMPROVING
616842,2026-06,0.154640274372026,0.16968298765247108,0.015042713280445097,STABLE
616843,2026-04,,0.2279457941689628,,
616843,2026-05,0.2279457941689628,0.15891264461424434,-0.06903314955471845,IMPROVING
616843,2026-06,0.15891264461424434,0.14493860127048486,-0.013974043343759485,STABLE
616856,2026-04,,0.2073201899393239,,
616856,2026-05,0.2073201899393239,0.08382793399894138,-0.12349225594038253,IMPROVING
616857,2026-04,,0.21254470207194778,,
616857,2026-05,0.21254470207194778,0.1070446646781241,-0.10550003739382369,IMPROVING
616857,2026-06,0.1070446646781241,0.12089156159925053,0.013846896921126436,STABLE
616858,2026-04,,0.18795513569491562,,
616858,2026-05,0.18795513569491562,0.14179297563340165,-0.04616216006151397,STABLE
616858,2026-06,0.14179297563340165,0.17394704669512118,0.032154071061719525,STABLE
616879,2026-04,,0.29479627827746174,,
616879,2026-05,0.29479627827746174,0.143934080500593,-0.15086219777686874,IMPROVING
616879,2026-06,0.143934080500593,0.16360933915728038,0.019675258656687372,STABLE
616886,2026-04,,0.28645035641832883,,
616886,2026-05,0.28645035641832883,0.13732828741442935,-0.1491220690038995,IMPROVING
616886,2026-06,0.13732828741442935,0.15693695214119116,0.019608664726761815,STABLE
616933,2026-04,,0.20639455409429372,,
616933,2026-05,0.20639455409429372,0.0635655749325532,-0.14282897916174053,IMPROVING
616933,2026-06,0.0635655749325532,0.12096178307351292,0.05739620814095972,WORSENING
616950,2026-04,,0.2540497768982156,,
616950,2026-05,0.2540497768982156,0.24231458037246237,-0.01173519652575325,STABLE
616950,2026-06,0.24231458037246237,0.2132446422835856,-0.029069938088876757,STABLE
616983,2026-04,,0.23738792113698484,,
616983,2026-05,0.23738792113698484,0.09383258706757934,-0.14355533406940552,IMPROVING
616983,2026-06,0.09383258706757934,0.1249935500496407,0.031160962982061363,STABLE
617068,2026-04,,0.19387351171457806,,
617068,2026-05,0.19387351171457806,0.08297685582393792,-0.11089665589064014,IMPROVING
617068,2026-06,0.08297685582393792,0.13686927549758904,0.05389241967365112,WORSENING
617069,2026-04,,0.21013093631694602,,
617069,2026-05,0.21013093631694602,0.13131299900023408,-0.07881793731671194,IMPROVING
617069,2026-06,0.13131299900023408,0.18305909055620048,0.051746091555966406,WORSENING
617179,2026-04,,0.15912363905968127,,
617179,2026-05,0.15912363905968127,0.11093693386809783,-0.04818670519158344,STABLE
617179,2026-06,0.11093693386809783,0.10896513188533272,-0.0019718019827651145,STABLE
617181,2026-04,,0.21303779108775905,,
617181,2026-05,0.21303779108775905,0.09304236579916303,-0.11999542528859602,IMPROVING
617181,2026-06,0.09304236579916303,0.180514378746444,0.08747201294728096,WORSENING
617182,2026-04,,0.15858722864963123,,
617182,2026-05,0.15858722864963123,0.09599909231007961,-0.06258813633955163,IMPROVING
617182,2026-06,0.09599909231007961,0.11254808405627015,0.01654899174619054,STABLE
617183,2026-04,,0.19369110454164007,,
617183,2026-05,0.19369110454164007,0.07099485639151024,-0.12269624815012983,IMPROVING
617183,2026-06,0.07099485639151024,0.1378349930355528,0.06684013664404256,WORSENING
617184,2026-04,,0.18174708891190272,,
617184,2026-05,0.18174708891190272,0.09126866312869954,-0.09047842578320318,IMPROVING
617184,2026-06,0.09126866312869954,0.10317204662215416,0.011903383493454628,STABLE
617185,2026-04,,0.21172910259466823,,
617185,2026-05,0.21172910259466823,0.07388933403872038,-0.13783976855594787,IMPROVING
617185,2026-06,0.07388933403872038,0.1561081150898735,0.08221878105115311,WORSENING
617186,2026-04,,0.2343123275170298,,
617186,2026-05,0.2343123275170298,0.10699702931815644,-0.12731529819887336,IMPROVING
617186,2026-06,0.10699702931815644,0.15082144927583813,0.04382441995768169,STABLE
617188,2026-04,,0.24259922444559165,,
617188,2026-05,0.24259922444559165,0.11203956549146725,-0.1305596589541244,IMPROVING
617188,2026-06,0.11203956549146725,0.1530950333532091,0.04105546786174184,STABLE
617200,2026-04,,0.21693663482398334,,
617200,2026-05,0.21693663482398334,0.0800223350973306,-0.13691429972665276,IMPROVING
617201,2026-04,,0.22459579867251753,,
617201,2026-05,0.22459579867251753,0.06924462912895285,-0.15535116954356468,IMPROVING
617206,2026-04,,0.17488699624362136,,
617206,2026-05,0.17488699624362136,0.09435971816954025,-0.08052727807408111,IMPROVING
617206,2026-06,0.09435971816954025,0.11821956017922056,0.023859842009680304,STABLE
617207,2026-04,,0.2685973136744227,,
617207,2026-05,0.2685973136744227,0.08699569346251755,-0.18160162021190512,IMPROVING
617207,2026-06,0.08699569346251755,0.1474084723308211,0.060412778868303554,WORSENING
617210,2026-04,,0.16032454793491183,,
617210,2026-05,0.16032454793491183,0.08770903971282423,-0.0726155082220876,IMPROVING
617210,2026-06,0.08770903971282423,0.10473572011706778,0.017026680404243544,STABLE
617211,2026-04,,0.2675335217381262,,
617211,2026-05,0.2675335217381262,0.09239388330391925,-0.175139638434207,IMPROVING
617212,2026-04,,0.2821546512687426,,
617212,2026-05,0.2821546512687426,0.12282552827829503,-0.1593291229904476,IMPROVING
617213,2026-04,,0.14807585545392385,,
617213,2026-05,0.14807585545392385,0.050244132869677244,-0.0978317225842466,IMPROVING
617213,2026-06,0.050244132869677244,0.08181137262823557,0.031567239758558324,STABLE
617214,2026-04,,0.24774754678151098,,
617214,2026-05,0.24774754678151098,0.12482812001026104,-0.12291942677124994,IMPROVING
617214,2026-06,0.12482812001026104,0.17032047687581553,0.04549235686555449,STABLE
617215,2026-04,,0.2373703115276104,,
617215,2026-05,0.2373703115276104,0.10649783738499902,-0.13087247414261138,IMPROVING
617215,2026-06,0.10649783738499902,0.1453259023389506,0.03882806495395158,STABLE
617216,2026-04,,0.19509609320933688,,
617216,2026-05,0.19509609320933688,0.12386153142361862,-0.07123456178571826,IMPROVING
617216,2026-06,0.12386153142361862,0.15492053151433935,0.031059000090720726,STABLE
617221,2026-04,,0.20695594434401915,,
617221,2026-05,0.20695594434401915,0.10581644739363291,-0.10113949695038624,IMPROVING
617221,2026-06,0.10581644739363291,0.11462881261893218,0.008812365225299268,STABLE
617224,2026-04,,0.2695036536769417,,
617224,2026-05,0.2695036536769417,0.10557833187398982,-0.16392532180295186,IMPROVING
617224,2026-06,0.10557833187398982,0.1864693121927307,0.08089098031874087,WORSENING
617225,2026-04,,0.31121701648187805,,
617225,2026-05,0.31121701648187805,0.11499968246896218,-0.19621733401291586,IMPROVING
617225,2026-06,0.11499968246896218,0.15790025326479443,0.042900570795832246,STABLE
617226,2026-04,,0.1945574319307947,,
617226,2026-05,0.1945574319307947,0.06542049465973303,-0.12913693727106168,IMPROVING
617226,2026-06,0.06542049465973303,0.12387002786079951,0.05844953320106648,WORSENING
617231,2026-04,,0.22211963734729281,,
617231,2026-05,0.22211963734729281,0.08392612742417864,-0.1381935099231142,IMPROVING
617231,2026-06,0.08392612742417864,0.11482392811815369,0.030897800693975047,STABLE
617233,2026-04,,0.2123375356560346,,
617233,2026-05,0.2123375356560346,0.09903286874212207,-0.11330466691391254,IMPROVING
617233,2026-06,0.09903286874212207,0.1255915706346559,0.02655870189253383,STABLE
617239,2026-04,,0.161877122139454,,
617239,2026-05,0.161877122139454,0.055217009289858204,-0.10666011284959578,IMPROVING
617239,2026-06,0.055217009289858204,0.0969466447538484,0.041729635463990195,STABLE
617242,2026-04,,0.2845976610607704,,
617242,2026-05,0.2845976610607704,0.2419589933767534,-0.042638667684017,STABLE
617242,2026-06,0.2419589933767534,0.2832537787288294,0.04129478535207601,STABLE
617243,2026-04,,0.24810727101164437,,
617243,2026-05,0.24810727101164437,0.21845218331983224,-0.029655087691812132,STABLE
617243,2026-06,0.21845218331983224,0.2025774362659295,-0.015874747053902738,STABLE
617245,2026-04,,0.27407137326978886,,
617245,2026-05,0.27407137326978886,0.18425668291940497,-0.08981469035038389,IMPROVING
617245,2026-06,0.18425668291940497,0.20684288075054588,0.02258619783114091,STABLE
617246,2026-04,,0.3055980691872863,,
617246,2026-05,0.3055980691872863,0.5546896180479056,0.2490915488606193,WORSENING
617246,2026-06,0.5546896180479056,0.33580249391641087,-0.21888712413149475,IMPROVING
617248,2026-04,,0.2904195635306901,,
617248,2026-05,0.2904195635306901,0.26691202590014496,-0.02350753763054514,STABLE
617248,2026-06,0.26691202590014496,0.2701037996587578,0.003191773758612848,STABLE
617249,2026-04,,0.3268070346034666,,
617249,2026-05,0.3268070346034666,0.182455661844366,-0.1443513727591006,IMPROVING
617249,2026-06,0.182455661844366,0.20822944448193517,0.02577378263756916,STABLE
617250,2026-04,,0.31770889359156246,,
617250,2026-05,0.31770889359156246,0.21561196829164933,-0.10209692529991313,IMPROVING
617250,2026-06,0.21561196829164933,0.26911586620711186,0.053503897915462534,WORSENING
617251,2026-04,,0.2796441956902177,,
617251,2026-05,0.2796441956902177,0.6069436453538585,0.3272994496636408,WORSENING
617251,2026-06,0.6069436453538585,0.35289865897590605,-0.2540449863779524,IMPROVING
617252,2026-04,,0.23928369097079988,,
617252,2026-05,0.23928369097079988,0.08455023218407078,-0.15473345878672912,IMPROVING
617252,2026-06,0.08455023218407078,0.12320585747711758,0.03865562529304681,STABLE
617253,2026-04,,0.25701228709286567,,
617254,2026-04,,0.3126131604857756,,
617254,2026-05,0.3126131604857756,0.2398533987985671,-0.07275976168720849,IMPROVING
617254,2026-06,0.2398533987985671,0.24037207183197,0.0005186730334029166,STABLE
617255,2026-04,,0.28044362165375325,,
617255,2026-05,0.28044362165375325,0.21512283711285518,-0.06532078454089807,IMPROVING
617255,2026-06,0.21512283711285518,0.19561093124630888,-0.019511905866546303,STABLE
617256,2026-04,,0.200660105324603,,
617256,2026-05,0.200660105324603,0.18730411240060538,-0.013355992923997612,STABLE
617256,2026-06,0.18730411240060538,0.1793103060927465,-0.00799380630785887,STABLE
617257,2026-04,,0.32459705534853955,,
617257,2026-05,0.32459705534853955,0.21134049135956087,-0.11325656398897868,IMPROVING
617257,2026-06,0.21134049135956087,0.22021514887510454,0.008874657515543671,STABLE
617269,2026-04,,0.1452855585526091,,
617269,2026-05,0.1452855585526091,0.11152345636412972,-0.03376210218847939,STABLE
617269,2026-06,0.11152345636412972,0.2293256071354731,0.11780215077134337,WORSENING
617270,2026-04,,0.16623036285921167,,
617270,2026-05,0.16623036285921167,0.1338173939569173,-0.032412968902294365,STABLE
617270,2026-06,0.1338173939569173,0.14450279104107047,0.01068539708415317,STABLE
617271,2026-04,,0.19731759537219862,,
617271,2026-05,0.19731759537219862,0.1883158817128998,-0.009001713659298805,STABLE
617271,2026-06,0.1883158817128998,0.177574794421608,-0.010741087291291807,STABLE
617272,2026-04,,0.22455504061075313,,
617272,2026-05,0.22455504061075313,0.14731473145349017,-0.07724030915726296,IMPROVING
617272,2026-06,0.14731473145349017,0.18533980125269095,0.038025069799200784,STABLE
617278,2026-04,,0.20947299633315944,,
617278,2026-05,0.20947299633315944,0.08369399625325244,-0.125779000079907,IMPROVING
617278,2026-06,0.08369399625325244,0.11889955607848876,0.03520555982523632,STABLE
617279,2026-04,,0.18119284185170195,,
617279,2026-05,0.18119284185170195,0.06271853211463435,-0.1184743097370676,IMPROVING
617279,2026-06,0.06271853211463435,0.13839018803881778,0.07567165592418343,WORSENING
617280,2026-04,,0.4327364209481344,,
617280,2026-05,0.4327364209481344,0.22503266014550155,-0.20770376080263286,IMPROVING
617280,2026-06,0.22503266014550155,0.26315018409168073,0.03811752394617918,STABLE
617284,2026-04,,0.18401751354536006,,
617284,2026-05,0.18401751354536006,0.0622060443396319,-0.12181146920572816,IMPROVING
617287,2026-04,,0.2568903880040447,,
617287,2026-05,0.2568903880040447,0.07494985286593481,-0.18194053513810987,IMPROVING
617287,2026-06,0.07494985286593481,0.12443815609899661,0.0494883032330618,STABLE
617288,2026-04,,0.22297531972576554,,
617288,2026-05,0.22297531972576554,0.09367903851450726,-0.12929628121125827,IMPROVING
617288,2026-06,0.09367903851450726,0.12460740721957961,0.030928368705072345,STABLE
617299,2026-04,,0.22698159739057402,,
617299,2026-05,0.22698159739057402,0.172827391011783,-0.05415420637879104,IMPROVING
617299,2026-06,0.172827391011783,0.15345831107045432,-0.019369079941328665,STABLE
617302,2026-04,,0.32173226134117866,,
617302,2026-05,0.32173226134117866,0.36759916910687146,0.0458669077656928,STABLE
617302,2026-06,0.36759916910687146,0.3719280809192045,0.004328911812333025,STABLE
617304,2026-04,,0.2439363289269922,,
617304,2026-05,0.2439363289269922,0.10857584764156934,-0.13536048128542288,IMPROVING
617304,2026-06,0.10857584764156934,0.14077498349929635,0.032199135857727004,STABLE
617326,2026-04,,0.5966976579436909,,
617326,2026-05,0.5966976579436909,0.5345307111753872,-0.0621669467683037,IMPROVING
617326,2026-06,0.5345307111753872,0.5507800807251746,0.016249369549787396,STABLE
617327,2026-04,,0.20925007005441504,,
617327,2026-05,0.20925007005441504,0.07192046288755614,-0.13732960716685888,IMPROVING
617327,2026-06,0.07192046288755614,0.1146376676970833,0.04271720480952716,STABLE
617333,2026-04,,0.23933610522782114,,
617333,2026-05,0.23933610522782114,0.1255232520935449,-0.11381285313427625,IMPROVING
617333,2026-06,0.1255232520935449,0.1365817634925411,0.01105851139899619,STABLE
617338,2026-04,,0.23129615946615445,,
617338,2026-05,0.23129615946615445,0.15310090111394886,-0.07819525835220559,IMPROVING
617338,2026-06,0.15310090111394886,0.18243803113073342,0.029337130016784563,STABLE
617345,2026-04,,0.24637927335512552,,
617345,2026-05,0.24637927335512552,0.1432322830404206,-0.10314699031470492,IMPROVING
617361,2026-04,,0.23056193120931595,,
617361,2026-05,0.23056193120931595,0.09575564649710558,-0.13480628471221037,IMPROVING
617364,2026-04,,0.2395736989827772,,
617364,2026-05,0.2395736989827772,0.07171012573395238,-0.1678635732488248,IMPROVING
617364,2026-06,0.07171012573395238,0.1597054174412008,0.0879952917072484,WORSENING
617370,2026-04,,0.24815143648557955,,
617370,2026-05,0.24815143648557955,0.1720234218822595,-0.07612801460332005,IMPROVING
617370,2026-06,0.1720234218822595,0.12820950311032658,-0.043813918771932914,STABLE
617372,2026-04,,0.2863698120408737,,
617374,2026-04,,0.4517698646504398,,
617374,2026-05,0.4517698646504398,0.40020627403529896,-0.05156359061514082,IMPROVING
617375,2026-04,,0.15578500874138504,,
617375,2026-05,0.15578500874138504,0.055311552982552886,-0.10047345575883215,IMPROVING
617375,2026-06,0.055311552982552886,0.06882548438391177,0.013513931401358883,STABLE
617379,2026-04,,0.48110932258724604,,
617379,2026-05,0.48110932258724604,0.34476673480568865,-0.1363425877815574,IMPROVING
617390,2026-04,,0.18186866025273782,,
617390,2026-05,0.18186866025273782,0.07159702924325619,-0.11027163100948163,IMPROVING
617391,2026-04,,0.19432418794474843,,
617391,2026-05,0.19432418794474843,0.0904907235945482,-0.10383346435020023,IMPROVING
617391,2026-06,0.0904907235945482,0.10616489609063845,0.015674172496090252,STABLE
617403,2026-04,,0.1872208667117478,,
617403,2026-05,0.1872208667117478,0.13466614821045672,-0.05255471850129109,IMPROVING
617403,2026-06,0.13466614821045672,0.13966578335623386,0.004999635145777143,STABLE
617404,2026-04,,0.16850117038275625,,
617404,2026-05,0.16850117038275625,0.11238903966926529,-0.05611213071349096,IMPROVING
617404,2026-06,0.11238903966926529,0.10086405224644591,-0.011524987422819377,STABLE
617405,2026-04,,0.29444550723787144,,
617405,2026-05,0.29444550723787144,0.13129528045435332,-0.16315022678351812,IMPROVING
617405,2026-06,0.13129528045435332,0.20014829523269453,0.06885301477834121,WORSENING
617406,2026-04,,0.3625793831329038,,
617406,2026-05,0.3625793831329038,0.18908240238348495,-0.17349698074941883,IMPROVING
617408,2026-04,,0.3208498533239861,,
617408,2026-05,0.3208498533239861,0.18768283539270697,-0.1331670179312791,IMPROVING
617409,2026-04,,0.31252612614861847,,
617409,2026-05,0.31252612614861847,0.2286556718042831,-0.08387045434433538,IMPROVING
617409,2026-06,0.2286556718042831,0.22007356801767414,-0.008582103786608952,STABLE
617412,2026-04,,0.25778114032495786,,
617412,2026-05,0.25778114032495786,0.08836230235476537,-0.16941883797019247,IMPROVING
617412,2026-06,0.08836230235476537,0.12810364398515975,0.039741341630394375,STABLE
617413,2026-04,,0.19305986565805122,,
617413,2026-05,0.19305986565805122,0.12838543315936193,-0.06467443249868929,IMPROVING
617413,2026-06,0.12838543315936193,0.14135066752059,0.012965234361228067,STABLE
617416,2026-04,,0.24598672776109723,,
617416,2026-05,0.24598672776109723,0.08385466257626896,-0.16213206518482826,IMPROVING
617416,2026-06,0.08385466257626896,0.13891645891658796,0.055061796340319005,WORSENING
617422,2026-04,,0.5908293590548721,,
617422,2026-05,0.5908293590548721,0.3794714681753336,-0.2113578908795385,IMPROVING
617422,2026-06,0.3794714681753336,0.40731861575079925,0.027847147575465636,STABLE
617727,2026-04,,0.14513438306387655,,
617727,2026-05,0.14513438306387655,0.07248662775032819,-0.07264775531354836,IMPROVING
617727,2026-06,0.07248662775032819,0.07997881582280844,0.007492188072480255,STABLE
617729,2026-04,,0.164570466234791,,
617729,2026-05,0.164570466234791,0.037820372483777426,-0.12675009375101357,IMPROVING
617729,2026-06,0.037820372483777426,0.06788842066289247,0.030068048179115042,STABLE
617730,2026-04,,0.23240073165967293,,
617730,2026-05,0.23240073165967293,0.25038517845926234,0.01798444679958941,STABLE
617730,2026-06,0.25038517845926234,0.16255786179590898,-0.08782731666335336,IMPROVING
617764,2026-04,,0.3370598311022869,,
617764,2026-05,0.3370598311022869,0.15692568919448027,-0.1801341419078066,IMPROVING
617764,2026-06,0.15692568919448027,0.18829571308992918,0.031370023895448906,STABLE
617801,2026-04,,0.17703976842625002,,
617801,2026-05,0.17703976842625002,0.09319843610689137,-0.08384133231935866,IMPROVING
617801,2026-06,0.09319843610689137,0.11570608368662266,0.022507647579731296,STABLE
617802,2026-04,,0.17170878238168422,,
617802,2026-05,0.17170878238168422,0.04820958917035417,-0.12349919321133004,IMPROVING
617802,2026-06,0.04820958917035417,0.0816053750426664,0.033395785872312234,STABLE
617803,2026-04,,0.1791920963250449,,
617803,2026-05,0.1791920963250449,0.0690732436195385,-0.1101188527055064,IMPROVING
617803,2026-06,0.0690732436195385,0.08759828488096126,0.018525041261422764,STABLE
617804,2026-04,,0.23692356210851978,,
617804,2026-05,0.23692356210851978,0.13106010124330744,-0.10586346086521234,IMPROVING
617804,2026-06,0.13106010124330744,0.20902259108703142,0.07796248984372398,WORSENING
617806,2026-04,,0.2695476963436115,,
617806,2026-05,0.2695476963436115,0.19292039545632078,-0.0766273008872907,IMPROVING
617806,2026-06,0.19292039545632078,0.15428934679829204,-0.038631048658028744,STABLE
617807,2026-04,,0.17187532607335862,,
617807,2026-05,0.17187532607335862,0.0501396885177123,-0.12173563755564631,IMPROVING
617807,2026-06,0.0501396885177123,0.10606289952717357,0.05592321100946127,WORSENING
617808,2026-04,,0.16342837847460215,,
617808,2026-05,0.16342837847460215,0.050386723176756125,-0.11304165529784602,IMPROVING
617808,2026-06,0.050386723176756125,0.08393638225033068,0.03354965907357455,STABLE
617818,2026-04,,0.3473317233460298,,
617818,2026-05,0.3473317233460298,0.16678009071818453,-0.18055163262784527,IMPROVING
617818,2026-06,0.16678009071818453,0.2257583801805122,0.058978289462327665,WORSENING
617819,2026-04,,0.3243023052512934,,
617819,2026-05,0.3243023052512934,0.11227759455903533,-0.21202471069225806,IMPROVING
617819,2026-06,0.11227759455903533,0.18536300721115137,0.07308541265211604,WORSENING
617822,2026-04,,0.21835322054263828,,
617822,2026-05,0.21835322054263828,0.08551503468587204,-0.13283818585676624,IMPROVING
617822,2026-06,0.08551503468587204,0.12180448832803224,0.0362894536421602,STABLE
617827,2026-04,,0.21801737919322836,,
617827,2026-05,0.21801737919322836,0.0722024021545179,-0.14581497703871046,IMPROVING
617827,2026-06,0.0722024021545179,0.11128519892780148,0.03908279677328358,STABLE
617828,2026-04,,0.20834831095895576,,
617828,2026-05,0.20834831095895576,0.08672902771078257,-0.12161928324817319,IMPROVING
617828,2026-06,0.08672902771078257,0.10700384991290202,0.020274822202119444,STABLE
617829,2026-04,,0.19584684578918798,,
617829,2026-05,0.19584684578918798,0.0750368494297549,-0.12080999635943308,IMPROVING
617829,2026-06,0.0750368494297549,0.10988055239641045,0.03484370296665555,STABLE
617830,2026-04,,0.28160536163473826,,
617830,2026-05,0.28160536163473826,0.10062132075135576,-0.1809840408833825,IMPROVING
617830,2026-06,0.10062132075135576,0.15700796085222837,0.05638664010087262,WORSENING
617832,2026-04,,0.2031155819209379,,
617832,2026-05,0.2031155819209379,0.0658743219220787,-0.1372412599988592,IMPROVING
617832,2026-06,0.0658743219220787,0.10152504567834236,0.03565072375626366,STABLE
617836,2026-04,,0.21932987897325523,,
617836,2026-05,0.21932987897325523,0.23272001797268616,0.013390138999430923,STABLE
617836,2026-06,0.23272001797268616,0.1709884915728093,-0.06173152639987686,IMPROVING
617837,2026-04,,0.19784020471189806,,
617837,2026-05,0.19784020471189806,0.16976682652571148,-0.028073378186186576,STABLE
617837,2026-06,0.16976682652571148,0.1794665183031284,0.009699691777416919,STABLE
617838,2026-04,,0.19712841939085832,,
617838,2026-05,0.19712841939085832,0.08557821780155334,-0.11155020158930498,IMPROVING
617838,2026-06,0.08557821780155334,0.1041733032495231,0.01859508544796977,STABLE
617839,2026-04,,0.20407852160809978,,
617839,2026-05,0.20407852160809978,0.1416069089309819,-0.06247161267711787,IMPROVING
617839,2026-06,0.1416069089309819,0.13233297129860827,-0.009273937632373636,STABLE
617877,2026-04,,0.1835943038049015,,
617877,2026-05,0.1835943038049015,0.05587260345509713,-0.12772170034980435,IMPROVING
617877,2026-06,0.05587260345509713,0.08387115020014002,0.027998546745042888,STABLE
617878,2026-04,,0.1860280023115203,,
617878,2026-05,0.1860280023115203,0.056372073166377476,-0.12965592914514285,IMPROVING
617878,2026-06,0.056372073166377476,0.09368101581160077,0.03730894264522329,STABLE
617880,2026-04,,0.1578801698348559,,
617880,2026-05,0.1578801698348559,0.06636854868601572,-0.09151162114884018,IMPROVING
617882,2026-04,,0.2663225451680688,,
617882,2026-05,0.2663225451680688,0.20578781717544553,-0.06053472799262327,IMPROVING
617882,2026-06,0.20578781717544553,0.23029710945330034,0.02450929227785481,STABLE
617883,2026-04,,0.5659313174821357,,
617883,2026-05,0.5659313174821357,0.28039842296825107,-0.2855328945138846,IMPROVING
617883,2026-06,0.28039842296825107,0.3413057469762783,0.06090732400802723,WORSENING
617885,2026-04,,0.2116810652072293,,
617885,2026-05,0.2116810652072293,0.15129708760870977,-0.06038397759851952,IMPROVING
617885,2026-06,0.15129708760870977,0.1837806135232651,0.03248352591455533,STABLE
617886,2026-04,,0.2833746985310682,,
617886,2026-05,0.2833746985310682,0.18816413487673778,-0.09521056365433045,IMPROVING
617886,2026-06,0.18816413487673778,0.21786710690956787,0.029702972032830094,STABLE
617887,2026-04,,0.22492109694947904,,
617887,2026-05,0.22492109694947904,0.13644743840487236,-0.08847365854460668,IMPROVING
617888,2026-04,,0.16865773508811524,,
617888,2026-05,0.16865773508811524,0.10089394143098775,-0.0677637936571275,IMPROVING
617888,2026-06,0.10089394143098775,0.10100269487943093,0.00010875344844318846,STABLE
617889,2026-04,,0.16520953419483395,,
617889,2026-05,0.16520953419483395,0.0983716399839598,-0.06683789421087415,IMPROVING
617889,2026-06,0.0983716399839598,0.10752558069253058,0.009153940708570785,STABLE
617890,2026-04,,0.19631364384982203,,
617890,2026-05,0.19631364384982203,0.05794076456269792,-0.1383728792871241,IMPROVING
617890,2026-06,0.05794076456269792,0.08472493931212177,0.02678417474942385,STABLE
617891,2026-04,,0.16462536924901394,,
617892,2026-04,,0.2386017266648142,,
617892,2026-05,0.2386017266648142,0.16676790330900193,-0.07183382335581226,IMPROVING
617892,2026-06,0.16676790330900193,0.21890660464950926,0.052138701340507326,WORSENING
617893,2026-04,,0.2033871445517075,,
617893,2026-05,0.2033871445517075,0.08444025716914438,-0.11894688738256312,IMPROVING
617893,2026-06,0.08444025716914438,0.10566069004258595,0.021220432873441566,STABLE
617894,2026-04,,0.22277610370372997,,
617894,2026-05,0.22277610370372997,0.16294441267551252,-0.05983169102821745,IMPROVING
617894,2026-06,0.16294441267551252,0.16694071720068732,0.003996304525174799,STABLE
617895,2026-04,,0.2320230131858907,,
617895,2026-05,0.2320230131858907,0.1562959161754826,-0.07572709701040808,IMPROVING
617895,2026-06,0.1562959161754826,0.18594136987551052,0.029645453700027913,STABLE
617896,2026-04,,0.24846066728040042,,
617896,2026-05,0.24846066728040042,0.10935459023681993,-0.1391060770435805,IMPROVING
617896,2026-06,0.10935459023681993,0.12218536361332996,0.012830773376510035,STABLE
617897,2026-04,,0.19632599808106477,,
617897,2026-05,0.19632599808106477,0.12971150813915508,-0.06661448994190969,IMPROVING
617897,2026-06,0.12971150813915508,0.15557684687118298,0.025865338732027898,STABLE
617898,2026-04,,0.18305806274635975,,
617898,2026-05,0.18305806274635975,0.09876961092897064,-0.0842884518173891,IMPROVING
617898,2026-06,0.09876961092897064,0.12724801952525075,0.028478408596280105,STABLE
617899,2026-04,,0.2479937361417369,,
617899,2026-05,0.2479937361417369,0.15232419929423982,-0.09566953684749707,IMPROVING
617899,2026-06,0.15232419929423982,0.19235799016839097,0.040033790874151154,STABLE
617900,2026-04,,0.1798004697949544,,
617901,2026-04,,0.16930659570840595,,
617901,2026-05,0.16930659570840595,0.14427434072936043,-0.025032254979045515,STABLE
617901,2026-06,0.14427434072936043,0.16967641781085438,0.025402077081493946,STABLE
617902,2026-04,,0.2340407479795005,,
617902,2026-05,0.2340407479795005,0.17564891837327876,-0.058391829606221746,IMPROVING
617902,2026-06,0.17564891837327876,0.15484926905250354,-0.020799649320775215,STABLE
617904,2026-04,,0.21735267261394095,,
617904,2026-05,0.21735267261394095,0.1802785647990913,-0.037074107814849655,STABLE
617904,2026-06,0.1802785647990913,0.195496715494147,0.015218150695055693,STABLE
617905,2026-04,,0.2611259561624117,,
617905,2026-05,0.2611259561624117,0.200752636426688,-0.060373319735723685,IMPROVING
617905,2026-06,0.200752636426688,0.21326460832190453,0.012511971895216523,STABLE
617906,2026-04,,0.3517481306546837,,
617906,2026-05,0.3517481306546837,0.14531287991038494,-0.20643525074429875,IMPROVING
617906,2026-06,0.14531287991038494,0.17250337135031713,0.027190491439932185,STABLE
617907,2026-04,,0.16472282964368734,,
617908,2026-04,,0.2396804927782142,,
617908,2026-05,0.2396804927782142,0.10235400670155274,-0.13732648607666148,IMPROVING
617908,2026-06,0.10235400670155274,0.13364395129079976,0.03128994458924701,STABLE
617909,2026-04,,0.312154411957421,,
617909,2026-05,0.312154411957421,0.11628093135778445,-0.19587348059963655,IMPROVING
617909,2026-06,0.11628093135778445,0.14992945534677052,0.03364852398898607,STABLE
617911,2026-04,,0.23679074823402976,,
617911,2026-05,0.23679074823402976,0.14184588148112268,-0.09494486675290709,IMPROVING
617911,2026-06,0.14184588148112268,0.15745151149569742,0.01560563001457474,STABLE
617912,2026-04,,0.223101527681737,,
617912,2026-05,0.223101527681737,0.07207837512187606,-0.15102315255986093,IMPROVING
617912,2026-06,0.07207837512187606,0.10459278263815246,0.03251440751627639,STABLE
617913,2026-04,,0.25376079240953087,,
617913,2026-05,0.25376079240953087,0.23650981629954804,-0.01725097610998283,STABLE
617913,2026-06,0.23650981629954804,0.23614619827212252,-0.0003636180274255163,STABLE
617914,2026-04,,0.22640189439779826,,
617914,2026-05,0.22640189439779826,0.21652120683741624,-0.009880687560382018,STABLE
617914,2026-06,0.21652120683741624,0.24675302611899194,0.0302318192815757,STABLE
617915,2026-04,,0.20889904320033562,,
617915,2026-05,0.20889904320033562,0.12578782860990664,-0.08311121459042897,IMPROVING
617916,2026-04,,0.19340224137111203,,
617916,2026-05,0.19340224137111203,0.05518421939811966,-0.13821802197299238,IMPROVING
617916,2026-06,0.05518421939811966,0.08296603915763688,0.02778181975951722,STABLE
617917,2026-04,,0.2696067242878036,,
617919,2026-04,,0.23173192444753704,,
617919,2026-05,0.23173192444753704,0.1448024549611187,-0.08692946948641833,IMPROVING
617919,2026-06,0.1448024549611187,0.150799162717745,0.005996707756626279,STABLE
617920,2026-04,,0.29131201831918546,,
617920,2026-05,0.29131201831918546,0.12163540029015664,-0.16967661802902884,IMPROVING
617920,2026-06,0.12163540029015664,0.16949055994867848,0.04785515965852184,STABLE
617921,2026-04,,0.23510289260841663,,
617921,2026-05,0.23510289260841663,0.17154822078106924,-0.06355467182734739,IMPROVING
617921,2026-06,0.17154822078106924,0.21399071353582816,0.04244249275475892,STABLE
617922,2026-04,,0.30611659265775837,,
617922,2026-05,0.30611659265775837,0.1205826232237052,-0.18553396943405318,IMPROVING
617922,2026-06,0.1205826232237052,0.18575260422049125,0.06516998099678606,WORSENING
617923,2026-04,,0.2071039756705495,,
617923,2026-05,0.2071039756705495,0.1281548022576645,-0.07894917341288499,IMPROVING
617923,2026-06,0.1281548022576645,0.16396911823479512,0.03581431597713061,STABLE
617924,2026-04,,0.1891089538925024,,
617925,2026-04,,0.2001663967488746,,
617925,2026-05,0.2001663967488746,0.16513975038888873,-0.03502664635998587,STABLE
617925,2026-06,0.16513975038888873,0.20535140736155583,0.0402116569726671,STABLE
617926,2026-04,,0.21833194176914272,,
617926,2026-05,0.21833194176914272,0.06281948313501307,-0.15551245863412966,IMPROVING
617926,2026-06,0.06281948313501307,0.11185034202078206,0.049030858885768996,STABLE
617927,2026-04,,0.19333440669492438,,
617927,2026-05,0.19333440669492438,0.05490587992898843,-0.13842852676593595,IMPROVING
617927,2026-06,0.05490587992898843,0.10703920728529447,0.05213332735630603,WORSENING
617928,2026-04,,0.14678216017374685,,
617928,2026-05,0.14678216017374685,0.09881986837084138,-0.04796229180290547,STABLE
617928,2026-06,0.09881986837084138,0.10808961566670694,0.009269747295865563,STABLE
617929,2026-04,,0.32015249948383795,,
617929,2026-05,0.32015249948383795,0.2531924309514279,-0.06696006853241004,IMPROVING
617929,2026-06,0.2531924309514279,0.2871601588312798,0.03396772787985192,STABLE
617930,2026-04,,0.3349419446956075,,
617930,2026-05,0.3349419446956075,0.46800834168433086,0.13306639698872336,WORSENING
617930,2026-06,0.46800834168433086,0.3995940281773334,-0.06841431350699745,IMPROVING
617931,2026-04,,0.24308333070859628,,
617931,2026-05,0.24308333070859628,0.19494200166292627,-0.048141329045670006,STABLE
617931,2026-06,0.19494200166292627,0.2083744760952267,0.013432474432300417,STABLE
617932,2026-04,,0.2623192060765382,,
617932,2026-05,0.2623192060765382,0.15761977079742823,-0.10469943527910996,IMPROVING
617932,2026-06,0.15761977079742823,0.20039606812779068,0.04277629733036245,STABLE
617933,2026-04,,0.256173601797566,,
617934,2026-04,,0.27785524792870464,,
617934,2026-05,0.27785524792870464,0.15478975650155932,-0.12306549142714532,IMPROVING
617934,2026-06,0.15478975650155932,0.1721167243932615,0.017326967891702183,STABLE
617935,2026-04,,0.3279813509181762,,
617935,2026-05,0.3279813509181762,0.26986483014304613,-0.058116520775130076,IMPROVING
617935,2026-06,0.26986483014304613,0.29306182200473124,0.023196991861685112,STABLE
617936,2026-04,,0.25423518360659875,,
617936,2026-05,0.25423518360659875,0.14092547105637324,-0.11330971255022551,IMPROVING
617936,2026-06,0.14092547105637324,0.14919075753309338,0.008265286476720146,STABLE
617937,2026-04,,0.2269309333400927,,
617937,2026-05,0.2269309333400927,0.0813937486372334,-0.1455371847028593,IMPROVING
617937,2026-06,0.0813937486372334,0.1348306514036155,0.05343690276638209,WORSENING
617938,2026-04,,0.19767645296614159,,
617938,2026-05,0.19767645296614159,0.09211196972121914,-0.10556448324492244,IMPROVING
617938,2026-06,0.09211196972121914,0.19189399673451668,0.09978202701329754,WORSENING
617939,2026-04,,0.22425902967452363,,
617939,2026-05,0.22425902967452363,0.12475726884807867,-0.09950176082644496,IMPROVING
617939,2026-06,0.12475726884807867,0.19626222014303882,0.07150495129496015,WORSENING
617940,2026-04,,0.28778629902607294,,
617940,2026-05,0.28778629902607294,0.17108611245900704,-0.1167001865670659,IMPROVING
617940,2026-06,0.17108611245900704,0.2051215631868495,0.03403545072784245,STABLE
617941,2026-04,,0.2091353115762088,,
617941,2026-05,0.2091353115762088,0.06607922893226449,-0.14305608264394432,IMPROVING
617941,2026-06,0.06607922893226449,0.09287239486957369,0.026793165937309196,STABLE
617942,2026-04,,0.21110022034606135,,
617942,2026-05,0.21110022034606135,0.16420381446112756,-0.046896405884933795,STABLE
617942,2026-06,0.16420381446112756,0.12629599094628957,-0.037907823514837985,STABLE
617943,2026-05,,0.1612655608459216,,
617943,2026-06,0.1612655608459216,0.09940768022265235,-0.06185788062326926,IMPROVING
617944,2026-04,,0.25488388002764034,,
617945,2026-04,,0.2689590242651798,,
617945,2026-05,0.2689590242651798,0.15827295527422858,-0.11068606899095124,IMPROVING
617945,2026-06,0.15827295527422858,0.20399953993363729,0.04572658465940871,STABLE
617946,2026-04,,0.28603797216280413,,
617946,2026-05,0.28603797216280413,0.14109892165394217,-0.14493905050886197,IMPROVING
617946,2026-06,0.14109892165394217,0.16647802527451916,0.025379103620576993,STABLE
617947,2026-04,,0.3108050984150337,,
617947,2026-05,0.3108050984150337,0.15308091808299187,-0.1577241803320418,IMPROVING
617947,2026-06,0.15308091808299187,0.1828066804119934,0.029725762329001537,STABLE
617948,2026-04,,0.27377169854600725,,
617948,2026-05,0.27377169854600725,0.14395066412327065,-0.1298210344227366,IMPROVING
617948,2026-06,0.14395066412327065,0.21100429018982483,0.06705362606655418,WORSENING
617949,2026-04,,0.1269661381394678,,
617949,2026-05,0.1269661381394678,0.09994819637777945,-0.027017941761688355,STABLE
617950,2026-04,,0.2675292648762335,,
617950,2026-05,0.2675292648762335,0.16281582378709644,-0.10471344108913708,IMPROVING
617950,2026-06,0.16281582378709644,0.22137499269949312,0.05855916891239668,WORSENING
617951,2026-04,,0.20307550698859256,,
617951,2026-05,0.20307550698859256,0.10915439483904595,-0.09392111214954661,IMPROVING
617951,2026-06,0.10915439483904595,0.1460821648477969,0.03692777000875096,STABLE
617954,2026-04,,0.16450805707596913,,
617955,2026-04,,0.2316512328393461,,
617955,2026-05,0.2316512328393461,0.12364105058189888,-0.10801018225744723,IMPROVING
617955,2026-06,0.12364105058189888,0.14317509071478463,0.019534040132885747,STABLE
617957,2026-04,,0.17621693046034148,,
617958,2026-04,,0.1966774532152462,,
617958,2026-05,0.1966774532152462,0.13556385900828016,-0.06111359420696605,IMPROVING
617958,2026-06,0.13556385900828016,0.1639805939890257,0.02841673498074554,STABLE
617959,2026-04,,0.20361014945016212,,
617960,2026-04,,0.2453879622435182,,
617960,2026-05,0.2453879622435182,0.22537784810455586,-0.020010114138962337,STABLE
617960,2026-06,0.22537784810455586,0.2505771018818798,0.02519925377732396,STABLE
617961,2026-04,,0.2159909648572789,,
617961,2026-05,0.2159909648572789,0.13792732639859523,-0.07806363845868367,IMPROVING
617961,2026-06,0.13792732639859523,0.15268993874092468,0.01476261234232945,STABLE
617962,2026-04,,0.20102656713020745,,
617962,2026-05,0.20102656713020745,0.117305041821802,-0.08372152530840545,IMPROVING
617962,2026-06,0.117305041821802,0.1511594257768845,0.03385438395508249,STABLE
617963,2026-04,,0.4565864851246694,,
617963,2026-05,0.4565864851246694,0.16661117901381825,-0.2899753061108511,IMPROVING
617963,2026-06,0.16661117901381825,0.2168681605841629,0.05025698157034464,WORSENING
617964,2026-04,,0.25340611594034973,,
617964,2026-05,0.25340611594034973,0.12320976861103039,-0.13019634732931934,IMPROVING
617964,2026-06,0.12320976861103039,0.16548434290202066,0.04227457429099027,STABLE
617965,2026-04,,0.221423542622122,,
617965,2026-05,0.221423542622122,0.12409265663326595,-0.09733088598885604,IMPROVING
617965,2026-06,0.12409265663326595,0.19470232050046352,0.07060966386719757,WORSENING
617966,2026-04,,0.18914398789986067,,
617966,2026-05,0.18914398789986067,0.13293867114837712,-0.05620531675148355,IMPROVING
617966,2026-06,0.13293867114837712,0.14069446767340946,0.007755796525032332,STABLE
617967,2026-04,,0.19876823446771497,,
617967,2026-05,0.19876823446771497,0.1210293335137649,-0.07773890095395007,IMPROVING
617967,2026-06,0.1210293335137649,0.12851444874982693,0.0074851152360620316,STABLE
617968,2026-04,,0.260951352054068,,
617968,2026-05,0.260951352054068,0.23156291036537244,-0.02938844168869556,STABLE
617968,2026-06,0.23156291036537244,0.15184894291688014,-0.0797139674484923,IMPROVING
617969,2026-04,,0.20491744441115636,,
617969,2026-05,0.20491744441115636,0.11086818690894859,-0.09404925750220777,IMPROVING
617969,2026-06,0.11086818690894859,0.11714807144034135,0.006279884531392763,STABLE
617970,2026-04,,0.20683829989483482,,
617971,2026-04,,0.2742519381917256,,
617971,2026-05,0.2742519381917256,0.10785279057327893,-0.16639914761844668,IMPROVING
617971,2026-06,0.10785279057327893,0.14522284691664097,0.037370056343362046,STABLE
617972,2026-04,,0.16661308372156403,,
617972,2026-05,0.16661308372156403,0.149165325750109,-0.017447757971455036,STABLE
617972,2026-06,0.149165325750109,0.16019554478518416,0.011030219035075173,STABLE
617973,2026-04,,0.20985896494651507,,
617974,2026-04,,0.20760424091719878,,
617974,2026-05,0.20760424091719878,0.09375277510728107,-0.11385146580991772,IMPROVING
617974,2026-06,0.09375277510728107,0.1334335212274441,0.03968074612016302,STABLE
617975,2026-04,,0.23048528999970533,,
617976,2026-04,,0.19319944737820235,,
617976,2026-05,0.19319944737820235,0.15446430909502826,-0.0387351382831741,STABLE
617976,2026-06,0.15446430909502826,0.11030485763799393,-0.04415945145703433,STABLE
617977,2026-04,,0.22170696874738763,,
617978,2026-04,,0.32168469761930596,,
617978,2026-05,0.32168469761930596,0.13833707629761247,-0.1833476213216935,IMPROVING
617978,2026-06,0.13833707629761247,0.1780738913423828,0.039736815044770335,STABLE
617979,2026-04,,0.4368564849470986,,
617979,2026-05,0.4368564849470986,0.12855209576058105,-0.3083043891865176,IMPROVING
617979,2026-06,0.12855209576058105,0.19770044223699787,0.06914834647641682,WORSENING
617980,2026-04,,0.30671197989476756,,
617980,2026-05,0.30671197989476756,0.18439087031342158,-0.12232110958134598,IMPROVING
617980,2026-06,0.18439087031342158,0.22314371270103853,0.03875284238761695,STABLE
617981,2026-04,,0.23621777437953023,,
617982,2026-04,,0.27099421949676916,,
617983,2026-04,,0.2125137990156358,,
617983,2026-05,0.2125137990156358,0.1257834113378502,-0.0867303876777856,IMPROVING
617983,2026-06,0.1257834113378502,0.15398683329087381,0.02820342195302361,STABLE
617984,2026-04,,0.1931337924713661,,
617984,2026-05,0.1931337924713661,0.1300390709232009,-0.0630947215481652,IMPROVING
617984,2026-06,0.1300390709232009,0.14962483983841704,0.01958576891521613,STABLE
617985,2026-04,,0.28353419640274335,,
617985,2026-05,0.28353419640274335,0.187159604678393,-0.09637459172435037,IMPROVING
617985,2026-06,0.187159604678393,0.2088571642886898,0.021697559610296818,STABLE
617986,2026-04,,0.24059741630650203,,
617986,2026-05,0.24059741630650203,0.13369630138533228,-0.10690111492116974,IMPROVING
617986,2026-06,0.13369630138533228,0.1142837523326906,-0.019412549052641684,STABLE
617987,2026-04,,0.18891296906064972,,
617987,2026-05,0.18891296906064972,0.059726614335276075,-0.12918635472537365,IMPROVING
617987,2026-06,0.059726614335276075,0.08022945935515077,0.020502845019874698,STABLE
617988,2026-04,,0.178159219746127,,
617988,2026-05,0.178159219746127,0.05290597734918103,-0.12525324239694596,IMPROVING
617988,2026-06,0.05290597734918103,0.11610975668685901,0.06320377933767798,WORSENING
617989,2026-04,,0.2811650112244045,,
617989,2026-05,0.2811650112244045,0.2223973677253118,-0.05876764349909272,IMPROVING
617989,2026-06,0.2223973677253118,0.24966154547639238,0.027264177751080587,STABLE
617990,2026-04,,0.14272484664855892,,
617991,2026-04,,0.1927396269333029,,
617991,2026-05,0.1927396269333029,0.14843520982862812,-0.04430441710467478,STABLE
617991,2026-06,0.14843520982862812,0.17431670297683177,0.02588149314820365,STABLE
617992,2026-04,,0.21629892772731027,,
617993,2026-04,,0.25422025102699597,,
617994,2026-04,,0.21524935465777303,,
617994,2026-05,0.21524935465777303,0.16099926653656274,-0.054250088121210294,IMPROVING
617994,2026-06,0.16099926653656274,0.19602854198852357,0.03502927545196083,STABLE
617995,2026-04,,0.19895367724552415,,
617995,2026-05,0.19895367724552415,0.14197414091458438,-0.05697953633093977,IMPROVING
617995,2026-06,0.14197414091458438,0.14110165816478726,-0.000872482749797121,STABLE
617996,2026-04,,0.21560830950766194,,
617997,2026-05,,0.18077624685923516,,
617997,2026-06,0.18077624685923516,0.11396733061657445,-0.06680891624266071,IMPROVING
617998,2026-04,,0.19565143454159595,,
617998,2026-05,0.19565143454159595,0.2128300764136541,0.017178641872058142,STABLE
617998,2026-06,0.2128300764136541,0.1678331796979849,-0.0449968967156692,STABLE
617999,2026-04,,0.23525566660214361,,
617999,2026-05,0.23525566660214361,0.141685696324655,-0.09356997027748862,IMPROVING
617999,2026-06,0.141685696324655,0.23100974121108636,0.08932404488643136,WORSENING
618000,2026-04,,0.14923281051031895,,
618000,2026-05,0.14923281051031895,0.13240868496194558,-0.01682412554837337,STABLE
618000,2026-06,0.13240868496194558,0.17903192537902407,0.04662324041707849,STABLE
618001,2026-04,,0.19193411201056795,,
618001,2026-05,0.19193411201056795,0.19316792608659594,0.0012338140760279892,STABLE
618001,2026-06,0.19316792608659594,0.19856994472454959,0.005402018637953643,STABLE
618002,2026-04,,0.22757102941890064,,
618003,2026-04,,0.2293501129676127,,
618003,2026-05,0.2293501129676127,0.1843361277939886,-0.045013985173624094,STABLE
618003,2026-06,0.1843361277939886,0.21456732113555138,0.030231193341562768,STABLE
618004,2026-04,,0.19159559921351008,,
618004,2026-05,0.19159559921351008,0.1663215317158107,-0.025274067497699365,STABLE
618004,2026-06,0.1663215317158107,0.15579222624235795,-0.010529305473452766,STABLE
618005,2026-04,,0.19684877227972072,,
618005,2026-05,0.19684877227972072,0.1302886458361701,-0.06656012644355061,IMPROVING
618006,2026-04,,0.19521842008320342,,
618007,2026-04,,0.19734759114194236,,
618008,2026-04,,0.21454585905119156,,
618009,2026-04,,0.22124038556388342,,
618009,2026-05,0.22124038556388342,0.1354532909004314,-0.08578709466345202,IMPROVING
618009,2026-06,0.1354532909004314,0.14902425595785068,0.013570965057419282,STABLE
618010,2026-04,,0.2714203765746628,,
618010,2026-05,0.2714203765746628,0.11302413866226843,-0.15839623791239435,IMPROVING
618010,2026-06,0.11302413866226843,0.1388315817320311,0.02580744306976268,STABLE
618011,2026-04,,0.2185602665173623,,
618011,2026-05,0.2185602665173623,0.1187507553775946,-0.0998095111397677,IMPROVING
618011,2026-06,0.1187507553775946,0.1578610216864389,0.0391102663088443,STABLE
618012,2026-04,,0.1996454208612059,,
618012,2026-05,0.1996454208612059,0.19066066442288576,-0.00898475643832014,STABLE
618012,2026-06,0.19066066442288576,0.22275227229228572,0.03209160786939996,STABLE
618013,2026-04,,0.1850650499928276,,
618013,2026-05,0.1850650499928276,0.09797008378629725,-0.08709496620653036,IMPROVING
618013,2026-06,0.09797008378629725,0.21260227114231392,0.11463218735601667,WORSENING
618014,2026-04,,0.2648681873080806,,
618014,2026-05,0.2648681873080806,0.13751573684952142,-0.12735245045855917,IMPROVING
618014,2026-06,0.13751573684952142,0.19793313862267528,0.060417401773153856,WORSENING
618015,2026-04,,0.22289063390381364,,
618015,2026-05,0.22289063390381364,0.18548828800889944,-0.0374023458949142,STABLE
618015,2026-06,0.18548828800889944,0.1984484689878617,0.01296018097896226,STABLE
618016,2026-04,,0.2599545571472837,,
618016,2026-05,0.2599545571472837,0.13560548920236035,-0.12434906794492337,IMPROVING
618016,2026-06,0.13560548920236035,0.21576790209812088,0.08016241289576054,WORSENING
618017,2026-04,,0.22041108964229536,,
618017,2026-05,0.22041108964229536,0.19234374652224637,-0.028067343120048993,STABLE
618017,2026-06,0.19234374652224637,0.19669784417326994,0.00435409765102357,STABLE
618018,2026-04,,0.19441558265942704,,
618018,2026-05,0.19441558265942704,0.15551959977893035,-0.0388959828804967,STABLE
618018,2026-06,0.15551959977893035,0.17811855367177634,0.022598953892845997,STABLE
618019,2026-04,,0.17744212409139307,,
618019,2026-05,0.17744212409139307,0.09943093805112739,-0.07801118604026568,IMPROVING
618019,2026-06,0.09943093805112739,0.12007297961222184,0.02064204156109445,STABLE
618020,2026-04,,0.24594614374067963,,
618020,2026-05,0.24594614374067963,0.14471499474450075,-0.10123114899617888,IMPROVING
618020,2026-06,0.14471499474450075,0.1708276667424464,0.026112671997945647,STABLE
618021,2026-04,,0.2128786812348452,,
618021,2026-05,0.2128786812348452,0.10355874132813767,-0.10931993990670755,IMPROVING
618021,2026-06,0.10355874132813767,0.10346509646713999,-9.364486099767977e-05,STABLE
618022,2026-04,,0.16404395206583913,,
618022,2026-05,0.16404395206583913,0.13056873548916065,-0.033475216576678485,STABLE
618022,2026-06,0.13056873548916065,0.21928339247563686,0.08871465698647621,WORSENING
618023,2026-04,,0.18373069371425893,,
618023,2026-05,0.18373069371425893,0.11192349688128395,-0.07180719683297498,IMPROVING
618024,2026-04,,0.24866216223701562,,
618024,2026-05,0.24866216223701562,0.1562437354171612,-0.09241842681985443,IMPROVING
618024,2026-06,0.1562437354171612,0.16584712029022433,0.009603384873063142,STABLE
618025,2026-04,,0.2222756235910344,,
618025,2026-05,0.2222756235910344,0.16537284445442668,-0.05690277913660771,IMPROVING
618025,2026-06,0.16537284445442668,0.1770374264087663,0.011664581954339615,STABLE
618026,2026-04,,0.2571803614545166,,
618027,2026-04,,0.19565355139596097,,
618027,2026-05,0.19565355139596097,0.16015625212346915,-0.03549729927249182,STABLE
618027,2026-06,0.16015625212346915,0.10538969287301748,-0.054766559250451666,IMPROVING
618028,2026-04,,0.20141571084856652,,
618028,2026-05,0.20141571084856652,0.12911902864587033,-0.0722966822026962,IMPROVING
618028,2026-06,0.12911902864587033,0.1312181598919758,0.0020991312461054734,STABLE
618029,2026-04,,0.2753016595743253,,
618029,2026-05,0.2753016595743253,0.15921903187177877,-0.11608262770254651,IMPROVING
618029,2026-06,0.15921903187177877,0.18696785176175026,0.027748819889971493,STABLE
618030,2026-04,,0.2046869346587678,,
618030,2026-05,0.2046869346587678,0.20553581312481298,0.000848878466045172,STABLE
618031,2026-04,,0.32410355757949805,,
618031,2026-05,0.32410355757949805,0.22619676253416937,-0.09790679504532868,IMPROVING
618031,2026-06,0.22619676253416937,0.21896057615604542,-0.007236186378123954,STABLE
618033,2026-04,,0.35737895541010417,,
618033,2026-05,0.35737895541010417,0.20266221384392075,-0.15471674156618342,IMPROVING
618034,2026-04,,0.21412763955772718,,
618034,2026-05,0.21412763955772718,0.141605796452428,-0.07252184310529919,IMPROVING
618034,2026-06,0.141605796452428,0.146895410781782,0.005289614329354014,STABLE
618035,2026-04,,0.2181741586351262,,
618035,2026-05,0.2181741586351262,0.153882567009367,-0.0642915916257592,IMPROVING
618035,2026-06,0.153882567009367,0.1591558354319689,0.0052732684226018955,STABLE
618036,2026-04,,0.24966247169003908,,
618036,2026-05,0.24966247169003908,0.11024015731441146,-0.13942231437562763,IMPROVING
618036,2026-06,0.11024015731441146,0.1853343461692623,0.07509418885485085,WORSENING
618037,2026-04,,0.28434429417938806,,
618037,2026-05,0.28434429417938806,0.16612520737730732,-0.11821908680208074,IMPROVING
618037,2026-06,0.16612520737730732,0.1561439091233313,-0.009981298253976034,STABLE
618038,2026-04,,0.20090791695144342,,
618038,2026-05,0.20090791695144342,0.06583554350321487,-0.13507237344822853,IMPROVING
618038,2026-06,0.06583554350321487,0.09041306072108908,0.024577517217874212,STABLE
618039,2026-04,,0.24378042286504523,,
618039,2026-05,0.24378042286504523,0.082670264599926,-0.1611101582651192,IMPROVING
618039,2026-06,0.082670264599926,0.10594281658897609,0.02327255198905008,STABLE
618040,2026-04,,0.3820083024575774,,
618040,2026-05,0.3820083024575774,0.15745959979251195,-0.22454870266506544,IMPROVING
618040,2026-06,0.15745959979251195,0.21582145756837165,0.0583618577758597,WORSENING
618041,2026-04,,0.2403381423829684,,
618041,2026-05,0.2403381423829684,0.10901746772918895,-0.13132067465377945,IMPROVING
618041,2026-06,0.10901746772918895,0.14815713921435952,0.03913967148517057,STABLE
618042,2026-04,,0.24994924476744554,,
618042,2026-05,0.24994924476744554,0.19724858861584907,-0.05270065615159647,IMPROVING
618042,2026-06,0.19724858861584907,0.2193831015380842,0.022134512922235144,STABLE
618043,2026-04,,0.1862790155382017,,
618043,2026-05,0.1862790155382017,0.09569767465044947,-0.09058134088775223,IMPROVING
618043,2026-06,0.09569767465044947,0.10939795575629074,0.013700281105841275,STABLE
618044,2026-04,,0.20029657355527514,,
618044,2026-05,0.20029657355527514,0.06397613332117186,-0.13632044023410328,IMPROVING
618044,2026-06,0.06397613332117186,0.0919536657206737,0.027977532399501848,STABLE
618045,2026-04,,0.21814461674121347,,
618046,2026-04,,0.2209625591367736,,
618047,2026-04,,0.3874157093456625,,
618047,2026-05,0.3874157093456625,0.176510088558525,-0.21090562078713748,IMPROVING
618047,2026-06,0.176510088558525,0.1691870521343872,-0.007323036424137813,STABLE
618049,2026-04,,0.22862682781780927,,
618049,2026-05,0.22862682781780927,0.12198627441577017,-0.1066405534020391,IMPROVING
618049,2026-06,0.12198627441577017,0.13283878180777708,0.01085250739200691,STABLE
618050,2026-04,,0.24284539654666815,,
618052,2026-04,,0.17283780801229284,,
618052,2026-05,0.17283780801229284,0.05837335467084049,-0.11446445334145236,IMPROVING
618052,2026-06,0.05837335467084049,0.09599759363067073,0.03762423895983024,STABLE
618053,2026-04,,0.18175742214281926,,
618053,2026-05,0.18175742214281926,0.06811501594093716,-0.1136424062018821,IMPROVING
618053,2026-06,0.06811501594093716,0.08455835087967781,0.016443334938740645,STABLE
618054,2026-04,,0.20186129026252317,,
618054,2026-05,0.20186129026252317,0.1927154540318348,-0.009145836230688376,STABLE
618054,2026-06,0.1927154540318348,0.1325408288242346,-0.060174625207600196,IMPROVING
618055,2026-04,,0.1994132936626797,,
618055,2026-05,0.1994132936626797,0.13421418527584747,-0.06519910838683224,IMPROVING
618055,2026-06,0.13421418527584747,0.13514527109812743,0.0009310858222799645,STABLE
618056,2026-04,,0.24896634848459678,,
618056,2026-05,0.24896634848459678,0.17540905776464163,-0.07355729071995515,IMPROVING
618056,2026-06,0.17540905776464163,0.1914472040512679,0.016038146286626254,STABLE
618057,2026-04,,0.19032310436612224,,
618057,2026-05,0.19032310436612224,0.10822034793460274,-0.0821027564315195,IMPROVING
618057,2026-06,0.10822034793460274,0.1182565994429549,0.010036251508352162,STABLE
618059,2026-04,,0.26698502464899565,,
618059,2026-05,0.26698502464899565,0.19667954098781978,-0.07030548366117587,IMPROVING
618059,2026-06,0.19667954098781978,0.20533733176518132,0.008657790777361535,STABLE
618060,2026-04,,0.24926837141315616,,
618060,2026-05,0.24926837141315616,0.14483867785599572,-0.10442969355716045,IMPROVING
618060,2026-06,0.14483867785599572,0.17543235856285933,0.030593680706863607,STABLE
618061,2026-04,,0.31482167405387373,,
618061,2026-05,0.31482167405387373,0.13014480470260467,-0.18467686935126906,IMPROVING
618061,2026-06,0.13014480470260467,0.18825428976627087,0.0581094850636662,WORSENING
618062,2026-04,,0.17884749662058086,,
618063,2026-04,,0.17171331455647032,,
618063,2026-05,0.17171331455647032,0.14519783234660477,-0.02651548220986555,STABLE
618063,2026-06,0.14519783234660477,0.12441085412656773,-0.020786978220037042,STABLE
618064,2026-04,,0.1992688300779241,,
618065,2026-04,,0.28342368910076665,,
618065,2026-05,0.28342368910076665,0.43670095752962285,0.1532772684288562,WORSENING
618065,2026-06,0.43670095752962285,0.29531448626902906,-0.14138647126059378,IMPROVING
618066,2026-04,,0.2875657626073682,,
618066,2026-05,0.2875657626073682,0.12133901168307823,-0.16622675092428998,IMPROVING
618066,2026-06,0.12133901168307823,0.15115224217703435,0.029813230493956122,STABLE
618067,2026-04,,0.1857207490667896,,
618067,2026-05,0.1857207490667896,0.050271703466929385,-0.1354490455998602,IMPROVING
618067,2026-06,0.050271703466929385,0.0790372052884298,0.028765501821500408,STABLE
618068,2026-04,,0.19169314507660226,,
618068,2026-05,0.19169314507660226,0.12872171106881983,-0.06297143400778243,IMPROVING
618068,2026-06,0.12872171106881983,0.1592053149059379,0.030483603837118067,STABLE
618069,2026-04,,0.25697774462190137,,
618069,2026-05,0.25697774462190137,0.11754073856112268,-0.1394370060607787,IMPROVING
618069,2026-06,0.11754073856112268,0.17246917033594017,0.05492843177481749,WORSENING
618070,2026-04,,0.2558009797944041,,
618070,2026-05,0.2558009797944041,0.14214896446422165,-0.11365201533018243,IMPROVING
618070,2026-06,0.14214896446422165,0.15960667260202496,0.017457708137803313,STABLE
618071,2026-04,,0.21933342761682628,,
618071,2026-05,0.21933342761682628,0.11869899282074634,-0.10063443479607995,IMPROVING
618071,2026-06,0.11869899282074634,0.13662890910214287,0.017929916281396535,STABLE
618072,2026-04,,0.20658095222404693,,
618072,2026-05,0.20658095222404693,0.16033599160199644,-0.046244960622050496,STABLE
618072,2026-06,0.16033599160199644,0.17804906961211672,0.017713078010120287,STABLE
618073,2026-04,,0.20606759884767387,,
618073,2026-05,0.20606759884767387,0.22580321476761256,0.019735615919938693,STABLE
618073,2026-06,0.22580321476761256,0.14455652776752756,-0.081246687000085,IMPROVING
618074,2026-04,,0.1662872299636974,,
618074,2026-05,0.1662872299636974,0.11409146576929453,-0.052195764194402874,IMPROVING
618074,2026-06,0.11409146576929453,0.1421602757775964,0.028068810008301873,STABLE
618075,2026-04,,0.23906404156350683,,
618075,2026-05,0.23906404156350683,0.19887749925238746,-0.04018654231111937,STABLE
618075,2026-06,0.19887749925238746,0.16865660613470748,-0.030220893117679976,STABLE
618076,2026-04,,0.2846137472909584,,
618076,2026-05,0.2846137472909584,0.09645070793244313,-0.18816303935851525,IMPROVING
618076,2026-06,0.09645070793244313,0.1380590877254665,0.041608379793023356,STABLE
618078,2026-04,,0.2245304563550368,,
618079,2026-04,,0.22807352395074793,,
618079,2026-05,0.22807352395074793,0.1350710350505714,-0.09300248890017654,IMPROVING
618079,2026-06,0.1350710350505714,0.13619823948450402,0.0011272044339326326,STABLE
618080,2026-04,,0.22836930251316634,,
618080,2026-05,0.22836930251316634,0.1750082635130526,-0.05336103900011374,IMPROVING
618080,2026-06,0.1750082635130526,0.20107017035709457,0.02606190684404197,STABLE
618081,2026-04,,0.21040566128770172,,
618081,2026-05,0.21040566128770172,0.1080629143245792,-0.10234274696312251,IMPROVING
618081,2026-06,0.1080629143245792,0.122588733119056,0.0145258187944768,STABLE
618082,2026-04,,0.19255226952991394,,
618082,2026-05,0.19255226952991394,0.11355526387396099,-0.07899700565595295,IMPROVING
618082,2026-06,0.11355526387396099,0.12589185239161224,0.01233658851765125,STABLE
618083,2026-04,,0.25236060683803446,,
618084,2026-04,,0.27893376945071585,,
618084,2026-05,0.27893376945071585,0.2013756373457554,-0.07755813210496046,IMPROVING
618084,2026-06,0.2013756373457554,0.22702612541700343,0.025650488071248034,STABLE
618085,2026-04,,0.2421141657794658,,
618085,2026-05,0.2421141657794658,0.14049937977767846,-0.10161478600178733,IMPROVING
618085,2026-06,0.14049937977767846,0.1957491354666127,0.055249755688934254,WORSENING
618086,2026-04,,0.267411424864336,,
618086,2026-05,0.267411424864336,0.16317201820544378,-0.10423940665889223,IMPROVING
618086,2026-06,0.16317201820544378,0.17849202324736801,0.01532000504192424,STABLE
618087,2026-04,,0.14204799632338103,,
618087,2026-05,0.14204799632338103,0.12697343559181035,-0.01507456073157068,STABLE
618087,2026-06,0.12697343559181035,0.15076872039760522,0.023795284805794875,STABLE
618088,2026-04,,0.2788831601202283,,
618088,2026-05,0.2788831601202283,0.12746110393019683,-0.15142205619003146,IMPROVING
618088,2026-06,0.12746110393019683,0.23919810811830505,0.11173700418810822,WORSENING
618089,2026-04,,0.25864901461109907,,
618089,2026-05,0.25864901461109907,0.17331767826728853,-0.08533133634381054,IMPROVING
618089,2026-06,0.17331767826728853,0.2075586034135955,0.03424092514630697,STABLE
618090,2026-04,,0.2949617452214981,,
618091,2026-04,,0.23872549933579,,
618091,2026-05,0.23872549933579,0.14582200454291552,-0.09290349479287446,IMPROVING
618091,2026-06,0.14582200454291552,0.21220948211895754,0.06638747757604202,WORSENING
618092,2026-04,,0.22971272954569547,,
618092,2026-05,0.22971272954569547,0.09167227377749425,-0.13804045576820123,IMPROVING
618092,2026-06,0.09167227377749425,0.16255958119408948,0.07088730741659523,WORSENING
618093,2026-04,,0.22750886292710992,,
618094,2026-04,,0.30705312180109845,,
618094,2026-05,0.30705312180109845,0.25232651441282317,-0.054726607388275283,IMPROVING
618094,2026-06,0.25232651441282317,0.2561454821638644,0.0038189677510412356,STABLE
618095,2026-04,,0.1796598792523653,,
618095,2026-05,0.1796598792523653,0.2228191697167131,0.0431592904643478,STABLE
618095,2026-06,0.2228191697167131,0.12895026689497407,-0.09386890282173901,IMPROVING
618096,2026-04,,0.24331195148583598,,
618096,2026-05,0.24331195148583598,0.1197099551531636,-0.12360199633267238,IMPROVING
618096,2026-06,0.1197099551531636,0.13452158969298159,0.014811634539817986,STABLE
618097,2026-04,,0.28867567736881505,,
618097,2026-05,0.28867567736881505,0.1435126877838843,-0.14516298958493076,IMPROVING
618097,2026-06,0.1435126877838843,0.16753243261950754,0.024019744835623247,STABLE
618098,2026-04,,0.2389023472412281,,
618098,2026-05,0.2389023472412281,0.13553787249289156,-0.10336447474833654,IMPROVING
618098,2026-06,0.13553787249289156,0.1447715030888453,0.009233630595953723,STABLE
618099,2026-04,,0.20887812622250013,,
618101,2026-04,,0.22692596797727954,,
618101,2026-05,0.22692596797727954,0.09026825508569158,-0.13665771289158796,IMPROVING
618101,2026-06,0.09026825508569158,0.1294023361239871,0.03913408103829552,STABLE
618103,2026-04,,0.1674380021499133,,
618103,2026-05,0.1674380021499133,0.14186372768363048,-0.025574274466282826,STABLE
618103,2026-06,0.14186372768363048,0.1451321509583953,0.0032684232747648145,STABLE
618104,2026-04,,0.1925292848843718,,
618104,2026-05,0.1925292848843718,0.14046421820718386,-0.05206506667718794,IMPROVING
618104,2026-06,0.14046421820718386,0.16256098928979218,0.022096771082608324,STABLE
618105,2026-04,,0.2305320731969312,,
618105,2026-05,0.2305320731969312,0.16243375792162495,-0.06809831527530624,IMPROVING
618105,2026-06,0.16243375792162495,0.19039870761281288,0.02796494969118793,STABLE
618106,2026-04,,0.2175204141738523,,
618106,2026-05,0.2175204141738523,0.12522763195842246,-0.09229278221542983,IMPROVING
618106,2026-06,0.12522763195842246,0.1625066455900447,0.037279013631622254,STABLE
618107,2026-04,,0.1735621347873791,,
618107,2026-05,0.1735621347873791,0.07296288293347676,-0.10059925185390235,IMPROVING
618107,2026-06,0.07296288293347676,0.133749078597995,0.06078619566451825,WORSENING
618108,2026-04,,0.19708979057085887,,
618108,2026-05,0.19708979057085887,0.14265876461606916,-0.054431025954789714,IMPROVING
618108,2026-06,0.14265876461606916,0.15595564085135785,0.01329687623528869,STABLE
618109,2026-04,,0.25991343543968876,,
618109,2026-05,0.25991343543968876,0.17092780008293318,-0.08898563535675558,IMPROVING
618109,2026-06,0.17092780008293318,0.15214481671162813,-0.018782983371305045,STABLE
618110,2026-04,,0.2434501947352643,,
618111,2026-04,,0.20486668142650918,,
618111,2026-05,0.20486668142650918,0.11362469204115745,-0.09124198938535173,IMPROVING
618111,2026-06,0.11362469204115745,0.12635623064529494,0.01273153860413749,STABLE
618112,2026-04,,0.25004446218125875,,
618112,2026-05,0.25004446218125875,0.14285156688228084,-0.10719289529897791,IMPROVING
618112,2026-06,0.14285156688228084,0.18632644341312768,0.043474876530846834,STABLE
618113,2026-04,,0.2681130130666733,,
618113,2026-05,0.2681130130666733,0.19897536909861469,-0.0691376439680586,IMPROVING
618113,2026-06,0.19897536909861469,0.21970947900386098,0.020734109905246295,STABLE
618114,2026-04,,0.18315332815544444,,
618114,2026-05,0.18315332815544444,0.05321651753474482,-0.12993681062069962,IMPROVING
618114,2026-06,0.05321651753474482,0.07915415338206973,0.025937635847324905,STABLE
618116,2026-04,,0.2073369095858665,,
618116,2026-05,0.2073369095858665,0.11734209395979531,-0.0899948156260712,IMPROVING
618116,2026-06,0.11734209395979531,0.1623531999042722,0.04501110594447688,STABLE
618117,2026-04,,0.20011545913454,,
618117,2026-05,0.20011545913454,0.18063122499781634,-0.019484234136723677,STABLE
618117,2026-06,0.18063122499781634,0.18397824502383825,0.003347020026021913,STABLE
618118,2026-04,,0.15970589103983995,,
618119,2026-04,,0.326629182753137,,
618119,2026-05,0.326629182753137,0.13794152756366998,-0.18868765518946704,IMPROVING
618119,2026-06,0.13794152756366998,0.18108118680080268,0.0431396592371327,STABLE
618120,2026-04,,0.20137344952532013,,
618120,2026-05,0.20137344952532013,0.06367527753926058,-0.13769817198605955,IMPROVING
618120,2026-06,0.06367527753926058,0.09181181705700106,0.028136539517740478,STABLE
618121,2026-04,,0.1781119246480067,,
618121,2026-05,0.1781119246480067,0.12067801298735112,-0.05743391166065559,IMPROVING
618121,2026-06,0.12067801298735112,0.1515830818276962,0.03090506884034508,STABLE
618122,2026-04,,0.22241403111040517,,
618122,2026-05,0.22241403111040517,0.17991005152824174,-0.042503979582163426,STABLE
618122,2026-06,0.17991005152824174,0.19008844828255805,0.01017839675431631,STABLE
618123,2026-04,,0.24126042742912204,,
618123,2026-05,0.24126042742912204,0.15704409130392155,-0.08421633612520049,IMPROVING
618124,2026-04,,0.25795092434388506,,
618124,2026-05,0.25795092434388506,0.17457472760409873,-0.08337619673978633,IMPROVING
618124,2026-06,0.17457472760409873,0.1877835476299039,0.013208820025805174,STABLE
618125,2026-04,,0.22805446843493096,,
618125,2026-05,0.22805446843493096,0.1697423251074131,-0.05831214332751786,IMPROVING
618125,2026-06,0.1697423251074131,0.16895852285434917,-0.000783802253063931,STABLE
618126,2026-04,,0.29075025926378956,,
618126,2026-05,0.29075025926378956,0.1222411751017106,-0.16850908416207894,IMPROVING
618126,2026-06,0.1222411751017106,0.1896937083626683,0.0674525332609577,WORSENING
618127,2026-04,,0.23074390946498965,,
618127,2026-05,0.23074390946498965,0.0935236951956174,-0.13722021426937225,IMPROVING
618127,2026-06,0.0935236951956174,0.12156335172589777,0.02803965653028037,STABLE
618129,2026-04,,0.2606584237833135,,
618129,2026-05,0.2606584237833135,0.1016445535403098,-0.1590138702430037,IMPROVING
618129,2026-06,0.1016445535403098,0.10996394354759415,0.00831939000728435,STABLE
618130,2026-04,,0.2210981819823743,,
618130,2026-05,0.2210981819823743,0.13708785626348438,-0.08401032571888992,IMPROVING
618130,2026-06,0.13708785626348438,0.1417611423198411,0.0046732860563567236,STABLE
618132,2026-04,,0.19532580828480528,,
618133,2026-04,,0.32349784541791143,,
618133,2026-05,0.32349784541791143,0.21376974599832876,-0.10972809941958267,IMPROVING
618133,2026-06,0.21376974599832876,0.2397610674634229,0.02599132146509414,STABLE
618134,2026-04,,0.28799511197997285,,
618134,2026-05,0.28799511197997285,0.16849288410156638,-0.11950222787840648,IMPROVING
618134,2026-06,0.16849288410156638,0.13585305514203957,-0.0326398289595268,STABLE
618136,2026-04,,0.27795325503974105,,
618137,2026-04,,0.2896030158322074,,
618137,2026-05,0.2896030158322074,0.16086575356870741,-0.12873726226349996,IMPROVING
618137,2026-06,0.16086575356870741,0.1773713847920078,0.0165056312233004,STABLE
618138,2026-04,,0.3254386419494212,,
618138,2026-05,0.3254386419494212,0.1863677400431203,-0.1390709019063009,IMPROVING
618138,2026-06,0.1863677400431203,0.15838703720125083,-0.02798070284186946,STABLE
618139,2026-04,,0.3088087524515521,,
618139,2026-05,0.3088087524515521,0.12300483667977645,-0.18580391577177563,IMPROVING
618139,2026-06,0.12300483667977645,0.14603666198906046,0.023031825309284007,STABLE
618140,2026-04,,0.42472495044626196,,
618140,2026-05,0.42472495044626196,0.14834087818532624,-0.27638407226093575,IMPROVING
618140,2026-06,0.14834087818532624,0.1783966885857304,0.03005581040040417,STABLE
618141,2026-04,,0.2748012365119559,,
618141,2026-05,0.2748012365119559,0.1564442243238872,-0.11835701218806874,IMPROVING
618141,2026-06,0.1564442243238872,0.19341712651174597,0.036972902187858786,STABLE
618142,2026-04,,0.232771763010409,,
618143,2026-04,,0.21538225856990878,,
618144,2026-04,,0.29739500525375867,,
618145,2026-04,,0.1660178454612391,,
618146,2026-04,,0.2910904379753953,,
618146,2026-05,0.2910904379753953,0.20798597313259107,-0.08310446484280423,IMPROVING
618146,2026-06,0.20798597313259107,0.2299700417866023,0.02198406865401123,STABLE
618147,2026-04,,0.19852634332729338,,
618147,2026-05,0.19852634332729338,0.2570908923187131,0.058564548991419746,WORSENING
618147,2026-06,0.2570908923187131,0.18017763247139204,-0.07691325984732109,IMPROVING
618148,2026-05,,0.19058148202558728,,
618148,2026-06,0.19058148202558728,0.12568214802916336,-0.06489933399642392,IMPROVING
618149,2026-04,,0.2702824102558126,,
618149,2026-05,0.2702824102558126,0.14001416959833496,-0.13026824065747766,IMPROVING
618149,2026-06,0.14001416959833496,0.18527467015661572,0.045260500558280764,STABLE
618150,2026-04,,0.3181004947833132,,
618150,2026-05,0.3181004947833132,0.10597597015517947,-0.21212452462813375,IMPROVING
618150,2026-06,0.10597597015517947,0.13928386051050856,0.03330789035532909,STABLE
618151,2026-05,,0.17258075878990087,,
618151,2026-06,0.17258075878990087,0.11471124478649539,-0.05786951400340548,IMPROVING
618152,2026-04,,0.2777281268241358,,
618152,2026-05,0.2777281268241358,0.1549222481682144,-0.12280587865592138,IMPROVING
618152,2026-06,0.1549222481682144,0.17390421854597926,0.018981970377764862,STABLE
618153,2026-04,,0.27480851262761224,,
618153,2026-05,0.27480851262761224,0.14480400022712853,-0.13000451240048372,IMPROVING
618153,2026-06,0.14480400022712853,0.179352857380733,0.03454885715360448,STABLE
618154,2026-04,,0.2405043284662925,,
618154,2026-05,0.2405043284662925,0.16251766773377704,-0.07798666073251545,IMPROVING
618154,2026-06,0.16251766773377704,0.19246320539646491,0.02994553766268787,STABLE
618155,2026-04,,0.3082597810641666,,
618155,2026-05,0.3082597810641666,0.1511281807715901,-0.15713160029257653,IMPROVING
618155,2026-06,0.1511281807715901,0.17314916731366425,0.022020986542074156,STABLE
618156,2026-04,,0.2554416070088503,,
618156,2026-05,0.2554416070088503,0.09104933108046712,-0.1643922759283832,IMPROVING
618156,2026-06,0.09104933108046712,0.12438750935638415,0.033338178275917035,STABLE
618157,2026-04,,0.22032526279053163,,
618157,2026-05,0.22032526279053163,0.11966393018378843,-0.1006613326067432,IMPROVING
618157,2026-06,0.11966393018378843,0.21145461520550063,0.0917906850217122,WORSENING
618158,2026-04,,0.26627728154906877,,
618158,2026-05,0.26627728154906877,0.11678245946211357,-0.1494948220869552,IMPROVING
618158,2026-06,0.11678245946211357,0.11851250015481897,0.0017300406927053952,STABLE
618159,2026-04,,0.17387237577858022,,
618159,2026-05,0.17387237577858022,0.12070205406239197,-0.053170321716188254,IMPROVING
618159,2026-06,0.12070205406239197,0.10501368657936014,-0.01568836748303183,STABLE
618160,2026-04,,0.17877791628401082,,
618160,2026-05,0.17877791628401082,0.051254898003198913,-0.12752301828081192,IMPROVING
618160,2026-06,0.051254898003198913,0.07804743489254073,0.02679253688934182,STABLE
618161,2026-04,,0.16530205089329245,,
618162,2026-04,,0.1889667536828806,,
618162,2026-05,0.1889667536828806,0.06182407063484639,-0.12714268304803422,IMPROVING
618162,2026-06,0.06182407063484639,0.09130135499466234,0.029477284359815947,STABLE
618163,2026-04,,0.20745461793103206,,
618163,2026-05,0.20745461793103206,0.13913893940567365,-0.06831567852535841,IMPROVING
618163,2026-06,0.13913893940567365,0.15939747200492754,0.020258532599253892,STABLE
618164,2026-04,,0.16939637801391588,,
618164,2026-05,0.16939637801391588,0.09528547798768898,-0.0741109000262269,IMPROVING
618164,2026-06,0.09528547798768898,0.13621743497391903,0.04093195698623005,STABLE
618165,2026-04,,0.20287165167261617,,
618165,2026-05,0.20287165167261617,0.09946099658162472,-0.10341065509099145,IMPROVING
618166,2026-04,,0.1894121851985929,,
618166,2026-05,0.1894121851985929,0.09607614091296363,-0.09333604428562928,IMPROVING
618166,2026-06,0.09607614091296363,0.11085360533258383,0.014777464419620204,STABLE
618167,2026-04,,0.20249655449198867,,
618168,2026-04,,0.21117991294505079,,
618168,2026-05,0.21117991294505079,0.12262779050540044,-0.08855212243965034,IMPROVING
618168,2026-06,0.12262779050540044,0.1651853827920452,0.042557592286644755,STABLE
618169,2026-04,,0.16899001459570312,,
618169,2026-05,0.16899001459570312,0.13146503654408603,-0.037524978051617086,STABLE
618169,2026-06,0.13146503654408603,0.13506603426028063,0.0036009977161945983,STABLE
618170,2026-04,,0.20860448017337313,,
618170,2026-05,0.20860448017337313,0.1994444789721153,-0.009160001201257817,STABLE
618170,2026-06,0.1994444789721153,0.19434157694305015,-0.0051029020290651594,STABLE
618171,2026-04,,0.23357761470385227,,
618171,2026-05,0.23357761470385227,0.15106651135439605,-0.08251110334945622,IMPROVING
618171,2026-06,0.15106651135439605,0.23822074969719054,0.08715423834279448,WORSENING
618172,2026-04,,0.3270490343418705,,
618172,2026-05,0.3270490343418705,0.1610060683846665,-0.166042965957204,IMPROVING
618172,2026-06,0.1610060683846665,0.19523644251694963,0.03423037413228314,STABLE
618173,2026-04,,0.3109837648953233,,
618173,2026-05,0.3109837648953233,0.15138820224146568,-0.15959556265385763,IMPROVING
618173,2026-06,0.15138820224146568,0.18201503853251075,0.030626836291045068,STABLE
618174,2026-04,,0.3223616204891163,,
618174,2026-05,0.3223616204891163,0.1421079048635974,-0.18025371562551892,IMPROVING
618174,2026-06,0.1421079048635974,0.15656830735328475,0.014460402489687357,STABLE
618175,2026-04,,0.22511265913739176,,
618175,2026-05,0.22511265913739176,0.1263384076561974,-0.09877425148119437,IMPROVING
618176,2026-04,,0.25843993610451843,,
618176,2026-05,0.25843993610451843,0.07117440419427752,-0.18726553191024092,IMPROVING
618176,2026-06,0.07117440419427752,0.16019733478403822,0.0890229305897607,WORSENING
618177,2026-04,,0.386593814681498,,
618177,2026-05,0.386593814681498,0.1787849470852253,-0.2078088675962727,IMPROVING
618177,2026-06,0.1787849470852253,0.20492621321973906,0.026141266134513758,STABLE
618178,2026-04,,0.2446955860957534,,
618178,2026-05,0.2446955860957534,0.12400459327350412,-0.12069099282224928,IMPROVING
618178,2026-06,0.12400459327350412,0.16247164935477693,0.03846705608127281,STABLE
618179,2026-04,,0.22392030266289442,,
618179,2026-05,0.22392030266289442,0.1111981989456814,-0.11272210371721302,IMPROVING
618180,2026-04,,0.32377446991965386,,
618180,2026-05,0.32377446991965386,0.1720036010438648,-0.15177086887578906,IMPROVING
618180,2026-06,0.1720036010438648,0.19830982174609987,0.026306220702235067,STABLE
618181,2026-04,,0.22294054504362076,,
618182,2026-04,,0.2658060256968687,,
618182,2026-05,0.2658060256968687,0.13007129131350126,-0.13573473438336742,IMPROVING
618182,2026-06,0.13007129131350126,0.16614605647295994,0.03607476515945868,STABLE
618183,2026-04,,0.2804372013920568,,
618183,2026-05,0.2804372013920568,0.12177673666336032,-0.1586604647286965,IMPROVING
618183,2026-06,0.12177673666336032,0.14009172468268574,0.01831498801932542,STABLE
618184,2026-04,,0.21754907323025857,,
618184,2026-05,0.21754907323025857,0.21625566489913714,-0.0012934083311214317,STABLE
618184,2026-06,0.21625566489913714,0.19164399475854127,-0.02461167014059587,STABLE
618185,2026-04,,0.21786476978760594,,
618185,2026-05,0.21786476978760594,0.09282772434645846,-0.12503704544114747,IMPROVING
618185,2026-06,0.09282772434645846,0.13390570421709713,0.04107797987063867,STABLE
618186,2026-04,,0.1965283827140378,,
618186,2026-05,0.1965283827140378,0.11923978764216306,-0.07728859507187474,IMPROVING
618186,2026-06,0.11923978764216306,0.14738473936059646,0.028144951718433397,STABLE
618187,2026-04,,0.18512371161282906,,
618187,2026-05,0.18512371161282906,0.052095368749979415,-0.13302834286284965,IMPROVING
618187,2026-06,0.052095368749979415,0.08165881675070445,0.029563448000725037,STABLE
618188,2026-04,,0.24638696448977238,,
618188,2026-05,0.24638696448977238,0.12064047667932833,-0.12574648781044406,IMPROVING
618188,2026-06,0.12064047667932833,0.1337382381247561,0.013097761445427777,STABLE
618189,2026-04,,0.20723394057395442,,
618189,2026-05,0.20723394057395442,0.09344931483530418,-0.11378462573865024,IMPROVING
618189,2026-06,0.09344931483530418,0.11985129890379422,0.026401984068490036,STABLE
618190,2026-04,,0.17035491086230858,,
618190,2026-05,0.17035491086230858,0.12184180469535856,-0.048513106166950024,STABLE
618190,2026-06,0.12184180469535856,0.1541055901367974,0.03226378544143883,STABLE
618191,2026-04,,0.16925554352132696,,
618192,2026-04,,0.18830651711404617,,
618193,2026-04,,0.2334651721288957,,
618193,2026-05,0.2334651721288957,0.10291888720824485,-0.13054628492065085,IMPROVING
618193,2026-06,0.10291888720824485,0.13189990524925557,0.02898101804101072,STABLE
618194,2026-04,,0.21254937967956775,,
618194,2026-05,0.21254937967956775,0.20121095559775873,-0.011338424081809018,STABLE
618194,2026-06,0.20121095559775873,0.19409186123704322,-0.0071190943607155055,STABLE
618196,2026-04,,0.22243908323542266,,
618196,2026-05,0.22243908323542266,0.11487624084698597,-0.10756284238843669,IMPROVING
618196,2026-06,0.11487624084698597,0.1398092221969831,0.024932981349997135,STABLE
618197,2026-04,,0.30164641572254663,,
618197,2026-05,0.30164641572254663,0.17379369749767135,-0.1278527182248753,IMPROVING
618197,2026-06,0.17379369749767135,0.2120385197820931,0.03824482228442175,STABLE
618198,2026-04,,0.2901077823124097,,
618198,2026-05,0.2901077823124097,0.14342647217626503,-0.14668131013614466,IMPROVING
618198,2026-06,0.14342647217626503,0.1666617472155017,0.02323527503923667,STABLE
618199,2026-04,,0.26292849857693484,,
618199,2026-05,0.26292849857693484,0.1275084397768497,-0.13542005880008515,IMPROVING
618199,2026-06,0.1275084397768497,0.14975361292749262,0.022245173150642922,STABLE
618200,2026-04,,0.2177160975761348,,
618200,2026-05,0.2177160975761348,0.28798353270380517,0.07026743512767036,WORSENING
618200,2026-06,0.28798353270380517,0.18843793209909254,-0.09954560060471263,IMPROVING
618201,2026-04,,0.23962940118297718,,
618201,2026-05,0.23962940118297718,0.09726383691227754,-0.14236556427069963,IMPROVING
618201,2026-06,0.09726383691227754,0.11852728953992354,0.021263452627646007,STABLE
618202,2026-04,,0.2302712223229092,,
618202,2026-05,0.2302712223229092,0.12369634079916457,-0.10657488152374463,IMPROVING
618202,2026-06,0.12369634079916457,0.1584334880950125,0.03473714729584794,STABLE
618203,2026-04,,0.20792202076960742,,
618203,2026-05,0.20792202076960742,0.11075958630507185,-0.09716243446453557,IMPROVING
618203,2026-06,0.11075958630507185,0.15600523541724198,0.04524564911217013,STABLE
618204,2026-04,,0.262871201397866,,
618204,2026-05,0.262871201397866,0.14050419680644397,-0.12236700459142205,IMPROVING
618204,2026-06,0.14050419680644397,0.19522579254843783,0.05472159574199387,WORSENING
618205,2026-04,,0.22536044100831737,,
618205,2026-05,0.22536044100831737,0.1612355735153013,-0.06412486749301607,IMPROVING
618205,2026-06,0.1612355735153013,0.16389081957958834,0.002655246064287048,STABLE
618206,2026-04,,0.2707268551038326,,
618206,2026-05,0.2707268551038326,0.09718791653446354,-0.17353893856936906,IMPROVING
618206,2026-06,0.09718791653446354,0.15418091984939905,0.05699300331493551,WORSENING
618207,2026-04,,0.2740706978968896,,
618207,2026-05,0.2740706978968896,0.11870527588365548,-0.1553654220132341,IMPROVING
618207,2026-06,0.11870527588365548,0.15197163152949125,0.03326635564583577,STABLE
618208,2026-04,,0.21504520069806748,,
618209,2026-04,,0.23605709516599196,,
618209,2026-05,0.23605709516599196,0.24528158657462343,0.009224491408631463,STABLE
618209,2026-06,0.24528158657462343,0.2656151288622045,0.02033354228758108,STABLE
618210,2026-04,,0.2892961712783766,,
618210,2026-05,0.2892961712783766,0.16064102366329985,-0.12865514761507674,IMPROVING
618210,2026-06,0.16064102366329985,0.19052064296111587,0.029879619297816018,STABLE
618211,2026-04,,0.2458939394890749,,
618211,2026-05,0.2458939394890749,0.09919550662689126,-0.14669843286218365,IMPROVING
618211,2026-06,0.09919550662689126,0.14560822850566835,0.04641272187877708,STABLE
618212,2026-04,,0.19232912567275848,,
618212,2026-05,0.19232912567275848,0.15021549161976175,-0.04211363405299673,STABLE
618212,2026-06,0.15021549161976175,0.1346440746993983,-0.015571416920363457,STABLE
618213,2026-04,,0.23739922751624054,,
618213,2026-05,0.23739922751624054,0.1631008270718364,-0.07429840044440414,IMPROVING
618213,2026-06,0.1631008270718364,0.16951899261592732,0.006418165544090915,STABLE
618214,2026-04,,0.2575525675208625,,
618214,2026-05,0.2575525675208625,0.1345387965539863,-0.12301377096687618,IMPROVING
618214,2026-06,0.1345387965539863,0.14764108829174022,0.01310229173775393,STABLE
618215,2026-04,,0.3479981670980085,,
618215,2026-05,0.3479981670980085,0.15622635404099608,-0.19177181305701244,IMPROVING
618215,2026-06,0.15622635404099608,0.19598628094954004,0.03975992690854396,STABLE
618216,2026-04,,0.2573953001782981,,
618216,2026-05,0.2573953001782981,0.18587424006633876,-0.07152106011195933,IMPROVING
618216,2026-06,0.18587424006633876,0.20230544994397037,0.01643120987763161,STABLE
618217,2026-04,,0.2826654232948625,,
618217,2026-05,0.2826654232948625,0.1955161326906951,-0.0871492906041674,IMPROVING
618217,2026-06,0.1955161326906951,0.22733729103453992,0.03182115834384483,STABLE
618218,2026-04,,0.1986223196786017,,
618218,2026-05,0.1986223196786017,0.10997221853637816,-0.08865010114222353,IMPROVING
618218,2026-06,0.10997221853637816,0.12618957802877573,0.016217359492397568,STABLE
618219,2026-04,,0.2145532342182256,,
618219,2026-05,0.2145532342182256,0.15942702727801558,-0.05512620694021003,IMPROVING
618219,2026-06,0.15942702727801558,0.16640462151346042,0.006977594235444834,STABLE
618220,2026-04,,0.22169083868008171,,
618221,2026-04,,0.27390459708945974,,
618221,2026-05,0.27390459708945974,0.13296580014366982,-0.14093879694578992,IMPROVING
618221,2026-06,0.13296580014366982,0.15708019172577592,0.0241143915821061,STABLE
618222,2026-04,,0.20176768739031165,,
618222,2026-05,0.20176768739031165,0.1277074946487423,-0.07406019274156936,IMPROVING
618222,2026-06,0.1277074946487423,0.1692950392303631,0.04158754458162081,STABLE
618223,2026-04,,0.19795126236683164,,
618223,2026-05,0.19795126236683164,0.13966489116891637,-0.05828637119791527,IMPROVING
618223,2026-06,0.13966489116891637,0.16658942175968133,0.026924530590764967,STABLE
618224,2026-04,,0.21902162748426093,,
618224,2026-05,0.21902162748426093,0.15620298657046006,-0.06281864091380088,IMPROVING
618224,2026-06,0.15620298657046006,0.18576840507386513,0.029565418503405078,STABLE
618225,2026-04,,0.1937724897372296,,
618225,2026-05,0.1937724897372296,0.1286706123872493,-0.0651018773499803,IMPROVING
618225,2026-06,0.1286706123872493,0.15902337798250862,0.030352765595259318,STABLE
618226,2026-04,,0.1663438821581489,,
618226,2026-05,0.1663438821581489,0.12723137021296962,-0.039112511945179285,STABLE
618226,2026-06,0.12723137021296962,0.14135337585136887,0.014122005638399243,STABLE
618227,2026-04,,0.24788141767731156,,
618227,2026-05,0.24788141767731156,0.20457309688208533,-0.04330832079522623,STABLE
618227,2026-06,0.20457309688208533,0.22445053034578172,0.019877433463696387,STABLE
618228,2026-04,,0.28236599260552253,,
618228,2026-05,0.28236599260552253,0.1703500644290207,-0.11201592817650183,IMPROVING
618228,2026-06,0.1703500644290207,0.2058109094234871,0.03546084499446639,STABLE
618229,2026-04,,0.23725279126203663,,
618230,2026-04,,0.2657921032020589,,
618230,2026-05,0.2657921032020589,0.15854838484342196,-0.10724371835863697,IMPROVING
618230,2026-06,0.15854838484342196,0.21681357809917942,0.058265193255757464,WORSENING
618231,2026-04,,0.21693094435671423,,
618231,2026-05,0.21693094435671423,0.14864020565568806,-0.06829073870102617,IMPROVING
618231,2026-06,0.14864020565568806,0.16090703649821084,0.01226683084252278,STABLE
618232,2026-04,,0.28790719580775426,,
618232,2026-05,0.28790719580775426,0.21666305834872587,-0.07124413745902838,IMPROVING
618232,2026-06,0.21666305834872587,0.23016937133351456,0.013506312984788688,STABLE
618233,2026-04,,0.2528321568196639,,
618233,2026-05,0.2528321568196639,0.1382628256177235,-0.11456933120194043,IMPROVING
618233,2026-06,0.1382628256177235,0.15913185551407935,0.020869029896355862,STABLE
618234,2026-04,,0.23301312209753944,,
618234,2026-05,0.23301312209753944,0.18086425802409206,-0.052148864073447376,IMPROVING
618234,2026-06,0.18086425802409206,0.21503570944900366,0.0341714514249116,STABLE
618235,2026-04,,0.22723387579237156,,
618235,2026-05,0.22723387579237156,0.17208727990535616,-0.0551465958870154,IMPROVING
618235,2026-06,0.17208727990535616,0.21648059639564507,0.04439331649028891,STABLE
618236,2026-04,,0.18110061182137577,,
618236,2026-05,0.18110061182137577,0.1784081299995373,-0.002692481821838455,STABLE
618236,2026-06,0.1784081299995373,0.1982447640469673,0.019836634047429996,STABLE
618237,2026-04,,0.18286099350685942,,
618238,2026-04,,0.1802948850560671,,
618238,2026-05,0.1802948850560671,0.1337771142923713,-0.046517770763695815,STABLE
618238,2026-06,0.1337771142923713,0.13660189668567757,0.0028247823933062743,STABLE
618239,2026-04,,0.19853656812116452,,
618239,2026-05,0.19853656812116452,0.12047611359038023,-0.07806045453078429,IMPROVING
618239,2026-06,0.12047611359038023,0.13006756311739642,0.009591449527016196,STABLE
618240,2026-04,,0.19329973219924448,,
618240,2026-05,0.19329973219924448,0.20396052185412722,0.010660789654882735,STABLE
618240,2026-06,0.20396052185412722,0.15544253094164032,-0.0485179909124869,STABLE
618242,2026-04,,0.27689368246244683,,
618242,2026-05,0.27689368246244683,0.1672912474417135,-0.10960243502073333,IMPROVING
618242,2026-06,0.1672912474417135,0.18762959070253782,0.020338343260824315,STABLE
618243,2026-04,,0.21430688714385218,,
618243,2026-05,0.21430688714385218,0.07169241945604655,-0.1426144676878056,IMPROVING
618243,2026-06,0.07169241945604655,0.12800294189777664,0.056310522441730085,WORSENING
618244,2026-04,,0.2838848153766617,,
618244,2026-05,0.2838848153766617,0.12064188682255175,-0.16324292855410996,IMPROVING
618244,2026-06,0.12064188682255175,0.16044460402132552,0.03980271719877376,STABLE
618246,2026-04,,0.3011989834076618,,
618246,2026-05,0.3011989834076618,0.13785657363462642,-0.1633424097730354,IMPROVING
618246,2026-06,0.13785657363462642,0.17841181714606763,0.040555243511441214,STABLE
618247,2026-04,,0.18329579214625388,,
618247,2026-05,0.18329579214625388,0.05644579946249496,-0.12684999268375893,IMPROVING
618247,2026-06,0.05644579946249496,0.08596632025166523,0.029520520789170272,STABLE
618248,2026-04,,0.19116627771151143,,
618248,2026-05,0.19116627771151143,0.0452854934195594,-0.14588078429195203,IMPROVING
618248,2026-06,0.0452854934195594,0.09083547428992844,0.045549980870369045,STABLE
618249,2026-04,,0.2372789931537613,,
618249,2026-05,0.2372789931537613,0.08043398733928707,-0.15684500581447425,IMPROVING
618249,2026-06,0.08043398733928707,0.12658886341621747,0.046154876076930404,STABLE
618250,2026-04,,0.2275528631068931,,
618250,2026-05,0.2275528631068931,0.11532889542691147,-0.11222396767998163,IMPROVING
618250,2026-06,0.11532889542691147,0.11096071959148968,-0.004368175835421789,STABLE
618251,2026-04,,0.16762697384040914,,
618251,2026-05,0.16762697384040914,0.04900442842045755,-0.1186225454199516,IMPROVING
618251,2026-06,0.04900442842045755,0.08996684780150307,0.04096241938104552,STABLE
618252,2026-04,,0.3067051136416237,,
618252,2026-05,0.3067051136416237,0.16135193805436582,-0.14535317558725785,IMPROVING
618252,2026-06,0.16135193805436582,0.1785920953151883,0.01724015726082248,STABLE
618253,2026-04,,0.20869782719601535,,
618253,2026-05,0.20869782719601535,0.0753836684824225,-0.13331415871359284,IMPROVING
618253,2026-06,0.0753836684824225,0.10477493131572375,0.02939126283330125,STABLE
618254,2026-04,,0.19807286348808317,,
618254,2026-05,0.19807286348808317,0.14799502294745223,-0.05007784054063094,IMPROVING
618254,2026-06,0.14799502294745223,0.1538105749037468,0.0058155519562945734,STABLE
618255,2026-04,,0.26092484221163204,,
618255,2026-05,0.26092484221163204,0.16196303221650907,-0.09896180999512297,IMPROVING
618255,2026-06,0.16196303221650907,0.1895893945161117,0.027626362299602636,STABLE
618256,2026-04,,0.14530148938950815,,
618256,2026-05,0.14530148938950815,0.11727792042746259,-0.028023568962045567,STABLE
618256,2026-06,0.11727792042746259,0.1333233912067832,0.0160454707793206,STABLE
618257,2026-04,,0.1646513383928325,,
618257,2026-05,0.1646513383928325,0.1262525924291813,-0.0383987459636512,STABLE
618257,2026-06,0.1262525924291813,0.14550355419013264,0.01925096176095134,STABLE
618258,2026-04,,0.17345995432095307,,
618259,2026-04,,0.18118317341534773,,
618260,2026-04,,0.23312676485958655,,
618260,2026-05,0.23312676485958655,0.09636004738549721,-0.13676671747408936,IMPROVING
618260,2026-06,0.09636004738549721,0.14866324026339076,0.05230319287789355,WORSENING
618262,2026-04,,0.19003732612672933,,
618262,2026-05,0.19003732612672933,0.06137544778610035,-0.12866187834062898,IMPROVING
618262,2026-06,0.06137544778610035,0.10051889730810769,0.03914344952200734,STABLE
618263,2026-04,,0.21342718535015473,,
618263,2026-05,0.21342718535015473,0.096008662926263,-0.11741852242389172,IMPROVING
618263,2026-06,0.096008662926263,0.10822661975932242,0.012217956833059415,STABLE
618264,2026-04,,0.2289239283204402,,
618264,2026-05,0.2289239283204402,0.06668475863745539,-0.1622391696829848,IMPROVING
618264,2026-06,0.06668475863745539,0.10355153213857071,0.03686677350111532,STABLE
618265,2026-04,,0.18598183576797994,,
618265,2026-05,0.18598183576797994,0.11785459892525756,-0.06812723684272239,IMPROVING
618265,2026-06,0.11785459892525756,0.12977792964354498,0.011923330718287425,STABLE
618266,2026-04,,0.2004780230246669,,
618266,2026-05,0.2004780230246669,0.1007556277262988,-0.09972239529836811,IMPROVING
618266,2026-06,0.1007556277262988,0.1162704432832856,0.015514815556986805,STABLE
618267,2026-05,,0.15570303406457658,,
618267,2026-06,0.15570303406457658,0.08647380285703214,-0.06922923120754444,IMPROVING
618282,2026-04,,0.2053453124791386,,
618282,2026-05,0.2053453124791386,0.16018214054687702,-0.045163171932261575,STABLE
618282,2026-06,0.16018214054687702,0.1724739107612662,0.01229177021438918,STABLE
618283,2026-04,,0.19904380427616128,,
618283,2026-05,0.19904380427616128,0.1176575692855648,-0.08138623499059648,IMPROVING
618283,2026-06,0.1176575692855648,0.18733140554673025,0.06967383626116545,WORSENING
618284,2026-04,,0.1953617093426228,,
618284,2026-05,0.1953617093426228,0.1393457934600985,-0.0560159158825243,IMPROVING
618284,2026-06,0.1393457934600985,0.15719793694057743,0.01785214348047892,STABLE
618285,2026-04,,0.14215439822996911,,
618286,2026-04,,0.2657170884028289,,
618286,2026-05,0.2657170884028289,0.17692188282993185,-0.08879520557289708,IMPROVING
618286,2026-06,0.17692188282993185,0.1916684966173032,0.014746613787371354,STABLE
618287,2026-04,,0.19136628132339603,,
618287,2026-05,0.19136628132339603,0.07622020850482408,-0.11514607281857195,IMPROVING
618287,2026-06,0.07622020850482408,0.10075672360300744,0.02453651509818336,STABLE
618288,2026-04,,0.2065133879023307,,
618288,2026-05,0.2065133879023307,0.07046478815717244,-0.13604859974515826,IMPROVING
618288,2026-06,0.07046478815717244,0.09687731432365419,0.02641252616648175,STABLE
618289,2026-04,,0.24716140161548955,,
618289,2026-05,0.24716140161548955,0.3061066669471977,0.05894526533170813,WORSENING
618289,2026-06,0.3061066669471977,0.3313721282899976,0.025265461342799944,STABLE
618290,2026-04,,0.29548407713558933,,
618290,2026-05,0.29548407713558933,0.2709318233894453,-0.024552253746144004,STABLE
618290,2026-06,0.2709318233894453,0.2628422868448706,-0.008089536544574727,STABLE
618291,2026-04,,0.24596859344453625,,
618291,2026-05,0.24596859344453625,0.21555347469967734,-0.030415118744858916,STABLE
618291,2026-06,0.21555347469967734,0.21405113184647728,-0.001502342853200056,STABLE
618292,2026-04,,0.315153833121766,,
618292,2026-05,0.315153833121766,0.45256753658429155,0.13741370346252557,WORSENING
618292,2026-06,0.45256753658429155,0.4029209305832341,-0.04964660600105747,STABLE
618293,2026-04,,0.24300870345793096,,
618293,2026-05,0.24300870345793096,0.18420175470729241,-0.05880694875063855,IMPROVING
618293,2026-06,0.18420175470729241,0.20071153384207777,0.016509779134785352,STABLE
618294,2026-04,,0.17925969679370837,,
618294,2026-05,0.17925969679370837,0.058618963211206104,-0.12064073358250227,IMPROVING
618294,2026-06,0.058618963211206104,0.10827594400737103,0.04965698079616493,STABLE
618295,2026-04,,0.2288555672228497,,
618295,2026-05,0.2288555672228497,0.09307776374218445,-0.13577780348066526,IMPROVING
618295,2026-06,0.09307776374218445,0.12925810230092236,0.03618033855873791,STABLE
618296,2026-04,,0.18958420378631527,,
618296,2026-05,0.18958420378631527,0.13372017227271502,-0.055864031513600254,IMPROVING
618296,2026-06,0.13372017227271502,0.1705129907246071,0.036792818451892084,STABLE
618297,2026-04,,0.25241989772392637,,
618297,2026-05,0.25241989772392637,0.17955279582460315,-0.07286710189932322,IMPROVING
618297,2026-06,0.17955279582460315,0.18933240260418158,0.009779606779578426,STABLE
618298,2026-04,,0.21907813236842752,,
618298,2026-05,0.21907813236842752,0.2703833223776052,0.05130519000917769,WORSENING
618298,2026-06,0.2703833223776052,0.2657759521776768,-0.004607370199928407,STABLE
618299,2026-04,,0.23604438306781403,,
618299,2026-05,0.23604438306781403,0.14945158958243243,-0.0865927934853816,IMPROVING
618299,2026-06,0.14945158958243243,0.16510600869608422,0.015654419113651785,STABLE
618300,2026-04,,0.20266881132003803,,
618300,2026-05,0.20266881132003803,0.20391711622212816,0.0012483049020901305,STABLE
618300,2026-06,0.20391711622212816,0.21832159308885715,0.014404476866728994,STABLE
618301,2026-04,,0.2888858317444732,,
618301,2026-05,0.2888858317444732,0.18726852638387997,-0.10161730536059321,IMPROVING
618301,2026-06,0.18726852638387997,0.21192157313562424,0.024653046751744262,STABLE
618302,2026-04,,0.2189744637945377,,
618302,2026-05,0.2189744637945377,0.16720205813067687,-0.05177240566386082,IMPROVING
618302,2026-06,0.16720205813067687,0.16216727716310395,-0.005034780967572927,STABLE
618303,2026-04,,0.19783778547959568,,
618303,2026-05,0.19783778547959568,0.15151440104795713,-0.04632338443163855,STABLE
618303,2026-06,0.15151440104795713,0.14766005201408522,-0.003854349033871912,STABLE
618304,2026-04,,0.1918850269620993,,
618304,2026-05,0.1918850269620993,0.13629527945968808,-0.05558974750241122,IMPROVING
618304,2026-06,0.13629527945968808,0.1497637043440153,0.01346842488432723,STABLE
618305,2026-04,,0.20133084350111444,,
618305,2026-05,0.20133084350111444,0.09859611509231643,-0.102734728408798,IMPROVING
618305,2026-06,0.09859611509231643,0.12466450121624043,0.026068386123923995,STABLE
618306,2026-04,,0.18645599517867614,,
618306,2026-05,0.18645599517867614,0.07697885145133106,-0.10947714372734509,IMPROVING
618306,2026-06,0.07697885145133106,0.12453877932070895,0.04755992786937789,STABLE
618307,2026-06,,0.26204404342688026,,
618308,2026-04,,0.2480677187571034,,
618308,2026-05,0.2480677187571034,0.10512037647005995,-0.14294734228704345,IMPROVING
618308,2026-06,0.10512037647005995,0.12500771423927648,0.01988733776921653,STABLE
618309,2026-04,,0.157448974711729,,
618309,2026-05,0.157448974711729,0.05748189004010128,-0.09996708467162772,IMPROVING
618309,2026-06,0.05748189004010128,0.09460333472781286,0.037121444687711586,STABLE
618310,2026-04,,0.2607105504191663,,
618310,2026-05,0.2607105504191663,0.1098749819359445,-0.1508355684832218,IMPROVING
618310,2026-06,0.1098749819359445,0.12799972951321828,0.01812474757727378,STABLE
618311,2026-04,,0.20795891200079694,,
618311,2026-05,0.20795891200079694,0.08652624684421002,-0.12143266515658692,IMPROVING
618311,2026-06,0.08652624684421002,0.15228235633888518,0.06575610949467516,WORSENING
618312,2026-04,,0.15626225804801233,,
618312,2026-05,0.15626225804801233,0.06027385763942519,-0.09598840040858714,IMPROVING
618312,2026-06,0.06027385763942519,0.08665996166684722,0.026386104027422037,STABLE
618313,2026-04,,0.14978222854033058,,
618313,2026-05,0.14978222854033058,0.06088121311185177,-0.08890101542847881,IMPROVING
618313,2026-06,0.06088121311185177,0.08822181974026146,0.02734060662840969,STABLE
618314,2026-04,,0.20951378898238177,,
618314,2026-05,0.20951378898238177,0.11577384768665763,-0.09373994129572413,IMPROVING
618314,2026-06,0.11577384768665763,0.15409906174899018,0.03832521406233255,STABLE
618315,2026-04,,0.21889307468369903,,
618315,2026-05,0.21889307468369903,0.12014673527877172,-0.09874633940492732,IMPROVING
618315,2026-06,0.12014673527877172,0.1404708968888596,0.02032416161008789,STABLE
618316,2026-04,,0.3079466165877942,,
618316,2026-05,0.3079466165877942,0.1276391615959927,-0.1803074549918015,IMPROVING
618316,2026-06,0.1276391615959927,0.19920830353210223,0.07156914193610953,WORSENING
618317,2026-04,,0.31342207072725714,,
618317,2026-05,0.31342207072725714,0.13291456779733613,-0.18050750292992102,IMPROVING
618317,2026-06,0.13291456779733613,0.1698026149461424,0.03688804714880628,STABLE
618318,2026-04,,0.23523129164735632,,
618318,2026-05,0.23523129164735632,0.0943169774745679,-0.14091431417278844,IMPROVING
618318,2026-06,0.0943169774745679,0.21144452602733163,0.11712754855276374,WORSENING
618319,2026-04,,0.28795537536454413,,
618319,2026-05,0.28795537536454413,0.12342993278781575,-0.16452544257672838,IMPROVING
618319,2026-06,0.12342993278781575,0.19239122084315738,0.06896128805534163,WORSENING
618320,2026-04,,0.17412361561298256,,
618320,2026-05,0.17412361561298256,0.05418063483965359,-0.11994298077332897,IMPROVING
618320,2026-06,0.05418063483965359,0.07412951897968093,0.019948884140027337,STABLE
618321,2026-04,,0.18553145255101486,,
618321,2026-05,0.18553145255101486,0.06390754739569897,-0.12162390515531589,IMPROVING
618321,2026-06,0.06390754739569897,0.07953190117404484,0.015624353778345867,STABLE
618323,2026-04,,0.1747558524800345,,
618323,2026-05,0.1747558524800345,0.06814726569903669,-0.10660858678099781,IMPROVING
618323,2026-06,0.06814726569903669,0.08103934841413982,0.012892082715103129,STABLE
618324,2026-04,,0.17526743809834694,,
618324,2026-05,0.17526743809834694,0.06676100876253922,-0.10850642933580772,IMPROVING
618324,2026-06,0.06676100876253922,0.08607382747365118,0.019312818711111956,STABLE
618325,2026-04,,0.17816370299643355,,
618325,2026-05,0.17816370299643355,0.17570479625911412,-0.0024589067373194384,STABLE
618326,2026-04,,0.1372914336465423,,
618326,2026-05,0.1372914336465423,0.09134249663402115,-0.04594893701252116,STABLE
618326,2026-06,0.09134249663402115,0.09535373237946877,0.004011235745447622,STABLE
618327,2026-04,,0.2040678178248248,,
618328,2026-04,,0.24608433791809953,,
618328,2026-05,0.24608433791809953,0.16750224441162898,-0.07858209350647055,IMPROVING
618328,2026-06,0.16750224441162898,0.2972574879826379,0.12975524357100893,WORSENING
618329,2026-04,,0.24906578813286928,,
618330,2026-04,,0.22935963294953068,,
618331,2026-04,,0.17092899174210596,,
618331,2026-05,0.17092899174210596,0.07038620593332524,-0.10054278580878072,IMPROVING
618331,2026-06,0.07038620593332524,0.14013860628449298,0.06975240035116774,WORSENING
618333,2026-04,,0.1663034895408667,,
618333,2026-05,0.1663034895408667,0.11856253927297428,-0.047740950267892435,STABLE
618333,2026-06,0.11856253927297428,0.1220444382811088,0.0034818990081345175,STABLE
618334,2026-04,,0.17223234140328259,,
618334,2026-05,0.17223234140328259,0.12998485163032394,-0.04224748977295864,STABLE
618334,2026-06,0.12998485163032394,0.14952420911651398,0.01953935748619004,STABLE
618335,2026-04,,0.1596978773216887,,
618335,2026-05,0.1596978773216887,0.15741663744441478,-0.0022812398772739106,STABLE
618335,2026-06,0.15741663744441478,0.16448166924090016,0.007065031796485377,STABLE
618336,2026-04,,0.2463161102443945,,
618336,2026-05,0.2463161102443945,0.16989806080905218,-0.07641804943534233,IMPROVING
618336,2026-06,0.16989806080905218,0.18815437992556844,0.018256319116516262,STABLE
618337,2026-04,,0.24189480233554903,,
618337,2026-05,0.24189480233554903,0.2769068065446681,0.03501200420911907,STABLE
618337,2026-06,0.2769068065446681,0.26956450538844073,-0.00734230115622736,STABLE
618338,2026-04,,0.19628706680909316,,
618338,2026-05,0.19628706680909316,0.17511877401973067,-0.021168292789362497,STABLE
618338,2026-06,0.17511877401973067,0.18907742052030543,0.013958646500574767,STABLE
618339,2026-04,,0.1781663172641977,,
618339,2026-05,0.1781663172641977,0.11672184776290105,-0.06144446950129666,IMPROVING
618340,2026-04,,0.1730405065016603,,
618340,2026-05,0.1730405065016603,0.12478628781357007,-0.04825421868809024,STABLE
618340,2026-06,0.12478628781357007,0.0969967048004349,-0.027789583013135166,STABLE
618341,2026-04,,0.17001363802711913,,
618342,2026-04,,0.22558658919875743,,
618343,2026-04,,0.23318457601170817,,
618344,2026-04,,0.28810229265023307,,
618344,2026-05,0.28810229265023307,0.2093534132061074,-0.07874887944412567,IMPROVING
618344,2026-06,0.2093534132061074,0.27050124124940933,0.06114782804330193,WORSENING
618345,2026-04,,0.24785162253012666,,
618345,2026-05,0.24785162253012666,0.18940801589744657,-0.058443606632680084,IMPROVING
618345,2026-06,0.18940801589744657,0.20817341953294421,0.01876540363549764,STABLE
618346,2026-04,,0.21481488650704728,,
618346,2026-05,0.21481488650704728,0.2347483459398642,0.019933459432816936,STABLE
618346,2026-06,0.2347483459398642,0.24866941471795528,0.013921068778091072,STABLE
618347,2026-04,,0.21240859524665062,,
618347,2026-05,0.21240859524665062,0.2037769223757491,-0.008631672870901524,STABLE
618347,2026-06,0.2037769223757491,0.23957703531630087,0.03580011294055177,STABLE
618348,2026-04,,0.1903444149345733,,
618348,2026-05,0.1903444149345733,0.11550618233670197,-0.07483823259787133,IMPROVING
618348,2026-06,0.11550618233670197,0.190863648779825,0.07535746644312304,WORSENING
618349,2026-04,,0.2684461213948675,,
618349,2026-05,0.2684461213948675,0.1480079600131941,-0.1204381613816734,IMPROVING
618349,2026-06,0.1480079600131941,0.17562313556535317,0.02761517555215906,STABLE
618350,2026-04,,0.20745313039029553,,
618350,2026-05,0.20745313039029553,0.10990126468947999,-0.09755186570081555,IMPROVING
618350,2026-06,0.10990126468947999,0.1254439073879874,0.015542642698507428,STABLE
618351,2026-04,,0.19288095959672663,,
618351,2026-05,0.19288095959672663,0.17576002739894642,-0.017120932197780214,STABLE
618351,2026-06,0.17576002739894642,0.12085990863938795,-0.05490011875955847,IMPROVING
618352,2026-04,,0.14078496933383383,,
618352,2026-05,0.14078496933383383,0.12125260998039834,-0.01953235935343549,STABLE
618352,2026-06,0.12125260998039834,0.12443241463684407,0.0031798046564457255,STABLE
618353,2026-04,,0.1592581169562697,,
618353,2026-05,0.1592581169562697,0.1273090324747647,-0.03194908448150502,STABLE
618353,2026-06,0.1273090324747647,0.12620212387498908,-0.0011069085997756078,STABLE
618354,2026-04,,0.13539477123603547,,
618354,2026-05,0.13539477123603547,0.08925115468938163,-0.04614361654665383,STABLE
618354,2026-06,0.08925115468938163,0.11718626371497746,0.02793510902559583,STABLE
618355,2026-04,,0.20970095782723205,,
618355,2026-05,0.20970095782723205,0.2036454002960766,-0.006055557531155442,STABLE
618355,2026-06,0.2036454002960766,0.20275580105380553,-0.000889599242271083,STABLE
618356,2026-04,,0.26349519956119216,,
618356,2026-05,0.26349519956119216,0.5006311102075821,0.23713591064638995,WORSENING
618356,2026-06,0.5006311102075821,0.4111261480372112,-0.0895049621703709,IMPROVING
618357,2026-04,,0.24924765373731594,,
618357,2026-05,0.24924765373731594,0.1853958444157985,-0.06385180932151743,IMPROVING
618357,2026-06,0.1853958444157985,0.1975980687217496,0.012202224305951082,STABLE
618358,2026-04,,0.20546124390149237,,
618358,2026-05,0.20546124390149237,0.1829044738006907,-0.022556770100801676,STABLE
618358,2026-06,0.1829044738006907,0.19671451700982504,0.013810043209134343,STABLE
618359,2026-04,,0.19518629444192206,,
618359,2026-05,0.19518629444192206,0.1401047229604925,-0.05508157148142956,IMPROVING
618359,2026-06,0.1401047229604925,0.20129087423374376,0.06118615127325125,WORSENING
618362,2026-04,,0.31326904561369806,,
618362,2026-05,0.31326904561369806,0.3060747850607286,-0.007194260552969456,STABLE
618362,2026-06,0.3060747850607286,0.29019497597167754,-0.015879809089051067,STABLE
618363,2026-04,,0.3052582378105957,,
618363,2026-05,0.3052582378105957,0.2334352523015965,-0.07182298550899918,IMPROVING
618363,2026-06,0.2334352523015965,0.2802145821151462,0.04677932981354971,STABLE
618364,2026-04,,0.15951856729197061,,
618364,2026-05,0.15951856729197061,0.10805911342661849,-0.051459453865352126,IMPROVING
618364,2026-06,0.10805911342661849,0.11573602269036919,0.0076769092637506975,STABLE
618365,2026-04,,0.16675656826615445,,
618365,2026-05,0.16675656826615445,0.11022911809768333,-0.05652745016847112,IMPROVING
618365,2026-06,0.11022911809768333,0.11988811558656186,0.009658997488878523,STABLE
618366,2026-04,,0.1902196290572676,,
618366,2026-05,0.1902196290572676,0.13029775508183283,-0.059921873975434775,IMPROVING
618366,2026-06,0.13029775508183283,0.1421989927587051,0.011901237676872262,STABLE
618367,2026-04,,0.19332460257933035,,
618367,2026-05,0.19332460257933035,0.1020099367817449,-0.09131466579758545,IMPROVING
618367,2026-06,0.1020099367817449,0.13797204902281035,0.03596211224106545,STABLE
618368,2026-04,,0.19384178302122726,,
618368,2026-05,0.19384178302122726,0.112972373077575,-0.08086940994365226,IMPROVING
618368,2026-06,0.112972373077575,0.12205499363914693,0.009082620561571927,STABLE
618369,2026-04,,0.2109076539457377,,
618369,2026-05,0.2109076539457377,0.09997232778317633,-0.11093532616256138,IMPROVING
618369,2026-06,0.09997232778317633,0.12318901794946946,0.02321669016629313,STABLE
618370,2026-04,,0.209028892806799,,
618370,2026-05,0.209028892806799,0.11408615559646108,-0.09494273721033793,IMPROVING
618370,2026-06,0.11408615559646108,0.16888065782617456,0.05479450222971348,WORSENING
618371,2026-04,,0.19208955748431392,,
618371,2026-05,0.19208955748431392,0.12008205229779298,-0.07200750518652094,IMPROVING
618371,2026-06,0.12008205229779298,0.1629619208804084,0.042879868582615416,STABLE
618372,2026-04,,0.15814715466612117,,
618373,2026-04,,0.46406735375738767,,
618373,2026-05,0.46406735375738767,0.3239409769650585,-0.14012637679232914,IMPROVING
618373,2026-06,0.3239409769650585,0.3559014943891869,0.031960517424128365,STABLE
618374,2026-04,,0.24047083353710222,,
618374,2026-05,0.24047083353710222,0.14589358548288572,-0.0945772480542165,IMPROVING
618374,2026-06,0.14589358548288572,0.2124429600781772,0.06654937459529148,WORSENING
618375,2026-04,,0.27643081080081194,,
618375,2026-05,0.27643081080081194,0.17835476245763482,-0.09807604834317712,IMPROVING
618375,2026-06,0.17835476245763482,0.19737469545437164,0.01901993299673682,STABLE
618376,2026-04,,0.25307932068714445,,
618376,2026-05,0.25307932068714445,0.12515256714531664,-0.1279267535418278,IMPROVING
618376,2026-06,0.12515256714531664,0.14580556379653242,0.020652996651215783,STABLE
618377,2026-04,,0.1801748740006225,,
618377,2026-05,0.1801748740006225,0.16026522536365204,-0.01990964863697045,STABLE
618377,2026-06,0.16026522536365204,0.12250489441184151,-0.03776033095181053,STABLE
618379,2026-04,,0.2069175575671602,,
618379,2026-05,0.2069175575671602,0.15793435471090755,-0.048983202856252656,STABLE
618379,2026-06,0.15793435471090755,0.16886397410400486,0.010929619393097306,STABLE
618380,2026-04,,0.21107351354315673,,
618380,2026-05,0.21107351354315673,0.15919048507828804,-0.0518830284648687,IMPROVING
618380,2026-06,0.15919048507828804,0.1701201044713853,0.01092961939309725,STABLE
618381,2026-04,,0.21470249850549555,,
618382,2026-04,,0.19304192443850104,,
618383,2026-04,,0.20233323386410862,,
618383,2026-05,0.20233323386410862,0.1549805233646662,-0.047352710499442424,STABLE
618383,2026-06,0.1549805233646662,0.15844977551567588,0.003469252151009683,STABLE
618384,2026-04,,0.21282786291000275,,
618385,2026-04,,0.20215823718277193,,
618385,2026-05,0.20215823718277193,0.16141311092816232,-0.040745126254609604,STABLE
618385,2026-06,0.16141311092816232,0.16157541153969474,0.00016230061153241215,STABLE
618386,2026-04,,0.23153955534813325,,
618387,2026-04,,0.1825061542047144,,
618387,2026-05,0.1825061542047144,0.10675662102808504,-0.07574953317662934,IMPROVING
618387,2026-06,0.10675662102808504,0.13026680538133542,0.023510184353250377,STABLE
618388,2026-04,,0.17502741187111848,,
618388,2026-05,0.17502741187111848,0.1430873731529773,-0.03194003871814119,STABLE
618388,2026-06,0.1430873731529773,0.16584744619844774,0.022760073045470453,STABLE
618389,2026-04,,0.18484813739006917,,
618389,2026-05,0.18484813739006917,0.17013306741723214,-0.01471506997283703,STABLE
618389,2026-06,0.17013306741723214,0.20242581319642503,0.03229274577919289,STABLE
618390,2026-04,,0.33838473290175636,,
618390,2026-05,0.33838473290175636,0.24071595988731478,-0.09766877301444157,IMPROVING
618390,2026-06,0.24071595988731478,0.2789885819095118,0.03827262202219703,STABLE
618391,2026-04,,0.19939201546073182,,
618391,2026-05,0.19939201546073182,0.14132207789526033,-0.05806993756547149,IMPROVING
618391,2026-06,0.14132207789526033,0.14036097800518815,-0.0009610998900721757,STABLE
618392,2026-04,,0.19140184149788828,,
618392,2026-05,0.19140184149788828,0.13008536470960688,-0.06131647678828139,IMPROVING
618392,2026-06,0.13008536470960688,0.1393154977737421,0.009230133064135226,STABLE
618393,2026-04,,0.1602999051618761,,
618393,2026-05,0.1602999051618761,0.1412983300092323,-0.01900157515264378,STABLE
618393,2026-06,0.1412983300092323,0.14867306976323624,0.007374739754003934,STABLE
618394,2026-04,,0.1989033456253961,,
618394,2026-05,0.1989033456253961,0.21149600221846893,0.01259265659307282,STABLE
618394,2026-06,0.21149600221846893,0.22828396279494892,0.016787960576479993,STABLE
618395,2026-04,,0.30938433984042557,,
618395,2026-05,0.30938433984042557,0.212147880893647,-0.09723645894677857,IMPROVING
618395,2026-06,0.212147880893647,0.23693951534195848,0.024791634448311478,STABLE
618396,2026-04,,0.22282594289989016,,
618397,2026-04,,0.22870008021147542,,
618397,2026-05,0.22870008021147542,0.2264754809720361,-0.0022245992394393233,STABLE
618397,2026-06,0.2264754809720361,0.3024613117565909,0.07598583078455481,WORSENING
618398,2026-04,,0.20095369572602012,,
618398,2026-05,0.20095369572602012,0.22287487077772652,0.021921175051706404,STABLE
618398,2026-06,0.22287487077772652,0.3315904942528702,0.10871562347514366,WORSENING
618399,2026-04,,0.3111867920117909,,
618399,2026-05,0.3111867920117909,0.2059047273533339,-0.10528206465845699,IMPROVING
618399,2026-06,0.2059047273533339,0.24396333552416063,0.038058608170826735,STABLE
618400,2026-04,,0.2105374184074194,,
618400,2026-05,0.2105374184074194,0.17950062205157744,-0.031036796355841972,STABLE
618400,2026-06,0.17950062205157744,0.21419132367487856,0.03469070162330112,STABLE
618401,2026-04,,0.16588442539427273,,
618401,2026-05,0.16588442539427273,0.062143233076556954,-0.10374119231771578,IMPROVING
618401,2026-06,0.062143233076556954,0.07582602600459443,0.013682792928037472,STABLE
618402,2026-04,,0.17271846598154952,,
618402,2026-05,0.17271846598154952,0.06404829205845103,-0.1086701739230985,IMPROVING
618402,2026-06,0.06404829205845103,0.09373971539597183,0.029691423337520798,STABLE
618403,2026-04,,0.3106851794094351,,
618403,2026-05,0.3106851794094351,0.12005286514323096,-0.1906323142662041,IMPROVING
618403,2026-06,0.12005286514323096,0.14419392773612355,0.024141062592892587,STABLE
618404,2026-04,,0.19231035456517537,,
618404,2026-05,0.19231035456517537,0.06427069112971733,-0.12803966343545803,IMPROVING
618404,2026-06,0.06427069112971733,0.08913822783116056,0.024867536701443232,STABLE
618405,2026-04,,0.22574940218332462,,
618405,2026-05,0.22574940218332462,0.08407431919273836,-0.14167508299058626,IMPROVING
618405,2026-06,0.08407431919273836,0.11342760731814001,0.029353288125401653,STABLE
618406,2026-04,,0.2423521766540219,,
618406,2026-05,0.2423521766540219,0.1991087608300928,-0.0432434158239291,STABLE
618406,2026-06,0.1991087608300928,0.2702780280646444,0.07116926723455161,WORSENING
618407,2026-04,,0.2724778637440807,,
618407,2026-05,0.2724778637440807,0.2577561915610088,-0.014721672183071854,STABLE
618407,2026-06,0.2577561915610088,0.21452403480686688,-0.04323215675414194,STABLE
618408,2026-04,,0.20005986402724218,,
618408,2026-05,0.20005986402724218,0.1870041653283948,-0.013055698698847373,STABLE
618408,2026-06,0.1870041653283948,0.2124300811532537,0.025425915824858897,STABLE
618409,2026-04,,0.281516434068818,,
618409,2026-05,0.281516434068818,0.21993303218848448,-0.06158340188033351,IMPROVING
618409,2026-06,0.21993303218848448,0.24755610468782158,0.027623072499337098,STABLE
618410,2026-04,,0.27895614086678333,,
618410,2026-05,0.27895614086678333,0.24922821789029415,-0.029727922976489185,STABLE
618410,2026-06,0.24922821789029415,0.3242776592076025,0.07504944131730834,WORSENING
618411,2026-04,,0.18282330555733173,,
618411,2026-05,0.18282330555733173,0.14552269920046138,-0.03730060635687035,STABLE
618411,2026-06,0.14552269920046138,0.14930592716310495,0.003783227962643576,STABLE
618412,2026-04,,0.42109680260671495,,
618412,2026-05,0.42109680260671495,0.282234742339034,-0.13886206026768094,IMPROVING
618412,2026-06,0.282234742339034,0.3236328578332866,0.041398115494252596,STABLE
618413,2026-04,,0.16766182970070853,,
618413,2026-05,0.16766182970070853,0.1307593252028674,-0.03690250449784113,STABLE
618413,2026-06,0.1307593252028674,0.12005153817067606,-0.010707787032191343,STABLE
618414,2026-04,,0.1819948365858777,,
618414,2026-05,0.1819948365858777,0.20576060915164898,0.02376577256577128,STABLE
618414,2026-06,0.20576060915164898,0.21062364959854027,0.004863040446891287,STABLE
618415,2026-04,,0.23583744329040424,,
618415,2026-05,0.23583744329040424,0.19429393290803182,-0.04154351038237242,STABLE
618415,2026-06,0.19429393290803182,0.1840527385504933,-0.010241194357538508,STABLE
618416,2026-04,,0.28360316544128233,,
618416,2026-05,0.28360316544128233,0.299144535347974,0.015541369906691693,STABLE
618416,2026-06,0.299144535347974,0.32494350925743953,0.025798973909465506,STABLE
618417,2026-04,,0.23750151143593176,,
618417,2026-05,0.23750151143593176,0.1367678518587373,-0.10073365957719446,IMPROVING
618417,2026-06,0.1367678518587373,0.1687108488778553,0.031942997019118013,STABLE
618418,2026-04,,0.26276396479650915,,
618418,2026-05,0.26276396479650915,0.19248466433088224,-0.07027930046562691,IMPROVING
618418,2026-06,0.19248466433088224,0.2478764452166052,0.05539178088572297,WORSENING
618419,2026-04,,0.23338544995103513,,
618419,2026-05,0.23338544995103513,0.11854896855878164,-0.1148364813922535,IMPROVING
618419,2026-06,0.11854896855878164,0.16459364352683745,0.04604467496805581,STABLE
618420,2026-04,,0.22195592523568738,,
618420,2026-05,0.22195592523568738,0.1258710779510927,-0.09608484728459468,IMPROVING
618420,2026-06,0.1258710779510927,0.1579595827343017,0.03208850478320899,STABLE
618421,2026-04,,0.22451126348190742,,
618421,2026-05,0.22451126348190742,0.12847334517438358,-0.09603791830752384,IMPROVING
618421,2026-06,0.12847334517438358,0.18181423357941526,0.05334088840503168,WORSENING
618422,2026-04,,0.17456391228488408,,
618422,2026-05,0.17456391228488408,0.165884815445246,-0.008679096839638079,STABLE
618422,2026-06,0.165884815445246,0.19345494841574418,0.02757013297049818,STABLE
618423,2026-04,,0.18798231724491538,,
618423,2026-05,0.18798231724491538,0.1731468158454121,-0.014835501399503265,STABLE
618423,2026-06,0.1731468158454121,0.23306992848722624,0.05992311264181413,WORSENING
618426,2026-04,,0.19637316357755272,,
618426,2026-05,0.19637316357755272,0.127165745823058,-0.06920741775449471,IMPROVING
618426,2026-06,0.127165745823058,0.13503243004190282,0.007866684218844816,STABLE
618427,2026-04,,0.17950254788926198,,
618427,2026-05,0.17950254788926198,0.16656815802760108,-0.0129343898616609,STABLE
618427,2026-06,0.16656815802760108,0.16404163264972535,-0.0025265253778757324,STABLE
618428,2026-04,,0.21574202263135434,,
618428,2026-05,0.21574202263135434,0.17600733033077223,-0.0397346923005821,STABLE
618428,2026-06,0.17600733033077223,0.2156616385789818,0.03965430824820956,STABLE
618429,2026-04,,0.2358449072216109,,
618429,2026-05,0.2358449072216109,0.25525919023140825,0.019414283009797362,STABLE
618429,2026-06,0.25525919023140825,0.26606327575512484,0.010804085523716589,STABLE
618430,2026-04,,0.19387913569452267,,
618430,2026-05,0.19387913569452267,0.14741318828075986,-0.04646594741376281,STABLE
618430,2026-06,0.14741318828075986,0.16134286079812396,0.0139296725173641,STABLE
618431,2026-04,,0.18600564475160855,,
618431,2026-05,0.18600564475160855,0.16125889028969895,-0.024746754461909604,STABLE
618431,2026-06,0.16125889028969895,0.15275557347834143,-0.00850331681135752,STABLE
618432,2026-04,,0.24261514365908055,,
618433,2026-04,,0.22841426465585338,,
618433,2026-05,0.22841426465585338,0.16074280402459334,-0.06767146063126003,IMPROVING
618433,2026-06,0.16074280402459334,0.15779383059610705,-0.0029489734284862956,STABLE
618434,2026-04,,0.2906047790503894,,
618434,2026-05,0.2906047790503894,0.19223600889978107,-0.09836877015060833,IMPROVING
618434,2026-06,0.19223600889978107,0.23580660208284926,0.04357059318306819,STABLE
618435,2026-04,,0.2532047081336672,,
618435,2026-05,0.2532047081336672,0.2737440596940788,0.02053935156041159,STABLE
618436,2026-04,,0.18357871665561917,,
618436,2026-05,0.18357871665561917,0.16871319479792224,-0.014865521857696934,STABLE
618436,2026-06,0.16871319479792224,0.2042061237861463,0.035492928988224065,STABLE
618437,2026-04,,0.17671866363511263,,
618437,2026-05,0.17671866363511263,0.18249595438109445,0.005777290745981822,STABLE
618437,2026-06,0.18249595438109445,0.1687260798617001,-0.013769874519394348,STABLE
618438,2026-04,,0.1630352033075584,,
618438,2026-05,0.1630352033075584,0.1431961516837216,-0.019839051623836812,STABLE
618438,2026-06,0.1431961516837216,0.26253706692737405,0.11934091524365245,WORSENING
618439,2026-04,,0.14029226789509422,,
618439,2026-05,0.14029226789509422,0.09808310068274595,-0.04220916721234827,STABLE
618440,2026-04,,0.19251920113690046,,
618440,2026-05,0.19251920113690046,0.16230038197006882,-0.03021881916683164,STABLE
618440,2026-06,0.16230038197006882,0.21004699716191122,0.047746615191842395,STABLE
618441,2026-04,,0.23412453360376043,,
618441,2026-05,0.23412453360376043,0.18545256570506014,-0.04867196789870029,STABLE
618441,2026-06,0.18545256570506014,0.20679626720715005,0.021343701502089918,STABLE
618442,2026-04,,0.13745724078570656,,
618442,2026-05,0.13745724078570656,0.10736986708307564,-0.030087373702630926,STABLE
618442,2026-06,0.10736986708307564,0.19840406020837495,0.09103419312529931,WORSENING
618443,2026-04,,0.142678994428874,,
618443,2026-05,0.142678994428874,0.09919740006103385,-0.043481594367840146,STABLE
618444,2026-04,,0.13636699535996108,,
618444,2026-05,0.13636699535996108,0.10369931763146889,-0.03266767772849219,STABLE
618445,2026-04,,0.2590206512715127,,
618445,2026-05,0.2590206512715127,0.0940874232015162,-0.1649332280699965,IMPROVING
618445,2026-06,0.0940874232015162,0.12632065749268045,0.03223323429116426,STABLE
618446,2026-04,,0.24244047181966435,,
618446,2026-05,0.24244047181966435,0.16460262876078294,-0.07783784305888142,IMPROVING
618446,2026-06,0.16460262876078294,0.18127363650604575,0.01667100774526281,STABLE
618447,2026-04,,0.2384261261087051,,
618447,2026-05,0.2384261261087051,0.16115386006746107,-0.07727226604124401,IMPROVING
618447,2026-06,0.16115386006746107,0.17166516037331825,0.010511300305857174,STABLE
618448,2026-04,,0.2867975109817092,,
618448,2026-05,0.2867975109817092,0.198075537027381,-0.08872197395432818,IMPROVING
618448,2026-06,0.198075537027381,0.21623620480136485,0.01816066777398384,STABLE
618449,2026-04,,0.23195223941989687,,
618449,2026-05,0.23195223941989687,0.1675320509525545,-0.06442018846734238,IMPROVING
618449,2026-06,0.1675320509525545,0.15807577259695696,-0.009456278355597536,STABLE
618450,2026-04,,0.268028346427076,,
618450,2026-05,0.268028346427076,0.23555692945543522,-0.0324714169716408,STABLE
618450,2026-06,0.23555692945543522,0.2286785381848001,-0.006878391270635109,STABLE
618452,2026-04,,0.2065174162649741,,
618452,2026-05,0.2065174162649741,0.10562172924842474,-0.10089568701654937,IMPROVING
618452,2026-06,0.10562172924842474,0.12530502529656648,0.019683296048141743,STABLE
618454,2026-04,,0.19085999830187406,,
618454,2026-05,0.19085999830187406,0.16023291025143999,-0.03062708805043407,STABLE
618454,2026-06,0.16023291025143999,0.18215518332398517,0.021922273072545184,STABLE
618455,2026-04,,0.198066163824736,,
618455,2026-05,0.198066163824736,0.17021759519431223,-0.02784856863042376,STABLE
618455,2026-06,0.17021759519431223,0.18548151761099818,0.015263922416685949,STABLE
618456,2026-04,,0.2196672594434061,,
618457,2026-04,,0.2676931555934583,,
618457,2026-05,0.2676931555934583,0.2971218227222364,0.02942866712877812,STABLE
618457,2026-06,0.2971218227222364,0.4371723795095313,0.1400505567872949,WORSENING
618458,2026-04,,0.20767354418222703,,
618458,2026-05,0.20767354418222703,0.21618253488913386,0.008508990706906833,STABLE
618458,2026-06,0.21618253488913386,0.33481307368484614,0.11863053879571228,WORSENING
618459,2026-04,,0.2516114329690529,,
618459,2026-05,0.2516114329690529,0.2831555394060221,0.0315441064369692,STABLE
618459,2026-06,0.2831555394060221,0.29290878973735573,0.009753250331333618,STABLE
618460,2026-04,,0.17428075470626248,,
618460,2026-05,0.17428075470626248,0.11628317935324851,-0.05799757535301396,IMPROVING
618462,2026-04,,0.15432725361834024,,
618462,2026-05,0.15432725361834024,0.22485411175427814,0.0705268581359379,WORSENING
618462,2026-06,0.22485411175427814,0.28291356502219367,0.058059453267915534,WORSENING
618463,2026-04,,0.2526651431626792,,
618463,2026-05,0.2526651431626792,0.3274595641540485,0.07479442099136929,WORSENING
618463,2026-06,0.3274595641540485,0.4210305190182313,0.09357095486418282,WORSENING
618464,2026-04,,0.22481650523515295,,
618465,2026-04,,0.25493829819555014,,
618466,2026-04,,0.14419974852587458,,
618466,2026-05,0.14419974852587458,0.09311592570300284,-0.051083822822871744,IMPROVING
618467,2026-04,,0.15723201505828416,,
618467,2026-05,0.15723201505828416,0.09899625884013326,-0.0582357562181509,IMPROVING
618467,2026-06,0.09899625884013326,0.16080357942065746,0.0618073205805242,WORSENING
618468,2026-04,,0.2045430565133364,,
618469,2026-04,,0.2898157326399283,,
618469,2026-05,0.2898157326399283,0.1845778704611932,-0.10523786217873513,IMPROVING
618469,2026-06,0.1845778704611932,0.31197701341260164,0.12739914295140845,WORSENING
618470,2026-04,,0.26787131611674414,,
618470,2026-05,0.26787131611674414,0.16423381202967285,-0.10363750408707129,IMPROVING
618470,2026-06,0.16423381202967285,0.2138304086661404,0.04959659663646754,STABLE
618471,2026-04,,0.23191907783734658,,
618471,2026-05,0.23191907783734658,0.11826575339406595,-0.11365332444328063,IMPROVING
618471,2026-06,0.11826575339406595,0.2045683132354701,0.08630255984140414,WORSENING
618472,2026-04,,0.24091583270738948,,
618472,2026-05,0.24091583270738948,0.11664755701072131,-0.12426827569666817,IMPROVING
618472,2026-06,0.11664755701072131,0.246404830842651,0.1297572738319297,WORSENING
618473,2026-04,,0.30333419431075037,,
618473,2026-05,0.30333419431075037,0.17680874127252638,-0.126525453038224,IMPROVING
618473,2026-06,0.17680874127252638,0.19994306798712339,0.023134326714597003,STABLE
618475,2026-04,,0.19148899285313875,,
618475,2026-05,0.19148899285313875,0.12198536189993028,-0.06950363095320847,IMPROVING
618475,2026-06,0.12198536189993028,0.22358028148777861,0.10159491958784833,WORSENING
618476,2026-04,,0.14538077380123257,,
618476,2026-05,0.14538077380123257,0.10980467088666261,-0.03557610291456996,STABLE
618476,2026-06,0.10980467088666261,0.15864488431459617,0.04884021342793356,STABLE
618477,2026-04,,0.1937056322821584,,
618477,2026-05,0.1937056322821584,0.08832371111757506,-0.10538192116458334,IMPROVING
618477,2026-06,0.08832371111757506,0.19834959080469436,0.1100258796871193,WORSENING
618478,2026-04,,0.1836712633117907,,
618478,2026-05,0.1836712633117907,0.09731340133819728,-0.08635786197359342,IMPROVING
618478,2026-06,0.09731340133819728,0.19355644989657564,0.09624304855837836,WORSENING
618479,2026-04,,0.28715453023038556,,
618479,2026-05,0.28715453023038556,0.15771639227013778,-0.12943813796024778,IMPROVING
618479,2026-06,0.15771639227013778,0.2408980966473867,0.08318170437724892,WORSENING
618480,2026-04,,0.20527785559030381,,
618480,2026-05,0.20527785559030381,0.29473593789721264,0.08945808230690883,WORSENING
618480,2026-06,0.29473593789721264,0.20505914116104745,-0.08967679673616519,IMPROVING
618481,2026-04,,0.283518577907341,,
618481,2026-05,0.283518577907341,0.16321606426327478,-0.12030251364406619,IMPROVING
618481,2026-06,0.16321606426327478,0.22089962919271078,0.05768356492943599,WORSENING
618482,2026-04,,0.20735494613429978,,
618482,2026-05,0.20735494613429978,0.13624349611470182,-0.07111145001959795,IMPROVING
618482,2026-06,0.13624349611470182,0.397270526781528,0.2610270306668262,WORSENING
618483,2026-04,,0.17970819024496754,,
618483,2026-05,0.17970819024496754,0.10753576904315992,-0.07217242120180761,IMPROVING
618483,2026-06,0.10753576904315992,0.25503735048421905,0.14750158144105913,WORSENING
618484,2026-04,,0.3358541460629907,,
618485,2026-04,,0.3170645177002667,,
618486,2026-04,,0.18446588594196464,,
618486,2026-05,0.18446588594196464,0.08884103223138026,-0.09562485371058438,IMPROVING
618486,2026-06,0.08884103223138026,0.25809611506701696,0.1692550828356367,WORSENING
618487,2026-04,,0.20775312053177455,,
618488,2026-04,,0.3186423705343743,,
618488,2026-05,0.3186423705343743,0.16873644730313392,-0.14990592323124036,IMPROVING
618489,2026-04,,0.2858802942316395,,
618489,2026-05,0.2858802942316395,0.23197018815404846,-0.05391010607759106,IMPROVING
618489,2026-06,0.23197018815404846,0.3888592664285825,0.15688907827453402,WORSENING
618490,2026-04,,0.3350248485933388,,
618490,2026-05,0.3350248485933388,0.21764328691800244,-0.11738156167533637,IMPROVING
618491,2026-04,,0.333399894037111,,
618491,2026-05,0.333399894037111,0.17637894460955944,-0.15702094942755157,IMPROVING
618492,2026-04,,0.26168638511206355,,
618492,2026-05,0.26168638511206355,0.1715367178255455,-0.09014966728651805,IMPROVING
618492,2026-06,0.1715367178255455,0.23364330298946262,0.06210658516391712,WORSENING
618493,2026-04,,0.28724445224482925,,
618493,2026-05,0.28724445224482925,0.14641648418408384,-0.1408279680607454,IMPROVING
618493,2026-06,0.14641648418408384,0.2402478235070913,0.09383133932300747,WORSENING
618494,2026-04,,0.1859613561643788,,
618494,2026-05,0.1859613561643788,0.156419277299511,-0.029542078864867816,STABLE
618494,2026-06,0.156419277299511,0.2677468306813654,0.1113275533818544,WORSENING
618495,2026-04,,0.24241999957385432,,
618495,2026-05,0.24241999957385432,0.16842101480019514,-0.07399898477365918,IMPROVING
618495,2026-06,0.16842101480019514,0.24237321140121523,0.07395219660102009,WORSENING
618496,2026-04,,0.18676018224255048,,
618496,2026-05,0.18676018224255048,0.1314999830463165,-0.05526019919623398,IMPROVING
618496,2026-06,0.1314999830463165,0.2571009776875778,0.1256009946412613,WORSENING
618497,2026-04,,0.225821133576398,,
618497,2026-05,0.225821133576398,0.12032925404530713,-0.10549187953109086,IMPROVING
618497,2026-06,0.12032925404530713,0.18833516018477936,0.06800590613947223,WORSENING
618498,2026-04,,0.1792854437536264,,
618499,2026-04,,0.18004496542862292,,
618499,2026-05,0.18004496542862292,0.11058177243073478,-0.06946319299788814,IMPROVING
618499,2026-06,0.11058177243073478,0.1530193964384858,0.04243762400775103,STABLE
618500,2026-04,,0.25376951774938494,,
618500,2026-05,0.25376951774938494,0.15068592933205144,-0.1030835884173335,IMPROVING
618500,2026-06,0.15068592933205144,0.22001617282490352,0.06933024349285208,WORSENING
618501,2026-04,,0.1843933210448185,,
618502,2026-04,,0.21811729412380637,,
618503,2026-04,,0.18718862343820802,,
618503,2026-05,0.18718862343820802,0.2888667087719368,0.1016780853337288,WORSENING
618503,2026-06,0.2888667087719368,0.38509154991341665,0.09622484114147983,WORSENING
618504,2026-04,,0.2575663804191454,,
618504,2026-05,0.2575663804191454,0.30585254413548096,0.04828616371633554,STABLE
618504,2026-06,0.30585254413548096,0.41892592719886507,0.1130733830633841,WORSENING
618505,2026-04,,0.17028484733090093,,
618505,2026-05,0.17028484733090093,0.1008675789201804,-0.06941726841072053,IMPROVING
618505,2026-06,0.1008675789201804,0.14863233443591498,0.04776475551573457,STABLE
618506,2026-04,,0.24152998253893718,,
618506,2026-05,0.24152998253893718,0.12348278844372548,-0.1180471940952117,IMPROVING
618506,2026-06,0.12348278844372548,0.16500586822272806,0.041523079779002575,STABLE
618507,2026-04,,0.20791374567624515,,
618507,2026-05,0.20791374567624515,0.18038436929944146,-0.027529376376803694,STABLE
618507,2026-06,0.18038436929944146,0.18919649738700048,0.008812128087559018,STABLE
618508,2026-04,,0.23699575381140875,,
618508,2026-05,0.23699575381140875,0.10073079528131886,-0.1362649585300899,IMPROVING
618508,2026-06,0.10073079528131886,0.1509281651543104,0.050197369872991546,WORSENING
618509,2026-04,,0.25773638366710366,,
618509,2026-05,0.25773638366710366,0.29299314760931194,0.03525676394220828,STABLE
618509,2026-06,0.29299314760931194,0.4116576058601131,0.11866445825080113,WORSENING
618511,2026-04,,0.236431576077003,,
618511,2026-05,0.236431576077003,0.14624377377472433,-0.09018780230227866,IMPROVING
618511,2026-06,0.14624377377472433,0.13464741151090331,-0.01159636226382102,STABLE
618512,2026-04,,0.2106459468758334,,
618512,2026-05,0.2106459468758334,0.14251006764012528,-0.06813587923570813,IMPROVING
618512,2026-06,0.14251006764012528,0.24055872473893503,0.09804865709880975,WORSENING
618513,2026-04,,0.509200120291351,,
618513,2026-05,0.509200120291351,0.20869340794907595,-0.300506712342275,IMPROVING
618513,2026-06,0.20869340794907595,0.28389090382364524,0.07519749587456928,WORSENING
618514,2026-04,,0.28504389730483437,,
618514,2026-05,0.28504389730483437,0.1468639496095885,-0.13817994769524586,IMPROVING
618514,2026-06,0.1468639496095885,0.22707185416608822,0.0802079045564997,WORSENING
618515,2026-04,,0.18208184919399445,,
618516,2026-04,,0.24845741550404915,,
618516,2026-05,0.24845741550404915,0.1776224101300431,-0.07083500537400605,IMPROVING
618516,2026-06,0.1776224101300431,0.2661770232740326,0.08855461314398949,WORSENING
618517,2026-04,,0.23440415932040543,,
618517,2026-05,0.23440415932040543,0.13086476993373156,-0.10353938938667387,IMPROVING
618517,2026-06,0.13086476993373156,0.1969426289008825,0.06607785896715093,WORSENING
618518,2026-04,,0.18449071657112784,,
618518,2026-05,0.18449071657112784,0.09548370034713104,-0.0890070162239968,IMPROVING
618518,2026-06,0.09548370034713104,0.3570039624268653,0.2615202620797342,WORSENING
618519,2026-04,,0.24776000023750608,,
618519,2026-05,0.24776000023750608,0.21103345436169557,-0.03672654587581051,STABLE
618519,2026-06,0.21103345436169557,0.19544116620523433,-0.015592288156461243,STABLE
618520,2026-04,,0.1852555631382597,,
618520,2026-05,0.1852555631382597,0.14358857162676522,-0.04166699151149447,STABLE
618520,2026-06,0.14358857162676522,0.4031304068728338,0.25954183524606855,WORSENING
618521,2026-04,,0.2052922898258614,,
618521,2026-05,0.2052922898258614,0.13815664626151844,-0.06713564356434296,IMPROVING
618521,2026-06,0.13815664626151844,0.27625795512036044,0.138101308858842,WORSENING
618522,2026-04,,0.2640367369755131,,
618522,2026-05,0.2640367369755131,0.11156340952592965,-0.15247332744958347,IMPROVING
618522,2026-06,0.11156340952592965,0.15462369232769724,0.04306028280176759,STABLE
618523,2026-04,,0.17411891420900844,,
618523,2026-05,0.17411891420900844,0.20642119612612086,0.03230228191711243,STABLE
618523,2026-06,0.20642119612612086,0.3592012336467846,0.15278003752066371,WORSENING
618524,2026-04,,0.18652733608223082,,
618524,2026-05,0.18652733608223082,0.0720407022867467,-0.11448663379548413,IMPROVING
618524,2026-06,0.0720407022867467,0.11554296567857338,0.04350226339182668,STABLE
618525,2026-04,,0.1618181106400328,,
618525,2026-05,0.1618181106400328,0.047113978047770434,-0.11470413259226236,IMPROVING
618525,2026-06,0.047113978047770434,0.11511337134577147,0.06799939329800103,WORSENING
618526,2026-04,,0.15431030593091297,,
618526,2026-05,0.15431030593091297,0.12499119178219566,-0.02931911414871731,STABLE
618526,2026-06,0.12499119178219566,0.3143944901456935,0.18940329836349784,WORSENING
618527,2026-04,,0.12840303499791283,,
618529,2026-04,,0.24304905263745114,,
618529,2026-05,0.24304905263745114,0.19078580474235202,-0.05226324789509912,IMPROVING
618529,2026-06,0.19078580474235202,0.3793166411421987,0.1885308363998467,WORSENING
618530,2026-04,,0.26885852718766634,,
618530,2026-05,0.26885852718766634,0.20989017689795186,-0.05896835028971448,IMPROVING
618530,2026-06,0.20989017689795186,0.39773245341470215,0.18784227651675028,WORSENING
618531,2026-04,,0.28299630474234316,,
618531,2026-05,0.28299630474234316,0.09499235303297662,-0.18800395170936654,IMPROVING
618531,2026-06,0.09499235303297662,0.23771692123192759,0.14272456819895096,WORSENING
618532,2026-04,,0.206326197658961,,
618533,2026-04,,0.1600601962425766,,
618533,2026-05,0.1600601962425766,0.11022782314539571,-0.0498323730971809,STABLE
618533,2026-06,0.11022782314539571,0.37633741898660505,0.26610959584120936,WORSENING
618534,2026-05,,0.17041156296957863,,
618534,2026-06,0.17041156296957863,0.10301434858341103,-0.0673972143861676,IMPROVING
618535,2026-04,,0.17790843955992608,,
618535,2026-05,0.17790843955992608,0.052756845367042636,-0.12515159419288344,IMPROVING
618535,2026-06,0.052756845367042636,0.11133663049080494,0.05857978512376231,WORSENING
618536,2026-04,,0.1875462000872257,,
618536,2026-05,0.1875462000872257,0.07193051101137607,-0.11561568907584963,IMPROVING
618536,2026-06,0.07193051101137607,0.13922778167458444,0.06729727066320837,WORSENING
618537,2026-04,,0.20378195599154486,,
618537,2026-05,0.20378195599154486,0.09614239509501511,-0.10763956089652975,IMPROVING
618537,2026-06,0.09614239509501511,0.1774220585001628,0.08127966340514768,WORSENING
618538,2026-04,,0.19267335208771172,,
618538,2026-05,0.19267335208771172,0.10441043889372172,-0.08826291319399,IMPROVING
618538,2026-06,0.10441043889372172,0.13832257326689684,0.033912134373175126,STABLE
618539,2026-04,,0.15744238222323853,,
618539,2026-05,0.15744238222323853,0.05428765219591902,-0.10315473002731951,IMPROVING
618539,2026-06,0.05428765219591902,0.10758080931006786,0.05329315711414884,WORSENING
618540,2026-04,,0.16447823699517974,,
618540,2026-05,0.16447823699517974,0.09722248393100966,-0.06725575306417009,IMPROVING
618540,2026-06,0.09722248393100966,0.12007352143937557,0.02285103750836591,STABLE
618541,2026-04,,0.21648359416084048,,
618541,2026-05,0.21648359416084048,0.2013171367060051,-0.015166457454835386,STABLE
618541,2026-06,0.2013171367060051,0.29832713213677214,0.09700999543076705,WORSENING
618542,2026-05,,0.11842095877505704,,
618542,2026-06,0.11842095877505704,0.1394707623143631,0.02104980353930605,STABLE
618543,2026-04,,0.260837989625743,,
618543,2026-05,0.260837989625743,0.16680705582457483,-0.09403093380116817,IMPROVING
618543,2026-06,0.16680705582457483,0.24705357361227542,0.08024651778770059,WORSENING
618544,2026-04,,0.20774055071639277,,
618544,2026-05,0.20774055071639277,0.21895262287919204,0.011212072162799264,STABLE
618544,2026-06,0.21895262287919204,0.2872550245293147,0.06830240165012263,WORSENING
618545,2026-04,,0.2927531980605695,,
618545,2026-05,0.2927531980605695,0.16372096927038995,-0.12903222879017953,IMPROVING
618545,2026-06,0.16372096927038995,0.2402937762949096,0.07657280702451966,WORSENING
618547,2026-04,,0.20931175231962282,,
618547,2026-05,0.20931175231962282,0.11383855939176794,-0.09547319292785487,IMPROVING
618547,2026-06,0.11383855939176794,0.16907800185042665,0.05523944245865871,WORSENING
618549,2026-04,,0.22347187612337635,,
618549,2026-05,0.22347187612337635,0.1655534819646841,-0.05791839415869224,IMPROVING
618549,2026-06,0.1655534819646841,0.20141175234213143,0.03585827037744732,STABLE
618550,2026-04,,0.17210455637666514,,
618550,2026-05,0.17210455637666514,0.12229502397922298,-0.04980953239744215,STABLE
618550,2026-06,0.12229502397922298,0.18054285021755614,0.05824782623833316,WORSENING
618551,2026-04,,0.18764480259378113,,
618551,2026-05,0.18764480259378113,0.05691715229612175,-0.13072765029765937,IMPROVING
618551,2026-06,0.05691715229612175,0.1729865583526462,0.11606940605652445,WORSENING
618552,2026-04,,0.38259024058824553,,
618552,2026-05,0.38259024058824553,0.24218208118431983,-0.1404081594039257,IMPROVING
618552,2026-06,0.24218208118431983,0.29749280688280216,0.05531072569848233,WORSENING
618553,2026-04,,0.12797677736724247,,
618554,2026-04,,0.1195675037716592,,
618554,2026-05,0.1195675037716592,0.07832680552983456,-0.041240698241824636,STABLE
618554,2026-06,0.07832680552983456,0.1388030526769888,0.060476247147154244,WORSENING
618556,2026-04,,0.14220197373885016,,
618556,2026-05,0.14220197373885016,0.09981772632923268,-0.04238424740961748,STABLE
618556,2026-06,0.09981772632923268,0.16439628407010093,0.06457855774086825,WORSENING
618557,2026-04,,0.24293567631357077,,
618557,2026-05,0.24293567631357077,0.13638051735532344,-0.10655515895824733,IMPROVING
618557,2026-06,0.13638051735532344,0.1692433408221344,0.032862823466810964,STABLE
618558,2026-04,,0.30561444850944064,,
618558,2026-05,0.30561444850944064,0.14841957235063188,-0.15719487615880876,IMPROVING
618559,2026-04,,0.300078948791666,,
618559,2026-05,0.300078948791666,0.14597530456839528,-0.15410364422327075,IMPROVING
618560,2026-04,,0.20948455706521082,,
618560,2026-05,0.20948455706521082,0.12207540136284195,-0.08740915570236887,IMPROVING
618561,2026-04,,0.1904366553106891,,
618561,2026-05,0.1904366553106891,0.09412618736254175,-0.09631046794814735,IMPROVING
618561,2026-06,0.09412618736254175,0.11994319822599091,0.02581701086344916,STABLE
618562,2026-04,,0.16793250551591604,,
618563,2026-04,,0.210362790260034,,
618563,2026-05,0.210362790260034,0.13037523874705395,-0.07998755151298004,IMPROVING
618563,2026-06,0.13037523874705395,0.30610368446870584,0.1757284457216519,WORSENING
618564,2026-04,,0.18048451836887075,,
618564,2026-05,0.18048451836887075,0.1041509865726265,-0.07633353179624425,IMPROVING
618564,2026-06,0.1041509865726265,0.15639186180850678,0.05224087523588028,WORSENING
618565,2026-04,,0.21873805810403416,,
618566,2026-04,,0.2311258150743943,,
618566,2026-05,0.2311258150743943,0.17853217270892754,-0.052593642365466764,IMPROVING
618566,2026-06,0.17853217270892754,0.19189717608994358,0.013365003381016038,STABLE
618567,2026-04,,0.18848342340418325,,
618567,2026-05,0.18848342340418325,0.07453369614490724,-0.11394972725927602,IMPROVING
618567,2026-06,0.07453369614490724,0.10750104523727504,0.0329673490923678,STABLE
618568,2026-04,,0.211541930800854,,
618568,2026-05,0.211541930800854,0.09231593755835378,-0.11922599324250023,IMPROVING
618568,2026-06,0.09231593755835378,0.12362113888075112,0.031305201322397336,STABLE
618569,2026-04,,0.25940424569091597,,
618569,2026-05,0.25940424569091597,0.15523883623477022,-0.10416540945614575,IMPROVING
618570,2026-04,,0.16017545441618936,,
618571,2026-04,,0.2059513498041374,,
618571,2026-05,0.2059513498041374,0.170004246755495,-0.035947103048642404,STABLE
618571,2026-06,0.170004246755495,0.21411906449055715,0.04411481773506215,STABLE
618572,2026-04,,0.19200083532137924,,
618572,2026-05,0.19200083532137924,0.06629095522724612,-0.12570988009413311,IMPROVING
618572,2026-06,0.06629095522724612,0.10144149308788844,0.03515053786064232,STABLE
618574,2026-04,,0.215839734037949,,
618574,2026-05,0.215839734037949,0.10202595154623385,-0.11381378249171516,IMPROVING
618574,2026-06,0.10202595154623385,0.14712697117052695,0.045101019624293096,STABLE
618576,2026-04,,0.12568966907571233,,
618577,2026-04,,0.21694239041992808,,
618577,2026-05,0.21694239041992808,0.15259229782941616,-0.06435009259051191,IMPROVING
618578,2026-04,,0.2513059345882239,,
618579,2026-04,,0.19105645655985634,,
618579,2026-05,0.19105645655985634,0.1525718424015534,-0.038484614158302954,STABLE
618579,2026-06,0.1525718424015534,0.3281540568968549,0.1755822144953015,WORSENING
618580,2026-04,,0.20578723840188098,,
618580,2026-05,0.20578723840188098,0.11816719078547777,-0.08762004761640321,IMPROVING
618580,2026-06,0.11816719078547777,0.38849334376476824,0.27032615297929047,WORSENING
618581,2026-04,,0.289757797731267,,
618581,2026-05,0.289757797731267,0.13113756522490408,-0.1586202325063629,IMPROVING
618581,2026-06,0.13113756522490408,0.28713768255869004,0.15600011733378596,WORSENING
618582,2026-04,,0.1808828383443111,,
618583,2026-04,,0.17966859674417202,,
618584,2026-04,,0.14810127491143926,,
618584,2026-05,0.14810127491143926,0.06686014045395035,-0.08124113445748891,IMPROVING
618584,2026-06,0.06686014045395035,0.13984599718400104,0.07298585673005069,WORSENING
618585,2026-04,,0.2537216226610508,,
618585,2026-05,0.2537216226610508,0.12938499277086188,-0.12433662989018893,IMPROVING
618585,2026-06,0.12938499277086188,0.17936024394939923,0.04997525117853735,STABLE
618586,2026-04,,0.24793171764028443,,
618586,2026-05,0.24793171764028443,0.16838065673818636,-0.07955106090209807,IMPROVING
618586,2026-06,0.16838065673818636,0.2038179870109384,0.03543733027275203,STABLE
618588,2026-04,,0.245875070155895,,
618588,2026-05,0.245875070155895,0.21936753661950117,-0.026507533536393818,STABLE
618588,2026-06,0.21936753661950117,0.2916582143845543,0.07229067776505313,WORSENING
618589,2026-04,,0.26570053906090363,,
618589,2026-05,0.26570053906090363,0.17802040771103364,-0.08768013134986999,IMPROVING
618589,2026-06,0.17802040771103364,0.26666649362076245,0.0886460859097288,WORSENING
618590,2026-04,,0.2567436951898841,,
618590,2026-05,0.2567436951898841,0.1402248234802948,-0.1165188717095893,IMPROVING
618590,2026-06,0.1402248234802948,0.2466251945729996,0.10640037109270481,WORSENING
618591,2026-04,,0.23671596722380125,,
618591,2026-05,0.23671596722380125,0.1120318946629244,-0.12468407256087685,IMPROVING
618591,2026-06,0.1120318946629244,0.16699577649700767,0.05496388183408327,WORSENING
618592,2026-04,,0.19228783747396092,,
618592,2026-05,0.19228783747396092,0.18406472605924984,-0.008223111414711076,STABLE
618592,2026-06,0.18406472605924984,0.21112817533127642,0.027063449272026585,STABLE
618593,2026-04,,0.17415878222559492,,
618593,2026-05,0.17415878222559492,0.059114410552013934,-0.11504437167358098,IMPROVING
618593,2026-06,0.059114410552013934,0.10156754043303769,0.04245312988102375,STABLE
618594,2026-04,,0.1854899187095526,,
618594,2026-05,0.1854899187095526,0.0806993262936093,-0.10479059241594328,IMPROVING
618594,2026-06,0.0806993262936093,0.14655697512273483,0.06585764882912552,WORSENING
618595,2026-04,,0.19407487754464883,,
618595,2026-05,0.19407487754464883,0.14953902505734812,-0.044535852487300714,STABLE
618595,2026-06,0.14953902505734812,0.31276409449452514,0.16322506943717702,WORSENING
618596,2026-04,,0.3265522371619706,,
618596,2026-05,0.3265522371619706,0.25623231698046056,-0.07031992018151006,IMPROVING
618596,2026-06,0.25623231698046056,0.3303008354974468,0.07406851851698626,WORSENING
618597,2026-04,,0.30100076463736114,,
618597,2026-05,0.30100076463736114,0.17844388372820022,-0.12255688090916092,IMPROVING
618597,2026-06,0.17844388372820022,0.3038807547988684,0.12543687107066817,WORSENING
618598,2026-04,,0.19682553720259882,,
618598,2026-05,0.19682553720259882,0.14064182313966286,-0.05618371406293596,IMPROVING
618598,2026-06,0.14064182313966286,0.3472638172831246,0.20662199414346175,WORSENING
618599,2026-04,,0.20478805827529617,,
618599,2026-05,0.20478805827529617,0.1333969519190577,-0.07139110635623847,IMPROVING
618599,2026-06,0.1333969519190577,0.2646948017753642,0.1312978498563065,WORSENING
618600,2026-04,,0.20627969773590096,,
618600,2026-05,0.20627969773590096,0.13253832130556661,-0.07374137643033435,IMPROVING
618600,2026-06,0.13253832130556661,0.24920538911908527,0.11666706781351865,WORSENING
618601,2026-04,,0.19671610902670986,,
618601,2026-05,0.19671610902670986,0.13649582413039038,-0.060220284896319476,IMPROVING
618601,2026-06,0.13649582413039038,0.28911702718593146,0.15262120305554108,WORSENING
618602,2026-04,,0.21811039816465538,,
618602,2026-05,0.21811039816465538,0.14587145637736115,-0.07223894178729423,IMPROVING
618602,2026-06,0.14587145637736115,0.27680973677026505,0.1309382803929039,WORSENING
618603,2026-04,,0.2752842623995543,,
618603,2026-05,0.2752842623995543,0.2153496823848657,-0.05993458001468857,IMPROVING
618603,2026-06,0.2153496823848657,0.26525094605492777,0.04990126367006206,STABLE
618604,2026-04,,0.23748859434280423,,
618604,2026-05,0.23748859434280423,0.19250091286372917,-0.04498768147907506,STABLE
618604,2026-06,0.19250091286372917,0.2020442214858581,0.009543308622128932,STABLE
618605,2026-04,,0.27667325969694484,,
618605,2026-05,0.27667325969694484,0.21063216689124664,-0.0660410928056982,IMPROVING
618605,2026-06,0.21063216689124664,0.38642292452615346,0.1757907576349068,WORSENING
618606,2026-04,,0.30824447557270285,,
618606,2026-05,0.30824447557270285,0.2244742756680184,-0.08377019990468446,IMPROVING
618606,2026-06,0.2244742756680184,0.3545458556899788,0.13007158002196043,WORSENING
618607,2026-04,,0.2989930658646153,,
618607,2026-05,0.2989930658646153,0.17953390040448922,-0.11945916546012611,IMPROVING
618607,2026-06,0.17953390040448922,0.3260356644707181,0.14650176406622886,WORSENING
618608,2026-04,,0.2601999872626313,,
618608,2026-05,0.2601999872626313,0.20640995552976357,-0.053790031732867755,IMPROVING
618608,2026-06,0.20640995552976357,0.21479085920707097,0.0083809036773074,STABLE
618609,2026-04,,0.24925006556679102,,
618609,2026-05,0.24925006556679102,0.11690327834517661,-0.13234678722161441,IMPROVING
618609,2026-06,0.11690327834517661,0.26181793084069827,0.14491465249552166,WORSENING
618610,2026-04,,0.15377029401324202,,
618610,2026-05,0.15377029401324202,0.09555425411016061,-0.05821603990308141,IMPROVING
618610,2026-06,0.09555425411016061,0.2953925001444151,0.19983824603425449,WORSENING
618611,2026-04,,0.17411949551326208,,
618611,2026-05,0.17411949551326208,0.12859441235711222,-0.045525083156149865,STABLE
618611,2026-06,0.12859441235711222,0.3342715910633957,0.2056771787062835,WORSENING
618612,2026-04,,0.1601108569616513,,
618612,2026-05,0.1601108569616513,0.12232576088437348,-0.03778509607727783,STABLE
618612,2026-06,0.12232576088437348,0.2273059621660526,0.1049802012816791,WORSENING
618613,2026-04,,0.15676177207034672,,
618613,2026-05,0.15676177207034672,0.12278604055737401,-0.033975731512972715,STABLE
618613,2026-06,0.12278604055737401,0.35020001855424776,0.22741397799687374,WORSENING
618614,2026-04,,0.14510667027114948,,
618615,2026-04,,0.1893018741665988,,
618615,2026-05,0.1893018741665988,0.23808530336065123,0.04878342919405243,STABLE
618615,2026-06,0.23808530336065123,0.3172599119249921,0.07917460856434086,WORSENING
618616,2026-04,,0.21825604665362225,,
618616,2026-05,0.21825604665362225,0.12090572371512671,-0.09735032293849553,IMPROVING
618616,2026-06,0.12090572371512671,0.15184671381743747,0.03094099010231076,STABLE
618617,2026-04,,0.24894869237716696,,
618617,2026-05,0.24894869237716696,0.1436691154636508,-0.10527957691351617,IMPROVING
618617,2026-06,0.1436691154636508,0.2871986265740517,0.1435295111104009,WORSENING
618618,2026-04,,0.2523025068773196,,
618618,2026-05,0.2523025068773196,0.14618069975983838,-0.1061218071174812,IMPROVING
618618,2026-06,0.14618069975983838,0.26864213466203923,0.12246143490220085,WORSENING
618619,2026-04,,0.15695989931415255,,
618619,2026-05,0.15695989931415255,0.059218354381850774,-0.09774154493230178,IMPROVING
618619,2026-06,0.059218354381850774,0.13299598132440957,0.0737776269425588,WORSENING
618620,2026-04,,0.1863063141650267,,
618620,2026-05,0.1863063141650267,0.11533594030125462,-0.07097037386377207,IMPROVING
618620,2026-06,0.11533594030125462,0.15321036367704643,0.03787442337579182,STABLE
618621,2026-04,,0.23248255592108763,,
618621,2026-05,0.23248255592108763,0.12725894842968963,-0.105223607491398,IMPROVING
618621,2026-06,0.12725894842968963,0.2096532043771874,0.08239425594749777,WORSENING
618622,2026-04,,0.17413390387107464,,
618622,2026-05,0.17413390387107464,0.12047745989516066,-0.05365644397591397,IMPROVING
618622,2026-06,0.12047745989516066,0.2388275819078223,0.11835012201266164,WORSENING
618623,2026-04,,0.18189126891302404,,
618623,2026-05,0.18189126891302404,0.10158959835455876,-0.08030167055846528,IMPROVING
618623,2026-06,0.10158959835455876,0.1759058355880457,0.07431623723348695,WORSENING
618624,2026-04,,0.1680283343760118,,
618625,2026-04,,0.14695636984809912,,
618626,2026-04,,0.2833559537431818,,
618626,2026-05,0.2833559537431818,0.10079430574132602,-0.18256164800185576,IMPROVING
618626,2026-06,0.10079430574132602,0.17009533750996622,0.0693010317686402,WORSENING
618627,2026-04,,0.26395189353455883,,
618627,2026-05,0.26395189353455883,0.11492481045928002,-0.14902708307527882,IMPROVING
618627,2026-06,0.11492481045928002,0.22475464483488206,0.10982983437560204,WORSENING
618628,2026-04,,0.2740452077147026,,
618628,2026-05,0.2740452077147026,0.16709519406740408,-0.1069500136472985,IMPROVING
618628,2026-06,0.16709519406740408,0.17390027367337116,0.006805079605967074,STABLE
618629,2026-04,,0.16877911004518542,,
618629,2026-05,0.16877911004518542,0.10123813107895051,-0.06754097896623491,IMPROVING
618629,2026-06,0.10123813107895051,0.2757105642173639,0.17447243313841337,WORSENING
618630,2026-04,,0.2497046109549331,,
618630,2026-05,0.2497046109549331,0.16186551338423683,-0.08783909757069627,IMPROVING
618630,2026-06,0.16186551338423683,0.2564703548768055,0.09460484149256865,WORSENING
618631,2026-04,,0.1632031982812991,,
618631,2026-05,0.1632031982812991,0.07790363540795302,-0.08529956287334607,IMPROVING
618631,2026-06,0.07790363540795302,0.15449084573836291,0.0765872103304099,WORSENING
618632,2026-04,,0.18112312162881714,,
618632,2026-05,0.18112312162881714,0.11960018395192976,-0.06152293767688738,IMPROVING
618632,2026-06,0.11960018395192976,0.1603777803234477,0.040777596371517955,STABLE
618633,2026-04,,0.1414800653970247,,
618633,2026-05,0.1414800653970247,0.033478049195331504,-0.1080020162016932,IMPROVING
618633,2026-06,0.033478049195331504,0.10709581063715594,0.07361776144182444,WORSENING
618634,2026-04,,0.20019261966215823,,
618634,2026-05,0.20019261966215823,0.09044016804598379,-0.10975245161617445,IMPROVING
618634,2026-06,0.09044016804598379,0.19275539056940708,0.10231522252342329,WORSENING
618635,2026-04,,0.3194718241991934,,
618635,2026-05,0.3194718241991934,0.1587756213012754,-0.160696202897918,IMPROVING
618635,2026-06,0.1587756213012754,0.2559665928470328,0.09719097154575743,WORSENING
618636,2026-04,,0.23728950108363853,,
618636,2026-05,0.23728950108363853,0.08858802526613405,-0.14870147581750448,IMPROVING
618636,2026-06,0.08858802526613405,0.17111716469712454,0.0825291394309905,WORSENING
618637,2026-04,,0.22761206124246114,,
618637,2026-05,0.22761206124246114,0.16602036525402974,-0.061591695988431394,IMPROVING
618637,2026-06,0.16602036525402974,0.4186876888300695,0.25266732357603977,WORSENING
618638,2026-04,,0.2549476701252588,,
618639,2026-04,,0.21634412596901853,,
618639,2026-05,0.21634412596901853,0.184083486832307,-0.03226063913671154,STABLE
618639,2026-06,0.184083486832307,0.32007348889435877,0.13599000206205178,WORSENING
618640,2026-04,,0.2862522236835286,,
618640,2026-05,0.2862522236835286,0.14163021261149933,-0.14462201107202927,IMPROVING
618640,2026-06,0.14163021261149933,0.2894929365695909,0.14786272395809158,WORSENING
618641,2026-04,,0.17781917183114962,,
618641,2026-05,0.17781917183114962,0.04349789106448779,-0.13432128076666183,IMPROVING
618641,2026-06,0.04349789106448779,0.1461128139111771,0.1026149228466893,WORSENING
618642,2026-04,,0.22882644405059285,,
618642,2026-05,0.22882644405059285,0.1427571111729233,-0.08606933287766955,IMPROVING
618642,2026-06,0.1427571111729233,0.29609767605872617,0.15334056488580286,WORSENING
618644,2026-04,,0.20557166028322368,,
618644,2026-05,0.20557166028322368,0.16288321874549366,-0.04268844153773002,STABLE
618644,2026-06,0.16288321874549366,0.2618335235484543,0.09895030480296063,WORSENING
618645,2026-04,,0.2455540166729153,,
618645,2026-05,0.2455540166729153,0.13795125413252055,-0.10760276254039475,IMPROVING
618645,2026-06,0.13795125413252055,0.26530179332366166,0.12735053919114112,WORSENING
618646,2026-05,,0.13032374612406625,,
618646,2026-06,0.13032374612406625,0.09180524043758113,-0.03851850568648511,STABLE
618647,2026-04,,0.2413196078219124,,
618647,2026-05,0.2413196078219124,0.12306741683805399,-0.1182521909838584,IMPROVING
618647,2026-06,0.12306741683805399,0.22514443058610045,0.10207701374804647,WORSENING
618648,2026-06,,0.1831540276308975,,
618649,2026-04,,0.22206053946776463,,
618649,2026-05,0.22206053946776463,0.12999488287719865,-0.09206565659056598,IMPROVING
618649,2026-06,0.12999488287719865,0.18902566469377757,0.05903078181657892,WORSENING
618650,2026-04,,0.18437801892117361,,
618650,2026-05,0.18437801892117361,0.0796493013702961,-0.10472871755087751,IMPROVING
618650,2026-06,0.0796493013702961,0.16747835860701724,0.08782905723672113,WORSENING
618651,2026-04,,0.24636567099049117,,
618651,2026-05,0.24636567099049117,0.14893691384630023,-0.09742875714419094,IMPROVING
618651,2026-06,0.14893691384630023,0.19464643998623155,0.04570952613993132,STABLE
618652,2026-04,,0.19920718020602315,,
618653,2026-04,,0.22703274600556317,,
618653,2026-05,0.22703274600556317,0.15916811598703468,-0.0678646300185285,IMPROVING
618653,2026-06,0.15916811598703468,0.3915768910006897,0.23240877501365503,WORSENING
618654,2026-04,,0.22317252741027394,,
618654,2026-05,0.22317252741027394,0.1257895982329901,-0.09738292917728383,IMPROVING
618654,2026-06,0.1257895982329901,0.18908944253983628,0.06329984430684618,WORSENING
618655,2026-04,,0.2137731272058168,,
618655,2026-05,0.2137731272058168,0.13042026488029296,-0.08335286232552383,IMPROVING
618655,2026-06,0.13042026488029296,0.1500617089335513,0.01964144405325835,STABLE
618661,2026-04,,0.15549391728627288,,
618661,2026-05,0.15549391728627288,0.05123426464168752,-0.10425965264458537,IMPROVING
618661,2026-06,0.05123426464168752,0.1481367152690152,0.09690245062732769,WORSENING
618662,2026-04,,0.1530532726850047,,
618662,2026-05,0.1530532726850047,0.05372797462985299,-0.09932529805515172,IMPROVING
618662,2026-06,0.05372797462985299,0.1189873867604632,0.06525941213061022,WORSENING
618663,2026-04,,0.20413881166647638,,
618663,2026-05,0.20413881166647638,0.11347324365016677,-0.09066556801630961,IMPROVING
618663,2026-06,0.11347324365016677,0.15885144537330265,0.04537820172313588,STABLE
618664,2026-04,,0.14294497171461062,,
618664,2026-05,0.14294497171461062,0.09058376812644733,-0.05236120358816329,IMPROVING
618664,2026-06,0.09058376812644733,0.1546227038217829,0.06403893569533556,WORSENING
618665,2026-04,,0.17094501458910794,,
618666,2026-04,,0.20423772597258774,,
618666,2026-05,0.20423772597258774,0.14880412779461002,-0.055433598177977716,IMPROVING
618666,2026-06,0.14880412779461002,0.17480487497196018,0.026000747177350153,STABLE
618667,2026-04,,0.1700068567362676,,
618667,2026-05,0.1700068567362676,0.06757717739970363,-0.10242967933656395,IMPROVING
618667,2026-06,0.06757717739970363,0.17974482054146718,0.11216764314176354,WORSENING
618668,2026-04,,0.16803828456868541,,
618668,2026-05,0.16803828456868541,0.047930062191467504,-0.12010822237721791,IMPROVING
618668,2026-06,0.047930062191467504,0.1886208635602884,0.1406908013688209,WORSENING
618669,2026-04,,0.24048446153283518,,
618669,2026-05,0.24048446153283518,0.1085417687967448,-0.13194269273609038,IMPROVING
618669,2026-06,0.1085417687967448,0.21949507607236696,0.11095330727562215,WORSENING
618671,2026-04,,0.1619698163559457,,
618671,2026-05,0.1619698163559457,0.04827021002473229,-0.11369960633121343,IMPROVING
618671,2026-06,0.04827021002473229,0.1149579402661009,0.06668773024136862,WORSENING
618672,2026-04,,0.17060896195112588,,
618672,2026-05,0.17060896195112588,0.06959739749752551,-0.10101156445360036,IMPROVING
618672,2026-06,0.06959739749752551,0.1406355028108381,0.07103810531331257,WORSENING
618673,2026-04,,0.16708252094600676,,
618673,2026-05,0.16708252094600676,0.1157405354268724,-0.05134198551913435,IMPROVING
618673,2026-06,0.1157405354268724,0.1905966959206753,0.07485616049380289,WORSENING
618674,2026-04,,0.20064694086289486,,
618674,2026-05,0.20064694086289486,0.08728643937998934,-0.11336050148290552,IMPROVING
618674,2026-06,0.08728643937998934,0.1633963144511287,0.07610987507113937,WORSENING
618675,2026-04,,0.23642801881475325,,
618675,2026-05,0.23642801881475325,0.13101711064236254,-0.10541090817239071,IMPROVING
618675,2026-06,0.13101711064236254,0.19902674968383685,0.0680096390414743,WORSENING
618676,2026-04,,0.1631946502616779,,
618677,2026-04,,0.21149352799600268,,
618677,2026-05,0.21149352799600268,0.14369164718419186,-0.06780188081181082,IMPROVING
618677,2026-06,0.14369164718419186,0.2573600925871824,0.11366844540299054,WORSENING
618678,2026-04,,0.1669028619604429,,
618678,2026-05,0.1669028619604429,0.08850600741668475,-0.07839685454375815,IMPROVING
618678,2026-06,0.08850600741668475,0.22138187989059244,0.1328758724739077,WORSENING
618680,2026-04,,0.19943908173770186,,
618680,2026-05,0.19943908173770186,0.15160161558678992,-0.047837466150911945,STABLE
618680,2026-06,0.15160161558678992,0.2232530871943436,0.0716514716075537,WORSENING
618681,2026-04,,0.20091214672292612,,
618681,2026-05,0.20091214672292612,0.12083885122449699,-0.08007329549842913,IMPROVING
618681,2026-06,0.12083885122449699,0.16402757976754878,0.043188728543051794,STABLE
618682,2026-04,,0.1459282620211376,,
618682,2026-05,0.1459282620211376,0.11310196966606045,-0.03282629235507714,STABLE
618682,2026-06,0.11310196966606045,0.19997681148578628,0.08687484181972582,WORSENING
618684,2026-04,,0.2037876903968221,,
618684,2026-05,0.2037876903968221,0.11434197482284975,-0.08944571557397235,IMPROVING
618684,2026-06,0.11434197482284975,0.1561694276132294,0.041827452790379666,STABLE
618685,2026-04,,0.20678492989803293,,
618685,2026-05,0.20678492989803293,0.10908614201744773,-0.0976987878805852,IMPROVING
618685,2026-06,0.10908614201744773,0.17268510149355112,0.06359895947610339,WORSENING
618686,2026-04,,0.2092244353709675,,
618686,2026-05,0.2092244353709675,0.11650862915092437,-0.09271580622004312,IMPROVING
618686,2026-06,0.11650862915092437,0.13964858111876577,0.023139951967841396,STABLE
618687,2026-04,,0.13837828627000434,,
618687,2026-05,0.13837828627000434,0.10205023933227088,-0.03632804693773346,STABLE
618687,2026-06,0.10205023933227088,0.12062630944587713,0.01857607011360625,STABLE
618688,2026-04,,0.17953643542738112,,
618688,2026-05,0.17953643542738112,0.05055686214811424,-0.1289795732792669,IMPROVING
618688,2026-06,0.05055686214811424,0.10617428861908049,0.05561742647096625,WORSENING
618690,2026-04,,0.19458432199775885,,
618690,2026-05,0.19458432199775885,0.0834110351982228,-0.11117328679953606,IMPROVING
618690,2026-06,0.0834110351982228,0.13276324040412368,0.04935220520590089,STABLE
618691,2026-04,,0.1734407144211068,,
618691,2026-05,0.1734407144211068,0.05073305763096707,-0.12270765679013974,IMPROVING
618691,2026-06,0.05073305763096707,0.13608741135568897,0.0853543537247219,WORSENING
618692,2026-04,,0.15678758651126296,,
618692,2026-05,0.15678758651126296,0.13465394901969666,-0.0221336374915663,STABLE
618693,2026-04,,0.19472687717417264,,
618693,2026-05,0.19472687717417264,0.09368901968163063,-0.10103785749254202,IMPROVING
618693,2026-06,0.09368901968163063,0.16917553123358928,0.07548651155195865,WORSENING
618694,2026-04,,0.1618099329416306,,
618694,2026-05,0.1618099329416306,0.09686005425457396,-0.06494987868705664,IMPROVING
618694,2026-06,0.09686005425457396,0.18592628876063097,0.08906623450605701,WORSENING
618695,2026-04,,0.1739346134838453,,
618697,2026-04,,0.22165081444012966,,
618697,2026-05,0.22165081444012966,0.1213474530007331,-0.10030336143939655,IMPROVING
618697,2026-06,0.1213474530007331,0.17626647719803307,0.054919024197299965,WORSENING
618698,2026-04,,0.1566578679866183,,
618699,2026-04,,0.1462388802756439,,
618700,2026-04,,0.1741617530748955,,
618700,2026-05,0.1741617530748955,0.1579661787200598,-0.016195574354835707,STABLE
618700,2026-06,0.1579661787200598,0.3487306076554964,0.1907644289354366,WORSENING
618701,2026-04,,0.2562729288855989,,
618702,2026-04,,0.22621655488007164,,
618702,2026-05,0.22621655488007164,0.1789050940990312,-0.047311460781040454,STABLE
618702,2026-06,0.1789050940990312,0.42181767550270666,0.24291258140367547,WORSENING
618704,2026-04,,0.1836060686665333,,
618704,2026-05,0.1836060686665333,0.1294032313156491,-0.054202837350884214,IMPROVING
618704,2026-06,0.1294032313156491,0.15335659084843403,0.023953359532784935,STABLE
618705,2026-04,,0.16598490050280096,,
618705,2026-05,0.16598490050280096,0.06468242653865013,-0.10130247396415083,IMPROVING
618705,2026-06,0.06468242653865013,0.13012005164766854,0.06543762510901842,WORSENING
618706,2026-04,,0.15110417028344136,,
618706,2026-05,0.15110417028344136,0.11295275815787725,-0.03815141212556411,STABLE
618706,2026-06,0.11295275815787725,0.3202049681941759,0.20725221003629862,WORSENING
618707,2026-04,,0.15913855063450935,,
618707,2026-05,0.15913855063450935,0.054670480311811785,-0.10446807032269756,IMPROVING
618707,2026-06,0.054670480311811785,0.09587140721820496,0.041200926906393175,STABLE
618708,2026-04,,0.27601719346307324,,
618708,2026-05,0.27601719346307324,0.23478553145464004,-0.0412316620084332,STABLE
618708,2026-06,0.23478553145464004,0.20632285863207592,-0.028462672822564122,STABLE
618709,2026-04,,0.15555417514591102,,
618709,2026-05,0.15555417514591102,0.10549017804895075,-0.05006399709696027,IMPROVING
618709,2026-06,0.10549017804895075,0.1302905036172757,0.024800325568324955,STABLE
618710,2026-04,,0.21342143072003197,,
618710,2026-05,0.21342143072003197,0.24065304935138465,0.027231618631352678,STABLE
618710,2026-06,0.24065304935138465,0.37348945062376704,0.1328364012723824,WORSENING
618711,2026-04,,0.13649102249247858,,
618711,2026-05,0.13649102249247858,0.08889772125658324,-0.047593301235895336,STABLE
618711,2026-06,0.08889772125658324,0.1421700232422209,0.05327230198563765,WORSENING
618712,2026-04,,0.13808069667801698,,
618712,2026-05,0.13808069667801698,0.0791236152984277,-0.058957081379589285,IMPROVING
618712,2026-06,0.0791236152984277,0.13641229115677145,0.057288675858343754,WORSENING
618713,2026-04,,0.1551289573077673,,
618713,2026-05,0.1551289573077673,0.1374316478859844,-0.01769730942178291,STABLE
618713,2026-06,0.1374316478859844,0.14834098617337804,0.010909338287393655,STABLE
618714,2026-04,,0.19010140736106299,,
618714,2026-05,0.19010140736106299,0.10357371591348477,-0.08652769144757821,IMPROVING
618714,2026-06,0.10357371591348477,0.20777747878478442,0.10420376287129965,WORSENING
618715,2026-04,,0.16164261810907338,,
618715,2026-05,0.16164261810907338,0.09665767978452658,-0.0649849383245468,IMPROVING
618715,2026-06,0.09665767978452658,0.15305034770931344,0.056392667924786866,WORSENING
618716,2026-04,,0.1489174371257468,,
618716,2026-05,0.1489174371257468,0.07944139326430424,-0.06947604386144254,IMPROVING
618716,2026-06,0.07944139326430424,0.11249220962238449,0.03305081635808024,STABLE
618717,2026-04,,0.14680276587277388,,
618717,2026-05,0.14680276587277388,0.08251595827073063,-0.06428680760204325,IMPROVING
618717,2026-06,0.08251595827073063,0.11990467922993121,0.03738872095920058,STABLE
618718,2026-04,,0.2143139267949332,,
618718,2026-05,0.2143139267949332,0.11370218127477294,-0.10061174552016025,IMPROVING
618718,2026-06,0.11370218127477294,0.16624393738760818,0.052541756112835236,WORSENING
618719,2026-04,,0.168034300619116,,
618719,2026-05,0.168034300619116,0.09706717606374611,-0.0709671245553699,IMPROVING
618719,2026-06,0.09706717606374611,0.1304369345454454,0.03336975848169928,STABLE
618720,2026-04,,0.15781015845029403,,
618720,2026-05,0.15781015845029403,0.09017963749346157,-0.06763052095683246,IMPROVING
618720,2026-06,0.09017963749346157,0.11966205952516384,0.029482422031702274,STABLE
618721,2026-04,,0.17045949410042682,,
618721,2026-05,0.17045949410042682,0.08093475866559778,-0.08952473543482904,IMPROVING
618721,2026-06,0.08093475866559778,0.13588707077179213,0.05495231210619435,WORSENING
618722,2026-04,,0.2598189027955666,,
618722,2026-05,0.2598189027955666,0.15601187983897985,-0.10380702295658673,IMPROVING
618722,2026-06,0.15601187983897985,0.26658658009498787,0.11057470025600802,WORSENING
618723,2026-04,,0.25593705114160703,,
618723,2026-05,0.25593705114160703,0.19157348740235824,-0.06436356373924879,IMPROVING
618723,2026-06,0.19157348740235824,0.19631853123246842,0.004745043830110179,STABLE
618724,2026-04,,0.18552036388821355,,
618724,2026-05,0.18552036388821355,0.09082897862273007,-0.09469138526548349,IMPROVING
618724,2026-06,0.09082897862273007,0.14205247810925734,0.05122349948652727,WORSENING
618725,2026-04,,0.17739790047501489,,
618725,2026-05,0.17739790047501489,0.06445918896596256,-0.11293871150905233,IMPROVING
618725,2026-06,0.06445918896596256,0.16815329433436874,0.10369410536840618,WORSENING
618726,2026-04,,0.17644176152987473,,
618726,2026-05,0.17644176152987473,0.09863732931454812,-0.07780443221532661,IMPROVING
618726,2026-06,0.09863732931454812,0.12552942338044648,0.02689209406589836,STABLE
618727,2026-04,,0.17086836874719555,,
618727,2026-05,0.17086836874719555,0.06347597402691617,-0.10739239472027938,IMPROVING
618727,2026-06,0.06347597402691617,0.12079802640272543,0.05732205237580926,WORSENING
618728,2026-04,,0.2450811059133251,,
618728,2026-05,0.2450811059133251,0.10630761421250753,-0.13877349170081757,IMPROVING
618728,2026-06,0.10630761421250753,0.18421695486863188,0.07790934065612434,WORSENING
618729,2026-06,,0.24652416437853072,,
618730,2026-05,,0.1575461191593271,,
618730,2026-06,0.1575461191593271,0.11063576823740272,-0.046910350921924374,STABLE
618732,2026-05,,0.14343859612156484,,
618732,2026-06,0.14343859612156484,0.11079209317041953,-0.03264650295114531,STABLE
618733,2026-06,,0.24316928560831721,,
618734,2026-04,,0.16359692502872555,,
618734,2026-05,0.16359692502872555,0.07122483497082242,-0.09237209005790313,IMPROVING
618734,2026-06,0.07122483497082242,0.14097926415987502,0.0697544291890526,WORSENING
618735,2026-04,,0.15355708627846182,,
618735,2026-05,0.15355708627846182,0.0818970653681717,-0.07166002091029011,IMPROVING
618735,2026-06,0.0818970653681717,0.185164035366925,0.10326696999875329,WORSENING
618736,2026-04,,0.2533504070203586,,
618736,2026-05,0.2533504070203586,0.11517931580460385,-0.13817109121575477,IMPROVING
618736,2026-06,0.11517931580460385,0.16709621212109618,0.051916896316492336,WORSENING
618737,2026-04,,0.20214227740545673,,
618737,2026-05,0.20214227740545673,0.05824030708102413,-0.1439019703244326,IMPROVING
618737,2026-06,0.05824030708102413,0.1090141017784095,0.050773794697385376,WORSENING
618738,2026-04,,0.24881182329783816,,
618738,2026-05,0.24881182329783816,0.09198632319086689,-0.15682550010697127,IMPROVING
618738,2026-06,0.09198632319086689,0.14961967513353733,0.05763335194267044,WORSENING
618739,2026-04,,0.23899881524859873,,
618739,2026-05,0.23899881524859873,0.133933407005805,-0.10506540824279373,IMPROVING
618739,2026-06,0.133933407005805,0.2731921931629626,0.13925878615715762,WORSENING
618740,2026-04,,0.23408511514090055,,
618740,2026-05,0.23408511514090055,0.11924960669671236,-0.11483550844418819,IMPROVING
618740,2026-06,0.11924960669671236,0.3034072383272548,0.18415763163054244,WORSENING
618741,2026-04,,0.2803935607847934,,
618741,2026-05,0.2803935607847934,0.18279277072945863,-0.09760079005533476,IMPROVING
618741,2026-06,0.18279277072945863,0.24729214804509506,0.06449937731563643,WORSENING
618742,2026-04,,0.16392120493203088,,
618742,2026-05,0.16392120493203088,0.05233647567984864,-0.11158472925218224,IMPROVING
618742,2026-06,0.05233647567984864,0.11031898924488834,0.057982513565039695,WORSENING
618743,2026-04,,0.2927500621592079,,
618744,2026-04,,0.17547763094298724,,
618744,2026-05,0.17547763094298724,0.0938143805075329,-0.08166325043545435,IMPROVING
618744,2026-06,0.0938143805075329,0.1560606715011718,0.06224629099363892,WORSENING
618745,2026-04,,0.16949120073894042,,
618746,2026-04,,0.16972946312652307,,
618746,2026-05,0.16972946312652307,0.09102545772388071,-0.07870400540264236,IMPROVING
618746,2026-06,0.09102545772388071,0.31756770031456155,0.22654224259068084,WORSENING
618747,2026-04,,0.15133436833764616,,
618747,2026-05,0.15133436833764616,0.08414339281168495,-0.0671909755259612,IMPROVING
618747,2026-06,0.08414339281168495,0.22909712325137258,0.14495373043968762,WORSENING
618748,2026-04,,0.12276784347092162,,
618749,2026-04,,0.1204964036322068,,
618749,2026-05,0.1204964036322068,0.05910592025848767,-0.061390483373719135,IMPROVING
618751,2026-04,,0.22896001119570647,,
618751,2026-05,0.22896001119570647,0.14032713796334467,-0.0886328732323618,IMPROVING
618751,2026-06,0.14032713796334467,0.19139035485790404,0.051063216894559366,WORSENING
618754,2026-04,,0.20343621672025228,,
618754,2026-05,0.20343621672025228,0.11131512817884635,-0.09212108854140592,IMPROVING
618754,2026-06,0.11131512817884635,0.16202810298787493,0.050712974809028574,WORSENING
618755,2026-04,,0.1319190935291853,,
618756,2026-04,,0.2178935398696079,,
618756,2026-05,0.2178935398696079,0.16714516521886888,-0.05074837465073903,IMPROVING
618756,2026-06,0.16714516521886888,0.35122419542042216,0.18407903020155328,WORSENING
618757,2026-04,,0.2617872579821938,,
618757,2026-05,0.2617872579821938,0.14151614199645696,-0.12027111598573687,IMPROVING
618757,2026-06,0.14151614199645696,0.19327948224911823,0.05176334025266127,WORSENING
618758,2026-04,,0.2557662896297623,,
618758,2026-05,0.2557662896297623,0.10148705860999728,-0.15427923101976498,IMPROVING
618758,2026-06,0.10148705860999728,0.2019275633834627,0.10044050477346543,WORSENING
618759,2026-04,,0.12550062760720043,,
618759,2026-05,0.12550062760720043,0.07647481769126213,-0.0490258099159383,STABLE
618759,2026-06,0.07647481769126213,0.17238785453040512,0.09591303683914298,WORSENING
618760,2026-04,,0.1750319128502909,,
618761,2026-04,,0.1383787987029893,,
618761,2026-05,0.1383787987029893,0.1838020069802038,0.045423208277214494,STABLE
618761,2026-06,0.1838020069802038,0.22991379961904349,0.04611179263883969,STABLE
618762,2026-04,,0.17655581059095798,,
618762,2026-05,0.17655581059095798,0.1147897848184238,-0.06176602577253418,IMPROVING
618762,2026-06,0.1147897848184238,0.21727181678720753,0.10248203196878372,WORSENING
618764,2026-04,,0.24253272640047568,,
618764,2026-05,0.24253272640047568,0.15766863806344938,-0.0848640883370263,IMPROVING
618764,2026-06,0.15766863806344938,0.2429167844782698,0.08524814641482042,WORSENING
618765,2026-04,,0.1917101018115004,,
618765,2026-05,0.1917101018115004,0.11153259046201815,-0.08017751134948224,IMPROVING
618765,2026-06,0.11153259046201815,0.22012281022197153,0.10859021975995338,WORSENING
618766,2026-04,,0.2552892976609011,,
618766,2026-05,0.2552892976609011,0.1434252719367882,-0.11186402572411289,IMPROVING
618766,2026-06,0.1434252719367882,0.20380460494366273,0.060379333006874536,WORSENING
618768,2026-04,,0.13620148123627676,,
618768,2026-05,0.13620148123627676,0.04236658291804878,-0.09383489831822797,IMPROVING
618768,2026-06,0.04236658291804878,0.12705584026483155,0.08468925734678276,WORSENING
618769,2026-04,,0.16544370176106812,,
618769,2026-05,0.16544370176106812,0.06654041905952346,-0.09890328270154466,IMPROVING
618769,2026-06,0.06654041905952346,0.12025322872597412,0.05371280966645066,WORSENING
618770,2026-04,,0.2329543650362096,,
618771,2026-04,,0.17156992421261474,,
618772,2026-04,,0.17073472619211186,,
618772,2026-05,0.17073472619211186,0.07863675961800497,-0.09209796657410689,IMPROVING
618772,2026-06,0.07863675961800497,0.1725490098377881,0.09391225021978312,WORSENING
618773,2026-04,,0.17960278679378436,,
618774,2026-04,,0.15146574563133347,,
618775,2026-04,,0.1803970456326129,,
618775,2026-05,0.1803970456326129,0.10433317854732653,-0.07606386708528638,IMPROVING
618775,2026-06,0.10433317854732653,0.12600707472896222,0.02167389618163569,STABLE
618776,2026-04,,0.17294497446500823,,
618776,2026-05,0.17294497446500823,0.19307034234912815,0.02012536788411992,STABLE
618776,2026-06,0.19307034234912815,0.3689157315823956,0.17584538923326745,WORSENING
618777,2026-04,,0.14204431953425958,,
618777,2026-05,0.14204431953425958,0.0686195483523635,-0.07342477118189608,IMPROVING
618777,2026-06,0.0686195483523635,0.11412911496064526,0.04550956660828176,STABLE
618778,2026-04,,0.19522126905741183,,
618778,2026-05,0.19522126905741183,0.13262810422250715,-0.06259316483490468,IMPROVING
618778,2026-06,0.13262810422250715,0.19335767469340526,0.06072957047089811,WORSENING
618779,2026-04,,0.1702472817061855,,
618782,2026-04,,0.20227624471342284,,
618782,2026-05,0.20227624471342284,0.1228075858585637,-0.07946865885485914,IMPROVING
618782,2026-06,0.1228075858585637,0.14952141603748262,0.026713830178918915,STABLE
618783,2026-04,,0.2095002354234417,,
618783,2026-05,0.2095002354234417,0.14051495455710344,-0.06898528086633826,IMPROVING
618783,2026-06,0.14051495455710344,0.16050695847557045,0.019992003918467005,STABLE
618784,2026-04,,0.22982750695346602,,
618784,2026-05,0.22982750695346602,0.17020119653786486,-0.05962631041560115,IMPROVING
618784,2026-06,0.17020119653786486,0.16258757424871317,-0.007613622289151689,STABLE
618785,2026-04,,0.26685996433141423,,
618785,2026-05,0.26685996433141423,0.16785548591112143,-0.09900447842029281,IMPROVING
618785,2026-06,0.16785548591112143,0.2807459204844708,0.11289043457334935,WORSENING
618786,2026-04,,0.19327525850422156,,
618786,2026-05,0.19327525850422156,0.05794149765828005,-0.1353337608459415,IMPROVING
618786,2026-06,0.05794149765828005,0.157357413086755,0.09941591542847494,WORSENING
618787,2026-04,,0.14058140317360754,,
618787,2026-05,0.14058140317360754,0.10372003581688073,-0.03686136735672681,STABLE
618787,2026-06,0.10372003581688073,0.14656762756052785,0.04284759174364712,STABLE
618788,2026-04,,0.17570128698938633,,
618788,2026-05,0.17570128698938633,0.10906737734099758,-0.06663390964838875,IMPROVING
618788,2026-06,0.10906737734099758,0.19701517999219958,0.087947802651202,WORSENING
618790,2026-04,,0.2281512094004449,,
618790,2026-05,0.2281512094004449,0.0844815441253091,-0.1436696652751358,IMPROVING
618790,2026-06,0.0844815441253091,0.18171129688484428,0.09722975275953517,WORSENING
618791,2026-04,,0.15757297068653156,,
618791,2026-05,0.15757297068653156,0.06832581284849969,-0.08924715783803187,IMPROVING
618791,2026-06,0.06832581284849969,0.16014862442129416,0.09182281157279447,WORSENING
618792,2026-04,,0.16600896859120148,,
618792,2026-05,0.16600896859120148,0.10906776427084064,-0.056941204320360844,IMPROVING
618792,2026-06,0.10906776427084064,0.14006673105717687,0.030998966786336235,STABLE
618793,2026-04,,0.26127779518349237,,
618793,2026-05,0.26127779518349237,0.18219735640409834,-0.07908043877939402,IMPROVING
618793,2026-06,0.18219735640409834,0.2903663178265962,0.10816896142249788,WORSENING
618794,2026-04,,0.18509313698918686,,
618794,2026-05,0.18509313698918686,0.1426200837467361,-0.042473053242450765,STABLE
618794,2026-06,0.1426200837467361,0.2351574385326648,0.0925373547859287,WORSENING
618795,2026-04,,0.2649662374233227,,
618795,2026-05,0.2649662374233227,0.16096008688504285,-0.10400615053827986,IMPROVING
618795,2026-06,0.16096008688504285,0.3405438216476572,0.17958373476261433,WORSENING
618796,2026-04,,0.1692525758130656,,
618796,2026-05,0.1692525758130656,0.11424443089140332,-0.05500814492166228,IMPROVING
618796,2026-06,0.11424443089140332,0.278936647022515,0.1646922161311117,WORSENING
618797,2026-04,,0.15283531615641024,,
618797,2026-05,0.15283531615641024,0.10113207970317124,-0.051703236453239,IMPROVING
618797,2026-06,0.10113207970317124,0.08900575786671737,-0.012126321836453874,STABLE
618798,2026-04,,0.2599065693748019,,
618798,2026-05,0.2599065693748019,0.1627625619788402,-0.09714400739596168,IMPROVING
618798,2026-06,0.1627625619788402,0.2038504370119486,0.0410878750331084,STABLE
618799,2026-04,,0.21567004623524,,
618799,2026-05,0.21567004623524,0.21195670145330783,-0.0037133447819321652,STABLE
618799,2026-06,0.21195670145330783,0.267298718199854,0.05534201674654618,WORSENING
618800,2026-04,,0.1887049189351127,,
618800,2026-05,0.1887049189351127,0.11469602768969231,-0.0740088912454204,IMPROVING
618800,2026-06,0.11469602768969231,0.18233357738388448,0.06763754969419217,WORSENING
618801,2026-04,,0.1992073629804433,,
618801,2026-05,0.1992073629804433,0.1198015642601838,-0.0794057987202595,IMPROVING
618801,2026-06,0.1198015642601838,0.19398005102296695,0.07417848676278314,WORSENING
618803,2026-04,,0.1477554014972741,,
618803,2026-05,0.1477554014972741,0.15707119472549186,0.009315793228217767,STABLE
618803,2026-06,0.15707119472549186,0.20953638878375494,0.05246519405826308,WORSENING
618804,2026-04,,0.23335900607054066,,
618804,2026-05,0.23335900607054066,0.13685955892785798,-0.09649944714268269,IMPROVING
618804,2026-06,0.13685955892785798,0.31484227097869405,0.17798271205083607,WORSENING
618805,2026-04,,0.131483386241006,,
618805,2026-05,0.131483386241006,0.0344874980704174,-0.0969958881705886,IMPROVING
618805,2026-06,0.0344874980704174,0.09654937891448048,0.06206188084406308,WORSENING
618806,2026-04,,0.16897562639002606,,
618806,2026-05,0.16897562639002606,0.09231791968791551,-0.07665770670211054,IMPROVING
618806,2026-06,0.09231791968791551,0.1284988570327578,0.036180937344842276,STABLE
618807,2026-04,,0.1742275114749127,,
618807,2026-05,0.1742275114749127,0.1526927795216016,-0.021534731953311098,STABLE
618807,2026-06,0.1526927795216016,0.1909136423048482,0.0382208627832466,STABLE
618808,2026-04,,0.22328442274536936,,
618808,2026-05,0.22328442274536936,0.1213651910358486,-0.10191923170952076,IMPROVING
618808,2026-06,0.1213651910358486,0.20429982179887965,0.08293463076303105,WORSENING
618809,2026-04,,0.24906722841918333,,
618809,2026-05,0.24906722841918333,0.14496044322447252,-0.10410678519471081,IMPROVING
618809,2026-06,0.14496044322447252,0.2599034167504662,0.11494297352599367,WORSENING
618810,2026-04,,0.2272223660936623,,
618810,2026-05,0.2272223660936623,0.1358595454228156,-0.09136282067084672,IMPROVING
618810,2026-06,0.1358595454228156,0.2380195405260862,0.10215999510327062,WORSENING
618811,2026-04,,0.18136908319063327,,
618811,2026-05,0.18136908319063327,0.06822644257061843,-0.11314264062001485,IMPROVING
618811,2026-06,0.06822644257061843,0.1269534674408303,0.05872702487021188,WORSENING
618812,2026-04,,0.186771576704876,,
618812,2026-05,0.186771576704876,0.058049546002627087,-0.1287220307022489,IMPROVING
618812,2026-06,0.058049546002627087,0.11821767176272586,0.06016812576009878,WORSENING
618813,2026-04,,0.21887163753244365,,
618813,2026-05,0.21887163753244365,0.0744901666491808,-0.14438147088326286,IMPROVING
618813,2026-06,0.0744901666491808,0.1389780107984833,0.06448784414930249,WORSENING
618814,2026-06,,0.1322200391846591,,
618815,2026-04,,0.22779075133928378,,
618815,2026-05,0.22779075133928378,0.14823654373152492,-0.07955420760775886,IMPROVING
618815,2026-06,0.14823654373152492,0.21109907762806718,0.06286253389654226,WORSENING
618816,2026-05,,0.1594312098732671,,
618816,2026-06,0.1594312098732671,0.12233984673857523,-0.03709136313469186,STABLE
618817,2026-04,,0.21810973578086315,,
618817,2026-05,0.21810973578086315,0.09148000271543538,-0.12662973306542777,IMPROVING
618817,2026-06,0.09148000271543538,0.17257793985844455,0.08109793714300917,WORSENING
618818,2026-04,,0.2191335791779343,,
618818,2026-05,0.2191335791779343,0.06980850537265391,-0.14932507380528037,IMPROVING
618818,2026-06,0.06980850537265391,0.13471812661431198,0.06490962124165807,WORSENING
618819,2026-04,,0.18862474193927217,,
618820,2026-04,,0.15818785304629854,,
618820,2026-05,0.15818785304629854,0.11407003279361111,-0.04411782025268743,STABLE
618820,2026-06,0.11407003279361111,0.1317721482004584,0.017702115406847296,STABLE
618821,2026-04,,0.15818785304629854,,
618821,2026-05,0.15818785304629854,0.11527264429716629,-0.04291520874913225,STABLE
618821,2026-06,0.11527264429716629,0.13397329038894437,0.018700646091778086,STABLE
618822,2026-04,,0.16374616023424138,,
618822,2026-05,0.16374616023424138,0.10729904996155644,-0.05644711027268494,IMPROVING
618822,2026-06,0.10729904996155644,0.16120484338779173,0.05390579342623529,WORSENING
618823,2026-04,,0.21589354078070708,,
618823,2026-05,0.21589354078070708,0.18827710502874295,-0.027616435751964125,STABLE
618823,2026-06,0.18827710502874295,0.20210658128149983,0.013829476252756878,STABLE
618824,2026-04,,0.21800072513823168,,
618824,2026-05,0.21800072513823168,0.16403044497196617,-0.05397028016626551,IMPROVING
618824,2026-06,0.16403044497196617,0.18967207558884414,0.025641630616877964,STABLE
618825,2026-04,,0.183670100522166,,
618825,2026-05,0.183670100522166,0.17767382044897134,-0.005996280073194665,STABLE
618825,2026-06,0.17767382044897134,0.3397197846640485,0.16204596421507717,WORSENING
618826,2026-04,,0.12622339829369073,,
618826,2026-05,0.12622339829369073,0.08481480364118678,-0.04140859465250395,STABLE
618826,2026-06,0.08481480364118678,0.13016349833476162,0.045348694693574845,STABLE
618827,2026-04,,0.18732791560666015,,
618827,2026-05,0.18732791560666015,0.2245465807413052,0.03721866513464506,STABLE
618827,2026-06,0.2245465807413052,0.19346610411834453,-0.03108047662296068,STABLE
618828,2026-04,,0.16589653442105048,,
618829,2026-04,,0.2598470538776549,,
618830,2026-04,,0.2737468968007033,,
618830,2026-05,0.2737468968007033,0.16467673256503068,-0.10907016423567262,IMPROVING
618830,2026-06,0.16467673256503068,0.24644381209173966,0.08176707952670897,WORSENING
618831,2026-04,,0.25961421651657424,,
618831,2026-05,0.25961421651657424,0.10289505561807924,-0.156719160898495,IMPROVING
618831,2026-06,0.10289505561807924,0.2084416081313982,0.10554655251331896,WORSENING
618832,2026-04,,0.18056370307899003,,
618832,2026-05,0.18056370307899003,0.06638534872253762,-0.1141783543564524,IMPROVING
618832,2026-06,0.06638534872253762,0.12573970465831386,0.05935435593577623,WORSENING
618833,2026-04,,0.16539919643097548,,
618833,2026-05,0.16539919643097548,0.0898673331709951,-0.07553186325998038,IMPROVING
618834,2026-04,,0.1452758694143944,,
618835,2026-04,,0.15716294319428697,,
618836,2026-04,,0.2680339623949652,,
618836,2026-05,0.2680339623949652,0.1563395606459904,-0.1116944017489748,IMPROVING
618836,2026-06,0.1563395606459904,0.2545556161748808,0.09821605552889043,WORSENING
618837,2026-04,,0.3030249424870298,,
618837,2026-05,0.3030249424870298,0.15812823779227672,-0.1448967046947531,IMPROVING
618837,2026-06,0.15812823779227672,0.28561995983430405,0.12749172204202733,WORSENING
618838,2026-04,,0.15708549786901535,,
618838,2026-05,0.15708549786901535,0.07724258393947395,-0.0798429139295414,IMPROVING
618838,2026-06,0.07724258393947395,0.1872572176347331,0.11001463369525916,WORSENING
618839,2026-04,,0.1485658638011843,,
618840,2026-04,,0.17784906669840816,,
618840,2026-05,0.17784906669840816,0.12032232291983787,-0.0575267437785703,IMPROVING
618840,2026-06,0.12032232291983787,0.3230741646101022,0.20275184169026433,WORSENING
618841,2026-04,,0.16171337272097824,,
618841,2026-05,0.16171337272097824,0.09608130706086793,-0.06563206566011032,IMPROVING
618841,2026-06,0.09608130706086793,0.17502893911186498,0.07894763205099706,WORSENING
618842,2026-06,,0.16505562779424943,,
618843,2026-04,,0.1586018526958869,,
618843,2026-05,0.1586018526958869,0.08029021153323454,-0.07831164116265235,IMPROVING
618843,2026-06,0.08029021153323454,0.12580484105428294,0.0455146295210484,STABLE
618844,2026-04,,0.20983916336921507,,
618844,2026-05,0.20983916336921507,0.11220883575914009,-0.09763032761007498,IMPROVING
618844,2026-06,0.11220883575914009,0.19941753051632927,0.08720869475718918,WORSENING
618845,2026-04,,0.2035259474142746,,
618845,2026-05,0.2035259474142746,0.14373173420518454,-0.059794213209090064,IMPROVING
618845,2026-06,0.14373173420518454,0.20143271318929282,0.05770097898410828,WORSENING
618846,2026-04,,0.240766971268207,,
618846,2026-05,0.240766971268207,0.1637054615835691,-0.0770615096846379,IMPROVING
618846,2026-06,0.1637054615835691,0.27034358016391696,0.10663811858034786,WORSENING
618847,2026-04,,0.35765070980946767,,
618847,2026-05,0.35765070980946767,0.23673074502562172,-0.12091996478384595,IMPROVING
618847,2026-06,0.23673074502562172,0.32080868630344433,0.08407794127782262,WORSENING
618848,2026-04,,0.16033949469769768,,
618848,2026-05,0.16033949469769768,0.04103956593841613,-0.11929992875928155,IMPROVING
618848,2026-06,0.04103956593841613,0.08326721059386709,0.04222764465545096,STABLE
618849,2026-04,,0.15411321032085018,,
618850,2026-04,,0.19090362770405125,,
618850,2026-05,0.19090362770405125,0.12636128716149814,-0.06454234054255312,IMPROVING
618850,2026-06,0.12636128716149814,0.3480515489227885,0.22169026176129036,WORSENING
618851,2026-04,,0.26372265243570625,,
618851,2026-05,0.26372265243570625,0.18786544286367285,-0.0758572095720334,IMPROVING
618851,2026-06,0.18786544286367285,0.39289448505954633,0.20502904219587348,WORSENING
618852,2026-04,,0.17178227256806486,,
618852,2026-05,0.17178227256806486,0.18993402381365523,0.018151751245590375,STABLE
618852,2026-06,0.18993402381365523,0.2473896395063248,0.057455615692669576,WORSENING
618853,2026-04,,0.20334686861917123,,
618853,2026-05,0.20334686861917123,0.09825054592649887,-0.10509632269267236,IMPROVING
618853,2026-06,0.09825054592649887,0.11536598388614813,0.01711543795964926,STABLE
618854,2026-04,,0.1594523169215237,,
618855,2026-04,,0.11877373445388853,,
618856,2026-04,,0.19858073428862547,,
618856,2026-05,0.19858073428862547,0.11368393997595731,-0.08489679431266815,IMPROVING
618856,2026-06,0.11368393997595731,0.2281690484378806,0.1144851084619233,WORSENING
618858,2026-04,,0.18068706523156108,,
618858,2026-05,0.18068706523156108,0.10748503168033978,-0.0732020335512213,IMPROVING
618858,2026-06,0.10748503168033978,0.20316621017623504,0.09568117849589526,WORSENING
618859,2026-04,,0.12630490253414808,,
618859,2026-05,0.12630490253414808,0.05360141131089692,-0.07270349122325116,IMPROVING
618859,2026-06,0.05360141131089692,0.13644118051526782,0.0828397692043709,WORSENING
618861,2026-04,,0.1962606838397977,,
618861,2026-05,0.1962606838397977,0.188080693182067,-0.008179990657730701,STABLE
618861,2026-06,0.188080693182067,0.31515570340081595,0.12707501021874895,WORSENING
618862,2026-04,,0.18924798641997992,,
618862,2026-05,0.18924798641997992,0.1431188902813565,-0.04612909613862343,STABLE
618862,2026-06,0.1431188902813565,0.31299556575602605,0.16987667547466956,WORSENING
618863,2026-04,,0.27720539129057403,,
618863,2026-05,0.27720539129057403,0.23513195283583457,-0.04207343845473946,STABLE
618863,2026-06,0.23513195283583457,0.41039213670311087,0.1752601838672763,WORSENING
618864,2026-04,,0.15709437572155638,,
618865,2026-04,,0.1548569769458907,,
618866,2026-04,,0.13962145712442775,,
618866,2026-05,0.13962145712442775,0.0907374176058396,-0.04888403951858815,STABLE
618866,2026-06,0.0907374176058396,0.1341947989602541,0.0434573813544145,STABLE
618867,2026-04,,0.2143007706690877,,
618867,2026-05,0.2143007706690877,0.08916624243107918,-0.12513452823800852,IMPROVING
618867,2026-06,0.08916624243107918,0.16751099720525403,0.07834475477417485,WORSENING
618868,2026-04,,0.1975453878676732,,
618868,2026-05,0.1975453878676732,0.12229324805686465,-0.07525213981080855,IMPROVING
618868,2026-06,0.12229324805686465,0.21197836626344693,0.08968511820658229,WORSENING
618869,2026-04,,0.1233526195279957,,
618869,2026-05,0.1233526195279957,0.060098920126151055,-0.06325369940184464,IMPROVING
618869,2026-06,0.060098920126151055,0.13195640041021414,0.07185748028406308,WORSENING
618870,2026-04,,0.19403386446805443,,
618870,2026-05,0.19403386446805443,0.08887758622540927,-0.10515627824264516,IMPROVING
618870,2026-06,0.08887758622540927,0.18571897150049355,0.09684138527508428,WORSENING
618871,2026-04,,0.1585019504124542,,
618871,2026-05,0.1585019504124542,0.04784479520792619,-0.11065715520452801,IMPROVING
618871,2026-06,0.04784479520792619,0.16280632498217304,0.11496152977424684,WORSENING
618872,2026-04,,0.1849839828819777,,
618872,2026-05,0.1849839828819777,0.07576412414812424,-0.10921985873385347,IMPROVING
618872,2026-06,0.07576412414812424,0.15586929651614656,0.08010517236802232,WORSENING
618873,2026-04,,0.18817360754996904,,
618873,2026-05,0.18817360754996904,0.07849259373136969,-0.10968101381859935,IMPROVING
618873,2026-06,0.07849259373136969,0.17087611503484018,0.0923835213034705,WORSENING
618874,2026-04,,0.16214416094903208,,
618875,2026-04,,0.2425742512411566,,
618875,2026-05,0.2425742512411566,0.18068233292180028,-0.06189191831935634,IMPROVING
618875,2026-06,0.18068233292180028,0.23603966250262773,0.05535732958082745,WORSENING
618878,2026-04,,0.17963424141680076,,
618878,2026-05,0.17963424141680076,0.0907934041370916,-0.08884083727970916,IMPROVING
618878,2026-06,0.0907934041370916,0.2031320318736438,0.11233862773655219,WORSENING
618879,2026-04,,0.18001750707624697,,
618879,2026-05,0.18001750707624697,0.10497460400112113,-0.07504290307512584,IMPROVING
618879,2026-06,0.10497460400112113,0.2079034523361419,0.10292884833502078,WORSENING
618880,2026-04,,0.23660784198250231,,
618880,2026-05,0.23660784198250231,0.14543935802595132,-0.091168483956551,IMPROVING
618880,2026-06,0.14543935802595132,0.21597101057594453,0.07053165254999322,WORSENING
618881,2026-04,,0.21305491210580718,,
618881,2026-05,0.21305491210580718,0.11701064678542762,-0.09604426532037956,IMPROVING
618881,2026-06,0.11701064678542762,0.1641097737965446,0.04709912701111697,STABLE
618882,2026-04,,0.185469737206326,,
618882,2026-05,0.185469737206326,0.05235983509678221,-0.1331099021095438,IMPROVING
618882,2026-06,0.05235983509678221,0.10493536017270981,0.0525755250759276,WORSENING
618883,2026-04,,0.15822882513596975,,
618883,2026-05,0.15822882513596975,0.11249443165559958,-0.04573439348037017,STABLE
618883,2026-06,0.11249443165559958,0.23458715091874846,0.12209271926314888,WORSENING
618884,2026-04,,0.1549126852563434,,
618884,2026-05,0.1549126852563434,0.12105215240866112,-0.0338605328476823,STABLE
618884,2026-06,0.12105215240866112,0.17264116322992157,0.05158901082126045,WORSENING
618885,2026-04,,0.17927102825968935,,
618885,2026-05,0.17927102825968935,0.15819713203768385,-0.021073896222005506,STABLE
618885,2026-06,0.15819713203768385,0.14411228319995617,-0.014084848837727676,STABLE
618886,2026-04,,0.19390977400639473,,
618886,2026-05,0.19390977400639473,0.0690768376031003,-0.12483293640329443,IMPROVING
618886,2026-06,0.0690768376031003,0.09815168599949953,0.029074848396399233,STABLE
618887,2026-04,,0.31276717638657053,,
618887,2026-05,0.31276717638657053,0.15557875802663612,-0.1571884183599344,IMPROVING
618887,2026-06,0.15557875802663612,0.3225716897750473,0.16699293174841118,WORSENING
618888,2026-04,,0.17382595791130726,,
618888,2026-05,0.17382595791130726,0.08487566090408417,-0.08895029700722308,IMPROVING
618888,2026-06,0.08487566090408417,0.30693229042359343,0.22205662951950927,WORSENING
618889,2026-04,,0.17930686326431733,,
618889,2026-05,0.17930686326431733,0.15004224249483825,-0.029264620769479083,STABLE
618889,2026-06,0.15004224249483825,0.25975383833079807,0.10971159583595982,WORSENING
618890,2026-04,,0.1650009252118618,,
618890,2026-05,0.1650009252118618,0.09338710884583686,-0.07161381636602494,IMPROVING
618890,2026-06,0.09338710884583686,0.1982701887288602,0.10488307988302335,WORSENING
618891,2026-04,,0.23595469472590197,,
618891,2026-05,0.23595469472590197,0.06934692027796117,-0.16660777444794078,IMPROVING
618891,2026-06,0.06934692027796117,0.1698611071402252,0.10051418686226403,WORSENING
618892,2026-06,,0.1897434702470269,,
618893,2026-04,,0.20196657667258827,,
618893,2026-05,0.20196657667258827,0.14369388601880262,-0.05827269065378565,IMPROVING
618893,2026-06,0.14369388601880262,0.37452709368443027,0.23083320766562765,WORSENING
618894,2026-04,,0.2322176537149824,,
618894,2026-05,0.2322176537149824,0.1276336672457597,-0.1045839864692227,IMPROVING
618894,2026-06,0.1276336672457597,0.29716214990132545,0.16952848265556575,WORSENING
618895,2026-04,,0.22405069203368655,,
618895,2026-05,0.22405069203368655,0.12110248282274388,-0.10294820921094266,IMPROVING
618895,2026-06,0.12110248282274388,0.26042602384713925,0.13932354102439537,WORSENING
618896,2026-04,,0.2668386812322417,,
618896,2026-05,0.2668386812322417,0.16972974415632558,-0.09710893707591611,IMPROVING
618896,2026-06,0.16972974415632558,0.3829732688981021,0.21324352474177655,WORSENING
618897,2026-04,,0.23320413037759508,,
618898,2026-04,,0.19628514962518231,,
618898,2026-05,0.19628514962518231,0.08129304166136218,-0.11499210796382013,IMPROVING
618898,2026-06,0.08129304166136218,0.14012968271720141,0.05883664105583923,WORSENING
618899,2026-04,,0.2065665478941508,,
618899,2026-05,0.2065665478941508,0.13603275588559746,-0.07053379200855334,IMPROVING
618899,2026-06,0.13603275588559746,0.27041569297152096,0.1343829370859235,WORSENING
618901,2026-04,,0.18948568634974958,,
618901,2026-05,0.18948568634974958,0.15685731260289487,-0.032628373746854705,STABLE
618901,2026-06,0.15685731260289487,0.17875463919663465,0.021897326593739774,STABLE
618902,2026-04,,0.24121739086239505,,
618902,2026-05,0.24121739086239505,0.17094926826912474,-0.07026812259327031,IMPROVING
618902,2026-06,0.17094926826912474,0.3387514775609037,0.16780220929177894,WORSENING
618903,2026-04,,0.1804160315696589,,
618903,2026-05,0.1804160315696589,0.1468118478781644,-0.03360418369149451,STABLE
618903,2026-06,0.1468118478781644,0.3486653462119767,0.2018534983338123,WORSENING
618904,2026-04,,0.17171944159234445,,
618904,2026-05,0.17171944159234445,0.1252104010175384,-0.046509040574806065,STABLE
618905,2026-04,,0.386643797313886,,
618905,2026-05,0.386643797313886,0.1456356584820323,-0.24100813883185368,IMPROVING
618905,2026-06,0.1456356584820323,0.19754652689607113,0.05191086841403883,WORSENING
618906,2026-04,,0.27703527583227205,,
618906,2026-05,0.27703527583227205,0.1836149851350781,-0.09342029069719396,IMPROVING
618906,2026-06,0.1836149851350781,0.3691460303649958,0.18553104522991773,WORSENING
618907,2026-04,,0.2320198739136192,,
618907,2026-05,0.2320198739136192,0.07963807715599072,-0.15238179675762847,IMPROVING
618907,2026-06,0.07963807715599072,0.17934459205904038,0.09970651490304966,WORSENING
618908,2026-04,,0.2546021283266756,,
618908,2026-05,0.2546021283266756,0.1709383583388597,-0.08366376998781591,IMPROVING
618908,2026-06,0.1709383583388597,0.19390325228733582,0.022964893948476117,STABLE
618909,2026-04,,0.21506335490620268,,
618909,2026-05,0.21506335490620268,0.13370745919667024,-0.08135589570953244,IMPROVING
618909,2026-06,0.13370745919667024,0.3950903850813878,0.26138292588471757,WORSENING
618910,2026-04,,0.17964795909474965,,
618910,2026-05,0.17964795909474965,0.1517388707688564,-0.027909088325893255,STABLE
618911,2026-04,,0.21726814139001685,,
618911,2026-05,0.21726814139001685,0.1291466781761046,-0.08812146321391226,IMPROVING
618911,2026-06,0.1291466781761046,0.2071572285135597,0.0780105503374551,WORSENING
618912,2026-04,,0.15500912379184503,,
618913,2026-04,,0.16141503937640173,,
618914,2026-04,,0.2823930978274597,,
618914,2026-05,0.2823930978274597,0.15299309082314502,-0.12940000700431467,IMPROVING
618914,2026-06,0.15299309082314502,0.19223731440511643,0.03924422358197141,STABLE
618915,2026-04,,0.20106400940483124,,
618916,2026-04,,0.1788283498748669,,
618917,2026-04,,0.19713914519789982,,
618917,2026-05,0.19713914519789982,0.12113317052676464,-0.07600597467113518,IMPROVING
618917,2026-06,0.12113317052676464,0.19991143146561402,0.07877826093884938,WORSENING
618919,2026-04,,0.1276675949905438,,
618920,2026-04,,0.20338216901956124,,
618920,2026-05,0.20338216901956124,0.06839499691243471,-0.13498717210712652,IMPROVING
618920,2026-06,0.06839499691243471,0.1352070274277052,0.0668120305152705,WORSENING
618921,2026-04,,0.45176251337980944,,
618921,2026-05,0.45176251337980944,0.2026258976897344,-0.24913661569007503,IMPROVING
618921,2026-06,0.2026258976897344,0.34495038338993345,0.14232448570019904,WORSENING
618922,2026-04,,0.30040490930811253,,
618922,2026-05,0.30040490930811253,0.21001574934643397,-0.09038915996167857,IMPROVING
618922,2026-06,0.21001574934643397,0.3041219405774352,0.09410619123100122,WORSENING
618923,2026-04,,0.22048394479130987,,
618923,2026-05,0.22048394479130987,0.150701957352603,-0.06978198743870687,IMPROVING
618923,2026-06,0.150701957352603,0.2195061596979259,0.06880420234532289,WORSENING
618924,2026-04,,0.20522382092136426,,
618924,2026-05,0.20522382092136426,0.21561573488175378,0.01039191396038952,STABLE
618924,2026-06,0.21561573488175378,0.2068435930906092,-0.008772141791144578,STABLE
618925,2026-04,,0.19693995567389927,,
618925,2026-05,0.19693995567389927,0.19610708972197752,-0.0008328659519217518,STABLE
618925,2026-06,0.19610708972197752,0.27887189671233303,0.08276480699035552,WORSENING
618926,2026-04,,0.22084265731838315,,
618926,2026-05,0.22084265731838315,0.08120906319570807,-0.13963359412267506,IMPROVING
618926,2026-06,0.08120906319570807,0.16554515445780116,0.08433609126209309,WORSENING
618927,2026-04,,0.2624573050236645,,
618927,2026-05,0.2624573050236645,0.17819673653499718,-0.08426056848866731,IMPROVING
618927,2026-06,0.17819673653499718,0.18950591019445598,0.011309173659458799,STABLE
618928,2026-04,,0.2331986602555109,,
618928,2026-05,0.2331986602555109,0.21462818724741203,-0.01857047300809886,STABLE
618928,2026-06,0.21462818724741203,0.17699983349196236,-0.03762835375544968,STABLE
618929,2026-04,,0.2466861642992239,,
618929,2026-05,0.2466861642992239,0.13468784903881573,-0.11199831526040818,IMPROVING
618929,2026-06,0.13468784903881573,0.2213213699893204,0.08663352095050467,WORSENING
618930,2026-04,,0.143262268693742,,
618930,2026-05,0.143262268693742,0.04208108684817036,-0.10118118184557165,IMPROVING
618930,2026-06,0.04208108684817036,0.13750692444768967,0.09542583759951931,WORSENING
618931,2026-04,,0.14878297454219322,,
618931,2026-05,0.14878297454219322,0.04144123653526638,-0.10734173800692684,IMPROVING
618931,2026-06,0.04144123653526638,0.11562830472130162,0.07418706818603524,WORSENING
618932,2026-04,,0.18325061757056132,,
618932,2026-05,0.18325061757056132,0.0748566542087458,-0.10839396336181553,IMPROVING
618932,2026-06,0.0748566542087458,0.14127940042622866,0.06642274621748287,WORSENING
618933,2026-04,,0.15947607879816927,,
618933,2026-05,0.15947607879816927,0.050486364643588445,-0.10898971415458084,IMPROVING
618933,2026-06,0.050486364643588445,0.1687673652468849,0.11828100060329647,WORSENING
618934,2026-04,,0.13529669322238044,,
618934,2026-05,0.13529669322238044,0.048480797770726274,-0.08681589545165416,IMPROVING
618934,2026-06,0.048480797770726274,0.11557212703560897,0.0670913292648827,WORSENING
618935,2026-04,,0.14786054359582265,,
618936,2026-04,,0.27991379663291727,,
618936,2026-05,0.27991379663291727,0.1295266863791187,-0.15038711025379856,IMPROVING
618936,2026-06,0.1295266863791187,0.23943863439393057,0.10991194801481186,WORSENING
618937,2026-04,,0.3250061471884751,,
618937,2026-05,0.3250061471884751,0.23351863749960014,-0.09148750968887495,IMPROVING
618937,2026-06,0.23351863749960014,0.4061954117452184,0.17267677424561825,WORSENING
618938,2026-04,,0.14052416311352106,,
618939,2026-04,,0.20574138004054365,,
618939,2026-05,0.20574138004054365,0.09265987708576168,-0.11308150295478198,IMPROVING
618939,2026-06,0.09265987708576168,0.13106637338573113,0.03840649629996945,STABLE
618941,2026-04,,0.22250422661219532,,
618941,2026-05,0.22250422661219532,0.11932565849527153,-0.10317856811692379,IMPROVING
618941,2026-06,0.11932565849527153,0.2138565504477343,0.09453089195246277,WORSENING
618942,2026-04,,0.23922436349570964,,
618942,2026-05,0.23922436349570964,0.1367151908189219,-0.10250917267678775,IMPROVING
618942,2026-06,0.1367151908189219,0.15609738339304,0.019382192574118107,STABLE
618943,2026-04,,0.17373467254150904,,
618944,2026-04,,0.285438135428359,,
618944,2026-05,0.285438135428359,0.12515104518601083,-0.16028709024234816,IMPROVING
618944,2026-06,0.12515104518601083,0.1993128345377977,0.07416178935178686,WORSENING
618945,2026-04,,0.1543574064561999,,
618945,2026-05,0.1543574064561999,0.09614838502420286,-0.05820902143199705,IMPROVING
618945,2026-06,0.09614838502420286,0.20916857566322442,0.11302019063902155,WORSENING
618946,2026-04,,0.19080050049281488,,
618947,2026-04,,0.27702696782873776,,
618947,2026-05,0.27702696782873776,0.17191532470091506,-0.1051116431278227,IMPROVING
618947,2026-06,0.17191532470091506,0.3377993387441688,0.16588401404325373,WORSENING
618948,2026-04,,0.16061791880413467,,
618948,2026-05,0.16061791880413467,0.05104458678573907,-0.10957333201839561,IMPROVING
618948,2026-06,0.05104458678573907,0.13021067269173864,0.07916608590599958,WORSENING
618949,2026-04,,0.21448986169346132,,
618949,2026-05,0.21448986169346132,0.13685666162119134,-0.07763320007226998,IMPROVING
618949,2026-06,0.13685666162119134,0.22971181980577293,0.0928551581845816,WORSENING
618950,2026-04,,0.1714034052396198,,
618950,2026-05,0.1714034052396198,0.042677903970495916,-0.12872550126912388,IMPROVING
618950,2026-06,0.042677903970495916,0.09838214606004568,0.055704242089549764,WORSENING
618951,2026-04,,0.19846997822640935,,
618951,2026-05,0.19846997822640935,0.12130883448976007,-0.07716114373664928,IMPROVING
618951,2026-06,0.12130883448976007,0.26825892891653114,0.14695009442677107,WORSENING
618952,2026-04,,0.2987225186251998,,
618952,2026-05,0.2987225186251998,0.3347181742919338,0.03599565566673402,STABLE
618952,2026-06,0.3347181742919338,0.435465242615014,0.10074706832308022,WORSENING
618953,2026-04,,0.31916992958332374,,
618953,2026-05,0.31916992958332374,0.3844967172753351,0.06532678769201133,WORSENING
618953,2026-06,0.3844967172753351,0.37160565903023995,-0.012891058245095122,STABLE
618954,2026-04,,0.24937437710358012,,
618954,2026-05,0.24937437710358012,0.09759332055682977,-0.15178105654675034,IMPROVING
618954,2026-06,0.09759332055682977,0.16283856884543313,0.06524524828860336,WORSENING
618955,2026-04,,0.24139197452037792,,
618955,2026-05,0.24139197452037792,0.2565444407951125,0.0151524662747346,STABLE
618955,2026-06,0.2565444407951125,0.32546717752369325,0.06892273672858074,WORSENING
618956,2026-04,,0.2688168257122993,,
618956,2026-05,0.2688168257122993,0.11127207792960689,-0.15754474778269242,IMPROVING
618956,2026-06,0.11127207792960689,0.14666926965766477,0.035397191728057886,STABLE
618957,2026-04,,0.17560363915736774,,
618957,2026-05,0.17560363915736774,0.12543635999208755,-0.05016727916528019,IMPROVING
618957,2026-06,0.12543635999208755,0.31509860576522786,0.1896622457731403,WORSENING
618958,2026-04,,0.3182357365256189,,
618958,2026-05,0.3182357365256189,0.1692974098643334,-0.14893832666128548,IMPROVING
618958,2026-06,0.1692974098643334,0.227522137490997,0.058224727626663614,WORSENING
618959,2026-04,,0.12732614697509592,,
618960,2026-04,,0.21534222642293532,,
618960,2026-05,0.21534222642293532,0.13653720445998654,-0.07880502196294878,IMPROVING
618960,2026-06,0.13653720445998654,0.1681080285327171,0.03157082407273057,STABLE
618961,2026-04,,0.13697565431679634,,
618961,2026-05,0.13697565431679634,0.04472329716776439,-0.09225235714903196,IMPROVING
618961,2026-06,0.04472329716776439,0.10765555370303422,0.06293225653526982,WORSENING
618962,2026-04,,0.1750301955188699,,
618962,2026-05,0.1750301955188699,0.057631348695577365,-0.11739884682329252,IMPROVING
618962,2026-06,0.057631348695577365,0.12674785460480878,0.06911650590923141,WORSENING
618963,2026-04,,0.23219605317474895,,
618963,2026-05,0.23219605317474895,0.10679906800877476,-0.1253969851659742,IMPROVING
618963,2026-06,0.10679906800877476,0.16746738347013196,0.0606683154613572,WORSENING
618964,2026-04,,0.1581643624231603,,
618964,2026-05,0.1581643624231603,0.04541157325722217,-0.11275278916593812,IMPROVING
618964,2026-06,0.04541157325722217,0.11855099458705105,0.07313942132982888,WORSENING
618966,2026-04,,0.1782747166169565,,
618966,2026-05,0.1782747166169565,0.056011457341283905,-0.12226325927567261,IMPROVING
618966,2026-06,0.056011457341283905,0.10274334889132306,0.04673189155003915,STABLE
618967,2026-04,,0.27236056341544845,,
618967,2026-05,0.27236056341544845,0.10423437740120434,-0.16812618601424412,IMPROVING
618967,2026-06,0.10423437740120434,0.15047385546401634,0.046239478062812006,STABLE
618968,2026-04,,0.20412002781423425,,
618968,2026-05,0.20412002781423425,0.2277263370911104,0.023606309276876153,STABLE
618968,2026-06,0.2277263370911104,0.3094927089295216,0.08176637183841118,WORSENING
618969,2026-04,,0.20361462054696242,,
618969,2026-05,0.20361462054696242,0.15474812507803543,-0.04886649546892699,STABLE
618969,2026-06,0.15474812507803543,0.23779575754875146,0.08304763247071603,WORSENING
618970,2026-04,,0.16840331511756051,,
618970,2026-05,0.16840331511756051,0.14729168203708234,-0.02111163308047817,STABLE
618970,2026-06,0.14729168203708234,0.3386606634567305,0.19136898141964817,WORSENING
618971,2026-04,,0.1706303168221392,,
618971,2026-05,0.1706303168221392,0.059032367113223266,-0.11159794970891593,IMPROVING
618971,2026-06,0.059032367113223266,0.09323182772885298,0.034199460615629715,STABLE
618972,2026-04,,0.17120651109082477,,
618972,2026-05,0.17120651109082477,0.06114326403070657,-0.11006324706011819,IMPROVING
618976,2026-04,,0.2089074070498023,,
618976,2026-05,0.2089074070498023,0.11056213632356818,-0.09834527072623411,IMPROVING
618976,2026-06,0.11056213632356818,0.13968898885643882,0.029126852532870645,STABLE
618977,2026-04,,0.17280861343483475,,
618977,2026-05,0.17280861343483475,0.049705284163648465,-0.12310332927118628,IMPROVING
618977,2026-06,0.049705284163648465,0.09268964742518328,0.04298436326153481,STABLE
618978,2026-04,,0.19667070356207209,,
618978,2026-05,0.19667070356207209,0.0745645818071664,-0.12210612175490569,IMPROVING
618981,2026-04,,0.17330304766232418,,
618981,2026-05,0.17330304766232418,0.06718487563112353,-0.10611817203120065,IMPROVING
618981,2026-06,0.06718487563112353,0.11731015906856399,0.05012528343744045,WORSENING
618982,2026-04,,0.23211252730171442,,
618982,2026-05,0.23211252730171442,0.1467189287438296,-0.08539359855788481,IMPROVING
618982,2026-06,0.1467189287438296,0.17162926449301696,0.024910335749187357,STABLE
618985,2026-04,,0.20255070728265287,,
618985,2026-05,0.20255070728265287,0.06429470457351674,-0.13825600270913613,IMPROVING
618985,2026-06,0.06429470457351674,0.1089450985637142,0.04465039399019746,STABLE
618986,2026-04,,0.1550297862162849,,
618986,2026-05,0.1550297862162849,0.05805748739796744,-0.09697229881831747,IMPROVING
618991,2026-04,,0.19300582350859632,,
618991,2026-05,0.19300582350859632,0.12744631964568062,-0.0655595038629157,IMPROVING
618991,2026-06,0.12744631964568062,0.15570131849680094,0.028254998851120317,STABLE
618992,2026-04,,0.1975117029210531,,
618992,2026-05,0.1975117029210531,0.1051401048879464,-0.09237159803310671,IMPROVING
618992,2026-06,0.1051401048879464,0.13389079546523444,0.028750690577288046,STABLE
618995,2026-04,,0.20669231485261325,,
618995,2026-05,0.20669231485261325,0.08414303466303433,-0.12254928018957892,IMPROVING
619003,2026-04,,0.19200781829023986,,
619003,2026-05,0.19200781829023986,0.19707032205535766,0.005062503765117798,STABLE
619003,2026-06,0.19707032205535766,0.4031563318168269,0.20608600976146926,WORSENING
619004,2026-04,,0.20986034934554806,,
619004,2026-05,0.20986034934554806,0.07481033316652098,-0.13505001617902707,IMPROVING
619004,2026-06,0.07481033316652098,0.1045871732237444,0.02977684005722342,STABLE
619005,2026-04,,0.2334489571032987,,
619005,2026-05,0.2334489571032987,0.0749862695941209,-0.1584626875091778,IMPROVING
619005,2026-06,0.0749862695941209,0.10978219590289297,0.03479592630877207,STABLE
619007,2026-04,,0.22128110477378532,,
619007,2026-05,0.22128110477378532,0.06886514058261668,-0.15241596419116865,IMPROVING
619007,2026-06,0.06886514058261668,0.09519652251924199,0.026331381936625306,STABLE
619008,2026-04,,0.1921720663285794,,
619008,2026-05,0.1921720663285794,0.140711867138666,-0.051460199189913375,IMPROVING
619008,2026-06,0.140711867138666,0.1299793800783944,-0.010732487060271606,STABLE
619009,2026-04,,0.2151408148437199,,
619009,2026-05,0.2151408148437199,0.09057564983385974,-0.12456516500986017,IMPROVING
619009,2026-06,0.09057564983385974,0.12769548324552857,0.03711983341166883,STABLE
619010,2026-04,,0.23591089222611145,,
619010,2026-05,0.23591089222611145,0.16151859360735435,-0.0743922986187571,IMPROVING
619010,2026-06,0.16151859360735435,0.2807905833238275,0.11927198971647315,WORSENING
619013,2026-04,,0.25039679595080266,,
619013,2026-05,0.25039679595080266,0.18089829322383502,-0.06949850272696764,IMPROVING
619013,2026-06,0.18089829322383502,0.2817839546467403,0.10088566142290525,WORSENING
619014,2026-04,,0.1847936869661223,,
619014,2026-05,0.1847936869661223,0.06439852060782712,-0.12039516635829518,IMPROVING
619014,2026-06,0.06439852060782712,0.09193052882297098,0.027532008215143858,STABLE
619022,2026-04,,0.2214559755653698,,
619022,2026-05,0.2214559755653698,0.11107769085266234,-0.11037828471270747,IMPROVING
619022,2026-06,0.11107769085266234,0.11738784636431401,0.006310155511651677,STABLE
619024,2026-04,,0.23216770781711144,,
619024,2026-05,0.23216770781711144,0.08876140337640337,-0.14340630444070807,IMPROVING
619024,2026-06,0.08876140337640337,0.1324435124883053,0.04368210911190193,STABLE
619025,2026-04,,0.17527740570076336,,
619025,2026-05,0.17527740570076336,0.085560201606451,-0.08971720409431236,IMPROVING
619025,2026-06,0.085560201606451,0.10937606420608574,0.023815862599634738,STABLE
619026,2026-04,,0.247308623417884,,
619026,2026-05,0.247308623417884,0.08566088578633219,-0.16164773763155182,IMPROVING
619026,2026-06,0.08566088578633219,0.14151407044914194,0.05585318466280975,WORSENING
619027,2026-04,,0.2827721915194847,,
619027,2026-05,0.2827721915194847,0.10648236807378679,-0.17628982344569788,IMPROVING
619027,2026-06,0.10648236807378679,0.1590182511049197,0.05253588303113292,WORSENING
619028,2026-04,,0.15545092705513414,,
619028,2026-05,0.15545092705513414,0.054177487316466814,-0.10127343973866731,IMPROVING
619028,2026-06,0.054177487316466814,0.0686501019302476,0.014472614613780792,STABLE
619029,2026-04,,0.15321422026291656,,
619029,2026-05,0.15321422026291656,0.13556775468343937,-0.01764646557947719,STABLE
619029,2026-06,0.13556775468343937,0.2526172865870032,0.11704953190356385,WORSENING
619030,2026-04,,0.1760897629767473,,
619030,2026-05,0.1760897629767473,0.04353468542764897,-0.13255507754909834,IMPROVING
619030,2026-06,0.04353468542764897,0.09233818198391716,0.04880349655626819,STABLE
619031,2026-04,,0.19837428525895404,,
619031,2026-05,0.19837428525895404,0.08164435123026687,-0.11672993402868717,IMPROVING
619031,2026-06,0.08164435123026687,0.09949928511206388,0.017854933881797014,STABLE
619032,2026-04,,0.24145656161613396,,
619032,2026-05,0.24145656161613396,0.08643702574301844,-0.1550195358731155,IMPROVING
619032,2026-06,0.08643702574301844,0.12876402795098169,0.042327002207963246,STABLE
619033,2026-04,,0.22608312640460562,,
619033,2026-05,0.22608312640460562,0.15904453373714128,-0.06703859266746434,IMPROVING
619033,2026-06,0.15904453373714128,0.1972237725673677,0.03817923883022642,STABLE
619038,2026-04,,0.21557820687865253,,
619038,2026-05,0.21557820687865253,0.20018959902767905,-0.015388607850973485,STABLE
619038,2026-06,0.20018959902767905,0.198010251204594,-0.0021793478230850427,STABLE
619039,2026-06,,0.19121902600394824,,
619042,2026-04,,0.2813610391490251,,
619042,2026-05,0.2813610391490251,0.17999690237831892,-0.10136413677070619,IMPROVING
619042,2026-06,0.17999690237831892,0.21591715433170966,0.03592025195339074,STABLE
619045,2026-04,,0.18562633908967133,,
619045,2026-05,0.18562633908967133,0.1064811322551428,-0.07914520683452853,IMPROVING
619045,2026-06,0.1064811322551428,0.16822623443554932,0.06174510218040652,WORSENING
619049,2026-04,,0.266782693278801,,
619049,2026-05,0.266782693278801,0.13229288118423996,-0.13448981209456104,IMPROVING
619049,2026-06,0.13229288118423996,0.20313669832886996,0.07084381714463,WORSENING
619051,2026-04,,0.204354106802159,,
619051,2026-05,0.204354106802159,0.1075004526515347,-0.09685365415062432,IMPROVING
619051,2026-06,0.1075004526515347,0.13431624772156325,0.026815795070028556,STABLE
619052,2026-04,,0.20750773885412951,,
619052,2026-05,0.20750773885412951,0.05404404297160673,-0.1534636958825228,IMPROVING
619052,2026-06,0.05404404297160673,0.08188253497778258,0.02783849200617585,STABLE
619053,2026-04,,0.194111749865581,,
619053,2026-05,0.194111749865581,0.08671973790762379,-0.10739201195795721,IMPROVING
619053,2026-06,0.08671973790762379,0.11849633019383693,0.03177659228621314,STABLE
619054,2026-04,,0.24415551805902344,,
619054,2026-05,0.24415551805902344,0.13655203837980617,-0.10760347967921727,IMPROVING
619054,2026-06,0.13655203837980617,0.13991306552750185,0.0033610271476956777,STABLE
619055,2026-04,,0.21133184151315526,,
619055,2026-05,0.21133184151315526,0.0849412240531168,-0.12639061746003846,IMPROVING
619055,2026-06,0.0849412240531168,0.12288441469011284,0.03794319063699604,STABLE
619056,2026-04,,0.22138117537893914,,
619056,2026-05,0.22138117537893914,0.08252508393747038,-0.13885609144146877,IMPROVING
619056,2026-06,0.08252508393747038,0.12692682457194854,0.04440174063447816,STABLE
619057,2026-04,,0.221407133532857,,
619057,2026-05,0.221407133532857,0.10607409634143071,-0.11533303719142628,IMPROVING
619057,2026-06,0.10607409634143071,0.14612280792955673,0.04004871158812602,STABLE
619059,2026-04,,0.2435490940656883,,
619059,2026-05,0.2435490940656883,0.20216223122084365,-0.04138686284484466,STABLE
619059,2026-06,0.20216223122084365,0.2348946607087126,0.03273242948786895,STABLE
619060,2026-04,,0.22987099131074767,,
619060,2026-05,0.22987099131074767,0.18202154526109043,-0.04784944604965724,STABLE
619060,2026-06,0.18202154526109043,0.27396911670325613,0.0919475714421657,WORSENING
619061,2026-05,,0.14764534389954884,,
619061,2026-06,0.14764534389954884,0.08199103107320914,-0.0656543128263397,IMPROVING
619063,2026-04,,0.1786903400807326,,
619064,2026-04,,0.34207275450652574,,
619064,2026-05,0.34207275450652574,0.18434181700978974,-0.157730937496736,IMPROVING
619064,2026-06,0.18434181700978974,0.3196193851037753,0.13527756809398556,WORSENING
619065,2026-06,,0.2308523257785189,,
619066,2026-04,,0.3038240780714923,,
619066,2026-05,0.3038240780714923,0.1702018228477507,-0.1336222552237416,IMPROVING
619066,2026-06,0.1702018228477507,0.29554052291631844,0.12533870006856773,WORSENING
619067,2026-04,,0.16182842922655188,,
619068,2026-04,,0.28519826474288235,,
619068,2026-05,0.28519826474288235,0.21030144224394012,-0.07489682249894222,IMPROVING
619068,2026-06,0.21030144224394012,0.24222715299263972,0.0319257107486996,STABLE
619069,2026-04,,0.3134346937782233,,
619069,2026-05,0.3134346937782233,0.18736532370141698,-0.12606937007680633,IMPROVING
619069,2026-06,0.18736532370141698,0.3646856207264579,0.1773202970250409,WORSENING
619071,2026-04,,0.29149514267822274,,
619071,2026-05,0.29149514267822274,0.20053925752457333,-0.09095588515364941,IMPROVING
619071,2026-06,0.20053925752457333,0.34247519079245875,0.14193593326788542,WORSENING
619072,2026-04,,0.14581536342053705,,
619072,2026-05,0.14581536342053705,0.08670930779246129,-0.05910605562807576,IMPROVING
619072,2026-06,0.08670930779246129,0.3056283970974702,0.21891908930500892,WORSENING
619073,2026-04,,0.19764765227987166,,
619073,2026-05,0.19764765227987166,0.18646322815935198,-0.011184424120519676,STABLE
619073,2026-06,0.18646322815935198,0.3931186897794538,0.20665546162010182,WORSENING
619074,2026-04,,0.18332604387224138,,
619074,2026-05,0.18332604387224138,0.12068024037776243,-0.06264580349447896,IMPROVING
619074,2026-06,0.12068024037776243,0.23103912681337757,0.11035888643561514,WORSENING
619075,2026-04,,0.16896707027853258,,
619076,2026-04,,0.15061425482531185,,
619076,2026-05,0.15061425482531185,0.1179828297948918,-0.03263142503042005,STABLE
619076,2026-06,0.1179828297948918,0.23659391623880888,0.11861108644391707,WORSENING
619077,2026-04,,0.20012531256176147,,
619077,2026-05,0.20012531256176147,0.1167076843174307,-0.08341762824433077,IMPROVING
619077,2026-06,0.1167076843174307,0.2840887737209865,0.1673810894035558,WORSENING
619078,2026-04,,0.28963927998735867,,
619078,2026-05,0.28963927998735867,0.2026298935829285,-0.08700938640443018,IMPROVING
619078,2026-06,0.2026298935829285,0.3595533677395051,0.1569234741565766,WORSENING
619080,2026-04,,0.20339923720027295,,
619080,2026-05,0.20339923720027295,0.11198031721673092,-0.09141891998354203,IMPROVING
619080,2026-06,0.11198031721673092,0.21249903349859955,0.10051871628186863,WORSENING
619083,2026-04,,0.18713573985456422,,
619084,2026-04,,0.1847275842425648,,
619086,2026-04,,0.16182313044010457,,
619086,2026-05,0.16182313044010457,0.11154030684575443,-0.05028282359435014,IMPROVING
619086,2026-06,0.11154030684575443,0.1895796486387198,0.07803934179296536,WORSENING
619087,2026-04,,0.2462249292789153,,
619087,2026-05,0.2462249292789153,0.20217133848192642,-0.04405359079698887,STABLE
619087,2026-06,0.20217133848192642,0.2757837287621912,0.07361239028026478,WORSENING
619089,2026-04,,0.2176017395318903,,
619089,2026-05,0.2176017395318903,0.19896044781410485,-0.018641291717785446,STABLE
619089,2026-06,0.19896044781410485,0.22128774267928572,0.02232729486518087,STABLE
619090,2026-04,,0.24333340198387926,,
619090,2026-05,0.24333340198387926,0.26494899249952025,0.021615590515640992,STABLE
619090,2026-06,0.26494899249952025,0.37711879882756755,0.1121698063280473,WORSENING
619092,2026-04,,0.1684860706512298,,
619092,2026-05,0.1684860706512298,0.10810293729586426,-0.06038313335536555,IMPROVING
619092,2026-06,0.10810293729586426,0.3453647353534187,0.23726179805755446,WORSENING
619093,2026-04,,0.20033768419150189,,
619093,2026-05,0.20033768419150189,0.15045674038944115,-0.049880943802060734,STABLE
619093,2026-06,0.15045674038944115,0.1997237279666965,0.04926698757725534,STABLE
619094,2026-04,,0.43938279304082783,,
619094,2026-05,0.43938279304082783,0.21209420444689064,-0.2272885885939372,IMPROVING
619094,2026-06,0.21209420444689064,0.318106512093809,0.10601230764691838,WORSENING
619095,2026-04,,0.23733946982981394,,
619095,2026-05,0.23733946982981394,0.09917488806063682,-0.13816458176917712,IMPROVING
619095,2026-06,0.09917488806063682,0.14550405701591185,0.04632916895527503,STABLE
619096,2026-04,,0.16599520757005196,,
619096,2026-05,0.16599520757005196,0.10994390508393802,-0.05605130248611394,IMPROVING
619096,2026-06,0.10994390508393802,0.4010449586827578,0.29110105359881977,WORSENING
619097,2026-04,,0.15005407913283955,,
619097,2026-05,0.15005407913283955,0.1052282657344353,-0.044825813398404246,STABLE
619097,2026-06,0.1052282657344353,0.3526950037194873,0.247466737985052,WORSENING
619098,2026-04,,0.2091240119758613,,
619098,2026-05,0.2091240119758613,0.15797183061175812,-0.05115218136410318,IMPROVING
619098,2026-06,0.15797183061175812,0.28772706141823545,0.12975523080647733,WORSENING
619099,2026-04,,0.28174579955697454,,
619099,2026-05,0.28174579955697454,0.1790545377993081,-0.10269126175766644,IMPROVING
619099,2026-06,0.1790545377993081,0.2806545483972224,0.10160001059791432,WORSENING
619100,2026-04,,0.15755905810594578,,
619100,2026-05,0.15755905810594578,0.10219339296187994,-0.05536566514406584,IMPROVING
619100,2026-06,0.10219339296187994,0.3301355985787891,0.22794220561690914,WORSENING
619101,2026-04,,0.19498663172037065,,
619101,2026-05,0.19498663172037065,0.11626387030628642,-0.07872276141408423,IMPROVING
619101,2026-06,0.11626387030628642,0.14947976201945423,0.033215891713167814,STABLE
619102,2026-04,,0.13988268176678206,,
619102,2026-05,0.13988268176678206,0.041103537184692535,-0.09877914458208953,IMPROVING
619102,2026-06,0.041103537184692535,0.12438480066295701,0.08328126347826448,WORSENING
619103,2026-04,,0.15520017502660488,,
619103,2026-05,0.15520017502660488,0.10504147683585206,-0.05015869819075282,IMPROVING
619103,2026-06,0.10504147683585206,0.25171333548349484,0.14667185864764276,WORSENING
619104,2026-04,,0.18359286339343375,,
619105,2026-04,,0.223352345908431,,
619105,2026-05,0.223352345908431,0.07995691183897591,-0.1433954340694551,IMPROVING
619105,2026-06,0.07995691183897591,0.23459303627780018,0.15463612443882427,WORSENING
619106,2026-04,,0.2102780337209369,,
619106,2026-05,0.2102780337209369,0.08808683006691073,-0.12219120365402616,IMPROVING
619106,2026-06,0.08808683006691073,0.17499341962880846,0.08690658956189773,WORSENING
619107,2026-04,,0.165030877927943,,
619107,2026-05,0.165030877927943,0.04928051815689572,-0.11575035977104728,IMPROVING
619107,2026-06,0.04928051815689572,0.1244734458871581,0.07519292773026237,WORSENING
619108,2026-04,,0.18529756007400616,,
619108,2026-05,0.18529756007400616,0.0735269272078105,-0.11177063286619567,IMPROVING
619108,2026-06,0.0735269272078105,0.1849298838577103,0.11140295664989981,WORSENING
619109,2026-04,,0.1668189014117025,,
619109,2026-05,0.1668189014117025,0.09861977629342128,-0.06819912511828122,IMPROVING
619109,2026-06,0.09861977629342128,0.20556296739798438,0.1069431911045631,WORSENING
619111,2026-04,,0.13335478902993878,,
619111,2026-05,0.13335478902993878,0.09559459922279005,-0.03776018980714872,STABLE
619111,2026-06,0.09559459922279005,0.15246849939375284,0.05687390017096279,WORSENING
619112,2026-04,,0.2082152582337431,,
619112,2026-05,0.2082152582337431,0.11429379843311703,-0.09392145980062606,IMPROVING
619112,2026-06,0.11429379843311703,0.19861979539795635,0.08432599696483932,WORSENING
619114,2026-04,,0.20829054850214057,,
619114,2026-05,0.20829054850214057,0.11994928902989145,-0.08834125947224912,IMPROVING
619114,2026-06,0.11994928902989145,0.1571092323896696,0.03715994335977814,STABLE
619117,2026-04,,0.17631021223239093,,
619117,2026-05,0.17631021223239093,0.13444815042620642,-0.041862061806184514,STABLE
619117,2026-06,0.13444815042620642,0.36305049575369647,0.22860234532749005,WORSENING
619118,2026-04,,0.22478218930553875,,
619118,2026-05,0.22478218930553875,0.1712096456256282,-0.053572543679910545,IMPROVING
619118,2026-06,0.1712096456256282,0.35902707652875077,0.18781743090312256,WORSENING
619119,2026-04,,0.1763979310737917,,
619119,2026-05,0.1763979310737917,0.12814712654421348,-0.04825080452957822,STABLE
619119,2026-06,0.12814712654421348,0.3334167795495342,0.2052696530053207,WORSENING
619120,2026-04,,0.18258114168086784,,
619120,2026-05,0.18258114168086784,0.1634024565323431,-0.01917868514852475,STABLE
619120,2026-06,0.1634024565323431,0.3300930259735342,0.1666905694411911,WORSENING
619121,2026-04,,0.20961403450919425,,
619122,2026-04,,0.21084873808915477,,
619123,2026-04,,0.15717713231896077,,
619123,2026-05,0.15717713231896077,0.08362602200057094,-0.07355111031838983,IMPROVING
619123,2026-06,0.08362602200057094,0.14331197372442686,0.05968595172385592,WORSENING
619124,2026-04,,0.16973758412836548,,
619124,2026-05,0.16973758412836548,0.0950316230237963,-0.07470596110456919,IMPROVING
619124,2026-06,0.0950316230237963,0.1448230526189408,0.0497914295951445,STABLE
619125,2026-04,,0.1545343760042191,,
619125,2026-05,0.1545343760042191,0.09560883351830893,-0.05892554248591017,IMPROVING
619125,2026-06,0.09560883351830893,0.1853243692066283,0.08971553568831936,WORSENING
619126,2026-04,,0.16328072370503532,,
619126,2026-05,0.16328072370503532,0.13993401131803038,-0.023346712387004948,STABLE
619126,2026-06,0.13993401131803038,0.1762608556331616,0.036326844315131224,STABLE
619127,2026-04,,0.2206401517389611,,
619127,2026-05,0.2206401517389611,0.16946712127555302,-0.05117303046340807,IMPROVING
619127,2026-06,0.16946712127555302,0.2179062619281537,0.04843914065260069,STABLE
619128,2026-04,,0.14513666377690784,,
619128,2026-05,0.14513666377690784,0.08641501576920652,-0.05872164800770133,IMPROVING
619128,2026-06,0.08641501576920652,0.3052338362825516,0.21881882051334506,WORSENING
619129,2026-04,,0.3503965296851369,,
619129,2026-05,0.3503965296851369,0.16558548250669244,-0.18481104717844446,IMPROVING
619129,2026-06,0.16558548250669244,0.2760317832215466,0.11044630071485415,WORSENING
619130,2026-04,,0.3314282209384707,,
619130,2026-05,0.3314282209384707,0.20101388417828367,-0.13041433676018702,IMPROVING
619130,2026-06,0.20101388417828367,0.24841244359485828,0.047398559416574615,STABLE
619131,2026-04,,0.17962704624823958,,
619131,2026-05,0.17962704624823958,0.1100126532909559,-0.06961439295728368,IMPROVING
619131,2026-06,0.1100126532909559,0.24364581427335086,0.13363316098239497,WORSENING
619132,2026-04,,0.3032423009138846,,
619132,2026-05,0.3032423009138846,0.24519364151837494,-0.058048659395509655,IMPROVING
619132,2026-06,0.24519364151837494,0.3556864254397951,0.11049278392142017,WORSENING
619134,2026-04,,0.2411965207432002,,
619134,2026-05,0.2411965207432002,0.16135032983245373,-0.07984619091074646,IMPROVING
619134,2026-06,0.16135032983245373,0.24119043197090312,0.07984010213844939,WORSENING
619136,2026-04,,0.17980443256039882,,
619136,2026-05,0.17980443256039882,0.10203328964182792,-0.0777711429185709,IMPROVING
619136,2026-06,0.10203328964182792,0.14869525821494287,0.04666196857311494,STABLE
619138,2026-04,,0.25777286414435446,,
619138,2026-05,0.25777286414435446,0.1881559807175159,-0.06961688342683856,IMPROVING
619138,2026-06,0.1881559807175159,0.22849520262997905,0.04033922191246314,STABLE
619139,2026-04,,0.19433594860577555,,
619139,2026-05,0.19433594860577555,0.11549944232591981,-0.07883650627985574,IMPROVING
619139,2026-06,0.11549944232591981,0.18011112068680052,0.0646116783608807,WORSENING
619140,2026-04,,0.19451166374620582,,
619140,2026-05,0.19451166374620582,0.18293140526489995,-0.011580258481305866,STABLE
619140,2026-06,0.18293140526489995,0.19136950061641322,0.00843809535151327,STABLE
619141,2026-04,,0.21162479327887823,,
619141,2026-05,0.21162479327887823,0.11638889289854912,-0.09523590038032911,IMPROVING
619141,2026-06,0.11638889289854912,0.1901378613960175,0.07374896849746837,WORSENING
619142,2026-04,,0.18228802897720306,,
619142,2026-05,0.18228802897720306,0.1308630728365181,-0.05142495614068496,IMPROVING
619142,2026-06,0.1308630728365181,0.22209911807676155,0.09123604524024345,WORSENING
619143,2026-04,,0.22573757739798234,,
619143,2026-05,0.22573757739798234,0.07857199371316408,-0.14716558368481825,IMPROVING
619143,2026-06,0.07857199371316408,0.1486637980121168,0.07009180429895272,WORSENING
619144,2026-04,,0.1335369808390093,,
619145,2026-04,,0.15280881137260188,,
619145,2026-05,0.15280881137260188,0.11078673129932372,-0.042022080073278165,STABLE
619145,2026-06,0.11078673129932372,0.3285680405303274,0.2177813092310037,WORSENING
619146,2026-04,,0.17551014142084986,,
619146,2026-05,0.17551014142084986,0.10477138886830209,-0.07073875255254777,IMPROVING
619147,2026-04,,0.19133217824282545,,
619148,2026-04,,0.1440391187182237,,
619149,2026-04,,0.22748182000445022,,
619149,2026-05,0.22748182000445022,0.1601285774798814,-0.06735324252456881,IMPROVING
619149,2026-06,0.1601285774798814,0.24132794076850356,0.08119936328862215,WORSENING
619150,2026-04,,0.18872486743518702,,
619150,2026-05,0.18872486743518702,0.103811672343951,-0.08491319509123602,IMPROVING
619150,2026-06,0.103811672343951,0.32333925288064447,0.21952758053669347,WORSENING
619152,2026-04,,0.16436654329257686,,
619152,2026-05,0.16436654329257686,0.10499460617340146,-0.05937193711917539,IMPROVING
619152,2026-06,0.10499460617340146,0.3150407132464076,0.21004610707300614,WORSENING
619153,2026-04,,0.31347857353786474,,
619153,2026-05,0.31347857353786474,0.20481607655501974,-0.108662496982845,IMPROVING
619153,2026-06,0.20481607655501974,0.34683618671543665,0.1420201101604169,WORSENING
619154,2026-04,,0.23346163297629113,,
619154,2026-05,0.23346163297629113,0.41495374699667764,0.1814921140203865,WORSENING
619154,2026-06,0.41495374699667764,0.26359509775816165,-0.151358649238516,IMPROVING
619155,2026-04,,0.27103070727199763,,
619155,2026-05,0.27103070727199763,0.15861464072623613,-0.1124160665457615,IMPROVING
619155,2026-06,0.15861464072623613,0.2593738182154625,0.10075917748922639,WORSENING
619156,2026-05,,0.14222254290038697,,
619156,2026-06,0.14222254290038697,0.11751849841389432,-0.024704044486492646,STABLE
619157,2026-04,,0.16825378569370136,,
619157,2026-05,0.16825378569370136,0.1283296601525527,-0.03992412554114866,STABLE
619157,2026-06,0.1283296601525527,0.3173847270421799,0.1890550668896272,WORSENING
619158,2026-04,,0.19342955708738033,,
619158,2026-05,0.19342955708738033,0.18093550747149797,-0.012494049615882352,STABLE
619158,2026-06,0.18093550747149797,0.35201500270419955,0.17107949523270158,WORSENING
619160,2026-04,,0.11955910810572261,,
619160,2026-05,0.11955910810572261,0.07370778758233336,-0.04585132052338925,STABLE
619160,2026-06,0.07370778758233336,0.10213210157544453,0.02842431399311117,STABLE
619161,2026-04,,0.25090698326406,,
619161,2026-05,0.25090698326406,0.08575059525800341,-0.16515638800605661,IMPROVING
619161,2026-06,0.08575059525800341,0.18201913854883228,0.09626854329082887,WORSENING
619162,2026-04,,0.12508572828742254,,
619162,2026-05,0.12508572828742254,0.07255230079253415,-0.05253342749488839,IMPROVING
619162,2026-06,0.07255230079253415,0.14654257339798843,0.07399027260545428,WORSENING
619163,2026-04,,0.23677517032314335,,
619163,2026-05,0.23677517032314335,0.12778295232444128,-0.10899221799870207,IMPROVING
619163,2026-06,0.12778295232444128,0.2983815435311026,0.1705985912066613,WORSENING
619164,2026-04,,0.2647015131325398,,
619164,2026-05,0.2647015131325398,0.21772537142162912,-0.04697614171091069,STABLE
619164,2026-06,0.21772537142162912,0.3030461524987183,0.08532078107708918,WORSENING
619165,2026-04,,0.2595191086441183,,
619165,2026-05,0.2595191086441183,0.15309989578042707,-0.10641921286369124,IMPROVING
619165,2026-06,0.15309989578042707,0.20011277455470605,0.04701287877427898,STABLE
619166,2026-04,,0.19075710651928393,,
619166,2026-05,0.19075710651928393,0.12934927591553086,-0.06140783060375307,IMPROVING
619166,2026-06,0.12934927591553086,0.17715482457795861,0.047805548662427755,STABLE
619167,2026-04,,0.18088028777158638,,
619167,2026-05,0.18088028777158638,0.13580625186257353,-0.04507403590901285,STABLE
619167,2026-06,0.13580625186257353,0.35414416480444205,0.21833791294186852,WORSENING
619168,2026-04,,0.15471493421799315,,
619168,2026-05,0.15471493421799315,0.09629420695873753,-0.05842072725925562,IMPROVING
619168,2026-06,0.09629420695873753,0.31286228449184494,0.21656807753310742,WORSENING
619171,2026-04,,0.22357570287074224,,
619171,2026-05,0.22357570287074224,0.08145954062586755,-0.1421161622448747,IMPROVING
619171,2026-06,0.08145954062586755,0.12078981858334596,0.03933027795747841,STABLE
619172,2026-04,,0.19175367800839596,,
619172,2026-05,0.19175367800839596,0.08284720181195249,-0.10890647619644347,IMPROVING
619172,2026-06,0.08284720181195249,0.12043227049060552,0.037585068678653036,STABLE
619181,2026-04,,0.2268210108871303,,
619181,2026-05,0.2268210108871303,0.10608318268124878,-0.12073782820588153,IMPROVING
619181,2026-06,0.10608318268124878,0.1785239344210311,0.07244075173978232,WORSENING
619183,2026-04,,0.2255375727703982,,
619183,2026-05,0.2255375727703982,0.1430757817995685,-0.0824617909708297,IMPROVING
619183,2026-06,0.1430757817995685,0.23714316044315234,0.09406737864358383,WORSENING
619184,2026-04,,0.2275543206359829,,
619184,2026-05,0.2275543206359829,0.16572447882171779,-0.061829841814265124,IMPROVING
619184,2026-06,0.16572447882171779,0.16314151778392333,-0.0025829610377944567,STABLE
619185,2026-04,,0.23398817473649516,,
619185,2026-05,0.23398817473649516,0.16380188823784694,-0.07018628649864822,IMPROVING
619185,2026-06,0.16380188823784694,0.15813114511401585,-0.00567074312383109,STABLE
619186,2026-04,,0.2378395516366126,,
619186,2026-05,0.2378395516366126,0.17223825790684513,-0.06560129372976747,IMPROVING
619186,2026-06,0.17223825790684513,0.17267119824127222,0.0004329403344270899,STABLE
619187,2026-04,,0.191073412026555,,
619187,2026-05,0.191073412026555,0.08720736907705526,-0.10386604294949975,IMPROVING
619187,2026-06,0.08720736907705526,0.10994695732858344,0.02273958825152818,STABLE
619191,2026-04,,0.22494338028442168,,
619191,2026-05,0.22494338028442168,0.11955001920886862,-0.10539336107555305,IMPROVING
619191,2026-06,0.11955001920886862,0.13038577441265775,0.010835755203789127,STABLE
619193,2026-04,,0.34141528205232263,,
619193,2026-05,0.34141528205232263,0.2975235345275382,-0.04389174752478442,STABLE
619193,2026-06,0.2975235345275382,0.303593634904775,0.0060701003772367645,STABLE
619194,2026-05,,0.1541312848720095,,
619194,2026-06,0.1541312848720095,0.08605340157513318,-0.06807788329687632,IMPROVING
619196,2026-04,,0.25831542538976665,,
619196,2026-05,0.25831542538976665,0.10608414650390673,-0.1522312788858599,IMPROVING
619196,2026-06,0.10608414650390673,0.14304842509125434,0.03696427858734762,STABLE
619197,2026-04,,0.20972541350862803,,
619197,2026-05,0.20972541350862803,0.5293612344389345,0.3196358209303064,WORSENING
619197,2026-06,0.5293612344389345,0.4622667800938492,-0.06709445434508526,IMPROVING
619198,2026-04,,0.21986710395881778,,
619198,2026-05,0.21986710395881778,0.09927735366875962,-0.12058975029005817,IMPROVING
619198,2026-06,0.09927735366875962,0.18573401110534923,0.08645665743658962,WORSENING
619199,2026-04,,0.1540132155657632,,
619199,2026-05,0.1540132155657632,0.08139152417034397,-0.07262169139541923,IMPROVING
619199,2026-06,0.08139152417034397,0.1944676728809668,0.11307614871062284,WORSENING
619200,2026-04,,0.3304574589850339,,
619200,2026-05,0.3304574589850339,0.22038610757036692,-0.110071351414667,IMPROVING
619200,2026-06,0.22038610757036692,0.28832930503332516,0.06794319746295824,WORSENING
619201,2026-04,,0.17174108720537734,,
619201,2026-05,0.17174108720537734,0.1198722926941881,-0.05186879451118924,IMPROVING
619201,2026-06,0.1198722926941881,0.22749000010980364,0.10761770741561553,WORSENING
619202,2026-04,,0.2697194037534498,,
619202,2026-05,0.2697194037534498,0.25975776403405637,-0.009961639719393456,STABLE
619202,2026-06,0.25975776403405637,0.3768663520223925,0.11710858798833612,WORSENING
619203,2026-04,,0.31235357388296664,,
619203,2026-05,0.31235357388296664,0.14985450489673768,-0.16249906898622896,IMPROVING
619203,2026-06,0.14985450489673768,0.24547828078900177,0.09562377589226409,WORSENING
619204,2026-06,,0.21461834213823697,,
619205,2026-04,,0.19805907195988154,,
619205,2026-05,0.19805907195988154,0.12020535681335337,-0.07785371514652817,IMPROVING
619205,2026-06,0.12020535681335337,0.3817718489430497,0.26156649212969635,WORSENING
619206,2026-04,,0.24617949549942153,,
619206,2026-05,0.24617949549942153,0.23038112638827363,-0.015798369111147903,STABLE
619206,2026-06,0.23038112638827363,0.32036240079341805,0.08998127440514442,WORSENING
619207,2026-04,,0.2618159374768425,,
619207,2026-05,0.2618159374768425,0.19432908728514997,-0.06748685019169254,IMPROVING
619207,2026-06,0.19432908728514997,0.2517092685346285,0.057380181249478523,WORSENING
619208,2026-04,,0.3006393611143683,,
619208,2026-05,0.3006393611143683,0.16641660031289707,-0.13422276080147122,IMPROVING
619208,2026-06,0.16641660031289707,0.29295430345919893,0.12653770314630186,WORSENING
619209,2026-04,,0.22844854851288848,,
619210,2026-04,,0.24849791615455005,,
619210,2026-05,0.24849791615455005,0.17181042388029527,-0.07668749227425478,IMPROVING
619210,2026-06,0.17181042388029527,0.4343867747410576,0.2625763508607623,WORSENING
619211,2026-04,,0.2611119432631323,,
619211,2026-05,0.2611119432631323,0.1623086257260006,-0.0988033175371317,IMPROVING
619211,2026-06,0.1623086257260006,0.27089550081992236,0.10858687509392176,WORSENING
619212,2026-04,,0.30599626304488037,,
619212,2026-05,0.30599626304488037,0.16149332223748167,-0.1445029408073987,IMPROVING
619212,2026-06,0.16149332223748167,0.21682188601386462,0.055328563776382955,WORSENING
619213,2026-04,,0.20205754824164443,,
619213,2026-05,0.20205754824164443,0.185032942195148,-0.017024606046496443,STABLE
619213,2026-06,0.185032942195148,0.31848364266795376,0.13345070047280577,WORSENING
619214,2026-04,,0.27653648386459656,,
619214,2026-05,0.27653648386459656,0.23758546932737667,-0.038951014537219886,STABLE
619214,2026-06,0.23758546932737667,0.3441807682755098,0.10659529894813313,WORSENING
619215,2026-04,,0.16876079690705367,,
619215,2026-05,0.16876079690705367,0.13962537401279326,-0.02913542289426041,STABLE
619215,2026-06,0.13962537401279326,0.34694772234561805,0.20732234833282479,WORSENING
619216,2026-04,,0.24867092460861112,,
619216,2026-05,0.24867092460861112,0.19495689758276288,-0.05371402702584824,IMPROVING
619216,2026-06,0.19495689758276288,0.21262373944388088,0.017666841861118,STABLE
619217,2026-04,,0.22766622195504518,,
619217,2026-05,0.22766622195504518,0.14803013128230438,-0.0796360906727408,IMPROVING
619217,2026-06,0.14803013128230438,0.3347850645550968,0.18675493327279244,WORSENING
619218,2026-04,,0.15931023569704675,,
619218,2026-05,0.15931023569704675,0.15540310711706418,-0.003907128579982572,STABLE
619218,2026-06,0.15540310711706418,0.3495251654791596,0.19412205836209545,WORSENING
619219,2026-04,,0.16441877908864697,,
619219,2026-05,0.16441877908864697,0.10246727740022661,-0.061951501688420355,IMPROVING
619219,2026-06,0.10246727740022661,0.345016699355271,0.24254942195504442,WORSENING
619220,2026-04,,0.17612457082530392,,
619220,2026-05,0.17612457082530392,0.10667347226177498,-0.06945109856352893,IMPROVING
619220,2026-06,0.10667347226177498,0.21307746733871472,0.10640399507693973,WORSENING
619222,2026-04,,0.17378199942507025,,
619222,2026-05,0.17378199942507025,0.1603213264063431,-0.013460673018727137,STABLE
619222,2026-06,0.1603213264063431,0.2872545672171154,0.12693324081077229,WORSENING
619223,2026-04,,0.1673984324476518,,
619223,2026-05,0.1673984324476518,0.07250678390215719,-0.0948916485454946,IMPROVING
619223,2026-06,0.07250678390215719,0.09782165504255701,0.02531487114039982,STABLE
619224,2026-04,,0.1814855237665936,,
619224,2026-05,0.1814855237665936,0.05749709112848786,-0.12398843263810574,IMPROVING
619224,2026-06,0.05749709112848786,0.07904856718796101,0.02155147605947315,STABLE
619225,2026-04,,0.2636095104509152,,
619225,2026-05,0.2636095104509152,0.13242773467469784,-0.13118177577621734,IMPROVING
619225,2026-06,0.13242773467469784,0.16315984658617125,0.030732111911473403,STABLE
619226,2026-04,,0.1554798402968283,,
619226,2026-05,0.1554798402968283,0.04481527636135983,-0.11066456393546846,IMPROVING
619226,2026-06,0.04481527636135983,0.06748210768025847,0.022666831318898642,STABLE
619227,2026-04,,0.18140716918898592,,
619227,2026-05,0.18140716918898592,0.04938188486619397,-0.13202528432279195,IMPROVING
619227,2026-06,0.04938188486619397,0.09372522038379211,0.044343335517598136,STABLE
619228,2026-04,,0.1779268931563808,,
619228,2026-05,0.1779268931563808,0.06237951234210839,-0.1155473808142724,IMPROVING
619228,2026-06,0.06237951234210839,0.09516699870645894,0.03278748636435055,STABLE
619229,2026-05,,0.1951088380265608,,
619248,2026-06,,0.18129064573149448,,
619251,2026-04,,0.17329646251624686,,
619251,2026-05,0.17329646251624686,0.07740798545618334,-0.09588847706006352,IMPROVING
619251,2026-06,0.07740798545618334,0.11700697128356112,0.03959898582737778,STABLE
619253,2026-04,,0.2563144048452802,,
619253,2026-05,0.2563144048452802,0.07695820147071226,-0.17935620337456792,IMPROVING
619253,2026-06,0.07695820147071226,0.10685730206296853,0.02989910059225627,STABLE
619270,2026-06,,0.18074919784580495,,
619271,2026-06,,0.18364991158240918,,
619289,2026-04,,0.3144752849113105,,
619289,2026-05,0.3144752849113105,0.2439894156434051,-0.0704858692679054,IMPROVING
619289,2026-06,0.2439894156434051,0.27236439004770474,0.028374974404299647,STABLE
619291,2026-04,,0.18613755119616773,,
619291,2026-05,0.18613755119616773,0.15268449419827437,-0.03345305699789336,STABLE
619292,2026-04,,0.18665098738078267,,
619292,2026-05,0.18665098738078267,0.16289060080125212,-0.023760386579530557,STABLE
619292,2026-06,0.16289060080125212,0.17021181633768576,0.0073212155364336395,STABLE
619293,2026-04,,0.22533059344699458,,
619293,2026-05,0.22533059344699458,0.14477568094939455,-0.08055491249760002,IMPROVING
619293,2026-06,0.14477568094939455,0.1519284418861522,0.007152760936757652,STABLE
619294,2026-04,,0.19566847614834829,,
619294,2026-05,0.19566847614834829,0.07991453739329339,-0.1157539387550549,IMPROVING
619294,2026-06,0.07991453739329339,0.09571514124509181,0.01580060385179842,STABLE
619295,2026-04,,0.20517299711802853,,
619295,2026-05,0.20517299711802853,0.07788416204423262,-0.1272888350737959,IMPROVING
619295,2026-06,0.07788416204423262,0.11047658514498954,0.03259242310075691,STABLE
619298,2026-06,,0.1908441555736737,,
619299,2026-06,,0.22044572275838795,,
619300,2026-06,,0.219258824845029,,
619301,2026-04,,0.19709067679775105,,
619301,2026-05,0.19709067679775105,0.16643834383612435,-0.0306523329616267,STABLE
619301,2026-06,0.16643834383612435,0.3044713871241644,0.13803304328804003,WORSENING
619305,2026-04,,0.3289515555414095,,
619305,2026-05,0.3289515555414095,0.2016176867110589,-0.12733386883035058,IMPROVING
619305,2026-06,0.2016176867110589,0.2694031788474432,0.0677854921363843,WORSENING
619306,2026-04,,0.22636536081011138,,
619306,2026-05,0.22636536081011138,0.1813020015762805,-0.04506335923383087,STABLE
619306,2026-06,0.1813020015762805,0.21342080441640182,0.03211880284012131,STABLE
619307,2026-04,,0.21949716487740417,,
619307,2026-05,0.21949716487740417,0.17632285737010678,-0.043174307507297394,STABLE
619307,2026-06,0.17632285737010678,0.2231165995074601,0.04679374213735332,STABLE
619308,2026-04,,0.2519651751360034,,
619308,2026-05,0.2519651751360034,0.25204907693301615,8.390179701273093e-05,STABLE
619308,2026-06,0.25204907693301615,0.285721732520866,0.033672655587849876,STABLE
619311,2026-04,,0.22899290167783037,,
619311,2026-05,0.22899290167783037,0.10425927906027901,-0.12473362261755136,IMPROVING
619311,2026-06,0.10425927906027901,0.13972923503567058,0.03546995597539157,STABLE
619312,2026-04,,0.21124625322324672,,
619312,2026-05,0.21124625322324672,0.11308350032040794,-0.09816275290283878,IMPROVING
619312,2026-06,0.11308350032040794,0.10808117048352268,-0.005002329836885255,STABLE
619313,2026-04,,0.2816271025933299,,
619313,2026-05,0.2816271025933299,0.15379515383140238,-0.12783194876192752,IMPROVING
619313,2026-06,0.15379515383140238,0.16351294683750342,0.009717793006101039,STABLE
619314,2026-04,,0.20848631736168002,,
619314,2026-05,0.20848631736168002,0.09712988675236654,-0.11135643060931348,IMPROVING
619314,2026-06,0.09712988675236654,0.16022223340412486,0.06309234665175832,WORSENING
619316,2026-04,,0.17336836209566517,,
619316,2026-05,0.17336836209566517,0.04875266374674452,-0.12461569834892064,IMPROVING
619316,2026-06,0.04875266374674452,0.07834605931150965,0.029593395564765125,STABLE
619317,2026-04,,0.18527435877153653,,
619317,2026-05,0.18527435877153653,0.22059375848294044,0.03531939971140391,STABLE
619317,2026-06,0.22059375848294044,0.28352309344600096,0.06292933496306052,WORSENING
619318,2026-04,,0.2584512977681769,,
619318,2026-05,0.2584512977681769,0.13137786746378205,-0.12707343030439483,IMPROVING
619318,2026-06,0.13137786746378205,0.20149241064387216,0.07011454318009011,WORSENING
619320,2026-04,,0.2121462509969214,,
619321,2026-05,,0.16015202501993334,,
619321,2026-06,0.16015202501993334,0.08424778614218117,-0.07590423887775216,IMPROVING
619326,2026-05,,0.14548162275140616,,
619328,2026-05,,0.25029130704146707,,
619328,2026-06,0.25029130704146707,0.18044807565641746,-0.06984323138504961,IMPROVING
619341,2026-05,,0.2026818870548554,,
619341,2026-06,0.2026818870548554,0.13692477034663295,-0.06575711670822246,IMPROVING
619347,2026-06,,0.17391170977766357,,
701101,2026-04,,0.3828355060893219,,
701101,2026-05,0.3828355060893219,0.3653624104774532,-0.01747309561186866,STABLE
701101,2026-06,0.3653624104774532,0.33147538279853567,-0.03388702767891755,STABLE
701105,2026-04,,0.20295523046011962,,
701107,2026-04,,0.24013146919836384,,
701107,2026-05,0.24013146919836384,0.24459523004555786,0.0044637608471940204,STABLE
701107,2026-06,0.24459523004555786,0.2373249530617935,-0.007270276983764368,STABLE
701113,2026-04,,0.22001899252130888,,
701113,2026-05,0.22001899252130888,0.1033333148232707,-0.11668567769803818,IMPROVING
701113,2026-06,0.1033333148232707,0.13348137395918194,0.030148059135911245,STABLE
701121,2026-04,,0.1406750237437504,,
701121,2026-05,0.1406750237437504,0.11694427494042567,-0.023730748803324736,STABLE
701121,2026-06,0.11694427494042567,0.09904220768864624,-0.017902067251779424,STABLE
701122,2026-04,,0.240593273084662,,
701122,2026-05,0.240593273084662,0.15120999746192956,-0.08938327562273243,IMPROVING
701122,2026-06,0.15120999746192956,0.1676509021584161,0.01644090469648654,STABLE
701126,2026-04,,0.2360792782535751,,
701126,2026-05,0.2360792782535751,0.19055897789323573,-0.04552030036033938,STABLE
701126,2026-06,0.19055897789323573,0.1855228598072312,-0.005036118086004515,STABLE
701127,2026-04,,0.1541759543400101,,
701127,2026-05,0.1541759543400101,0.11334674549062754,-0.04082920884938257,STABLE
701127,2026-06,0.11334674549062754,0.1068291838363515,-0.006517561654276041,STABLE
701128,2026-04,,0.21566037752590161,,
701128,2026-05,0.21566037752590161,0.11807811962151542,-0.0975822579043862,IMPROVING
701128,2026-06,0.11807811962151542,0.14311329753237265,0.02503517791085723,STABLE
701167,2026-04,,0.5130724161679554,,
701167,2026-05,0.5130724161679554,0.4210566145111529,-0.09201580165680251,IMPROVING
701167,2026-06,0.4210566145111529,0.44079182569170683,0.019735211180553935,STABLE
701168,2026-04,,0.3658428925069839,,
701168,2026-05,0.3658428925069839,0.23452737926512243,-0.13131551324186144,IMPROVING
701168,2026-06,0.23452737926512243,0.26861496562745474,0.034087586362332306,STABLE
701170,2026-04,,0.3423483087112353,,
701170,2026-05,0.3423483087112353,0.23127827870113635,-0.11107003001009894,IMPROVING
701170,2026-06,0.23127827870113635,0.26301838279820694,0.03174010409707059,STABLE
701171,2026-04,,0.31350230398490114,,
701171,2026-05,0.31350230398490114,0.2920285229070237,-0.021473781077877452,STABLE
701171,2026-06,0.2920285229070237,0.30202692404138487,0.009998401134361179,STABLE
701172,2026-04,,0.25434823487895125,,
701172,2026-05,0.25434823487895125,0.2139987050228548,-0.04034952985609644,STABLE
701172,2026-06,0.2139987050228548,0.1988902565758384,-0.01510844844701642,STABLE
701173,2026-04,,0.5386272966293983,,
701173,2026-05,0.5386272966293983,0.28120541360928236,-0.257421883020116,IMPROVING
701173,2026-06,0.28120541360928236,0.32362083398821034,0.04241542037892798,STABLE
701228,2026-04,,0.3873058841506336,,
701228,2026-05,0.3873058841506336,0.42767753909416095,0.040371654943527346,STABLE
701228,2026-06,0.42767753909416095,0.4288885859286839,0.0012110468345229441,STABLE
701263,2026-04,,0.4340069649221211,,
701289,2026-04,,0.2719063366472695,,
701289,2026-05,0.2719063366472695,0.2399392301861476,-0.031967106461121886,STABLE
701289,2026-06,0.2399392301861476,0.2969994720057903,0.0570602418196427,WORSENING
701324,2026-04,,0.2796361616910253,,
701324,2026-05,0.2796361616910253,0.3492032957864085,0.06956713409538323,WORSENING
701324,2026-06,0.3492032957864085,0.3401709680943837,-0.009032327692024833,STABLE
701329,2026-04,,0.24074386034762468,,
701329,2026-05,0.24074386034762468,0.3849902920896305,0.1442464317420058,WORSENING
701329,2026-06,0.3849902920896305,0.36561645329437564,-0.01937383879525484,STABLE
701330,2026-04,,0.4936018967251426,,
701330,2026-05,0.4936018967251426,0.5032188242222566,0.009616927497114014,STABLE
701330,2026-06,0.5032188242222566,0.5014180745671833,-0.0018007496550732638,STABLE
701338,2026-04,,0.5119638749171829,,
701338,2026-05,0.5119638749171829,0.4094953550947915,-0.10246851982239136,IMPROVING
701338,2026-06,0.4094953550947915,0.4329808802951383,0.023485525200346802,STABLE
701343,2026-04,,0.32627039988751305,,
701343,2026-05,0.32627039988751305,0.3461832319927833,0.01991283210527023,STABLE
701344,2026-04,,0.2715435797897448,,
701344,2026-05,0.2715435797897448,0.3073368005227737,0.035793220733028874,STABLE
701344,2026-06,0.3073368005227737,0.30468336066869367,-0.0026534398540800086,STABLE
701346,2026-04,,0.27226725182427186,,
701346,2026-05,0.27226725182427186,0.27210509615767486,-0.00016215566659699698,STABLE
701346,2026-06,0.27210509615767486,0.2660384558784608,-0.006066640279214053,STABLE
701349,2026-04,,0.36471729282347204,,
701349,2026-05,0.36471729282347204,0.41153854645460086,0.04682125363112882,STABLE
701349,2026-06,0.41153854645460086,0.4047818918906148,-0.006756654563986053,STABLE
701370,2026-04,,0.3804630199293214,,
701370,2026-05,0.3804630199293214,0.2339098445866766,-0.1465531753426448,IMPROVING
701370,2026-06,0.2339098445866766,0.26817168817768083,0.03426184359100423,STABLE
701372,2026-04,,0.4230827396552895,,
701372,2026-05,0.4230827396552895,0.425909950153143,0.002827210497853505,STABLE
701372,2026-06,0.425909950153143,0.4031556094238613,-0.022754340729281675,STABLE
701376,2026-04,,0.6060158401881024,,
701376,2026-05,0.6060158401881024,0.536710588793616,-0.0693052513944864,IMPROVING
701376,2026-06,0.536710588793616,0.5142098447555116,-0.022500744038104425,STABLE
701377,2026-04,,0.3996652786012438,,
701377,2026-05,0.3996652786012438,0.3261327146386815,-0.0735325639625623,IMPROVING
701377,2026-06,0.3261327146386815,0.34337365948929116,0.017240944850609674,STABLE
701383,2026-04,,0.49756594577769514,,
701383,2026-05,0.49756594577769514,0.4347571253051393,-0.06280882047255582,IMPROVING
701383,2026-06,0.4347571253051393,0.4224443798029398,-0.012312745502199518,STABLE
701386,2026-04,,0.5375923391450864,,
701386,2026-05,0.5375923391450864,0.49689315933200373,-0.040699179813082687,STABLE
701386,2026-06,0.49689315933200373,0.49701320109250957,0.00012004176050584014,STABLE
701391,2026-04,,0.4321180130266773,,
701391,2026-05,0.4321180130266773,0.34200952858660205,-0.09010848444007524,IMPROVING
701391,2026-06,0.34200952858660205,0.34102050206715034,-0.0009890265194517078,STABLE
701395,2026-04,,0.39415412923234644,,
701395,2026-05,0.39415412923234644,0.24728882630499147,-0.14686530292735497,IMPROVING
701396,2026-04,,0.4512085221452575,,
701396,2026-05,0.4512085221452575,0.35448498911009146,-0.09672353303516601,IMPROVING
701396,2026-06,0.35448498911009146,0.41215013279721335,0.05766514368712189,WORSENING
701398,2026-04,,0.4152500055646174,,
701398,2026-05,0.4152500055646174,0.34316817440312547,-0.07208183116149192,IMPROVING
701398,2026-06,0.34316817440312547,0.3310760053696292,-0.012092169033496247,STABLE
701399,2026-04,,0.3590793767240438,,
701399,2026-05,0.3590793767240438,0.23788340441185118,-0.12119597231219259,IMPROVING
701399,2026-06,0.23788340441185118,0.26312740729270445,0.025244002880853267,STABLE
701400,2026-04,,0.41446059332657076,,
701400,2026-05,0.41446059332657076,0.35886829697540357,-0.05559229635116719,IMPROVING
701400,2026-06,0.35886829697540357,0.3556374597326077,-0.003230837242795881,STABLE
701402,2026-04,,0.48396934586651214,,
701402,2026-05,0.48396934586651214,0.5043362356666948,0.020366889800182697,STABLE
701402,2026-06,0.5043362356666948,0.46298213687785034,-0.041354098788844496,STABLE
701404,2026-04,,0.480167829212043,,
701404,2026-05,0.480167829212043,0.39474238888539903,-0.08542544032664395,IMPROVING
701404,2026-06,0.39474238888539903,0.41458425099032997,0.01984186210493094,STABLE
701405,2026-04,,0.4146566271584668,,
701405,2026-05,0.4146566271584668,0.32973473707720263,-0.08492189008126416,IMPROVING
701405,2026-06,0.32973473707720263,0.3885962751555778,0.058861538078375186,WORSENING
701406,2026-04,,0.4417680200574992,,
701406,2026-05,0.4417680200574992,0.3746633519477686,-0.06710466810973059,IMPROVING
701408,2026-04,,0.43133629812807084,,
701408,2026-05,0.43133629812807084,0.3377058552983952,-0.09363044282967564,IMPROVING
701408,2026-06,0.3377058552983952,0.35477030171865237,0.017064446420257173,STABLE
701410,2026-04,,0.36667439795161794,,
701410,2026-05,0.36667439795161794,0.40299033027738657,0.03631593232576863,STABLE
701410,2026-06,0.40299033027738657,0.42465726913553486,0.0216669388581483,STABLE
701411,2026-04,,0.3598231169356755,,
701411,2026-05,0.3598231169356755,0.3865809609693062,0.02675784403363074,STABLE
701411,2026-06,0.3865809609693062,0.37578606689364186,-0.010794894075664363,STABLE
701412,2026-04,,0.33321738905999143,,
701412,2026-05,0.33321738905999143,0.27133296172555965,-0.06188442733443178,IMPROVING
701412,2026-06,0.27133296172555965,0.24328690921274704,-0.028046052512812614,STABLE
701415,2026-04,,0.442782747404621,,
701415,2026-05,0.442782747404621,0.42974306457934014,-0.01303968282528084,STABLE
701415,2026-06,0.42974306457934014,0.4423792637071306,0.01263619912779046,STABLE
701530,2026-04,,0.4427526162715439,,
701530,2026-05,0.4427526162715439,0.22742016100280557,-0.21533245526873832,IMPROVING
701530,2026-06,0.22742016100280557,0.2865457286001913,0.059125567597385714,WORSENING
701565,2026-04,,0.4603459310191813,,
701565,2026-05,0.4603459310191813,0.3156479294542943,-0.144698001564887,IMPROVING
701565,2026-06,0.3156479294542943,0.36829407096926065,0.05264614151496633,WORSENING
701570,2026-04,,0.20703769298110306,,
701570,2026-05,0.20703769298110306,0.20538385539002657,-0.0016538375910764846,STABLE
701570,2026-06,0.20538385539002657,0.1854734470021498,-0.019910408387876777,STABLE
701574,2026-04,,0.30234404194887005,,
701574,2026-05,0.30234404194887005,0.2155431010415153,-0.08680094090735474,IMPROVING
701574,2026-06,0.2155431010415153,0.23419371240992992,0.018650611368414616,STABLE
701593,2026-04,,0.28726585006901667,,
701593,2026-05,0.28726585006901667,0.21601494377587707,-0.0712509062931396,IMPROVING
701593,2026-06,0.21601494377587707,0.28345130598242957,0.0674363622065525,WORSENING
701597,2026-04,,0.2503906760157899,,
701597,2026-05,0.2503906760157899,0.14457813765206423,-0.10581253836372567,IMPROVING
701597,2026-06,0.14457813765206423,0.14828915835062148,0.003711020698557249,STABLE
701598,2026-04,,0.25093186686085667,,
701598,2026-05,0.25093186686085667,0.16274742928631997,-0.0881844375745367,IMPROVING
701598,2026-06,0.16274742928631997,0.1760446947660078,0.01329726547968782,STABLE
701599,2026-04,,0.29346669725853647,,
701599,2026-05,0.29346669725853647,0.17528189907037756,-0.11818479818815891,IMPROVING
701599,2026-06,0.17528189907037756,0.19462733018768444,0.019345431117306883,STABLE
701602,2026-04,,0.5076205200263757,,
701602,2026-05,0.5076205200263757,0.27466238156765016,-0.23295813845872554,IMPROVING
701602,2026-06,0.27466238156765016,0.32025646334230456,0.045594081774654405,STABLE
701657,2026-04,,0.32594821136020175,,
701657,2026-05,0.32594821136020175,0.17294316584211258,-0.15300504551808916,IMPROVING
701657,2026-06,0.17294316584211258,0.21231909642556476,0.03937593058345218,STABLE
701658,2026-04,,0.3326775402513443,,
701658,2026-05,0.3326775402513443,0.16777593669061822,-0.16490160356072606,IMPROVING
701658,2026-06,0.16777593669061822,0.23609712810487377,0.06832119141425555,WORSENING
701668,2026-04,,0.1937326953346351,,
701668,2026-05,0.1937326953346351,0.053543994429717794,-0.1401887009049173,IMPROVING
701668,2026-06,0.053543994429717794,0.08211953743950992,0.028575543009792127,STABLE
701719,2026-04,,0.36584946836286075,,
701719,2026-05,0.36584946836286075,0.31863062115963725,-0.0472188472032235,STABLE
701719,2026-06,0.31863062115963725,0.30695222990843357,-0.01167839125120368,STABLE
701745,2026-04,,0.29735473706137544,,
701745,2026-05,0.29735473706137544,0.21365823200576065,-0.0836965050556148,IMPROVING
701745,2026-06,0.21365823200576065,0.23352292183871873,0.019864689832958082,STABLE
701766,2026-04,,0.29191616663816383,,
701766,2026-05,0.29191616663816383,0.2242440284288558,-0.06767213820930804,IMPROVING
701766,2026-06,0.2242440284288558,0.24165986920375385,0.01741584077489805,STABLE
701991,2026-04,,0.3368738905530435,,
701991,2026-05,0.3368738905530435,0.29873410055652727,-0.03813978999651624,STABLE
701991,2026-06,0.29873410055652727,0.2792708515071872,-0.019463249049340048,STABLE
702625,2026-04,,0.3904641982730764,,
702625,2026-05,0.3904641982730764,0.2960676970389962,-0.09439650123408017,IMPROVING
702625,2026-06,0.2960676970389962,0.3248606062315675,0.02879290919257127,STABLE
702626,2026-04,,0.3827730599144922,,
702626,2026-05,0.3827730599144922,0.30631289950702995,-0.07646016040746223,IMPROVING
702626,2026-06,0.30631289950702995,0.3312821209940533,0.024969221487023352,STABLE
702627,2026-04,,0.46381411998991023,,
702627,2026-05,0.46381411998991023,0.25890464394180124,-0.204909476048109,IMPROVING
702627,2026-06,0.25890464394180124,0.2819520583234913,0.023047414381690057,STABLE
702628,2026-04,,0.3201554833196508,,
702628,2026-05,0.3201554833196508,0.25709663282705314,-0.06305885049259768,IMPROVING
702628,2026-06,0.25709663282705314,0.2814527525117283,0.02435611968467516,STABLE
702629,2026-04,,0.34424574291666615,,
702629,2026-05,0.34424574291666615,0.25599755465956364,-0.08824818825710251,IMPROVING
702629,2026-06,0.25599755465956364,0.24137872715307537,-0.014618827506488269,STABLE
702630,2026-04,,0.3362834553508945,,
702630,2026-05,0.3362834553508945,0.28689913575292375,-0.04938431959797074,STABLE
702630,2026-06,0.28689913575292375,0.3067513895603304,0.019852253807406628,STABLE
702632,2026-04,,0.4192408723882266,,
702632,2026-05,0.4192408723882266,0.31122652432541914,-0.10801434806280746,IMPROVING
702632,2026-06,0.31122652432541914,0.36352060074550835,0.05229407642008921,WORSENING
702635,2026-04,,0.4090436898081942,,
702635,2026-05,0.4090436898081942,0.44153646794500045,0.03249277813680623,STABLE
702635,2026-06,0.44153646794500045,0.4213410560818973,-0.02019541186310314,STABLE
702637,2026-04,,0.4836290678658943,,
702637,2026-05,0.4836290678658943,0.44770868445924206,-0.03592038340665227,STABLE
702637,2026-06,0.44770868445924206,0.41719730258559,-0.030511381873652044,STABLE
702658,2026-04,,0.3610881379229043,,
702658,2026-05,0.3610881379229043,0.16612352989109805,-0.19496460803180624,IMPROVING
702658,2026-06,0.16612352989109805,0.23212935970277954,0.06600582981168149,WORSENING
702664,2026-04,,0.3096657376461343,,
702664,2026-05,0.3096657376461343,0.13734863755657248,-0.17231710008956183,IMPROVING
702664,2026-06,0.13734863755657248,0.18313025419745635,0.04578161664088387,STABLE
702665,2026-04,,0.4800328068408669,,
702665,2026-05,0.4800328068408669,0.3190913038289184,-0.16094150301194848,IMPROVING
702665,2026-06,0.3190913038289184,0.32353300024089543,0.004441696411977003,STABLE
702668,2026-04,,0.42665805089860875,,
702668,2026-05,0.42665805089860875,0.2507714159530432,-0.17588663494556556,IMPROVING
702668,2026-06,0.2507714159530432,0.28174246477241527,0.03097104881937207,STABLE
702674,2026-04,,0.24825930351651893,,
702674,2026-05,0.24825930351651893,0.16469488601951307,-0.08356441749700586,IMPROVING
702674,2026-06,0.16469488601951307,0.18510124695104954,0.02040636093153647,STABLE
702699,2026-04,,0.25788861226377324,,
702699,2026-05,0.25788861226377324,0.22372596762874664,-0.03416264463502661,STABLE
702699,2026-06,0.22372596762874664,0.23978103944912793,0.016055071820381295,STABLE
702734,2026-04,,0.3127334185067243,,
702734,2026-05,0.3127334185067243,0.21092698069774954,-0.10180643780897478,IMPROVING
702734,2026-06,0.21092698069774954,0.2320797483935613,0.02115276769581176,STABLE
702741,2026-04,,0.382749170996899,,
702741,2026-05,0.382749170996899,0.2583829463385573,-0.12436622465834168,IMPROVING
702741,2026-06,0.2583829463385573,0.29517580218458356,0.03679285584602626,STABLE
702742,2026-04,,0.41733357904922275,,
702742,2026-05,0.41733357904922275,0.2779753030423338,-0.13935827600688894,IMPROVING
702742,2026-06,0.2779753030423338,0.31596340945535095,0.03798810641301714,STABLE
702746,2026-04,,0.3870075613026328,,
702746,2026-05,0.3870075613026328,0.24389837299156014,-0.14310918831107267,IMPROVING
702746,2026-06,0.24389837299156014,0.28321059410201843,0.03931222111045829,STABLE
702760,2026-04,,0.3967178028504747,,
702760,2026-05,0.3967178028504747,0.22636305688465388,-0.17035474596582081,IMPROVING
702760,2026-06,0.22636305688465388,0.2667230300040114,0.04035997311935749,STABLE
702793,2026-04,,0.33590475201163333,,
702793,2026-05,0.33590475201163333,0.27089326904250577,-0.06501148296912757,IMPROVING
702793,2026-06,0.27089326904250577,0.2762782783341246,0.005385009291618836,STABLE
702808,2026-04,,0.40199400425543097,,
702808,2026-05,0.40199400425543097,0.3027538457160168,-0.09924015853941415,IMPROVING
702808,2026-06,0.3027538457160168,0.3097664015599156,0.00701255584389876,STABLE
702810,2026-04,,0.36042427665996757,,
702810,2026-05,0.36042427665996757,0.301670745651406,-0.058753531008561566,IMPROVING
702810,2026-06,0.301670745651406,0.27440511810701723,-0.02726562754438877,STABLE
702833,2026-04,,0.2960519070342244,,
702833,2026-05,0.2960519070342244,0.24367499866677553,-0.05237690836744888,IMPROVING
702833,2026-06,0.24367499866677553,0.2554421906225215,0.011767191955745965,STABLE
702851,2026-04,,0.3604491193276479,,
702851,2026-05,0.3604491193276479,0.26047730573963634,-0.09997181358801155,IMPROVING
702949,2026-04,,0.26181566346964147,,
702949,2026-05,0.26181566346964147,0.27321577094378463,0.011400107474143162,STABLE
702949,2026-06,0.27321577094378463,0.2477142602861366,-0.025501510657648024,STABLE
702958,2026-04,,0.19923995564307448,,
702958,2026-05,0.19923995564307448,0.1923562683395963,-0.0068836873034781865,STABLE
702958,2026-06,0.1923562683395963,0.18683975856392437,-0.005516509775671918,STABLE
703021,2026-04,,0.3253734759965497,,
703021,2026-05,0.3253734759965497,0.2160674688014916,-0.10930600719505809,IMPROVING
703021,2026-06,0.2160674688014916,0.1749937824840369,-0.0410736863174547,STABLE
703057,2026-04,,0.21567035793751832,,
703057,2026-05,0.21567035793751832,0.23477995218614814,0.01910959424862982,STABLE
703057,2026-06,0.23477995218614814,0.19572827850618202,-0.03905167367996612,STABLE
703585,2026-04,,0.3257795549503674,,
703585,2026-05,0.3257795549503674,0.22806950273210835,-0.09771005221825907,IMPROVING
703586,2026-04,,0.34934146008273104,,
703586,2026-05,0.34934146008273104,0.28509188060747076,-0.06424957947526028,IMPROVING
703586,2026-06,0.28509188060747076,0.2598953223046833,-0.025196558302787442,STABLE
704495,2026-04,,0.23067300052808218,,
704495,2026-05,0.23067300052808218,0.1467473357800753,-0.08392566474800689,IMPROVING
704495,2026-06,0.1467473357800753,0.2006852442429253,0.053937908462850015,WORSENING
705237,2026-04,,0.4725786239920306,,
705237,2026-05,0.4725786239920306,0.4334091252896494,-0.03916949870238118,STABLE
705237,2026-06,0.4334091252896494,0.4455878686421093,0.012178743352459886,STABLE
705244,2026-04,,0.30555038749495805,,
705244,2026-05,0.30555038749495805,0.21556413262479449,-0.08998625487016357,IMPROVING
705244,2026-06,0.21556413262479449,0.23989432763765325,0.02433019501285877,STABLE
705252,2026-04,,0.29747035771825864,,
705252,2026-05,0.29747035771825864,0.210070282414269,-0.08740007530398963,IMPROVING
705253,2026-04,,0.48922876502689006,,
705253,2026-05,0.48922876502689006,0.38032391403258176,-0.1089048509943083,IMPROVING
705253,2026-06,0.38032391403258176,0.4017568785384056,0.021432964505823826,STABLE
705298,2026-04,,0.26574483111214636,,
705298,2026-05,0.26574483111214636,0.1757652782673708,-0.08997955284477557,IMPROVING
705298,2026-06,0.1757652782673708,0.18872738113449183,0.012962102867121045,STABLE
705356,2026-04,,0.6303102573446308,,
705356,2026-05,0.6303102573446308,0.49383925760781683,-0.13647099973681392,IMPROVING
705356,2026-06,0.49383925760781683,0.5408440041858062,0.04700474657798942,STABLE
705357,2026-04,,0.495917423372195,,
705357,2026-05,0.495917423372195,0.3808189695401065,-0.1150984538320885,IMPROVING
705357,2026-06,0.3808189695401065,0.40107375913440274,0.02025478959429622,STABLE
705358,2026-04,,0.5789050308409684,,
705358,2026-05,0.5789050308409684,0.5848634646335898,0.005958433792621398,STABLE
705358,2026-06,0.5848634646335898,0.5956618973563592,0.010798432722769369,STABLE
705359,2026-04,,0.5776925309568279,,
705359,2026-05,0.5776925309568279,0.47510632439215406,-0.10258620656467388,IMPROVING
705359,2026-06,0.47510632439215406,0.4960352752989824,0.020928950906828336,STABLE
705362,2026-04,,0.48680271398653713,,
705362,2026-05,0.48680271398653713,0.31289970917250837,-0.17390300481402876,IMPROVING
705364,2026-04,,0.39776392937916055,,
705364,2026-05,0.39776392937916055,0.25065836847454387,-0.14710556090461668,IMPROVING
705366,2026-04,,0.47400710702313753,,
705366,2026-05,0.47400710702313753,0.4691954968432777,-0.004811610179859815,STABLE
705366,2026-06,0.4691954968432777,0.4738597342708482,0.0046642374275704945,STABLE
705368,2026-04,,0.4696395063675087,,
705368,2026-05,0.4696395063675087,0.3718405471283779,-0.09779895923913079,IMPROVING
705368,2026-06,0.3718405471283779,0.36634793699262147,-0.005492610135756415,STABLE
705373,2026-04,,0.45791717402523263,,
705373,2026-05,0.45791717402523263,0.3761458062295338,-0.08177136779569882,IMPROVING
705373,2026-06,0.3761458062295338,0.36903609169058554,-0.007109714538948264,STABLE
705375,2026-04,,0.524205715555092,,
705375,2026-05,0.524205715555092,0.4883329690900202,-0.03587274646507177,STABLE
705375,2026-06,0.4883329690900202,0.479439503954322,-0.00889346513569822,STABLE
705385,2026-04,,0.5257681618213348,,
705385,2026-05,0.5257681618213348,0.32226151989734964,-0.20350664192398515,IMPROVING
705385,2026-06,0.32226151989734964,0.34629530825579147,0.024033788358441832,STABLE
705391,2026-04,,0.52236738279242,,
705391,2026-05,0.52236738279242,0.47513117485473827,-0.04723620793768174,STABLE
705391,2026-06,0.47513117485473827,0.49370828682919227,0.018577111974453997,STABLE
705392,2026-04,,0.4930626348432924,,
705392,2026-05,0.4930626348432924,0.38112385321931047,-0.11193878162398191,IMPROVING
705392,2026-06,0.38112385321931047,0.3936607949727781,0.012536941753467645,STABLE
705394,2026-04,,0.4471770357183103,,
705394,2026-05,0.4471770357183103,0.5235301607803898,0.07635312506207953,WORSENING
705394,2026-06,0.5235301607803898,0.48588053563076955,-0.03764962514962028,STABLE
705396,2026-04,,0.40464052781666,,
705396,2026-05,0.40464052781666,0.23546244477311878,-0.1691780830435412,IMPROVING
705401,2026-04,,0.33206920251557825,,
705401,2026-05,0.33206920251557825,0.22669998566980218,-0.10536921684577608,IMPROVING
705401,2026-06,0.22669998566980218,0.22695714977996398,0.0002571641101618005,STABLE
705410,2026-04,,0.48078114655356036,,
705410,2026-05,0.48078114655356036,0.4232820266375322,-0.05749911991602813,IMPROVING
705410,2026-06,0.4232820266375322,0.4357992495281785,0.012517222890646273,STABLE
705419,2026-04,,0.4170270372174397,,
705419,2026-05,0.4170270372174397,0.39639775432663643,-0.02062928289080329,STABLE
705419,2026-06,0.39639775432663643,0.39937217457354623,0.0029744202469098036,STABLE
705424,2026-04,,0.5460599951096727,,
705424,2026-05,0.5460599951096727,0.2518926030066319,-0.2941673921030408,IMPROVING
705424,2026-06,0.2518926030066319,0.29635675700698755,0.04446415400035564,STABLE
705428,2026-04,,0.5345252307084992,,
705428,2026-05,0.5345252307084992,0.40856011871201536,-0.12596511199648386,IMPROVING
705429,2026-04,,0.4937050206247225,,
705429,2026-05,0.4937050206247225,0.3663858129390197,-0.12731920768570282,IMPROVING
705432,2026-04,,0.5240848175746933,,
705432,2026-05,0.5240848175746933,0.668065379524769,0.1439805619500757,WORSENING
705432,2026-06,0.668065379524769,0.6031944393659536,-0.06487094015881534,IMPROVING
705433,2026-04,,0.5002334837819477,,
705433,2026-05,0.5002334837819477,0.4408523748485654,-0.059381108933382276,IMPROVING
705433,2026-06,0.4408523748485654,0.4567841026460712,0.015931727797505846,STABLE
705434,2026-04,,0.5666699763060461,,
705434,2026-05,0.5666699763060461,0.5453500543079369,-0.02131992199810917,STABLE
705436,2026-04,,0.5013944122899984,,
705436,2026-05,0.5013944122899984,0.3146534035876796,-0.18674100870231874,IMPROVING
705437,2026-04,,0.5827989521745347,,
705437,2026-05,0.5827989521745347,0.4794250583066302,-0.10337389386790452,IMPROVING
705444,2026-04,,0.5806395812206373,,
705444,2026-05,0.5806395812206373,0.5558105787174995,-0.024829002503137798,STABLE
705444,2026-06,0.5558105787174995,0.5777857536402063,0.02197517492270684,STABLE
705450,2026-04,,0.38149603956946737,,
705450,2026-05,0.38149603956946737,0.3163754332835801,-0.06512060628588728,IMPROVING
705450,2026-06,0.3163754332835801,0.3110173205989476,-0.005358112684632488,STABLE
705453,2026-04,,0.5477290785200669,,
705453,2026-05,0.5477290785200669,0.4463170059981556,-0.10141207252191131,IMPROVING
705453,2026-06,0.4463170059981556,0.41597710876659794,-0.030339897231557666,STABLE
705454,2026-04,,0.555054335961404,,
705454,2026-05,0.555054335961404,0.528732823539078,-0.026321512422325943,STABLE
705454,2026-06,0.528732823539078,0.5401363554709714,0.011403531931893363,STABLE
705457,2026-04,,0.577044123270958,,
705457,2026-05,0.577044123270958,0.5094173549535908,-0.06762676831736725,IMPROVING
705457,2026-06,0.5094173549535908,0.5220431278052993,0.012625772851708517,STABLE
705458,2026-04,,0.3457289313807874,,
705458,2026-05,0.3457289313807874,0.2617307271685678,-0.0839982042122196,IMPROVING
705458,2026-06,0.2617307271685678,0.2709676174187062,0.009236890250138352,STABLE
705464,2026-04,,0.36156368601968564,,
705464,2026-05,0.36156368601968564,0.2634337182253729,-0.09812996779431271,IMPROVING
705479,2026-04,,0.5347752634516386,,
705479,2026-05,0.5347752634516386,0.2684465251106962,-0.2663287383409424,IMPROVING
705479,2026-06,0.2684465251106962,0.36749583372940137,0.09904930861870515,WORSENING
705480,2026-04,,0.49335611350811337,,
705480,2026-05,0.49335611350811337,0.42173158457617804,-0.07162452893193533,IMPROVING
705480,2026-06,0.42173158457617804,0.4123471107297752,-0.009384473846402841,STABLE
705481,2026-04,,0.5135779141243194,,
705482,2026-04,,0.3027829763746358,,
705482,2026-05,0.3027829763746358,0.23175810345423717,-0.07102487292039864,IMPROVING
705489,2026-04,,0.41148960755380565,,
705490,2026-04,,0.597640681585441,,
705490,2026-05,0.597640681585441,0.6022293984460321,0.0045887168605910356,STABLE
705490,2026-06,0.6022293984460321,0.4641071986508369,-0.1381221997951952,IMPROVING
705491,2026-04,,0.44306299633818197,,
705491,2026-05,0.44306299633818197,0.26613575827346,-0.176927238064722,IMPROVING
705491,2026-06,0.26613575827346,0.29034653909086033,0.024210780817400357,STABLE
705492,2026-04,,0.4976578107754385,,
705492,2026-05,0.4976578107754385,0.43408162950931617,-0.06357618126612236,IMPROVING
705492,2026-06,0.43408162950931617,0.4519500503121536,0.017868420802837404,STABLE
705493,2026-04,,0.37564370863448737,,
705493,2026-05,0.37564370863448737,0.2830297268885111,-0.09261398174597629,IMPROVING
705493,2026-06,0.2830297268885111,0.3031494041748436,0.020119677286332516,STABLE
705494,2026-04,,0.5338010300152402,,
705494,2026-05,0.5338010300152402,0.48556783288439515,-0.04823319713084501,STABLE
705494,2026-06,0.48556783288439515,0.4920052226410298,0.006437389756634659,STABLE
705495,2026-04,,0.5344870465861067,,
705495,2026-05,0.5344870465861067,0.3779922053666436,-0.1564948412194631,IMPROVING
705495,2026-06,0.3779922053666436,0.3975600835935071,0.01956787822686351,STABLE
705496,2026-04,,0.36879399895332554,,
705496,2026-05,0.36879399895332554,0.29523323176866595,-0.07356076718465959,IMPROVING
705496,2026-06,0.29523323176866595,0.27757701284276304,-0.01765621892590291,STABLE
705497,2026-04,,0.5468992593297963,,
705497,2026-05,0.5468992593297963,0.42890103423055026,-0.11799822509924607,IMPROVING
705497,2026-06,0.42890103423055026,0.43932037579600036,0.010419341565450102,STABLE
705498,2026-04,,0.5907074876250032,,
705498,2026-05,0.5907074876250032,0.4511141204724669,-0.13959336715253634,IMPROVING
705498,2026-06,0.4511141204724669,0.47975355881011034,0.02863943833764343,STABLE
705500,2026-04,,0.5099372788444131,,
705500,2026-05,0.5099372788444131,0.37387578151486345,-0.13606149732954964,IMPROVING
705500,2026-06,0.37387578151486345,0.4152118215152964,0.04133604000043295,STABLE
705502,2026-04,,0.6313791610544156,,
705502,2026-05,0.6313791610544156,0.4629893204947667,-0.1683898405596489,IMPROVING
705502,2026-06,0.4629893204947667,0.5129911521128687,0.05000183161810201,WORSENING
705504,2026-04,,0.5313613917012558,,
705504,2026-05,0.5313613917012558,0.434288229455838,-0.09707316224541784,IMPROVING
705504,2026-06,0.434288229455838,0.44974451426545686,0.015456284809618859,STABLE
705505,2026-04,,0.515820483627311,,
705505,2026-05,0.515820483627311,0.3879986979535454,-0.12782178567376562,IMPROVING
705505,2026-06,0.3879986979535454,0.4287630968647612,0.040764398911215804,STABLE
705506,2026-04,,0.4821659582873716,,
705506,2026-05,0.4821659582873716,0.3507291517019015,-0.13143680658547008,IMPROVING
705506,2026-06,0.3507291517019015,0.3923539396890504,0.041624787987148915,STABLE
705507,2026-04,,0.7341873966328375,,
705507,2026-05,0.7341873966328375,0.5239003955909893,-0.21028700104184816,IMPROVING
705507,2026-06,0.5239003955909893,0.5717397650437315,0.04783936945274214,STABLE
705510,2026-04,,0.6159396347932754,,
705510,2026-05,0.6159396347932754,0.5837257496736723,-0.0322138851196031,STABLE
705510,2026-06,0.5837257496736723,0.5696916702262856,-0.01403407944738666,STABLE
705511,2026-04,,0.6082478120327732,,
705511,2026-05,0.6082478120327732,0.6831468172332356,0.07489900520046233,WORSENING
705511,2026-06,0.6831468172332356,0.634921911155283,-0.0482249060779526,STABLE
705512,2026-04,,0.6098989244119278,,
705512,2026-05,0.6098989244119278,0.5768068767406477,-0.033092047671280156,STABLE
705512,2026-06,0.5768068767406477,0.5554249529118099,-0.021381923828837746,STABLE
705513,2026-04,,0.6732441890608871,,
705513,2026-05,0.6732441890608871,0.7121680750340338,0.038923885973146666,STABLE
705513,2026-06,0.7121680750340338,0.660951624616419,-0.0512164504176148,IMPROVING
705514,2026-04,,0.399697679360309,,
705514,2026-05,0.399697679360309,0.3222341124618978,-0.07746356689841116,IMPROVING
705514,2026-06,0.3222341124618978,0.3367187587107988,0.014484646248901,STABLE
705515,2026-04,,0.5885583412198707,,
705515,2026-05,0.5885583412198707,0.5263774165783976,-0.06218092464147307,IMPROVING
705515,2026-06,0.5263774165783976,0.5196077433869319,-0.006769673191465708,STABLE
705526,2026-04,,0.32031952789161217,,
705526,2026-05,0.32031952789161217,0.22873693306162002,-0.09158259482999215,IMPROVING
705526,2026-06,0.22873693306162002,0.2498808956552998,0.021143962593679788,STABLE
705527,2026-04,,0.4505728104058693,,
705527,2026-05,0.4505728104058693,0.37172701077304554,-0.07884579963282373,IMPROVING
705527,2026-06,0.37172701077304554,0.3571867294962936,-0.014540281276751943,STABLE
705528,2026-04,,0.40840171894403693,,
705528,2026-05,0.40840171894403693,0.3841234002737324,-0.024278318670304555,STABLE
705528,2026-06,0.3841234002737324,0.3972745306731206,0.0131511303993882,STABLE
705562,2026-04,,0.49553980417928445,,
705562,2026-05,0.49553980417928445,0.4302863697359674,-0.06525343444331705,IMPROVING
705562,2026-06,0.4302863697359674,0.39790888963082166,-0.03237748010514574,STABLE
705567,2026-04,,0.346277721116656,,
705567,2026-05,0.346277721116656,0.3555707378017385,0.009293016685082478,STABLE
705567,2026-06,0.3555707378017385,0.3212676054418469,-0.034303132359891575,STABLE
705572,2026-04,,0.5001920492513089,,
705572,2026-05,0.5001920492513089,0.4470077570590315,-0.05318429219227738,IMPROVING
705572,2026-06,0.4470077570590315,0.41651336347738294,-0.03049439358164857,STABLE
705583,2026-04,,0.4865551287717862,,
705583,2026-05,0.4865551287717862,0.24898495433572512,-0.23757017443606107,IMPROVING
705583,2026-06,0.24898495433572512,0.3000402427873183,0.051055288451593156,WORSENING
705588,2026-04,,0.43308323947777155,,
705588,2026-05,0.43308323947777155,0.3327451120790855,-0.10033812739868603,IMPROVING
705588,2026-06,0.3327451120790855,0.3129901758056671,-0.0197549362734184,STABLE
705598,2026-04,,0.3584666849874247,,
705598,2026-05,0.3584666849874247,0.4102560410976878,0.05178935611026314,WORSENING
705598,2026-06,0.4102560410976878,0.3885420905031634,-0.02171395059452441,STABLE
705608,2026-04,,0.4926886609431501,,
705608,2026-05,0.4926886609431501,0.3443157351484142,-0.14837292579473593,IMPROVING
705608,2026-06,0.3443157351484142,0.3632845367835222,0.018968801635108,STABLE
705610,2026-04,,0.4913806028678319,,
705610,2026-05,0.4913806028678319,0.34323100288636665,-0.14814959998146526,IMPROVING
705610,2026-06,0.34323100288636665,0.35202466188900117,0.008793659002634513,STABLE
705612,2026-04,,0.5896342194816506,,
705612,2026-05,0.5896342194816506,0.5636997902417005,-0.025934429239950152,STABLE
705613,2026-04,,0.5783493561761146,,
705613,2026-05,0.5783493561761146,0.5215394396675881,-0.056809916508526515,IMPROVING
705616,2026-04,,0.5615082769673215,,
705616,2026-05,0.5615082769673215,0.5064277409986249,-0.055080535968696664,IMPROVING
705616,2026-06,0.5064277409986249,0.5235427945710364,0.0171150535724115,STABLE
705617,2026-04,,0.5008918215310465,,
705617,2026-05,0.5008918215310465,0.4510198067216482,-0.04987201480939829,STABLE
705617,2026-06,0.4510198067216482,0.4694384132493742,0.018418606527725978,STABLE
705628,2026-04,,0.5023194683206369,,
705628,2026-05,0.5023194683206369,0.4348429782337601,-0.06747649008687678,IMPROVING
705628,2026-06,0.4348429782337601,0.4209423624306664,-0.013900615803093708,STABLE
705629,2026-04,,0.5061342330535796,,
705629,2026-05,0.5061342330535796,0.3893768613746164,-0.11675737167896322,IMPROVING
705629,2026-06,0.3893768613746164,0.38225270585706805,-0.007124155517548358,STABLE
705632,2026-04,,0.6400753901715601,,
705632,2026-05,0.6400753901715601,0.4922275402684711,-0.14784784990308902,IMPROVING
705632,2026-06,0.4922275402684711,0.4855362044543184,-0.00669133581415271,STABLE
705633,2026-04,,0.4706591794293248,,
705633,2026-05,0.4706591794293248,0.419153667809675,-0.05150551161964978,IMPROVING
705635,2026-04,,0.5198173003951845,,
705635,2026-05,0.5198173003951845,0.3529147221291342,-0.16690257826605026,IMPROVING
705635,2026-06,0.3529147221291342,0.3474462322876256,-0.005468489841508606,STABLE
705638,2026-04,,0.26968723156745833,,
705638,2026-05,0.26968723156745833,0.10671716535596344,-0.1629700662114949,IMPROVING
705638,2026-06,0.10671716535596344,0.1519218489442938,0.045204683588330366,STABLE
705639,2026-04,,0.2818391441094405,,
705639,2026-05,0.2818391441094405,0.11405585480471439,-0.1677832893047261,IMPROVING
705639,2026-06,0.11405585480471439,0.1544571742356929,0.04040131943097852,STABLE
705648,2026-04,,0.45816494464004703,,
705648,2026-05,0.45816494464004703,0.4347554261106121,-0.02340951852943496,STABLE
705650,2026-04,,0.6197413789021987,,
705650,2026-05,0.6197413789021987,0.7163268093232315,0.09658543042103274,WORSENING
705659,2026-04,,0.4140525428475708,,
705659,2026-05,0.4140525428475708,0.28575196433353556,-0.12830057851403526,IMPROVING
705659,2026-06,0.28575196433353556,0.2941377615148799,0.008385797181344357,STABLE
705660,2026-04,,0.5609008615207774,,
705660,2026-05,0.5609008615207774,0.45618256902527105,-0.1047182924955064,IMPROVING
705661,2026-04,,0.5248478957543231,,
705661,2026-05,0.5248478957543231,0.4534411186640425,-0.0714067770902806,IMPROVING
705661,2026-06,0.4534411186640425,0.4319181337355229,-0.021522984928519617,STABLE
705663,2026-04,,0.2583707601488595,,
705663,2026-05,0.2583707601488595,0.22583429682006595,-0.03253646332879356,STABLE
705663,2026-06,0.22583429682006595,0.20540077263783957,-0.02043352418222638,STABLE
705667,2026-04,,0.5053683255703938,,
705667,2026-05,0.5053683255703938,0.4476110253036409,-0.05775730026675291,IMPROVING
705667,2026-06,0.4476110253036409,0.4926653724692182,0.045054347165577324,STABLE
705668,2026-04,,0.4519059041400396,,
705668,2026-05,0.4519059041400396,0.3662714646647234,-0.08563443947531624,IMPROVING
705668,2026-06,0.3662714646647234,0.40622567404805354,0.039954209383330164,STABLE
705728,2026-04,,0.5721823651043779,,
705728,2026-05,0.5721823651043779,0.4112373049510737,-0.16094506015330423,IMPROVING
705728,2026-06,0.4112373049510737,0.4178405389250148,0.006603233973941136,STABLE
705730,2026-04,,0.5367663986764287,,
705730,2026-05,0.5367663986764287,0.4745802169623078,-0.062186181714120936,IMPROVING
705735,2026-04,,0.5807826260029325,,
705735,2026-05,0.5807826260029325,0.32286227395745687,-0.25792035204547564,IMPROVING
705735,2026-06,0.32286227395745687,0.37277992092481954,0.04991764696736267,STABLE
705741,2026-04,,0.3911983735066723,,
705741,2026-05,0.3911983735066723,0.20539769543987818,-0.18580067806679412,IMPROVING
705741,2026-06,0.20539769543987818,0.24068024013692105,0.03528254469704287,STABLE
705742,2026-04,,0.6144957269037749,,
705747,2026-04,,0.3975120058389785,,
705747,2026-05,0.3975120058389785,0.26027630204528873,-0.13723570379368977,IMPROVING
705752,2026-04,,0.4041171594247084,,
705752,2026-05,0.4041171594247084,0.21863148911726227,-0.18548567030744612,IMPROVING
705752,2026-06,0.21863148911726227,0.22938792533862193,0.010756436221359661,STABLE
705761,2026-04,,0.410884364687579,,
705761,2026-05,0.410884364687579,0.2334968610992549,-0.17738750358832409,IMPROVING
705761,2026-06,0.2334968610992549,0.2876609540746894,0.05416409297543448,WORSENING
705762,2026-04,,0.37357368577198335,,
705762,2026-05,0.37357368577198335,0.48175483640219285,0.1081811506302095,WORSENING
705763,2026-04,,0.5308410745442292,,
705763,2026-05,0.5308410745442292,0.3277308824140663,-0.20311019213016296,IMPROVING
705764,2026-04,,0.3162805443971492,,
705764,2026-05,0.3162805443971492,0.20792033702479135,-0.10836020737235785,IMPROVING
705764,2026-06,0.20792033702479135,0.22791973240713637,0.01999939538234502,STABLE
705765,2026-04,,0.5931227136258765,,
705765,2026-05,0.5931227136258765,0.42213099643639895,-0.1709917171894776,IMPROVING
705765,2026-06,0.42213099643639895,0.43518334703002814,0.013052350593629192,STABLE
705766,2026-04,,0.35557211987596804,,
705766,2026-05,0.35557211987596804,0.30322364058012213,-0.05234847929584591,IMPROVING
705766,2026-06,0.30322364058012213,0.31051722019395805,0.007293579613835921,STABLE
705771,2026-04,,0.33607109281417014,,
705771,2026-05,0.33607109281417014,0.23483033816840765,-0.10124075464576249,IMPROVING
705772,2026-04,,0.533468417897953,,
705772,2026-05,0.533468417897953,0.4235936087645703,-0.10987480913338266,IMPROVING
705772,2026-06,0.4235936087645703,0.42670386140333977,0.003110252638769462,STABLE
705774,2026-04,,0.321103255957308,,
705774,2026-05,0.321103255957308,0.21564343052637133,-0.10545982543093665,IMPROVING
705774,2026-06,0.21564343052637133,0.21496685870398666,-0.0006765718223846751,STABLE
705777,2026-04,,0.27280127846213714,,
705777,2026-05,0.27280127846213714,0.20182009508628218,-0.07098118337585496,IMPROVING
705777,2026-06,0.20182009508628218,0.21408932576970557,0.012269230683423393,STABLE
705780,2026-04,,0.44764711509465227,,
705780,2026-05,0.44764711509465227,0.4053794397607607,-0.042267675333891586,STABLE
705780,2026-06,0.4053794397607607,0.4222274028216033,0.01684796306084263,STABLE
705782,2026-04,,0.3771734785310752,,
705782,2026-05,0.3771734785310752,0.2669407755995801,-0.11023270293149506,IMPROVING
705782,2026-06,0.2669407755995801,0.2922966943674321,0.02535591876785198,STABLE
705783,2026-04,,0.27302373080276904,,
705783,2026-05,0.27302373080276904,0.17057343307844056,-0.10245029772432848,IMPROVING
705783,2026-06,0.17057343307844056,0.17373270888431172,0.0031592758058711645,STABLE
705785,2026-04,,0.5031725270679072,,
705785,2026-05,0.5031725270679072,0.25057019626095967,-0.2526023308069475,IMPROVING
705785,2026-06,0.25057019626095967,0.2909293328614916,0.04035913660053192,STABLE
705793,2026-04,,0.3965207561493309,,
705793,2026-05,0.3965207561493309,0.3618831951293511,-0.034637561019979834,STABLE
705793,2026-06,0.3618831951293511,0.36861356662729755,0.006730371497946475,STABLE
705794,2026-04,,0.2876018072117802,,
705794,2026-05,0.2876018072117802,0.18653754032045738,-0.10106426689132281,IMPROVING
705799,2026-04,,0.4751001013072827,,
705799,2026-05,0.4751001013072827,0.3563362309716407,-0.11876387033564201,IMPROVING
705912,2026-04,,0.25337795348913245,,
705912,2026-05,0.25337795348913245,0.1351123609701838,-0.11826559251894864,IMPROVING
705918,2026-04,,0.432727415724309,,
705918,2026-05,0.432727415724309,0.2102661760350353,-0.2224612396892737,IMPROVING
705919,2026-04,,0.44683598581577316,,
705919,2026-05,0.44683598581577316,0.22408071045602412,-0.22275527535974904,IMPROVING
705919,2026-06,0.22408071045602412,0.23550941789972996,0.011428707443705832,STABLE
705933,2026-04,,0.4417065168264702,,
705933,2026-05,0.4417065168264702,0.31865278791302437,-0.12305372891344585,IMPROVING
705933,2026-06,0.31865278791302437,0.34723586832821546,0.028583080415191087,STABLE
705941,2026-04,,0.4156485039521648,,
705941,2026-05,0.4156485039521648,0.2578201745444884,-0.15782832940767638,IMPROVING
705941,2026-06,0.2578201745444884,0.29245445036957285,0.03463427582508444,STABLE
706718,2026-04,,0.3327774600877745,,
706718,2026-05,0.3327774600877745,0.21235586681735752,-0.12042159327041696,IMPROVING
706718,2026-06,0.21235586681735752,0.23663377841361974,0.02427791159626222,STABLE
706724,2026-04,,0.41854842085583677,,
706724,2026-05,0.41854842085583677,0.32275418508154424,-0.09579423577429252,IMPROVING
706724,2026-06,0.32275418508154424,0.3135669933497862,-0.009187191731758027,STABLE
706757,2026-04,,0.39851646627495996,,
706757,2026-05,0.39851646627495996,0.285413861131318,-0.11310260514364195,IMPROVING
706759,2026-04,,0.3913882148445074,,
706759,2026-05,0.3913882148445074,0.27558731670861936,-0.11580089813588806,IMPROVING
706759,2026-06,0.27558731670861936,0.2964589867460109,0.020871670037391543,STABLE
706763,2026-04,,0.3692866762551246,,
706763,2026-05,0.3692866762551246,0.3003450926806535,-0.06894158357447111,IMPROVING
706763,2026-06,0.3003450926806535,0.3148206923957908,0.014475599715137288,STABLE
706775,2026-04,,0.49263942991473386,,
706775,2026-05,0.49263942991473386,0.3304769708408818,-0.16216245907385207,IMPROVING
706775,2026-06,0.3304769708408818,0.38508649680882645,0.05460952596794466,WORSENING
706776,2026-04,,0.4836802517338822,,
706776,2026-05,0.4836802517338822,0.3258403232284665,-0.15783992850541567,IMPROVING
706777,2026-04,,0.41141956347815006,,
706777,2026-05,0.41141956347815006,0.25797761514858525,-0.15344194832956481,IMPROVING
706779,2026-04,,0.44371106433475577,,
706779,2026-05,0.44371106433475577,0.4543452022966626,0.01063413796190682,STABLE
706780,2026-04,,0.47070344694752586,,
706780,2026-05,0.47070344694752586,0.24533756530007764,-0.22536588164744822,IMPROVING
706781,2026-04,,0.4595511652952245,,
706781,2026-05,0.4595511652952245,0.3169469009840036,-0.14260426431122092,IMPROVING
706811,2026-04,,0.33957515394950816,,
706811,2026-05,0.33957515394950816,0.3944238460957949,0.05484869214628674,WORSENING
706811,2026-06,0.3944238460957949,0.3861735516415465,-0.008250294454248408,STABLE
706835,2026-04,,0.3291981328497799,,
706835,2026-05,0.3291981328497799,0.19112728332581957,-0.13807084952396032,IMPROVING
706836,2026-04,,0.2671218485820289,,
706836,2026-05,0.2671218485820289,0.2649675253803133,-0.002154323201715602,STABLE
706836,2026-06,0.2649675253803133,0.2362035078333257,-0.028764017546987625,STABLE
706837,2026-04,,0.32652491450430854,,
706837,2026-05,0.32652491450430854,0.15531341380461852,-0.17121150069969002,IMPROVING
706837,2026-06,0.15531341380461852,0.174173256336789,0.01885984253217049,STABLE
706854,2026-04,,0.4308842864067922,,
706854,2026-05,0.4308842864067922,0.15708000603745223,-0.27380428036934,IMPROVING
706854,2026-06,0.15708000603745223,0.23845593708422755,0.08137593104677532,WORSENING
706860,2026-04,,0.2231844835370544,,
706860,2026-05,0.2231844835370544,0.16112538707468074,-0.06205909646237365,IMPROVING
706860,2026-06,0.16112538707468074,0.1618159584351713,0.000690571360490555,STABLE
706865,2026-04,,0.360657220456102,,
706865,2026-05,0.360657220456102,0.1960026708308436,-0.16465454962525838,IMPROVING
706865,2026-06,0.1960026708308436,0.2409649347787797,0.04496226394793609,STABLE
706866,2026-04,,0.19158459880321746,,
706866,2026-05,0.19158459880321746,0.1406366231875343,-0.05094797561568315,IMPROVING
706866,2026-06,0.1406366231875343,0.14553721178426482,0.00490058859673051,STABLE
706898,2026-04,,0.26635964658538996,,
706898,2026-05,0.26635964658538996,0.23868007930865967,-0.027679567276730294,STABLE
706922,2026-04,,0.23250209978190345,,
706922,2026-05,0.23250209978190345,0.1637117412872021,-0.06879035849470136,IMPROVING
706940,2026-04,,0.20898160270661517,,
706940,2026-05,0.20898160270661517,0.18231628391790367,-0.026665318788711506,STABLE
706942,2026-04,,0.21619933965781135,,
706942,2026-05,0.21619933965781135,0.18813573695393876,-0.028063602703872592,STABLE
706950,2026-04,,0.32863511613291213,,
706950,2026-05,0.32863511613291213,0.311515478148574,-0.017119637984338132,STABLE
706965,2026-05,,0.17589499327217564,,
706965,2026-06,0.17589499327217564,0.2039991772392802,0.028104183967104568,STABLE
706966,2026-05,,0.17589499327217564,,
706966,2026-06,0.17589499327217564,0.2039991772392802,0.028104183967104568,STABLE
706988,2026-05,,0.20847388073857223,,
706988,2026-06,0.20847388073857223,0.22244566073316954,0.013971779994597311,STABLE
706989,2026-05,,0.19025241437376658,,
706989,2026-06,0.19025241437376658,0.24714197366432297,0.05688955929055639,WORSENING
707016,2026-05,,0.19977901186741942,,
707016,2026-06,0.19977901186741942,0.21679130720188566,0.017012295334466243,STABLE
707017,2026-05,,0.19977901186741942,,
707017,2026-06,0.19977901186741942,0.21679130720188566,0.017012295334466243,STABLE
707018,2026-05,,0.19977901186741942,,
707018,2026-06,0.19977901186741942,0.21679130720188566,0.017012295334466243,STABLE
707019,2026-05,,0.19977901186741942,,
707019,2026-06,0.19977901186741942,0.21679130720188566,0.017012295334466243,STABLE
707020,2026-04,,0.28604288833373537,,
707020,2026-05,0.28604288833373537,0.18120110496352862,-0.10484178337020675,IMPROVING
707020,2026-06,0.18120110496352862,0.19887472029059927,0.017673615327070652,STABLE
707021,2026-04,,0.31498177957053175,,
707021,2026-05,0.31498177957053175,0.17921128548756426,-0.13577049408296749,IMPROVING
707021,2026-06,0.17921128548756426,0.20459942377398113,0.025388138286416867,STABLE
707022,2026-04,,0.33617852201409854,,
707022,2026-05,0.33617852201409854,0.22314533919144708,-0.11303318282265146,IMPROVING
707022,2026-06,0.22314533919144708,0.2365691100601553,0.013423770868708218,STABLE
707039,2026-04,,0.41456858459352397,,
707039,2026-05,0.41456858459352397,0.31055928495914015,-0.10400929963438382,IMPROVING
707039,2026-06,0.31055928495914015,0.2955670036015212,-0.01499228135761893,STABLE
707044,2026-04,,0.23507961374077746,,
707044,2026-05,0.23507961374077746,0.1220162878810803,-0.11306332585969717,IMPROVING
707044,2026-06,0.1220162878810803,0.13205283529970704,0.010036547418626751,STABLE
707045,2026-04,,0.22742005231471757,,
707045,2026-05,0.22742005231471757,0.18387560397886046,-0.043544448335857106,STABLE
707045,2026-06,0.18387560397886046,0.16215593430266845,-0.021719669676192016,STABLE
707046,2026-04,,0.3255658400810012,,
707046,2026-05,0.3255658400810012,0.1671178544121178,-0.1584479856688834,IMPROVING
707046,2026-06,0.1671178544121178,0.19391838006154288,0.02680052564942509,STABLE
707049,2026-04,,0.17299616636055554,,
707049,2026-05,0.17299616636055554,0.1580668998242351,-0.014929266536320429,STABLE
707049,2026-06,0.1580668998242351,0.15771915201575637,-0.00034774780847873776,STABLE
707050,2026-04,,0.22777971552217674,,
707050,2026-05,0.22777971552217674,0.1923587077877269,-0.03542100773444984,STABLE
707050,2026-06,0.1923587077877269,0.18933791680403447,-0.0030207909836924285,STABLE
707051,2026-05,,0.3768093093081699,,
707051,2026-06,0.3768093093081699,0.2830822181750328,-0.0937270911331371,IMPROVING
707052,2026-05,,0.2030491212816712,,
707052,2026-06,0.2030491212816712,0.21988873151251975,0.01683961023084854,STABLE
707057,2026-05,,0.20339557898924657,,
707057,2026-06,0.20339557898924657,0.2166973397472638,0.013301760758017228,STABLE
707058,2026-04,,0.23452055968792848,,
707058,2026-05,0.23452055968792848,0.16012400698378587,-0.07439655270414261,IMPROVING
707058,2026-06,0.16012400698378587,0.14445428235247837,-0.015669724631307502,STABLE
707059,2026-04,,0.2425062101615641,,
707059,2026-05,0.2425062101615641,0.1576116606276625,-0.0848945495339016,IMPROVING
707059,2026-06,0.1576116606276625,0.16111827900865555,0.0035066183809930596,STABLE
707067,2026-05,,0.21902608043492805,,
707067,2026-06,0.21902608043492805,0.23074247515229734,0.011716394717369294,STABLE
707069,2026-04,,0.2413354572132058,,
707069,2026-05,0.2413354572132058,0.1444383784184549,-0.0968970787947509,IMPROVING
707069,2026-06,0.1444383784184549,0.16113149127876697,0.01669311286031208,STABLE
707070,2026-04,,0.30484772296299256,,
707070,2026-05,0.30484772296299256,0.12946021232058838,-0.17538751064240418,IMPROVING
707070,2026-06,0.12946021232058838,0.16584452408721972,0.036384311766631344,STABLE
707086,2026-04,,0.28252548105413683,,
707086,2026-05,0.28252548105413683,0.1608960295111962,-0.12162945154294064,IMPROVING
707086,2026-06,0.1608960295111962,0.17551665144005282,0.01462062192885663,STABLE
707087,2026-04,,0.2907330083894669,,
707087,2026-05,0.2907330083894669,0.22833775813827675,-0.062395250251190165,IMPROVING
707087,2026-06,0.22833775813827675,0.20829676392388108,-0.020040994214395674,STABLE
707215,2026-04,,0.3161907683324823,,
707215,2026-05,0.3161907683324823,0.2574824918676171,-0.05870827646486515,IMPROVING
707215,2026-06,0.2574824918676171,0.2791177494249573,0.021635257557340193,STABLE
707229,2026-04,,0.29040932726914703,,
707229,2026-05,0.29040932726914703,0.2496965564555708,-0.04071277081357624,STABLE
707229,2026-06,0.2496965564555708,0.1599112470572362,-0.0897853093983346,IMPROVING
707410,2026-04,,0.3824767529829855,,
707410,2026-05,0.3824767529829855,0.21549203679969414,-0.16698471618329136,IMPROVING
707410,2026-06,0.21549203679969414,0.25031707633099304,0.034825039531298896,STABLE
707419,2026-04,,0.19217801781671592,,
707419,2026-05,0.19217801781671592,0.0934483158050604,-0.09872970201165553,IMPROVING
707419,2026-06,0.0934483158050604,0.14652878050237433,0.05308046469731394,WORSENING
708687,2026-06,,0.1794423209521749,,
709747,2026-04,,0.3407104133803493,,
709747,2026-05,0.3407104133803493,0.2646321884624912,-0.0760782249178581,IMPROVING
709747,2026-06,0.2646321884624912,0.2826412243243659,0.01800903586187469,STABLE
709750,2026-04,,0.2461930334825353,,
709750,2026-05,0.2461930334825353,0.17956521052748042,-0.06662782295505487,IMPROVING
709750,2026-06,0.17956521052748042,0.1736634097095716,-0.005901800817908837,STABLE
709752,2026-04,,0.1960558153087501,,
709752,2026-05,0.1960558153087501,0.21832764925895115,0.022271833950201048,STABLE
709752,2026-06,0.21832764925895115,0.1938253577312052,-0.02450229152774594,STABLE
709753,2026-04,,0.18867343007869702,,
709753,2026-05,0.18867343007869702,0.16606684322562906,-0.02260658685306796,STABLE
709753,2026-06,0.16606684322562906,0.20658547058679577,0.04051862736116671,STABLE
709754,2026-04,,0.19502221413009943,,
709754,2026-05,0.19502221413009943,0.09840783862491483,-0.0966143755051846,IMPROVING
709754,2026-06,0.09840783862491483,0.11271993940771238,0.014312100782797557,STABLE
709755,2026-04,,0.21727154980917546,,
709755,2026-05,0.21727154980917546,0.10122591053686117,-0.11604563927231429,IMPROVING
709755,2026-06,0.10122591053686117,0.11159892225440736,0.01037301171754619,STABLE
709759,2026-04,,0.19926426185310578,,
709759,2026-05,0.19926426185310578,0.12097923117762759,-0.07828503067547819,IMPROVING
709759,2026-06,0.12097923117762759,0.1290354681164656,0.008056236938838016,STABLE
709760,2026-04,,0.25012719842741366,,
709770,2026-04,,0.26050665051340494,,
709770,2026-05,0.26050665051340494,0.1269675608427383,-0.13353908967066663,IMPROVING
709770,2026-06,0.1269675608427383,0.1964699816424623,0.06950242079972399,WORSENING
709771,2026-04,,0.33447940054241376,,
709771,2026-05,0.33447940054241376,0.13653492977478118,-0.19794447076763258,IMPROVING
709771,2026-06,0.13653492977478118,0.2320148034126433,0.09547987363786212,WORSENING
709772,2026-04,,0.31646355902951606,,
709772,2026-05,0.31646355902951606,0.13271427876201444,-0.18374928026750162,IMPROVING
709772,2026-06,0.13271427876201444,0.22289952280868827,0.09018524404667383,WORSENING
709773,2026-04,,0.29678830567813075,,
709773,2026-05,0.29678830567813075,0.12602717938596678,-0.17076112629216397,IMPROVING
709773,2026-06,0.12602717938596678,0.20744329486755808,0.0814161154815913,WORSENING
709774,2026-04,,0.2782515613640357,,
709774,2026-05,0.2782515613640357,0.19137825943514178,-0.08687330192889395,IMPROVING
709774,2026-06,0.19137825943514178,0.18866621319443092,-0.0027120462407108636,STABLE
709776,2026-04,,0.2398860317096398,,
709776,2026-05,0.2398860317096398,0.17551327237704994,-0.06437275933258985,IMPROVING
709776,2026-06,0.17551327237704994,0.21601914716461243,0.040505874787562485,STABLE
709777,2026-04,,0.2934810879372792,,
709777,2026-05,0.2934810879372792,0.18545029218717352,-0.10803079575010566,IMPROVING
709777,2026-06,0.18545029218717352,0.20177548092610745,0.016325188738933932,STABLE
709778,2026-04,,0.24970988013797082,,
709778,2026-05,0.24970988013797082,0.17987963660115544,-0.06983024353681538,IMPROVING
709778,2026-06,0.17987963660115544,0.18324915318503662,0.0033695165838811825,STABLE
709779,2026-04,,0.21176596928721225,,
709779,2026-05,0.21176596928721225,0.1304148068067634,-0.08135116248044885,IMPROVING
709779,2026-06,0.1304148068067634,0.17346425903299437,0.043049452226230966,STABLE
709780,2026-04,,0.31457119911427367,,
709780,2026-05,0.31457119911427367,0.21220425672880472,-0.10236694238546895,IMPROVING
709780,2026-06,0.21220425672880472,0.2295337560418364,0.017329499313031682,STABLE
709781,2026-04,,0.3217615716592989,,
709781,2026-05,0.3217615716592989,0.16406087856658363,-0.15770069309271528,IMPROVING
709781,2026-06,0.16406087856658363,0.23690684777865564,0.07284596921207201,WORSENING
709782,2026-04,,0.18705162702366143,,
709783,2026-04,,0.22770642767153945,,
709783,2026-05,0.22770642767153945,0.24839909708949132,0.020692669417951864,STABLE
709783,2026-06,0.24839909708949132,0.2365640308224728,-0.011835066267018524,STABLE
709785,2026-04,,0.2614735731056098,,
709785,2026-05,0.2614735731056098,0.15526849901147205,-0.10620507409413776,IMPROVING
709785,2026-06,0.15526849901147205,0.18381580217186946,0.028547303160397414,STABLE
709786,2026-04,,0.2719605708584005,,
709786,2026-05,0.2719605708584005,0.14071780481403973,-0.13124276604436075,IMPROVING
709786,2026-06,0.14071780481403973,0.1638529200564331,0.023135115242393367,STABLE
709791,2026-04,,0.30122076573276046,,
709791,2026-05,0.30122076573276046,0.13841844467331654,-0.16280232105944392,IMPROVING
709791,2026-06,0.13841844467331654,0.19804352876413492,0.059625084090818375,WORSENING
709792,2026-04,,0.3091330946927128,,
709792,2026-05,0.3091330946927128,0.0881917269277865,-0.2209413677649263,IMPROVING
709792,2026-06,0.0881917269277865,0.1563284201863106,0.0681366932585241,WORSENING
709793,2026-04,,0.3067836068038951,,
709793,2026-05,0.3067836068038951,0.09208001831974112,-0.214703588484154,IMPROVING
709793,2026-06,0.09208001831974112,0.16048182431196387,0.06840180599222274,WORSENING
709794,2026-04,,0.33025207316353694,,
709794,2026-05,0.33025207316353694,0.0968002791472764,-0.23345179401626054,IMPROVING
709794,2026-06,0.0968002791472764,0.17147673046279807,0.07467645131552167,WORSENING
709795,2026-04,,0.26526471811439023,,
709795,2026-05,0.26526471811439023,0.07587764288177692,-0.1893870752326133,IMPROVING
709795,2026-06,0.07587764288177692,0.12895953928545859,0.05308189640368166,WORSENING
709796,2026-04,,0.3227465075902077,,
709796,2026-05,0.3227465075902077,0.0904789715297063,-0.23226753606050138,IMPROVING
709796,2026-06,0.0904789715297063,0.1663535345688881,0.0758745630391818,WORSENING
709797,2026-04,,0.31862889463950517,,
709797,2026-05,0.31862889463950517,0.231093367683854,-0.08753552695565117,IMPROVING
709797,2026-06,0.231093367683854,0.24538988703198328,0.014296519348129283,STABLE
709798,2026-04,,0.3437850516800385,,
709798,2026-05,0.3437850516800385,0.14008700876932348,-0.203698042910715,IMPROVING
709798,2026-06,0.14008700876932348,0.1908557496274703,0.05076874085814681,WORSENING
709799,2026-04,,0.2653094422743321,,
709799,2026-05,0.2653094422743321,0.09848152113955733,-0.1668279211347748,IMPROVING
709799,2026-06,0.09848152113955733,0.16834175491077835,0.06986023377122103,WORSENING
709800,2026-04,,0.28399791364963045,,
709800,2026-05,0.28399791364963045,0.20787606253322505,-0.0761218511164054,IMPROVING
709800,2026-06,0.20787606253322505,0.20798498247275832,0.00010891993953326962,STABLE
709811,2026-04,,0.20132974274427964,,
709811,2026-05,0.20132974274427964,0.1007240520362081,-0.10060569070807154,IMPROVING
709812,2026-04,,0.26137226833748356,,
709812,2026-05,0.26137226833748356,0.09781083266607253,-0.16356143567141102,IMPROVING
709812,2026-06,0.09781083266607253,0.15056020305407172,0.05274937038799919,WORSENING
709813,2026-04,,0.20858523273953178,,
709813,2026-05,0.20858523273953178,0.07476578745730343,-0.13381944528222833,IMPROVING
709813,2026-06,0.07476578745730343,0.10920411419984695,0.03443832674254352,STABLE
709815,2026-04,,0.2701130963985381,,
709815,2026-05,0.2701130963985381,0.12040993926187364,-0.14970315713666443,IMPROVING
709815,2026-06,0.12040993926187364,0.1340866715710169,0.01367673230914325,STABLE
709816,2026-04,,0.23057044871878493,,
709816,2026-05,0.23057044871878493,0.11683959815626425,-0.11373085056252068,IMPROVING
709816,2026-06,0.11683959815626425,0.1455996893785347,0.028760091222270454,STABLE
709817,2026-04,,0.2228701211394665,,
709818,2026-04,,0.31746966861170167,,
709818,2026-05,0.31746966861170167,0.12260899015997019,-0.1948606784517315,IMPROVING
709818,2026-06,0.12260899015997019,0.15716540137496487,0.034556411214994684,STABLE
709819,2026-04,,0.20751026537036915,,
709819,2026-05,0.20751026537036915,0.11049354371171757,-0.09701672165865158,IMPROVING
709819,2026-06,0.11049354371171757,0.1267569368144442,0.01626339310272662,STABLE
709826,2026-04,,0.3974324050739693,,
709826,2026-05,0.3974324050739693,0.3341072827640499,-0.06332512230991943,IMPROVING
709826,2026-06,0.3341072827640499,0.3432453003873912,0.009138017623341321,STABLE
709831,2026-04,,0.356045522517435,,
709831,2026-05,0.356045522517435,0.26808625069950487,-0.08795927181793012,IMPROVING
709831,2026-06,0.26808625069950487,0.32893893297899895,0.060852682279494086,WORSENING
709832,2026-04,,0.3926879993023652,,
709832,2026-05,0.3926879993023652,0.2301129917487497,-0.1625750075536155,IMPROVING
709832,2026-06,0.2301129917487497,0.27181241537639705,0.041699423627647364,STABLE
709837,2026-04,,0.26888871754426313,,
709837,2026-05,0.26888871754426313,0.21244476664396542,-0.05644395090029772,IMPROVING
709837,2026-06,0.21244476664396542,0.22241837292590882,0.009973606281943409,STABLE
709838,2026-04,,0.2947456976907499,,
709838,2026-05,0.2947456976907499,0.1979721332321127,-0.09677356445863716,IMPROVING
709838,2026-06,0.1979721332321127,0.2200063151071629,0.022034181875050185,STABLE
709839,2026-04,,0.2612586187704297,,
709839,2026-05,0.2612586187704297,0.27324667215461057,0.011988053384180852,STABLE
709839,2026-06,0.27324667215461057,0.30586759144879033,0.03262091929417976,STABLE
709840,2026-04,,0.18641138015493414,,
709840,2026-05,0.18641138015493414,0.25036761249729117,0.06395623234235703,WORSENING
709840,2026-06,0.25036761249729117,0.2526076406028965,0.0022400281056053073,STABLE
709841,2026-04,,0.2160515668660143,,
709841,2026-05,0.2160515668660143,0.22020439861467841,0.004152831748664126,STABLE
709841,2026-06,0.22020439861467841,0.2542185152207817,0.03401411660610329,STABLE
709842,2026-04,,0.26084051657420143,,
709842,2026-05,0.26084051657420143,0.14752194977211344,-0.11331856680208799,IMPROVING
709842,2026-06,0.14752194977211344,0.19663650271949837,0.049114552947384926,STABLE
709845,2026-04,,0.2485417223662132,,
709845,2026-05,0.2485417223662132,0.13944687515609555,-0.10909484721011764,IMPROVING
709845,2026-06,0.13944687515609555,0.1534017236636641,0.013954848507568562,STABLE
709847,2026-04,,0.24415027453542437,,
709847,2026-05,0.24415027453542437,0.10744774640291323,-0.13670252813251116,IMPROVING
709847,2026-06,0.10744774640291323,0.14695872848371944,0.03951098208080621,STABLE
709848,2026-04,,0.2203669081100416,,
709848,2026-05,0.2203669081100416,0.25078484571446313,0.030417937604421547,STABLE
709848,2026-06,0.25078484571446313,0.2474486850724312,-0.0033361606420319323,STABLE
709849,2026-04,,0.22213389043260057,,
709849,2026-05,0.22213389043260057,0.2376469813990061,0.015513090966405546,STABLE
709849,2026-06,0.2376469813990061,0.1861548966029682,-0.051492084796037924,IMPROVING
709850,2026-04,,0.19969793951624878,,
709850,2026-05,0.19969793951624878,0.1542177340627977,-0.04548020545345108,STABLE
709850,2026-06,0.1542177340627977,0.14247234063531894,-0.011745393427478767,STABLE
709851,2026-04,,0.279309202354712,,
709851,2026-05,0.279309202354712,0.16056889809652128,-0.11874030425819074,IMPROVING
709851,2026-06,0.16056889809652128,0.18634296914367912,0.025774071047157843,STABLE
709856,2026-04,,0.17633064577929428,,
709856,2026-05,0.17633064577929428,0.10766364333865029,-0.06866700244064398,IMPROVING
709856,2026-06,0.10766364333865029,0.13367805638114025,0.026014413042489956,STABLE
709857,2026-04,,0.22367397796323268,,
709857,2026-05,0.22367397796323268,0.15011480186307297,-0.07355917610015972,IMPROVING
709857,2026-06,0.15011480186307297,0.20783389359325916,0.05771909173018619,WORSENING
709859,2026-04,,0.28745248028116116,,
709859,2026-05,0.28745248028116116,0.2419337541468822,-0.04551872613427896,STABLE
709859,2026-06,0.2419337541468822,0.2522246565614831,0.010290902414600872,STABLE
709864,2026-04,,0.26665431065163125,,
709864,2026-05,0.26665431065163125,0.18327333420029462,-0.08338097645133663,IMPROVING
709864,2026-06,0.18327333420029462,0.23233656044106119,0.04906322624076656,STABLE
709865,2026-04,,0.15729131330179097,,
709865,2026-05,0.15729131330179097,0.11241312538354627,-0.0448781879182447,STABLE
709865,2026-06,0.11241312538354627,0.1110881262044569,-0.0013249991790893617,STABLE
900808,2026-04,,0.2011120837168236,,
900874,2026-04,,0.25476655787384134,,
900874,2026-05,0.25476655787384134,0.14737830666172894,-0.1073882512121124,IMPROVING
900874,2026-06,0.14737830666172894,0.17370991068395872,0.026331604022229782,STABLE
